2026-10-06 17:04:17.515 2400026 DEBUG cinder.volume.drivers.hitachi.hbsd_rest_api [-] _keep_session thread is started [00;33m{{(pid=2400026) _keep_session /opt/stack/cinder/cinder/volume/drivers/hitachi/hbsd_rest_api.py:611}}[00m
2026-10-06 17:04:17.516 2400026 DEBUG cinder.volume.drivers.hitachi.hbsd_rest_api [-] ==> _get_object: call "{'self': <cinder.volume.drivers.hitachi.hbsd_rest_api.RestApiClient object at 0x785f810e94c0>, 'url': 'https://172.25.45.103:443/ConfigurationManager/v1/objects/storages/A34000810045/sessions/8129', 'kwargs': {'no_retry': True, 'no_log': True}, 'params': None}" [00;33m{{(pid=2400026) trace_logging_wrapper /opt/stack/cinder/cinder/volume/volume_utils.py:1497}}[00m
2026-10-06 17:04:17.729 2400026 DEBUG cinder.volume.drivers.hitachi.hbsd_rest_api [-] <== _get_object: return (211ms) {'token': '***', 'sessionId': 8129} [00;33m{{(pid=2400026) trace_logging_wrapper /opt/stack/cinder/cinder/volume/volume_utils.py:1522}}[00m
2026-10-06 17:04:49.551 2400026 DEBUG dbcounter [-] [2400026] Writing DB stats cinder:SELECT=1 [00;33m{{(pid=2400026) stat_writer /opt/stack/data/venv/lib/python3.12/site-packages/dbcounter.py:115}}[00m
2026-10-06 17:04:49.553 2400026 DEBUG dbcounter [-] [2400026] Writing DB stats cinder:UPDATE=1 [00;33m{{(pid=2400026) stat_writer /opt/stack/data/venv/lib/python3.12/site-packages/dbcounter.py:115}}[00m
2026-10-06 17:06:49.551 2400026 DEBUG dbcounter [-] [2400026] Writing DB stats cinder:SELECT=1 [00;33m{{(pid=2400026) stat_writer /opt/stack/data/venv/lib/python3.12/site-packages/dbcounter.py:115}}[00m
2026-10-06 17:06:49.555 2400026 DEBUG dbcounter [-] [2400026] Writing DB stats cinder:UPDATE=1 [00;33m{{(pid=2400026) stat_writer /opt/stack/data/venv/lib/python3.12/site-packages/dbcounter.py:115}}[00m
2026-10-06 17:07:17.520 2400026 DEBUG cinder.volume.drivers.hitachi.hbsd_rest_api [-] _keep_session thread is started [00;33m{{(pid=2400026) _keep_session /opt/stack/cinder/cinder/volume/drivers/hitachi/hbsd_rest_api.py:611}}[00m
2026-10-06 17:07:17.521 2400026 DEBUG cinder.volume.drivers.hitachi.hbsd_rest_api [-] ==> _get_object: call "{'self': <cinder.volume.drivers.hitachi.hbsd_rest_api.RestApiClient object at 0x785f810e94c0>, 'url': 'https://172.25.45.103:443/ConfigurationManager/v1/objects/storages/A34000810045/sessions/8129', 'kwargs': {'no_retry': True, 'no_log': True}, 'params': None}" [00;33m{{(pid=2400026) trace_logging_wrapper /opt/stack/cinder/cinder/volume/volume_utils.py:1497}}[00m
2026-10-06 17:07:17.575 2400026 DEBUG cinder.volume.drivers.hitachi.hbsd_rest_api [-] <== _get_object: return (52ms) {'token': '***', 'sessionId': 8129} [00;33m{{(pid=2400026) trace_logging_wrapper /opt/stack/cinder/cinder/volume/volume_utils.py:1522}}[00m
2026-10-06 17:07:35.412 2399928 INFO oslo_service.backend._eventlet.service [req-6207c800-ecd4-4801-936d-9cc5787808af - - - - - -] Caught SIGTERM, stopping children
2026-10-06 17:07:35.414 2399928 DEBUG oslo_concurrency.lockutils [req-6207c800-ecd4-4801-936d-9cc5787808af - - - - - -] Acquiring lock "singleton_lock" [00;33m{{(pid=2399928) lock /opt/stack/data/venv/lib/python3.12/site-packages/oslo_concurrency/lockutils.py:396}}[00m
2026-10-06 17:07:35.414 2399928 DEBUG oslo_concurrency.lockutils [req-6207c800-ecd4-4801-936d-9cc5787808af - - - - - -] Acquired lock "singleton_lock" [00;33m{{(pid=2399928) lock /opt/stack/data/venv/lib/python3.12/site-packages/oslo_concurrency/lockutils.py:399}}[00m
2026-10-06 17:07:35.415 2399928 DEBUG oslo_concurrency.lockutils [req-6207c800-ecd4-4801-936d-9cc5787808af - - - - - -] Releasing lock "singleton_lock" [00;33m{{(pid=2399928) lock /opt/stack/data/venv/lib/python3.12/site-packages/oslo_concurrency/lockutils.py:419}}[00m
2026-10-06 17:07:35.415 2399928 DEBUG oslo_service.backend._eventlet.service [req-6207c800-ecd4-4801-936d-9cc5787808af - - - - - -] Stop services. [00;33m{{(pid=2399928) stop /opt/stack/data/venv/lib/python3.12/site-packages/oslo_service/backend/_eventlet/service.py:611}}[00m
2026-10-06 17:07:35.415 2399928 DEBUG oslo_service.backend._eventlet.service [req-6207c800-ecd4-4801-936d-9cc5787808af - - - - - -] Killing children. [00;33m{{(pid=2399928) stop /opt/stack/data/venv/lib/python3.12/site-packages/oslo_service/backend/_eventlet/service.py:616}}[00m
2026-10-06 17:07:35.415 2399928 INFO oslo_service.backend._eventlet.service [req-6207c800-ecd4-4801-936d-9cc5787808af - - - - - -] Waiting on 1 children to exit
2026-10-06 17:07:40.423 2400026 INFO oslo_service.backend._eventlet.service [-] Parent process has died unexpectedly, exiting
2026-10-06 17:07:40.760 2400026 DEBUG oslo_concurrency.lockutils [req-6207c800-ecd4-4801-936d-9cc5787808af - - - - - -] Acquiring lock "singleton_lock" [00;33m{{(pid=2400026) lock /opt/stack/data/venv/lib/python3.12/site-packages/oslo_concurrency/lockutils.py:396}}[00m
2026-10-06 17:07:40.761 2400026 DEBUG oslo_concurrency.lockutils [req-6207c800-ecd4-4801-936d-9cc5787808af - - - - - -] Acquired lock "singleton_lock" [00;33m{{(pid=2400026) lock /opt/stack/data/venv/lib/python3.12/site-packages/oslo_concurrency/lockutils.py:399}}[00m
2026-10-06 17:07:40.761 2400026 DEBUG oslo_concurrency.lockutils [req-6207c800-ecd4-4801-936d-9cc5787808af - - - - - -] Releasing lock "singleton_lock" [00;33m{{(pid=2400026) lock /opt/stack/data/venv/lib/python3.12/site-packages/oslo_concurrency/lockutils.py:419}}[00m
2026-10-06 17:07:40.765 2400026 WARNING amqp [req-6207c800-ecd4-4801-936d-9cc5787808af - - - - - -] Received method (60, 30) during closing channel 1. This method will be ignored
2026-10-06 17:07:40.770 2400026 WARNING amqp [req-6207c800-ecd4-4801-936d-9cc5787808af - - - - - -] Received method (60, 30) during closing channel 1. This method will be ignored
2026-10-06 17:07:41.307 2483880 DEBUG oslo_concurrency.lockutils [-] Acquiring lock "singleton_lock" [00;33m{{(pid=2483880) lock /opt/stack/data/venv/lib/python3.12/site-packages/oslo_concurrency/lockutils.py:396}}[00m
2026-10-06 17:07:41.307 2483880 DEBUG oslo_concurrency.lockutils [-] Acquired lock "singleton_lock" [00;33m{{(pid=2483880) lock /opt/stack/data/venv/lib/python3.12/site-packages/oslo_concurrency/lockutils.py:399}}[00m
2026-10-06 17:07:41.307 2483880 DEBUG oslo_concurrency.lockutils [-] Releasing lock "singleton_lock" [00;33m{{(pid=2483880) lock /opt/stack/data/venv/lib/python3.12/site-packages/oslo_concurrency/lockutils.py:419}}[00m
2026-10-06 17:07:41.505 2483880 INFO dbcounter [req-82f57e38-3e06-41e8-a039-5dc27c9d95c9 - - - - - -] Registered counter for database cinder
2026-10-06 17:07:41.538 2483880 DEBUG oslo_db.sqlalchemy.engines [req-82f57e38-3e06-41e8-a039-5dc27c9d95c9 - - - - - -] MySQL server mode set to STRICT_TRANS_TABLES,STRICT_ALL_TABLES,NO_ZERO_IN_DATE,NO_ZERO_DATE,ERROR_FOR_DIVISION_BY_ZERO,TRADITIONAL,NO_ENGINE_SUBSTITUTION [00;33m{{(pid=2483880) _check_effective_sql_mode /opt/stack/data/venv/lib/python3.12/site-packages/oslo_db/sqlalchemy/engines.py:325}}[00m
2026-10-06 17:07:41.664 2483880 DEBUG dbcounter [-] [2483880] Writer thread running [00;33m{{(pid=2483880) stat_writer /opt/stack/data/venv/lib/python3.12/site-packages/dbcounter.py:102}}[00m
2026-10-06 17:07:41.668 2483880 INFO cinder.rpc [req-82f57e38-3e06-41e8-a039-5dc27c9d95c9 - - - - - -] Automatically selected cinder-scheduler objects version 1.39 as minimum service version.
2026-10-06 17:07:41.671 2483880 INFO cinder.rpc [req-82f57e38-3e06-41e8-a039-5dc27c9d95c9 - - - - - -] Automatically selected cinder-scheduler RPC version 3.12 as minimum service version.
2026-10-06 17:07:41.698 2483880 DEBUG oslo_db.sqlalchemy.engines [req-82f57e38-3e06-41e8-a039-5dc27c9d95c9 - - - - - -] MySQL server mode set to STRICT_TRANS_TABLES,STRICT_ALL_TABLES,NO_ZERO_IN_DATE,NO_ZERO_DATE,ERROR_FOR_DIVISION_BY_ZERO,TRADITIONAL,NO_ENGINE_SUBSTITUTION [00;33m{{(pid=2483880) _check_effective_sql_mode /opt/stack/data/venv/lib/python3.12/site-packages/oslo_db/sqlalchemy/engines.py:325}}[00m
2026-10-06 17:07:41.717 2483880 INFO cinder.volume.manager [req-82f57e38-3e06-41e8-a039-5dc27c9d95c9 - - - - - -] Determined volume DB was empty at startup.
2026-10-06 17:07:41.718 2483880 DEBUG cinder.volume.manager [req-82f57e38-3e06-41e8-a039-5dc27c9d95c9 - - - - - -] Cinder Volume DB check: vol_db_empty=True [00;33m{{(pid=2483880) __init__ /opt/stack/cinder/cinder/volume/manager.py:289}}[00m
2026-10-06 17:07:41.722 2483880 WARNING cinder.volume.manager [req-82f57e38-3e06-41e8-a039-5dc27c9d95c9 - - - - - -] Suppressing requests library SSL Warnings
2026-10-06 17:07:41.723 2483880 WARNING stevedore.named [req-82f57e38-3e06-41e8-a039-5dc27c9d95c9 - - - - - -] Could not load cinder.keymgr.conf_key_mgr.ConfKeyManager
2026-10-06 17:07:41.723 2483880 WARNING castellan.key_manager [req-82f57e38-3e06-41e8-a039-5dc27c9d95c9 - - - - - -] Deprecation Warning : cinder.keymgr.conf_key_mgr.ConfKeyManager is not a stevedore based driver, trying to load it as a class: stevedore.exception.NoMatches: No 'castellan.drivers' driver found, looking for 'cinder.keymgr.conf_key_mgr.ConfKeyManager'
2026-10-06 17:07:41.723 2483880 WARNING cinder.keymgr.conf_key_mgr [req-82f57e38-3e06-41e8-a039-5dc27c9d95c9 - - - - - -] This key manager is insecure and is not recommended for production deployments: stevedore.exception.NoMatches: No 'castellan.drivers' driver found, looking for 'cinder.keymgr.conf_key_mgr.ConfKeyManager'
2026-10-06 17:07:41.768 2483880 INFO cinder.volume.drivers.hitachi.hbsd_utils [req-82f57e38-3e06-41e8-a039-5dc27c9d95c9 - - - - - -] MSGID0004-I: Initialization of HBSDISCSIDriver 2.7.2 started.
2026-10-06 17:07:41.771 2483880 INFO cinder.volume.manager [req-82f57e38-3e06-41e8-a039-5dc27c9d95c9 - - - - - -] Image-volume cache disabled for host devstack-92-210@hitachi.
2026-10-06 17:07:41.795 2483880 DEBUG oslo_db.sqlalchemy.engines [req-82f57e38-3e06-41e8-a039-5dc27c9d95c9 - - - - - -] MySQL server mode set to STRICT_TRANS_TABLES,STRICT_ALL_TABLES,NO_ZERO_IN_DATE,NO_ZERO_DATE,ERROR_FOR_DIVISION_BY_ZERO,TRADITIONAL,NO_ENGINE_SUBSTITUTION [00;33m{{(pid=2483880) _check_effective_sql_mode /opt/stack/data/venv/lib/python3.12/site-packages/oslo_db/sqlalchemy/engines.py:325}}[00m
2026-10-06 17:07:41.804 2483880 INFO oslo_service.backend._eventlet.service [req-82f57e38-3e06-41e8-a039-5dc27c9d95c9 - - - - - -] Starting 1 workers
2026-10-06 17:07:41.809 2483880 DEBUG oslo_service.backend._eventlet.service [req-82f57e38-3e06-41e8-a039-5dc27c9d95c9 - - - - - -] Started child 2483892 [00;33m{{(pid=2483880) _start_child /opt/stack/data/venv/lib/python3.12/site-packages/oslo_service/backend/_eventlet/service.py:491}}[00m
2026-10-06 17:07:41.810 2483880 DEBUG oslo_service.backend._eventlet.service [req-82f57e38-3e06-41e8-a039-5dc27c9d95c9 - - - - - -] Full set of CONF: [00;33m{{(pid=2483880) wait /opt/stack/data/venv/lib/python3.12/site-packages/oslo_service/backend/_eventlet/service.py:565}}[00m
2026-10-06 17:07:41.810 2483880 DEBUG oslo_service.backend._eventlet.service [req-82f57e38-3e06-41e8-a039-5dc27c9d95c9 - - - - - -] ******************************************************************************** [00;33m{{(pid=2483880) log_opt_values /opt/stack/data/venv/lib/python3.12/site-packages/oslo_config/cfg.py:3533}}[00m
2026-10-06 17:07:41.811 2483880 DEBUG oslo_service.backend._eventlet.service [req-82f57e38-3e06-41e8-a039-5dc27c9d95c9 - - - - - -] Configuration options gathered from: [00;33m{{(pid=2483880) log_opt_values /opt/stack/data/venv/lib/python3.12/site-packages/oslo_config/cfg.py:3534}}[00m
2026-10-06 17:07:41.811 2483880 DEBUG oslo_service.backend._eventlet.service [req-82f57e38-3e06-41e8-a039-5dc27c9d95c9 - - - - - -] command line args: ['--config-file', '/etc/cinder/cinder.conf'] [00;33m{{(pid=2483880) log_opt_values /opt/stack/data/venv/lib/python3.12/site-packages/oslo_config/cfg.py:3535}}[00m
2026-10-06 17:07:41.811 2483880 DEBUG oslo_service.backend._eventlet.service [req-82f57e38-3e06-41e8-a039-5dc27c9d95c9 - - - - - -] config files: ['/etc/cinder/cinder.conf'] [00;33m{{(pid=2483880) log_opt_values /opt/stack/data/venv/lib/python3.12/site-packages/oslo_config/cfg.py:3536}}[00m
2026-10-06 17:07:41.811 2483880 DEBUG oslo_service.backend._eventlet.service [req-82f57e38-3e06-41e8-a039-5dc27c9d95c9 - - - - - -] ================================================================================ [00;33m{{(pid=2483880) log_opt_values /opt/stack/data/venv/lib/python3.12/site-packages/oslo_config/cfg.py:3541}}[00m
2026-10-06 17:07:41.811 2483880 DEBUG oslo_service.backend._eventlet.service [req-82f57e38-3e06-41e8-a039-5dc27c9d95c9 - - - - - -] allow_availability_zone_fallback = False [00;33m{{(pid=2483880) log_opt_values /opt/stack/data/venv/lib/python3.12/site-packages/oslo_config/cfg.py:3549}}[00m
2026-10-06 17:07:41.811 2483880 DEBUG oslo_service.backend._eventlet.service [req-82f57e38-3e06-41e8-a039-5dc27c9d95c9 - - - - - -] allow_compression_on_image_upload = False [00;33m{{(pid=2483880) log_opt_values /opt/stack/data/venv/lib/python3.12/site-packages/oslo_config/cfg.py:3549}}[00m
2026-10-06 17:07:41.811 2483880 DEBUG oslo_service.backend._eventlet.service [req-82f57e38-3e06-41e8-a039-5dc27c9d95c9 - - - - - -] allowed_direct_url_schemes     = [] [00;33m{{(pid=2483880) log_opt_values /opt/stack/data/venv/lib/python3.12/site-packages/oslo_config/cfg.py:3549}}[00m
2026-10-06 17:07:41.811 2483880 DEBUG oslo_service.backend._eventlet.service [req-82f57e38-3e06-41e8-a039-5dc27c9d95c9 - - - - - -] api_rate_limit                 = True [00;33m{{(pid=2483880) log_opt_values /opt/stack/data/venv/lib/python3.12/site-packages/oslo_config/cfg.py:3549}}[00m
2026-10-06 17:07:41.812 2483880 DEBUG oslo_service.backend._eventlet.service [req-82f57e38-3e06-41e8-a039-5dc27c9d95c9 - - - - - -] auth_strategy                  = keystone [00;33m{{(pid=2483880) log_opt_values /opt/stack/data/venv/lib/python3.12/site-packages/oslo_config/cfg.py:3549}}[00m
2026-10-06 17:07:41.812 2483880 DEBUG oslo_service.backend._eventlet.service [req-82f57e38-3e06-41e8-a039-5dc27c9d95c9 - - - - - -] backend_availability_zone      = None [00;33m{{(pid=2483880) log_opt_values /opt/stack/data/venv/lib/python3.12/site-packages/oslo_config/cfg.py:3549}}[00m
2026-10-06 17:07:41.812 2483880 DEBUG oslo_service.backend._eventlet.service [req-82f57e38-3e06-41e8-a039-5dc27c9d95c9 - - - - - -] backend_host                   = None [00;33m{{(pid=2483880) log_opt_values /opt/stack/data/venv/lib/python3.12/site-packages/oslo_config/cfg.py:3549}}[00m
2026-10-06 17:07:41.812 2483880 DEBUG oslo_service.backend._eventlet.service [req-82f57e38-3e06-41e8-a039-5dc27c9d95c9 - - - - - -] backend_name                   = None [00;33m{{(pid=2483880) log_opt_values /opt/stack/data/venv/lib/python3.12/site-packages/oslo_config/cfg.py:3549}}[00m
2026-10-06 17:07:41.812 2483880 DEBUG oslo_service.backend._eventlet.service [req-82f57e38-3e06-41e8-a039-5dc27c9d95c9 - - - - - -] backend_stats_polling_interval = 60 [00;33m{{(pid=2483880) log_opt_values /opt/stack/data/venv/lib/python3.12/site-packages/oslo_config/cfg.py:3549}}[00m
2026-10-06 17:07:41.812 2483880 DEBUG oslo_service.backend._eventlet.service [req-82f57e38-3e06-41e8-a039-5dc27c9d95c9 - - - - - -] backup_api_class               = cinder.backup.api.API [00;33m{{(pid=2483880) log_opt_values /opt/stack/data/venv/lib/python3.12/site-packages/oslo_config/cfg.py:3549}}[00m
2026-10-06 17:07:41.812 2483880 DEBUG oslo_service.backend._eventlet.service [req-82f57e38-3e06-41e8-a039-5dc27c9d95c9 - - - - - -] backup_manager                 = cinder.backup.manager.BackupManager [00;33m{{(pid=2483880) log_opt_values /opt/stack/data/venv/lib/python3.12/site-packages/oslo_config/cfg.py:3549}}[00m
2026-10-06 17:07:41.812 2483880 DEBUG oslo_service.backend._eventlet.service [req-82f57e38-3e06-41e8-a039-5dc27c9d95c9 - - - - - -] backup_name_template           = backup-%s [00;33m{{(pid=2483880) log_opt_values /opt/stack/data/venv/lib/python3.12/site-packages/oslo_config/cfg.py:3549}}[00m
2026-10-06 17:07:41.812 2483880 DEBUG oslo_service.backend._eventlet.service [req-82f57e38-3e06-41e8-a039-5dc27c9d95c9 - - - - - -] backup_use_same_host           = False [00;33m{{(pid=2483880) log_opt_values /opt/stack/data/venv/lib/python3.12/site-packages/oslo_config/cfg.py:3549}}[00m
2026-10-06 17:07:41.812 2483880 DEBUG oslo_service.backend._eventlet.service [req-82f57e38-3e06-41e8-a039-5dc27c9d95c9 - - - - - -] backup_use_temp_snapshot       = False [00;33m{{(pid=2483880) log_opt_values /opt/stack/data/venv/lib/python3.12/site-packages/oslo_config/cfg.py:3549}}[00m
2026-10-06 17:07:41.812 2483880 DEBUG oslo_service.backend._eventlet.service [req-82f57e38-3e06-41e8-a039-5dc27c9d95c9 - - - - - -] chap_password                  = **** [00;33m{{(pid=2483880) log_opt_values /opt/stack/data/venv/lib/python3.12/site-packages/oslo_config/cfg.py:3549}}[00m
2026-10-06 17:07:41.813 2483880 DEBUG oslo_service.backend._eventlet.service [req-82f57e38-3e06-41e8-a039-5dc27c9d95c9 - - - - - -] chap_username                  =  [00;33m{{(pid=2483880) log_opt_values /opt/stack/data/venv/lib/python3.12/site-packages/oslo_config/cfg.py:3549}}[00m
2026-10-06 17:07:41.813 2483880 DEBUG oslo_service.backend._eventlet.service [req-82f57e38-3e06-41e8-a039-5dc27c9d95c9 - - - - - -] chiscsi_conf                   = /etc/chelsio-iscsi/chiscsi.conf [00;33m{{(pid=2483880) log_opt_values /opt/stack/data/venv/lib/python3.12/site-packages/oslo_config/cfg.py:3549}}[00m
2026-10-06 17:07:41.813 2483880 DEBUG oslo_service.backend._eventlet.service [req-82f57e38-3e06-41e8-a039-5dc27c9d95c9 - - - - - -] cinder_internal_tenant_project_id = 61052e76455340ec87e442ad4e5ae3a7 [00;33m{{(pid=2483880) log_opt_values /opt/stack/data/venv/lib/python3.12/site-packages/oslo_config/cfg.py:3549}}[00m
2026-10-06 17:07:41.813 2483892 INFO cinder.service [-] Starting cinder-volume node (version 29.1.0)
2026-10-06 17:07:41.813 2483880 DEBUG oslo_service.backend._eventlet.service [req-82f57e38-3e06-41e8-a039-5dc27c9d95c9 - - - - - -] cinder_internal_tenant_user_id = 1fc5a5e157c54f57baae5b9816540221 [00;33m{{(pid=2483880) log_opt_values /opt/stack/data/venv/lib/python3.12/site-packages/oslo_config/cfg.py:3549}}[00m
2026-10-06 17:07:41.813 2483880 DEBUG oslo_service.backend._eventlet.service [req-82f57e38-3e06-41e8-a039-5dc27c9d95c9 - - - - - -] cluster                        = None [00;33m{{(pid=2483880) log_opt_values /opt/stack/data/venv/lib/python3.12/site-packages/oslo_config/cfg.py:3549}}[00m
2026-10-06 17:07:41.813 2483880 DEBUG oslo_service.backend._eventlet.service [req-82f57e38-3e06-41e8-a039-5dc27c9d95c9 - - - - - -] compression_format             = gzip [00;33m{{(pid=2483880) log_opt_values /opt/stack/data/venv/lib/python3.12/site-packages/oslo_config/cfg.py:3549}}[00m
2026-10-06 17:07:41.814 2483880 DEBUG oslo_service.backend._eventlet.service [req-82f57e38-3e06-41e8-a039-5dc27c9d95c9 - - - - - -] compute_api_class              = cinder.compute.nova.API [00;33m{{(pid=2483880) log_opt_values /opt/stack/data/venv/lib/python3.12/site-packages/oslo_config/cfg.py:3549}}[00m
2026-10-06 17:07:41.814 2483880 DEBUG oslo_service.backend._eventlet.service [req-82f57e38-3e06-41e8-a039-5dc27c9d95c9 - - - - - -] config_dir                     = [] [00;33m{{(pid=2483880) log_opt_values /opt/stack/data/venv/lib/python3.12/site-packages/oslo_config/cfg.py:3549}}[00m
2026-10-06 17:07:41.814 2483880 DEBUG oslo_service.backend._eventlet.service [req-82f57e38-3e06-41e8-a039-5dc27c9d95c9 - - - - - -] config_file                    = ['/etc/cinder/cinder.conf'] [00;33m{{(pid=2483880) log_opt_values /opt/stack/data/venv/lib/python3.12/site-packages/oslo_config/cfg.py:3549}}[00m
2026-10-06 17:07:41.814 2483880 DEBUG oslo_service.backend._eventlet.service [req-82f57e38-3e06-41e8-a039-5dc27c9d95c9 - - - - - -] config_source                  = [] [00;33m{{(pid=2483880) log_opt_values /opt/stack/data/venv/lib/python3.12/site-packages/oslo_config/cfg.py:3549}}[00m
2026-10-06 17:07:41.814 2483880 DEBUG oslo_service.backend._eventlet.service [req-82f57e38-3e06-41e8-a039-5dc27c9d95c9 - - - - - -] consistencygroup_api_class     = cinder.consistencygroup.api.API [00;33m{{(pid=2483880) log_opt_values /opt/stack/data/venv/lib/python3.12/site-packages/oslo_config/cfg.py:3549}}[00m
2026-10-06 17:07:41.814 2483880 DEBUG oslo_service.backend._eventlet.service [req-82f57e38-3e06-41e8-a039-5dc27c9d95c9 - - - - - -] control_exchange               = openstack [00;33m{{(pid=2483880) log_opt_values /opt/stack/data/venv/lib/python3.12/site-packages/oslo_config/cfg.py:3549}}[00m
2026-10-06 17:07:41.814 2483880 DEBUG oslo_service.backend._eventlet.service [req-82f57e38-3e06-41e8-a039-5dc27c9d95c9 - - - - - -] debug                          = True [00;33m{{(pid=2483880) log_opt_values /opt/stack/data/venv/lib/python3.12/site-packages/oslo_config/cfg.py:3549}}[00m
2026-10-06 17:07:41.814 2483880 DEBUG oslo_service.backend._eventlet.service [req-82f57e38-3e06-41e8-a039-5dc27c9d95c9 - - - - - -] default_availability_zone      = None [00;33m{{(pid=2483880) log_opt_values /opt/stack/data/venv/lib/python3.12/site-packages/oslo_config/cfg.py:3549}}[00m
2026-10-06 17:07:41.814 2483880 DEBUG oslo_service.backend._eventlet.service [req-82f57e38-3e06-41e8-a039-5dc27c9d95c9 - - - - - -] default_group_type             = None [00;33m{{(pid=2483880) log_opt_values /opt/stack/data/venv/lib/python3.12/site-packages/oslo_config/cfg.py:3549}}[00m
2026-10-06 17:07:41.814 2483880 DEBUG oslo_service.backend._eventlet.service [req-82f57e38-3e06-41e8-a039-5dc27c9d95c9 - - - - - -] default_log_levels             = ['amqp=WARN', 'boto=WARN', 'sqlalchemy=WARN', 'suds=INFO', 'oslo.messaging=INFO', 'oslo_messaging=INFO', 'iso8601=WARN', 'requests.packages.urllib3.connectionpool=WARN', 'urllib3.connectionpool=WARN', 'websocket=WARN', 'requests.packages.urllib3.util.retry=WARN', 'urllib3.util.retry=WARN', 'keystonemiddleware=WARN', 'routes.middleware=WARN', 'stevedore=WARN', 'taskflow=WARN', 'keystoneauth=WARN', 'oslo.cache=INFO', 'oslo_policy=INFO', 'dogpile.core.dogpile=INFO'] [00;33m{{(pid=2483880) log_opt_values /opt/stack/data/venv/lib/python3.12/site-packages/oslo_config/cfg.py:3549}}[00m
2026-10-06 17:07:41.814 2483880 DEBUG oslo_service.backend._eventlet.service [req-82f57e38-3e06-41e8-a039-5dc27c9d95c9 - - - - - -] default_volume_type            = hitachi [00;33m{{(pid=2483880) log_opt_values /opt/stack/data/venv/lib/python3.12/site-packages/oslo_config/cfg.py:3549}}[00m
2026-10-06 17:07:41.815 2483880 DEBUG oslo_service.backend._eventlet.service [req-82f57e38-3e06-41e8-a039-5dc27c9d95c9 - - - - - -] disk_geometry                  = None [00;33m{{(pid=2483880) log_opt_values /opt/stack/data/venv/lib/python3.12/site-packages/oslo_config/cfg.py:3549}}[00m
2026-10-06 17:07:41.815 2483880 DEBUG oslo_service.backend._eventlet.service [req-82f57e38-3e06-41e8-a039-5dc27c9d95c9 - - - - - -] driver_client_cert             = None [00;33m{{(pid=2483880) log_opt_values /opt/stack/data/venv/lib/python3.12/site-packages/oslo_config/cfg.py:3549}}[00m
2026-10-06 17:07:41.815 2483880 DEBUG oslo_service.backend._eventlet.service [req-82f57e38-3e06-41e8-a039-5dc27c9d95c9 - - - - - -] driver_client_cert_key         = None [00;33m{{(pid=2483880) log_opt_values /opt/stack/data/venv/lib/python3.12/site-packages/oslo_config/cfg.py:3549}}[00m
2026-10-06 17:07:41.815 2483880 DEBUG oslo_service.backend._eventlet.service [req-82f57e38-3e06-41e8-a039-5dc27c9d95c9 - - - - - -] driver_data_namespace          = None [00;33m{{(pid=2483880) log_opt_values /opt/stack/data/venv/lib/python3.12/site-packages/oslo_config/cfg.py:3549}}[00m
2026-10-06 17:07:41.815 2483880 DEBUG oslo_service.backend._eventlet.service [req-82f57e38-3e06-41e8-a039-5dc27c9d95c9 - - - - - -] driver_ssl_cert_path           = None [00;33m{{(pid=2483880) log_opt_values /opt/stack/data/venv/lib/python3.12/site-packages/oslo_config/cfg.py:3549}}[00m
2026-10-06 17:07:41.815 2483880 DEBUG oslo_service.backend._eventlet.service [req-82f57e38-3e06-41e8-a039-5dc27c9d95c9 - - - - - -] driver_ssl_cert_verify         = False [00;33m{{(pid=2483880) log_opt_values /opt/stack/data/venv/lib/python3.12/site-packages/oslo_config/cfg.py:3549}}[00m
2026-10-06 17:07:41.815 2483880 DEBUG oslo_service.backend._eventlet.service [req-82f57e38-3e06-41e8-a039-5dc27c9d95c9 - - - - - -] driver_use_ssl                 = False [00;33m{{(pid=2483880) log_opt_values /opt/stack/data/venv/lib/python3.12/site-packages/oslo_config/cfg.py:3549}}[00m
2026-10-06 17:07:41.815 2483880 DEBUG oslo_service.backend._eventlet.service [req-82f57e38-3e06-41e8-a039-5dc27c9d95c9 - - - - - -] enable_new_services            = True [00;33m{{(pid=2483880) log_opt_values /opt/stack/data/venv/lib/python3.12/site-packages/oslo_config/cfg.py:3549}}[00m
2026-10-06 17:07:41.815 2483880 DEBUG oslo_service.backend._eventlet.service [req-82f57e38-3e06-41e8-a039-5dc27c9d95c9 - - - - - -] enable_unsupported_driver      = False [00;33m{{(pid=2483880) log_opt_values /opt/stack/data/venv/lib/python3.12/site-packages/oslo_config/cfg.py:3549}}[00m
2026-10-06 17:07:41.815 2483880 DEBUG oslo_service.backend._eventlet.service [req-82f57e38-3e06-41e8-a039-5dc27c9d95c9 - - - - - -] enabled_backends               = ['hitachi'] [00;33m{{(pid=2483880) log_opt_values /opt/stack/data/venv/lib/python3.12/site-packages/oslo_config/cfg.py:3549}}[00m
2026-10-06 17:07:41.815 2483880 DEBUG oslo_service.backend._eventlet.service [req-82f57e38-3e06-41e8-a039-5dc27c9d95c9 - - - - - -] enforce_multipath_for_image_xfer = False [00;33m{{(pid=2483880) log_opt_values /opt/stack/data/venv/lib/python3.12/site-packages/oslo_config/cfg.py:3549}}[00m
2026-10-06 17:07:41.815 2483880 DEBUG oslo_service.backend._eventlet.service [req-82f57e38-3e06-41e8-a039-5dc27c9d95c9 - - - - - -] filter_function                = None [00;33m{{(pid=2483880) log_opt_values /opt/stack/data/venv/lib/python3.12/site-packages/oslo_config/cfg.py:3549}}[00m
2026-10-06 17:07:41.816 2483880 DEBUG oslo_service.backend._eventlet.service [req-82f57e38-3e06-41e8-a039-5dc27c9d95c9 - - - - - -] glance_api_insecure            = False [00;33m{{(pid=2483880) log_opt_values /opt/stack/data/venv/lib/python3.12/site-packages/oslo_config/cfg.py:3549}}[00m
2026-10-06 17:07:41.816 2483880 DEBUG oslo_service.backend._eventlet.service [req-82f57e38-3e06-41e8-a039-5dc27c9d95c9 - - - - - -] glance_api_servers             = ['http://172.25.92.210/image'] [00;33m{{(pid=2483880) log_opt_values /opt/stack/data/venv/lib/python3.12/site-packages/oslo_config/cfg.py:3549}}[00m
2026-10-06 17:07:41.816 2483880 DEBUG oslo_service.backend._eventlet.service [req-82f57e38-3e06-41e8-a039-5dc27c9d95c9 - - - - - -] glance_api_ssl_compression     = False [00;33m{{(pid=2483880) log_opt_values /opt/stack/data/venv/lib/python3.12/site-packages/oslo_config/cfg.py:3549}}[00m
2026-10-06 17:07:41.816 2483880 DEBUG oslo_service.backend._eventlet.service [req-82f57e38-3e06-41e8-a039-5dc27c9d95c9 - - - - - -] glance_ca_certificates_file    = None [00;33m{{(pid=2483880) log_opt_values /opt/stack/data/venv/lib/python3.12/site-packages/oslo_config/cfg.py:3549}}[00m
2026-10-06 17:07:41.816 2483880 DEBUG oslo_service.backend._eventlet.service [req-82f57e38-3e06-41e8-a039-5dc27c9d95c9 - - - - - -] glance_catalog_info            = image:glance:publicURL [00;33m{{(pid=2483880) log_opt_values /opt/stack/data/venv/lib/python3.12/site-packages/oslo_config/cfg.py:3549}}[00m
2026-10-06 17:07:41.816 2483880 DEBUG oslo_service.backend._eventlet.service [req-82f57e38-3e06-41e8-a039-5dc27c9d95c9 - - - - - -] glance_certfile                = None [00;33m{{(pid=2483880) log_opt_values /opt/stack/data/venv/lib/python3.12/site-packages/oslo_config/cfg.py:3549}}[00m
2026-10-06 17:07:41.816 2483880 DEBUG oslo_service.backend._eventlet.service [req-82f57e38-3e06-41e8-a039-5dc27c9d95c9 - - - - - -] glance_core_properties         = ['checksum', 'container_format', 'disk_format', 'image_name', 'image_id', 'min_disk', 'min_ram', 'name', 'size'] [00;33m{{(pid=2483880) log_opt_values /opt/stack/data/venv/lib/python3.12/site-packages/oslo_config/cfg.py:3549}}[00m
2026-10-06 17:07:41.816 2483880 DEBUG oslo_service.backend._eventlet.service [req-82f57e38-3e06-41e8-a039-5dc27c9d95c9 - - - - - -] glance_keyfile                 = None [00;33m{{(pid=2483880) log_opt_values /opt/stack/data/venv/lib/python3.12/site-packages/oslo_config/cfg.py:3549}}[00m
2026-10-06 17:07:41.816 2483880 DEBUG oslo_service.backend._eventlet.service [req-82f57e38-3e06-41e8-a039-5dc27c9d95c9 - - - - - -] glance_num_retries             = 3 [00;33m{{(pid=2483880) log_opt_values /opt/stack/data/venv/lib/python3.12/site-packages/oslo_config/cfg.py:3549}}[00m
2026-10-06 17:07:41.816 2483880 DEBUG oslo_service.backend._eventlet.service [req-82f57e38-3e06-41e8-a039-5dc27c9d95c9 - - - - - -] glance_request_timeout         = None [00;33m{{(pid=2483880) log_opt_values /opt/stack/data/venv/lib/python3.12/site-packages/oslo_config/cfg.py:3549}}[00m
2026-10-06 17:07:41.816 2483880 DEBUG oslo_service.backend._eventlet.service [req-82f57e38-3e06-41e8-a039-5dc27c9d95c9 - - - - - -] goodness_function              = None [00;33m{{(pid=2483880) log_opt_values /opt/stack/data/venv/lib/python3.12/site-packages/oslo_config/cfg.py:3549}}[00m
2026-10-06 17:07:41.816 2483880 DEBUG oslo_service.backend._eventlet.service [req-82f57e38-3e06-41e8-a039-5dc27c9d95c9 - - - - - -] graceful_shutdown_timeout      = 5 [00;33m{{(pid=2483880) log_opt_values /opt/stack/data/venv/lib/python3.12/site-packages/oslo_config/cfg.py:3549}}[00m
2026-10-06 17:07:41.817 2483880 DEBUG oslo_service.backend._eventlet.service [req-82f57e38-3e06-41e8-a039-5dc27c9d95c9 - - - - - -] group_api_class                = cinder.group.api.API [00;33m{{(pid=2483880) log_opt_values /opt/stack/data/venv/lib/python3.12/site-packages/oslo_config/cfg.py:3549}}[00m
2026-10-06 17:07:41.817 2483880 DEBUG oslo_service.backend._eventlet.service [req-82f57e38-3e06-41e8-a039-5dc27c9d95c9 - - - - - -] hitachi_mirror_auth_password   = **** [00;33m{{(pid=2483880) log_opt_values /opt/stack/data/venv/lib/python3.12/site-packages/oslo_config/cfg.py:3549}}[00m
2026-10-06 17:07:41.817 2483880 DEBUG oslo_service.backend._eventlet.service [req-82f57e38-3e06-41e8-a039-5dc27c9d95c9 - - - - - -] hitachi_mirror_auth_user       = None [00;33m{{(pid=2483880) log_opt_values /opt/stack/data/venv/lib/python3.12/site-packages/oslo_config/cfg.py:3549}}[00m
2026-10-06 17:07:41.817 2483880 DEBUG oslo_service.backend._eventlet.service [req-82f57e38-3e06-41e8-a039-5dc27c9d95c9 - - - - - -] hitachi_mirror_compute_target_ports = [] [00;33m{{(pid=2483880) log_opt_values /opt/stack/data/venv/lib/python3.12/site-packages/oslo_config/cfg.py:3549}}[00m
2026-10-06 17:07:41.817 2483880 DEBUG oslo_service.backend._eventlet.service [req-82f57e38-3e06-41e8-a039-5dc27c9d95c9 - - - - - -] hitachi_mirror_ldev_range      = None [00;33m{{(pid=2483880) log_opt_values /opt/stack/data/venv/lib/python3.12/site-packages/oslo_config/cfg.py:3549}}[00m
2026-10-06 17:07:41.817 2483880 DEBUG oslo_service.backend._eventlet.service [req-82f57e38-3e06-41e8-a039-5dc27c9d95c9 - - - - - -] hitachi_mirror_pair_target_number = 0 [00;33m{{(pid=2483880) log_opt_values /opt/stack/data/venv/lib/python3.12/site-packages/oslo_config/cfg.py:3549}}[00m
2026-10-06 17:07:41.817 2483880 DEBUG oslo_service.backend._eventlet.service [req-82f57e38-3e06-41e8-a039-5dc27c9d95c9 - - - - - -] hitachi_mirror_pool            = None [00;33m{{(pid=2483880) log_opt_values /opt/stack/data/venv/lib/python3.12/site-packages/oslo_config/cfg.py:3549}}[00m
2026-10-06 17:07:41.817 2483880 DEBUG oslo_service.backend._eventlet.service [req-82f57e38-3e06-41e8-a039-5dc27c9d95c9 - - - - - -] hitachi_mirror_rest_api_ip     = None [00;33m{{(pid=2483880) log_opt_values /opt/stack/data/venv/lib/python3.12/site-packages/oslo_config/cfg.py:3549}}[00m
2026-10-06 17:07:41.817 2483880 DEBUG oslo_service.backend._eventlet.service [req-82f57e38-3e06-41e8-a039-5dc27c9d95c9 - - - - - -] hitachi_mirror_rest_api_port   = 443 [00;33m{{(pid=2483880) log_opt_values /opt/stack/data/venv/lib/python3.12/site-packages/oslo_config/cfg.py:3549}}[00m
2026-10-06 17:07:41.817 2483880 DEBUG oslo_service.backend._eventlet.service [req-82f57e38-3e06-41e8-a039-5dc27c9d95c9 - - - - - -] hitachi_mirror_rest_pair_target_ports = [] [00;33m{{(pid=2483880) log_opt_values /opt/stack/data/venv/lib/python3.12/site-packages/oslo_config/cfg.py:3549}}[00m
2026-10-06 17:07:41.817 2483880 DEBUG oslo_service.backend._eventlet.service [req-82f57e38-3e06-41e8-a039-5dc27c9d95c9 - - - - - -] hitachi_mirror_rest_password   = **** [00;33m{{(pid=2483880) log_opt_values /opt/stack/data/venv/lib/python3.12/site-packages/oslo_config/cfg.py:3549}}[00m
2026-10-06 17:07:41.817 2483880 DEBUG oslo_service.backend._eventlet.service [req-82f57e38-3e06-41e8-a039-5dc27c9d95c9 - - - - - -] hitachi_mirror_rest_user       = None [00;33m{{(pid=2483880) log_opt_values /opt/stack/data/venv/lib/python3.12/site-packages/oslo_config/cfg.py:3549}}[00m
2026-10-06 17:07:41.818 2483880 DEBUG oslo_service.backend._eventlet.service [req-82f57e38-3e06-41e8-a039-5dc27c9d95c9 - - - - - -] hitachi_mirror_snap_pool       = None [00;33m{{(pid=2483880) log_opt_values /opt/stack/data/venv/lib/python3.12/site-packages/oslo_config/cfg.py:3549}}[00m
2026-10-06 17:07:41.818 2483880 DEBUG oslo_service.backend._eventlet.service [req-82f57e38-3e06-41e8-a039-5dc27c9d95c9 - - - - - -] hitachi_mirror_ssl_cert_path   = None [00;33m{{(pid=2483880) log_opt_values /opt/stack/data/venv/lib/python3.12/site-packages/oslo_config/cfg.py:3549}}[00m
2026-10-06 17:07:41.818 2483880 DEBUG oslo_service.backend._eventlet.service [req-82f57e38-3e06-41e8-a039-5dc27c9d95c9 - - - - - -] hitachi_mirror_ssl_cert_verify = False [00;33m{{(pid=2483880) log_opt_values /opt/stack/data/venv/lib/python3.12/site-packages/oslo_config/cfg.py:3549}}[00m
2026-10-06 17:07:41.818 2483880 DEBUG oslo_service.backend._eventlet.service [req-82f57e38-3e06-41e8-a039-5dc27c9d95c9 - - - - - -] hitachi_mirror_storage_id      = None [00;33m{{(pid=2483880) log_opt_values /opt/stack/data/venv/lib/python3.12/site-packages/oslo_config/cfg.py:3549}}[00m
2026-10-06 17:07:41.818 2483880 DEBUG oslo_service.backend._eventlet.service [req-82f57e38-3e06-41e8-a039-5dc27c9d95c9 - - - - - -] hitachi_mirror_target_ports    = [] [00;33m{{(pid=2483880) log_opt_values /opt/stack/data/venv/lib/python3.12/site-packages/oslo_config/cfg.py:3549}}[00m
2026-10-06 17:07:41.818 2483880 DEBUG oslo_service.backend._eventlet.service [req-82f57e38-3e06-41e8-a039-5dc27c9d95c9 - - - - - -] hitachi_mirror_use_chap_auth   = False [00;33m{{(pid=2483880) log_opt_values /opt/stack/data/venv/lib/python3.12/site-packages/oslo_config/cfg.py:3549}}[00m
2026-10-06 17:07:41.818 2483880 DEBUG oslo_service.backend._eventlet.service [req-82f57e38-3e06-41e8-a039-5dc27c9d95c9 - - - - - -] hitachi_path_group_id          = 0 [00;33m{{(pid=2483880) log_opt_values /opt/stack/data/venv/lib/python3.12/site-packages/oslo_config/cfg.py:3549}}[00m
2026-10-06 17:07:41.818 2483880 DEBUG oslo_service.backend._eventlet.service [req-82f57e38-3e06-41e8-a039-5dc27c9d95c9 - - - - - -] hitachi_quorum_disk_id         = None [00;33m{{(pid=2483880) log_opt_values /opt/stack/data/venv/lib/python3.12/site-packages/oslo_config/cfg.py:3549}}[00m
2026-10-06 17:07:41.818 2483880 DEBUG oslo_service.backend._eventlet.service [req-82f57e38-3e06-41e8-a039-5dc27c9d95c9 - - - - - -] hitachi_replication_copy_speed = 3 [00;33m{{(pid=2483880) log_opt_values /opt/stack/data/venv/lib/python3.12/site-packages/oslo_config/cfg.py:3549}}[00m
2026-10-06 17:07:41.818 2483880 DEBUG oslo_service.backend._eventlet.service [req-82f57e38-3e06-41e8-a039-5dc27c9d95c9 - - - - - -] hitachi_replication_journal_creation_speed = L [00;33m{{(pid=2483880) log_opt_values /opt/stack/data/venv/lib/python3.12/site-packages/oslo_config/cfg.py:3549}}[00m
2026-10-06 17:07:41.818 2483880 DEBUG oslo_service.backend._eventlet.service [req-82f57e38-3e06-41e8-a039-5dc27c9d95c9 - - - - - -] hitachi_replication_journal_overflow_tolerance = 60 [00;33m{{(pid=2483880) log_opt_values /opt/stack/data/venv/lib/python3.12/site-packages/oslo_config/cfg.py:3549}}[00m
2026-10-06 17:07:41.818 2483880 DEBUG oslo_service.backend._eventlet.service [req-82f57e38-3e06-41e8-a039-5dc27c9d95c9 - - - - - -] hitachi_replication_journal_path_failure_tolerance = 5 [00;33m{{(pid=2483880) log_opt_values /opt/stack/data/venv/lib/python3.12/site-packages/oslo_config/cfg.py:3549}}[00m
2026-10-06 17:07:41.818 2483880 DEBUG oslo_service.backend._eventlet.service [req-82f57e38-3e06-41e8-a039-5dc27c9d95c9 - - - - - -] hitachi_replication_journal_size = None [00;33m{{(pid=2483880) log_opt_values /opt/stack/data/venv/lib/python3.12/site-packages/oslo_config/cfg.py:3549}}[00m
2026-10-06 17:07:41.819 2483880 DEBUG oslo_service.backend._eventlet.service [req-82f57e38-3e06-41e8-a039-5dc27c9d95c9 - - - - - -] hitachi_replication_journal_transfer_speed = 256 [00;33m{{(pid=2483880) log_opt_values /opt/stack/data/venv/lib/python3.12/site-packages/oslo_config/cfg.py:3549}}[00m
2026-10-06 17:07:41.819 2483880 DEBUG oslo_service.backend._eventlet.service [req-82f57e38-3e06-41e8-a039-5dc27c9d95c9 - - - - - -] hitachi_replication_journal_use_cache = True [00;33m{{(pid=2483880) log_opt_values /opt/stack/data/venv/lib/python3.12/site-packages/oslo_config/cfg.py:3549}}[00m
2026-10-06 17:07:41.819 2483880 DEBUG oslo_service.backend._eventlet.service [req-82f57e38-3e06-41e8-a039-5dc27c9d95c9 - - - - - -] hitachi_replication_mun        = 1 [00;33m{{(pid=2483880) log_opt_values /opt/stack/data/venv/lib/python3.12/site-packages/oslo_config/cfg.py:3549}}[00m
2026-10-06 17:07:41.819 2483880 DEBUG oslo_service.backend._eventlet.service [req-82f57e38-3e06-41e8-a039-5dc27c9d95c9 - - - - - -] hitachi_replication_number     = 0 [00;33m{{(pid=2483880) log_opt_values /opt/stack/data/venv/lib/python3.12/site-packages/oslo_config/cfg.py:3549}}[00m
2026-10-06 17:07:41.819 2483880 DEBUG oslo_service.backend._eventlet.service [req-82f57e38-3e06-41e8-a039-5dc27c9d95c9 - - - - - -] hitachi_replication_status_check_long_interval = 600 [00;33m{{(pid=2483880) log_opt_values /opt/stack/data/venv/lib/python3.12/site-packages/oslo_config/cfg.py:3549}}[00m
2026-10-06 17:07:41.819 2483880 DEBUG oslo_service.backend._eventlet.service [req-82f57e38-3e06-41e8-a039-5dc27c9d95c9 - - - - - -] hitachi_replication_status_check_short_interval = 5 [00;33m{{(pid=2483880) log_opt_values /opt/stack/data/venv/lib/python3.12/site-packages/oslo_config/cfg.py:3549}}[00m
2026-10-06 17:07:41.819 2483880 DEBUG oslo_service.backend._eventlet.service [req-82f57e38-3e06-41e8-a039-5dc27c9d95c9 - - - - - -] hitachi_replication_status_check_timeout = 86400 [00;33m{{(pid=2483880) log_opt_values /opt/stack/data/venv/lib/python3.12/site-packages/oslo_config/cfg.py:3549}}[00m
2026-10-06 17:07:41.819 2483880 DEBUG oslo_service.backend._eventlet.service [req-82f57e38-3e06-41e8-a039-5dc27c9d95c9 - - - - - -] hitachi_set_mirror_reserve_attribute = True [00;33m{{(pid=2483880) log_opt_values /opt/stack/data/venv/lib/python3.12/site-packages/oslo_config/cfg.py:3549}}[00m
2026-10-06 17:07:41.819 2483880 DEBUG oslo_service.backend._eventlet.service [req-82f57e38-3e06-41e8-a039-5dc27c9d95c9 - - - - - -] host                           = devstack-92-210 [00;33m{{(pid=2483880) log_opt_values /opt/stack/data/venv/lib/python3.12/site-packages/oslo_config/cfg.py:3549}}[00m
2026-10-06 17:07:41.819 2483880 DEBUG oslo_service.backend._eventlet.service [req-82f57e38-3e06-41e8-a039-5dc27c9d95c9 - - - - - -] image_compress_on_upload       = True [00;33m{{(pid=2483880) log_opt_values /opt/stack/data/venv/lib/python3.12/site-packages/oslo_config/cfg.py:3549}}[00m
2026-10-06 17:07:41.819 2483880 DEBUG oslo_service.backend._eventlet.service [req-82f57e38-3e06-41e8-a039-5dc27c9d95c9 - - - - - -] image_conversion_address_space_limit = 1 [00;33m{{(pid=2483880) log_opt_values /opt/stack/data/venv/lib/python3.12/site-packages/oslo_config/cfg.py:3549}}[00m
2026-10-06 17:07:41.819 2483880 DEBUG oslo_service.backend._eventlet.service [req-82f57e38-3e06-41e8-a039-5dc27c9d95c9 - - - - - -] image_conversion_cpu_limit     = 60 [00;33m{{(pid=2483880) log_opt_values /opt/stack/data/venv/lib/python3.12/site-packages/oslo_config/cfg.py:3549}}[00m
2026-10-06 17:07:41.820 2483880 DEBUG oslo_service.backend._eventlet.service [req-82f57e38-3e06-41e8-a039-5dc27c9d95c9 - - - - - -] image_conversion_dir           = /opt/stack/data/cinder/conversion [00;33m{{(pid=2483880) log_opt_values /opt/stack/data/venv/lib/python3.12/site-packages/oslo_config/cfg.py:3549}}[00m
2026-10-06 17:07:41.820 2483880 DEBUG oslo_service.backend._eventlet.service [req-82f57e38-3e06-41e8-a039-5dc27c9d95c9 - - - - - -] image_conversion_disable       = False [00;33m{{(pid=2483880) log_opt_values /opt/stack/data/venv/lib/python3.12/site-packages/oslo_config/cfg.py:3549}}[00m
2026-10-06 17:07:41.820 2483880 DEBUG oslo_service.backend._eventlet.service [req-82f57e38-3e06-41e8-a039-5dc27c9d95c9 - - - - - -] image_introspection_address_space_limit = 1 [00;33m{{(pid=2483880) log_opt_values /opt/stack/data/venv/lib/python3.12/site-packages/oslo_config/cfg.py:3549}}[00m
2026-10-06 17:07:41.820 2483880 DEBUG oslo_service.backend._eventlet.service [req-82f57e38-3e06-41e8-a039-5dc27c9d95c9 - - - - - -] image_introspection_cpu_limit  = 60 [00;33m{{(pid=2483880) log_opt_values /opt/stack/data/venv/lib/python3.12/site-packages/oslo_config/cfg.py:3549}}[00m
2026-10-06 17:07:41.820 2483880 DEBUG oslo_service.backend._eventlet.service [req-82f57e38-3e06-41e8-a039-5dc27c9d95c9 - - - - - -] image_upload_use_cinder_backend = False [00;33m{{(pid=2483880) log_opt_values /opt/stack/data/venv/lib/python3.12/site-packages/oslo_config/cfg.py:3549}}[00m
2026-10-06 17:07:41.820 2483880 DEBUG oslo_service.backend._eventlet.service [req-82f57e38-3e06-41e8-a039-5dc27c9d95c9 - - - - - -] image_upload_use_internal_tenant = False [00;33m{{(pid=2483880) log_opt_values /opt/stack/data/venv/lib/python3.12/site-packages/oslo_config/cfg.py:3549}}[00m
2026-10-06 17:07:41.820 2483880 DEBUG oslo_service.backend._eventlet.service [req-82f57e38-3e06-41e8-a039-5dc27c9d95c9 - - - - - -] image_volume_cache_enabled     = False [00;33m{{(pid=2483880) log_opt_values /opt/stack/data/venv/lib/python3.12/site-packages/oslo_config/cfg.py:3549}}[00m
2026-10-06 17:07:41.820 2483880 DEBUG oslo_service.backend._eventlet.service [req-82f57e38-3e06-41e8-a039-5dc27c9d95c9 - - - - - -] image_volume_cache_max_count   = 0 [00;33m{{(pid=2483880) log_opt_values /opt/stack/data/venv/lib/python3.12/site-packages/oslo_config/cfg.py:3549}}[00m
2026-10-06 17:07:41.820 2483880 DEBUG oslo_service.backend._eventlet.service [req-82f57e38-3e06-41e8-a039-5dc27c9d95c9 - - - - - -] image_volume_cache_max_size_gb = 0 [00;33m{{(pid=2483880) log_opt_values /opt/stack/data/venv/lib/python3.12/site-packages/oslo_config/cfg.py:3549}}[00m
2026-10-06 17:07:41.820 2483880 DEBUG oslo_service.backend._eventlet.service [req-82f57e38-3e06-41e8-a039-5dc27c9d95c9 - - - - - -] init_host_max_objects_retrieval = 0 [00;33m{{(pid=2483880) log_opt_values /opt/stack/data/venv/lib/python3.12/site-packages/oslo_config/cfg.py:3549}}[00m
2026-10-06 17:07:41.820 2483880 DEBUG oslo_service.backend._eventlet.service [req-82f57e38-3e06-41e8-a039-5dc27c9d95c9 - - - - - -] instance_format                = [instance: %(uuid)s]  [00;33m{{(pid=2483880) log_opt_values /opt/stack/data/venv/lib/python3.12/site-packages/oslo_config/cfg.py:3549}}[00m
2026-10-06 17:07:41.820 2483880 DEBUG oslo_service.backend._eventlet.service [req-82f57e38-3e06-41e8-a039-5dc27c9d95c9 - - - - - -] instance_uuid_format           = [instance: %(uuid)s]  [00;33m{{(pid=2483880) log_opt_values /opt/stack/data/venv/lib/python3.12/site-packages/oslo_config/cfg.py:3549}}[00m
2026-10-06 17:07:41.821 2483880 DEBUG oslo_service.backend._eventlet.service [req-82f57e38-3e06-41e8-a039-5dc27c9d95c9 - - - - - -] iscsi_target_flags             =  [00;33m{{(pid=2483880) log_opt_values /opt/stack/data/venv/lib/python3.12/site-packages/oslo_config/cfg.py:3549}}[00m
2026-10-06 17:07:41.821 2483880 DEBUG oslo_service.backend._eventlet.service [req-82f57e38-3e06-41e8-a039-5dc27c9d95c9 - - - - - -] iscsi_write_cache              = on [00;33m{{(pid=2483880) log_opt_values /opt/stack/data/venv/lib/python3.12/site-packages/oslo_config/cfg.py:3549}}[00m
2026-10-06 17:07:41.821 2483880 DEBUG oslo_service.backend._eventlet.service [req-82f57e38-3e06-41e8-a039-5dc27c9d95c9 - - - - - -] iser_helper                    = tgtadm [00;33m{{(pid=2483880) log_opt_values /opt/stack/data/venv/lib/python3.12/site-packages/oslo_config/cfg.py:3549}}[00m
2026-10-06 17:07:41.821 2483880 DEBUG oslo_service.backend._eventlet.service [req-82f57e38-3e06-41e8-a039-5dc27c9d95c9 - - - - - -] iser_ip_address                = 172.25.92.210 [00;33m{{(pid=2483880) log_opt_values /opt/stack/data/venv/lib/python3.12/site-packages/oslo_config/cfg.py:3549}}[00m
2026-10-06 17:07:41.821 2483880 DEBUG oslo_service.backend._eventlet.service [req-82f57e38-3e06-41e8-a039-5dc27c9d95c9 - - - - - -] iser_port                      = 3260 [00;33m{{(pid=2483880) log_opt_values /opt/stack/data/venv/lib/python3.12/site-packages/oslo_config/cfg.py:3549}}[00m
2026-10-06 17:07:41.821 2483880 DEBUG oslo_service.backend._eventlet.service [req-82f57e38-3e06-41e8-a039-5dc27c9d95c9 - - - - - -] iser_target_prefix             = iqn.2010-10.org.openstack: [00;33m{{(pid=2483880) log_opt_values /opt/stack/data/venv/lib/python3.12/site-packages/oslo_config/cfg.py:3549}}[00m
2026-10-06 17:07:41.821 2483880 DEBUG oslo_service.backend._eventlet.service [req-82f57e38-3e06-41e8-a039-5dc27c9d95c9 - - - - - -] log_color                      = False [00;33m{{(pid=2483880) log_opt_values /opt/stack/data/venv/lib/python3.12/site-packages/oslo_config/cfg.py:3549}}[00m
2026-10-06 17:07:41.821 2483880 DEBUG oslo_service.backend._eventlet.service [req-82f57e38-3e06-41e8-a039-5dc27c9d95c9 - - - - - -] log_config_append              = None [00;33m{{(pid=2483880) log_opt_values /opt/stack/data/venv/lib/python3.12/site-packages/oslo_config/cfg.py:3549}}[00m
2026-10-06 17:07:41.821 2483880 DEBUG oslo_service.backend._eventlet.service [req-82f57e38-3e06-41e8-a039-5dc27c9d95c9 - - - - - -] log_date_format                = %Y-%m-%d %H:%M:%S [00;33m{{(pid=2483880) log_opt_values /opt/stack/data/venv/lib/python3.12/site-packages/oslo_config/cfg.py:3549}}[00m
2026-10-06 17:07:41.821 2483880 DEBUG oslo_service.backend._eventlet.service [req-82f57e38-3e06-41e8-a039-5dc27c9d95c9 - - - - - -] log_dir                        = /var/log/cinder [00;33m{{(pid=2483880) log_opt_values /opt/stack/data/venv/lib/python3.12/site-packages/oslo_config/cfg.py:3549}}[00m
2026-10-06 17:07:41.822 2483880 DEBUG oslo_service.backend._eventlet.service [req-82f57e38-3e06-41e8-a039-5dc27c9d95c9 - - - - - -] log_file                       = None [00;33m{{(pid=2483880) log_opt_values /opt/stack/data/venv/lib/python3.12/site-packages/oslo_config/cfg.py:3549}}[00m
2026-10-06 17:07:41.822 2483880 DEBUG oslo_service.backend._eventlet.service [req-82f57e38-3e06-41e8-a039-5dc27c9d95c9 - - - - - -] log_options                    = True [00;33m{{(pid=2483880) log_opt_values /opt/stack/data/venv/lib/python3.12/site-packages/oslo_config/cfg.py:3549}}[00m
2026-10-06 17:07:41.822 2483880 DEBUG oslo_service.backend._eventlet.service [req-82f57e38-3e06-41e8-a039-5dc27c9d95c9 - - - - - -] log_rotate_interval            = 1 [00;33m{{(pid=2483880) log_opt_values /opt/stack/data/venv/lib/python3.12/site-packages/oslo_config/cfg.py:3549}}[00m
2026-10-06 17:07:41.822 2483880 DEBUG oslo_service.backend._eventlet.service [req-82f57e38-3e06-41e8-a039-5dc27c9d95c9 - - - - - -] log_rotate_interval_type       = days [00;33m{{(pid=2483880) log_opt_values /opt/stack/data/venv/lib/python3.12/site-packages/oslo_config/cfg.py:3549}}[00m
2026-10-06 17:07:41.822 2483880 DEBUG oslo_service.backend._eventlet.service [req-82f57e38-3e06-41e8-a039-5dc27c9d95c9 - - - - - -] log_rotation_type              = none [00;33m{{(pid=2483880) log_opt_values /opt/stack/data/venv/lib/python3.12/site-packages/oslo_config/cfg.py:3549}}[00m
2026-10-06 17:07:41.822 2483880 DEBUG oslo_service.backend._eventlet.service [req-82f57e38-3e06-41e8-a039-5dc27c9d95c9 - - - - - -] logging_context_format_string  = %(asctime)s.%(msecs)03d %(process)d %(levelname)s %(name)s [%(request_id)s %(user_identity)s] %(instance)s%(message)s [00;33m{{(pid=2483880) log_opt_values /opt/stack/data/venv/lib/python3.12/site-packages/oslo_config/cfg.py:3549}}[00m
2026-10-06 17:07:41.822 2483880 DEBUG oslo_service.backend._eventlet.service [req-82f57e38-3e06-41e8-a039-5dc27c9d95c9 - - - - - -] logging_debug_format_suffix    = [00;33m{{(pid=%(process)d) %(funcName)s %(pathname)s:%(lineno)d}}[00m [00;33m{{(pid=2483880) log_opt_values /opt/stack/data/venv/lib/python3.12/site-packages/oslo_config/cfg.py:3549}}[00m
2026-10-06 17:07:41.822 2483880 DEBUG oslo_service.backend._eventlet.service [req-82f57e38-3e06-41e8-a039-5dc27c9d95c9 - - - - - -] logging_default_format_string  = %(asctime)s.%(msecs)03d %(process)d %(levelname)s %(name)s [-] %(instance)s%(message)s [00;33m{{(pid=2483880) log_opt_values /opt/stack/data/venv/lib/python3.12/site-packages/oslo_config/cfg.py:3549}}[00m
2026-10-06 17:07:41.822 2483880 DEBUG oslo_service.backend._eventlet.service [req-82f57e38-3e06-41e8-a039-5dc27c9d95c9 - - - - - -] logging_exception_prefix       = ERROR %(name)s [01;35m%(instance)s[00m [00;33m{{(pid=2483880) log_opt_values /opt/stack/data/venv/lib/python3.12/site-packages/oslo_config/cfg.py:3549}}[00m
2026-10-06 17:07:41.822 2483880 DEBUG oslo_service.backend._eventlet.service [req-82f57e38-3e06-41e8-a039-5dc27c9d95c9 - - - - - -] logging_user_identity_format   = %(user)s %(project)s %(domain)s %(system_scope)s %(user_domain)s %(project_domain)s [00;33m{{(pid=2483880) log_opt_values /opt/stack/data/venv/lib/python3.12/site-packages/oslo_config/cfg.py:3549}}[00m
2026-10-06 17:07:41.822 2483880 DEBUG oslo_service.backend._eventlet.service [req-82f57e38-3e06-41e8-a039-5dc27c9d95c9 - - - - - -] max_age                        = 0 [00;33m{{(pid=2483880) log_opt_values /opt/stack/data/venv/lib/python3.12/site-packages/oslo_config/cfg.py:3549}}[00m
2026-10-06 17:07:41.822 2483880 DEBUG oslo_service.backend._eventlet.service [req-82f57e38-3e06-41e8-a039-5dc27c9d95c9 - - - - - -] max_logfile_count              = 30 [00;33m{{(pid=2483880) log_opt_values /opt/stack/data/venv/lib/python3.12/site-packages/oslo_config/cfg.py:3549}}[00m
2026-10-06 17:07:41.822 2483880 DEBUG oslo_service.backend._eventlet.service [req-82f57e38-3e06-41e8-a039-5dc27c9d95c9 - - - - - -] max_logfile_size_mb            = 200 [00;33m{{(pid=2483880) log_opt_values /opt/stack/data/venv/lib/python3.12/site-packages/oslo_config/cfg.py:3549}}[00m
2026-10-06 17:07:41.823 2483880 DEBUG oslo_service.backend._eventlet.service [req-82f57e38-3e06-41e8-a039-5dc27c9d95c9 - - - - - -] max_over_subscription_ratio    = 20.0 [00;33m{{(pid=2483880) log_opt_values /opt/stack/data/venv/lib/python3.12/site-packages/oslo_config/cfg.py:3549}}[00m
2026-10-06 17:07:41.823 2483880 DEBUG oslo_service.backend._eventlet.service [req-82f57e38-3e06-41e8-a039-5dc27c9d95c9 - - - - - -] message_reap_interval          = 86400 [00;33m{{(pid=2483880) log_opt_values /opt/stack/data/venv/lib/python3.12/site-packages/oslo_config/cfg.py:3549}}[00m
2026-10-06 17:07:41.823 2483880 DEBUG oslo_service.backend._eventlet.service [req-82f57e38-3e06-41e8-a039-5dc27c9d95c9 - - - - - -] message_ttl                    = 2592000 [00;33m{{(pid=2483880) log_opt_values /opt/stack/data/venv/lib/python3.12/site-packages/oslo_config/cfg.py:3549}}[00m
2026-10-06 17:07:41.823 2483880 DEBUG oslo_service.backend._eventlet.service [req-82f57e38-3e06-41e8-a039-5dc27c9d95c9 - - - - - -] migration_create_volume_timeout_secs = 300 [00;33m{{(pid=2483880) log_opt_values /opt/stack/data/venv/lib/python3.12/site-packages/oslo_config/cfg.py:3549}}[00m
2026-10-06 17:07:41.823 2483880 DEBUG oslo_service.backend._eventlet.service [req-82f57e38-3e06-41e8-a039-5dc27c9d95c9 - - - - - -] monkey_patch                   = False [00;33m{{(pid=2483880) log_opt_values /opt/stack/data/venv/lib/python3.12/site-packages/oslo_config/cfg.py:3549}}[00m
2026-10-06 17:07:41.823 2483880 DEBUG oslo_service.backend._eventlet.service [req-82f57e38-3e06-41e8-a039-5dc27c9d95c9 - - - - - -] monkey_patch_modules           = [] [00;33m{{(pid=2483880) log_opt_values /opt/stack/data/venv/lib/python3.12/site-packages/oslo_config/cfg.py:3549}}[00m
2026-10-06 17:07:41.823 2483880 DEBUG oslo_service.backend._eventlet.service [req-82f57e38-3e06-41e8-a039-5dc27c9d95c9 - - - - - -] my_ip                          = 172.25.92.210 [00;33m{{(pid=2483880) log_opt_values /opt/stack/data/venv/lib/python3.12/site-packages/oslo_config/cfg.py:3549}}[00m
2026-10-06 17:07:41.823 2483880 DEBUG oslo_service.backend._eventlet.service [req-82f57e38-3e06-41e8-a039-5dc27c9d95c9 - - - - - -] no_snapshot_gb_quota           = False [00;33m{{(pid=2483880) log_opt_values /opt/stack/data/venv/lib/python3.12/site-packages/oslo_config/cfg.py:3549}}[00m
2026-10-06 17:07:41.823 2483880 DEBUG oslo_service.backend._eventlet.service [req-82f57e38-3e06-41e8-a039-5dc27c9d95c9 - - - - - -] num_iser_scan_tries            = 3 [00;33m{{(pid=2483880) log_opt_values /opt/stack/data/venv/lib/python3.12/site-packages/oslo_config/cfg.py:3549}}[00m
2026-10-06 17:07:41.823 2483880 DEBUG oslo_service.backend._eventlet.service [req-82f57e38-3e06-41e8-a039-5dc27c9d95c9 - - - - - -] num_shell_tries                = 3 [00;33m{{(pid=2483880) log_opt_values /opt/stack/data/venv/lib/python3.12/site-packages/oslo_config/cfg.py:3549}}[00m
2026-10-06 17:07:41.823 2483892 INFO cinder.volume.manager [req-8af84a93-0a3e-469a-a56b-652657f2b092 - - - - - -] Starting volume driver HBSDISCSIDriver (2.7.2)
2026-10-06 17:07:41.823 2483880 DEBUG oslo_service.backend._eventlet.service [req-82f57e38-3e06-41e8-a039-5dc27c9d95c9 - - - - - -] num_volume_device_scan_tries   = 100 [00;33m{{(pid=2483880) log_opt_values /opt/stack/data/venv/lib/python3.12/site-packages/oslo_config/cfg.py:3549}}[00m
2026-10-06 17:07:41.824 2483892 DEBUG cinder.volume.drivers.hitachi.hbsd_iscsi [req-8af84a93-0a3e-469a-a56b-652657f2b092 - - - - - -] ==> do_setup: call "{'self': <cinder.volume.drivers.hitachi.hbsd_iscsi.HBSDISCSIDriver object at 0x7e1f1401bc50>, 'context': <cinder.context.RequestContext object at 0x7e1f13a39e20>}" [00;33m{{(pid=2483892) trace_logging_wrapper /opt/stack/cinder/cinder/volume/volume_utils.py:1497}}[00m
2026-10-06 17:07:41.824 2483880 DEBUG oslo_service.backend._eventlet.service [req-82f57e38-3e06-41e8-a039-5dc27c9d95c9 - - - - - -] nvmeof_conn_info_version       = 1 [00;33m{{(pid=2483880) log_opt_values /opt/stack/data/venv/lib/python3.12/site-packages/oslo_config/cfg.py:3549}}[00m
2026-10-06 17:07:41.824 2483880 DEBUG oslo_service.backend._eventlet.service [req-82f57e38-3e06-41e8-a039-5dc27c9d95c9 - - - - - -] nvmet_ns_id                    = 10 [00;33m{{(pid=2483880) log_opt_values /opt/stack/data/venv/lib/python3.12/site-packages/oslo_config/cfg.py:3549}}[00m
2026-10-06 17:07:41.824 2483880 DEBUG oslo_service.backend._eventlet.service [req-82f57e38-3e06-41e8-a039-5dc27c9d95c9 - - - - - -] nvmet_port_id                  = 1 [00;33m{{(pid=2483880) log_opt_values /opt/stack/data/venv/lib/python3.12/site-packages/oslo_config/cfg.py:3549}}[00m
2026-10-06 17:07:41.824 2483880 DEBUG oslo_service.backend._eventlet.service [req-82f57e38-3e06-41e8-a039-5dc27c9d95c9 - - - - - -] osapi_max_limit                = 1000 [00;33m{{(pid=2483880) log_opt_values /opt/stack/data/venv/lib/python3.12/site-packages/oslo_config/cfg.py:3549}}[00m
2026-10-06 17:07:41.825 2483880 DEBUG oslo_service.backend._eventlet.service [req-82f57e38-3e06-41e8-a039-5dc27c9d95c9 - - - - - -] osapi_volume_ext_list          = [] [00;33m{{(pid=2483880) log_opt_values /opt/stack/data/venv/lib/python3.12/site-packages/oslo_config/cfg.py:3549}}[00m
2026-10-06 17:07:41.825 2483880 DEBUG oslo_service.backend._eventlet.service [req-82f57e38-3e06-41e8-a039-5dc27c9d95c9 - - - - - -] osapi_volume_extension         = ['cinder.api.contrib.standard_extensions'] [00;33m{{(pid=2483880) log_opt_values /opt/stack/data/venv/lib/python3.12/site-packages/oslo_config/cfg.py:3549}}[00m
2026-10-06 17:07:41.825 2483880 DEBUG oslo_service.backend._eventlet.service [req-82f57e38-3e06-41e8-a039-5dc27c9d95c9 - - - - - -] osapi_volume_listen            = 0.0.0.0 [00;33m{{(pid=2483880) log_opt_values /opt/stack/data/venv/lib/python3.12/site-packages/oslo_config/cfg.py:3549}}[00m
2026-10-06 17:07:41.825 2483880 DEBUG oslo_service.backend._eventlet.service [req-82f57e38-3e06-41e8-a039-5dc27c9d95c9 - - - - - -] osapi_volume_listen_port       = 8776 [00;33m{{(pid=2483880) log_opt_values /opt/stack/data/venv/lib/python3.12/site-packages/oslo_config/cfg.py:3549}}[00m
2026-10-06 17:07:41.825 2483880 DEBUG oslo_service.backend._eventlet.service [req-82f57e38-3e06-41e8-a039-5dc27c9d95c9 - - - - - -] osapi_volume_use_ssl           = False [00;33m{{(pid=2483880) log_opt_values /opt/stack/data/venv/lib/python3.12/site-packages/oslo_config/cfg.py:3549}}[00m
2026-10-06 17:07:41.825 2483880 DEBUG oslo_service.backend._eventlet.service [req-82f57e38-3e06-41e8-a039-5dc27c9d95c9 - - - - - -] osapi_volume_workers           = None [00;33m{{(pid=2483880) log_opt_values /opt/stack/data/venv/lib/python3.12/site-packages/oslo_config/cfg.py:3549}}[00m
2026-10-06 17:07:41.825 2483880 DEBUG oslo_service.backend._eventlet.service [req-82f57e38-3e06-41e8-a039-5dc27c9d95c9 - - - - - -] per_volume_size_limit          = -1 [00;33m{{(pid=2483880) log_opt_values /opt/stack/data/venv/lib/python3.12/site-packages/oslo_config/cfg.py:3549}}[00m
2026-10-06 17:07:41.825 2483880 DEBUG oslo_service.backend._eventlet.service [req-82f57e38-3e06-41e8-a039-5dc27c9d95c9 - - - - - -] periodic_fuzzy_delay           = 60 [00;33m{{(pid=2483880) log_opt_values /opt/stack/data/venv/lib/python3.12/site-packages/oslo_config/cfg.py:3549}}[00m
2026-10-06 17:07:41.825 2483880 DEBUG oslo_service.backend._eventlet.service [req-82f57e38-3e06-41e8-a039-5dc27c9d95c9 - - - - - -] periodic_interval              = 3600 [00;33m{{(pid=2483880) log_opt_values /opt/stack/data/venv/lib/python3.12/site-packages/oslo_config/cfg.py:3549}}[00m
2026-10-06 17:07:41.825 2483880 DEBUG oslo_service.backend._eventlet.service [req-82f57e38-3e06-41e8-a039-5dc27c9d95c9 - - - - - -] project_id_regex               = [0-9a-f\-]+ [00;33m{{(pid=2483880) log_opt_values /opt/stack/data/venv/lib/python3.12/site-packages/oslo_config/cfg.py:3549}}[00m
2026-10-06 17:07:41.825 2483880 DEBUG oslo_service.backend._eventlet.service [req-82f57e38-3e06-41e8-a039-5dc27c9d95c9 - - - - - -] public_endpoint                = None [00;33m{{(pid=2483880) log_opt_values /opt/stack/data/venv/lib/python3.12/site-packages/oslo_config/cfg.py:3549}}[00m
2026-10-06 17:07:41.825 2483880 DEBUG oslo_service.backend._eventlet.service [req-82f57e38-3e06-41e8-a039-5dc27c9d95c9 - - - - - -] publish_errors                 = False [00;33m{{(pid=2483880) log_opt_values /opt/stack/data/venv/lib/python3.12/site-packages/oslo_config/cfg.py:3549}}[00m
2026-10-06 17:07:41.826 2483880 DEBUG oslo_service.backend._eventlet.service [req-82f57e38-3e06-41e8-a039-5dc27c9d95c9 - - - - - -] quota_backup_gigabytes         = 1000 [00;33m{{(pid=2483880) log_opt_values /opt/stack/data/venv/lib/python3.12/site-packages/oslo_config/cfg.py:3549}}[00m
2026-10-06 17:07:41.826 2483880 DEBUG oslo_service.backend._eventlet.service [req-82f57e38-3e06-41e8-a039-5dc27c9d95c9 - - - - - -] quota_backups                  = 50 [00;33m{{(pid=2483880) log_opt_values /opt/stack/data/venv/lib/python3.12/site-packages/oslo_config/cfg.py:3549}}[00m
2026-10-06 17:07:41.826 2483880 DEBUG oslo_service.backend._eventlet.service [req-82f57e38-3e06-41e8-a039-5dc27c9d95c9 - - - - - -] quota_driver                   = cinder.quota.DbQuotaDriver [00;33m{{(pid=2483880) log_opt_values /opt/stack/data/venv/lib/python3.12/site-packages/oslo_config/cfg.py:3549}}[00m
2026-10-06 17:07:41.826 2483880 DEBUG oslo_service.backend._eventlet.service [req-82f57e38-3e06-41e8-a039-5dc27c9d95c9 - - - - - -] quota_gigabytes                = 1000 [00;33m{{(pid=2483880) log_opt_values /opt/stack/data/venv/lib/python3.12/site-packages/oslo_config/cfg.py:3549}}[00m
2026-10-06 17:07:41.826 2483880 DEBUG oslo_service.backend._eventlet.service [req-82f57e38-3e06-41e8-a039-5dc27c9d95c9 - - - - - -] quota_groups                   = 10 [00;33m{{(pid=2483880) log_opt_values /opt/stack/data/venv/lib/python3.12/site-packages/oslo_config/cfg.py:3549}}[00m
2026-10-06 17:07:41.826 2483880 DEBUG oslo_service.backend._eventlet.service [req-82f57e38-3e06-41e8-a039-5dc27c9d95c9 - - - - - -] quota_snapshots                = 50 [00;33m{{(pid=2483880) log_opt_values /opt/stack/data/venv/lib/python3.12/site-packages/oslo_config/cfg.py:3549}}[00m
2026-10-06 17:07:41.826 2483880 DEBUG oslo_service.backend._eventlet.service [req-82f57e38-3e06-41e8-a039-5dc27c9d95c9 - - - - - -] quota_volumes                  = 50 [00;33m{{(pid=2483880) log_opt_values /opt/stack/data/venv/lib/python3.12/site-packages/oslo_config/cfg.py:3549}}[00m
2026-10-06 17:07:41.826 2483880 DEBUG oslo_service.backend._eventlet.service [req-82f57e38-3e06-41e8-a039-5dc27c9d95c9 - - - - - -] rate_limit_burst               = 0 [00;33m{{(pid=2483880) log_opt_values /opt/stack/data/venv/lib/python3.12/site-packages/oslo_config/cfg.py:3549}}[00m
2026-10-06 17:07:41.826 2483892 DEBUG cinder.volume.drivers.hitachi.hbsd_rest [req-8af84a93-0a3e-469a-a56b-652657f2b092 - - - - - -] Setting ldev_range: [22000, 29399] [00;33m{{(pid=2483892) check_param /opt/stack/cinder/cinder/volume/drivers/hitachi/hbsd_rest.py:887}}[00m
2026-10-06 17:07:41.826 2483880 DEBUG oslo_service.backend._eventlet.service [req-82f57e38-3e06-41e8-a039-5dc27c9d95c9 - - - - - -] rate_limit_except_level        = CRITICAL [00;33m{{(pid=2483880) log_opt_values /opt/stack/data/venv/lib/python3.12/site-packages/oslo_config/cfg.py:3549}}[00m
2026-10-06 17:07:41.827 2483892 DEBUG cinder.volume.drivers.hitachi.hbsd_rest_api [req-8af84a93-0a3e-469a-a56b-652657f2b092 - - - - - -] Trying to login. [00;33m{{(pid=2483892) login /opt/stack/cinder/cinder/volume/drivers/hitachi/hbsd_rest_api.py:570}}[00m
2026-10-06 17:07:41.827 2483880 DEBUG oslo_service.backend._eventlet.service [req-82f57e38-3e06-41e8-a039-5dc27c9d95c9 - - - - - -] rate_limit_interval            = 0 [00;33m{{(pid=2483880) log_opt_values /opt/stack/data/venv/lib/python3.12/site-packages/oslo_config/cfg.py:3549}}[00m
2026-10-06 17:07:41.827 2483892 DEBUG cinder.volume.drivers.hitachi.hbsd_rest_api [req-8af84a93-0a3e-469a-a56b-652657f2b092 - - - - - -] ==> _login: call "{'self': <cinder.volume.drivers.hitachi.hbsd_rest_api.RestApiClient object at 0x7e1f13b7a900>, 'do_raise': True}" [00;33m{{(pid=2483892) trace_logging_wrapper /opt/stack/cinder/cinder/volume/volume_utils.py:1497}}[00m
2026-10-06 17:07:41.827 2483880 DEBUG oslo_service.backend._eventlet.service [req-82f57e38-3e06-41e8-a039-5dc27c9d95c9 - - - - - -] reinit_driver_count            = 3 [00;33m{{(pid=2483880) log_opt_values /opt/stack/data/venv/lib/python3.12/site-packages/oslo_config/cfg.py:3549}}[00m
2026-10-06 17:07:41.827 2483880 DEBUG oslo_service.backend._eventlet.service [req-82f57e38-3e06-41e8-a039-5dc27c9d95c9 - - - - - -] replication_device             = **** [00;33m{{(pid=2483880) log_opt_values /opt/stack/data/venv/lib/python3.12/site-packages/oslo_config/cfg.py:3549}}[00m
2026-10-06 17:07:41.827 2483880 DEBUG oslo_service.backend._eventlet.service [req-82f57e38-3e06-41e8-a039-5dc27c9d95c9 - - - - - -] report_discard_supported       = False [00;33m{{(pid=2483880) log_opt_values /opt/stack/data/venv/lib/python3.12/site-packages/oslo_config/cfg.py:3549}}[00m
2026-10-06 17:07:41.828 2483880 DEBUG oslo_service.backend._eventlet.service [req-82f57e38-3e06-41e8-a039-5dc27c9d95c9 - - - - - -] report_interval                = 120 [00;33m{{(pid=2483880) log_opt_values /opt/stack/data/venv/lib/python3.12/site-packages/oslo_config/cfg.py:3549}}[00m
2026-10-06 17:07:41.828 2483880 DEBUG oslo_service.backend._eventlet.service [req-82f57e38-3e06-41e8-a039-5dc27c9d95c9 - - - - - -] reservation_clean_interval     = 86400 [00;33m{{(pid=2483880) log_opt_values /opt/stack/data/venv/lib/python3.12/site-packages/oslo_config/cfg.py:3549}}[00m
2026-10-06 17:07:41.828 2483880 DEBUG oslo_service.backend._eventlet.service [req-82f57e38-3e06-41e8-a039-5dc27c9d95c9 - - - - - -] reservation_expire             = 86400 [00;33m{{(pid=2483880) log_opt_values /opt/stack/data/venv/lib/python3.12/site-packages/oslo_config/cfg.py:3549}}[00m
2026-10-06 17:07:41.828 2483880 DEBUG oslo_service.backend._eventlet.service [req-82f57e38-3e06-41e8-a039-5dc27c9d95c9 - - - - - -] reserved_image_namespaces      = [] [00;33m{{(pid=2483880) log_opt_values /opt/stack/data/venv/lib/python3.12/site-packages/oslo_config/cfg.py:3549}}[00m
2026-10-06 17:07:41.828 2483880 DEBUG oslo_service.backend._eventlet.service [req-82f57e38-3e06-41e8-a039-5dc27c9d95c9 - - - - - -] reserved_percentage            = 0 [00;33m{{(pid=2483880) log_opt_values /opt/stack/data/venv/lib/python3.12/site-packages/oslo_config/cfg.py:3549}}[00m
2026-10-06 17:07:41.828 2483880 DEBUG oslo_service.backend._eventlet.service [req-82f57e38-3e06-41e8-a039-5dc27c9d95c9 - - - - - -] resource_query_filters_file    = /etc/cinder/resource_filters.json [00;33m{{(pid=2483880) log_opt_values /opt/stack/data/venv/lib/python3.12/site-packages/oslo_config/cfg.py:3549}}[00m
2026-10-06 17:07:41.828 2483880 DEBUG oslo_service.backend._eventlet.service [req-82f57e38-3e06-41e8-a039-5dc27c9d95c9 - - - - - -] rootwrap_config                = /etc/cinder/rootwrap.conf [00;33m{{(pid=2483880) log_opt_values /opt/stack/data/venv/lib/python3.12/site-packages/oslo_config/cfg.py:3549}}[00m
2026-10-06 17:07:41.828 2483880 DEBUG oslo_service.backend._eventlet.service [req-82f57e38-3e06-41e8-a039-5dc27c9d95c9 - - - - - -] rpc_response_timeout           = 3600 [00;33m{{(pid=2483880) log_opt_values /opt/stack/data/venv/lib/python3.12/site-packages/oslo_config/cfg.py:3549}}[00m
2026-10-06 17:07:41.828 2483880 DEBUG oslo_service.backend._eventlet.service [req-82f57e38-3e06-41e8-a039-5dc27c9d95c9 - - - - - -] run_external_periodic_tasks    = True [00;33m{{(pid=2483880) log_opt_values /opt/stack/data/venv/lib/python3.12/site-packages/oslo_config/cfg.py:3549}}[00m
2026-10-06 17:07:41.828 2483880 DEBUG oslo_service.backend._eventlet.service [req-82f57e38-3e06-41e8-a039-5dc27c9d95c9 - - - - - -] scheduler_manager              = cinder.scheduler.manager.SchedulerManager [00;33m{{(pid=2483880) log_opt_values /opt/stack/data/venv/lib/python3.12/site-packages/oslo_config/cfg.py:3549}}[00m
2026-10-06 17:07:41.828 2483880 DEBUG oslo_service.backend._eventlet.service [req-82f57e38-3e06-41e8-a039-5dc27c9d95c9 - - - - - -] scst_target_driver             = iscsi [00;33m{{(pid=2483880) log_opt_values /opt/stack/data/venv/lib/python3.12/site-packages/oslo_config/cfg.py:3549}}[00m
2026-10-06 17:07:41.829 2483880 DEBUG oslo_service.backend._eventlet.service [req-82f57e38-3e06-41e8-a039-5dc27c9d95c9 - - - - - -] scst_target_iqn_name           = None [00;33m{{(pid=2483880) log_opt_values /opt/stack/data/venv/lib/python3.12/site-packages/oslo_config/cfg.py:3549}}[00m
2026-10-06 17:07:41.829 2483880 DEBUG oslo_service.backend._eventlet.service [req-82f57e38-3e06-41e8-a039-5dc27c9d95c9 - - - - - -] service_down_time              = 720 [00;33m{{(pid=2483880) log_opt_values /opt/stack/data/venv/lib/python3.12/site-packages/oslo_config/cfg.py:3549}}[00m
2026-10-06 17:07:41.829 2483880 DEBUG oslo_service.backend._eventlet.service [req-82f57e38-3e06-41e8-a039-5dc27c9d95c9 - - - - - -] shell_completion               = None [00;33m{{(pid=2483880) log_opt_values /opt/stack/data/venv/lib/python3.12/site-packages/oslo_config/cfg.py:3549}}[00m
2026-10-06 17:07:41.829 2483880 DEBUG oslo_service.backend._eventlet.service [req-82f57e38-3e06-41e8-a039-5dc27c9d95c9 - - - - - -] snapshot_name_template         = snapshot-%s [00;33m{{(pid=2483880) log_opt_values /opt/stack/data/venv/lib/python3.12/site-packages/oslo_config/cfg.py:3549}}[00m
2026-10-06 17:07:41.829 2483880 DEBUG oslo_service.backend._eventlet.service [req-82f57e38-3e06-41e8-a039-5dc27c9d95c9 - - - - - -] split_loggers                  = False [00;33m{{(pid=2483880) log_opt_values /opt/stack/data/venv/lib/python3.12/site-packages/oslo_config/cfg.py:3549}}[00m
2026-10-06 17:07:41.829 2483880 DEBUG oslo_service.backend._eventlet.service [req-82f57e38-3e06-41e8-a039-5dc27c9d95c9 - - - - - -] ssh_hosts_key_file             = /opt/stack/data/cinder/ssh_known_hosts [00;33m{{(pid=2483880) log_opt_values /opt/stack/data/venv/lib/python3.12/site-packages/oslo_config/cfg.py:3549}}[00m
2026-10-06 17:07:41.829 2483880 DEBUG oslo_service.backend._eventlet.service [req-82f57e38-3e06-41e8-a039-5dc27c9d95c9 - - - - - -] state_path                     = /opt/stack/data/cinder [00;33m{{(pid=2483880) log_opt_values /opt/stack/data/venv/lib/python3.12/site-packages/oslo_config/cfg.py:3549}}[00m
2026-10-06 17:07:41.829 2483880 DEBUG oslo_service.backend._eventlet.service [req-82f57e38-3e06-41e8-a039-5dc27c9d95c9 - - - - - -] storage_availability_zone      = nova [00;33m{{(pid=2483880) log_opt_values /opt/stack/data/venv/lib/python3.12/site-packages/oslo_config/cfg.py:3549}}[00m
2026-10-06 17:07:41.829 2483880 DEBUG oslo_service.backend._eventlet.service [req-82f57e38-3e06-41e8-a039-5dc27c9d95c9 - - - - - -] storage_protocol               = iSCSI [00;33m{{(pid=2483880) log_opt_values /opt/stack/data/venv/lib/python3.12/site-packages/oslo_config/cfg.py:3549}}[00m
2026-10-06 17:07:41.829 2483880 DEBUG oslo_service.backend._eventlet.service [req-82f57e38-3e06-41e8-a039-5dc27c9d95c9 - - - - - -] strict_ssh_host_key_policy     = False [00;33m{{(pid=2483880) log_opt_values /opt/stack/data/venv/lib/python3.12/site-packages/oslo_config/cfg.py:3549}}[00m
2026-10-06 17:07:41.829 2483880 DEBUG oslo_service.backend._eventlet.service [req-82f57e38-3e06-41e8-a039-5dc27c9d95c9 - - - - - -] syslog_log_facility            = LOG_USER [00;33m{{(pid=2483880) log_opt_values /opt/stack/data/venv/lib/python3.12/site-packages/oslo_config/cfg.py:3549}}[00m
2026-10-06 17:07:41.829 2483880 DEBUG oslo_service.backend._eventlet.service [req-82f57e38-3e06-41e8-a039-5dc27c9d95c9 - - - - - -] target_helper                  = lioadm [00;33m{{(pid=2483880) log_opt_values /opt/stack/data/venv/lib/python3.12/site-packages/oslo_config/cfg.py:3549}}[00m
2026-10-06 17:07:41.830 2483880 DEBUG oslo_service.backend._eventlet.service [req-82f57e38-3e06-41e8-a039-5dc27c9d95c9 - - - - - -] target_ip_address              = 172.25.92.210 [00;33m{{(pid=2483880) log_opt_values /opt/stack/data/venv/lib/python3.12/site-packages/oslo_config/cfg.py:3549}}[00m
2026-10-06 17:07:41.830 2483880 DEBUG oslo_service.backend._eventlet.service [req-82f57e38-3e06-41e8-a039-5dc27c9d95c9 - - - - - -] target_port                    = 3260 [00;33m{{(pid=2483880) log_opt_values /opt/stack/data/venv/lib/python3.12/site-packages/oslo_config/cfg.py:3549}}[00m
2026-10-06 17:07:41.830 2483880 DEBUG oslo_service.backend._eventlet.service [req-82f57e38-3e06-41e8-a039-5dc27c9d95c9 - - - - - -] target_prefix                  = iqn.2010-10.org.openstack: [00;33m{{(pid=2483880) log_opt_values /opt/stack/data/venv/lib/python3.12/site-packages/oslo_config/cfg.py:3549}}[00m
2026-10-06 17:07:41.830 2483880 DEBUG oslo_service.backend._eventlet.service [req-82f57e38-3e06-41e8-a039-5dc27c9d95c9 - - - - - -] target_protocol                = iscsi [00;33m{{(pid=2483880) log_opt_values /opt/stack/data/venv/lib/python3.12/site-packages/oslo_config/cfg.py:3549}}[00m
2026-10-06 17:07:41.830 2483880 DEBUG oslo_service.backend._eventlet.service [req-82f57e38-3e06-41e8-a039-5dc27c9d95c9 - - - - - -] target_secondary_ip_addresses  = [] [00;33m{{(pid=2483880) log_opt_values /opt/stack/data/venv/lib/python3.12/site-packages/oslo_config/cfg.py:3549}}[00m
2026-10-06 17:07:41.830 2483880 DEBUG oslo_service.backend._eventlet.service [req-82f57e38-3e06-41e8-a039-5dc27c9d95c9 - - - - - -] trace_flags                    = None [00;33m{{(pid=2483880) log_opt_values /opt/stack/data/venv/lib/python3.12/site-packages/oslo_config/cfg.py:3549}}[00m
2026-10-06 17:07:41.830 2483880 DEBUG oslo_service.backend._eventlet.service [req-82f57e38-3e06-41e8-a039-5dc27c9d95c9 - - - - - -] transfer_api_class             = cinder.transfer.api.API [00;33m{{(pid=2483880) log_opt_values /opt/stack/data/venv/lib/python3.12/site-packages/oslo_config/cfg.py:3549}}[00m
2026-10-06 17:07:41.830 2483880 DEBUG oslo_service.backend._eventlet.service [req-82f57e38-3e06-41e8-a039-5dc27c9d95c9 - - - - - -] transport_url                  = **** [00;33m{{(pid=2483880) log_opt_values /opt/stack/data/venv/lib/python3.12/site-packages/oslo_config/cfg.py:3549}}[00m
2026-10-06 17:07:41.830 2483880 DEBUG oslo_service.backend._eventlet.service [req-82f57e38-3e06-41e8-a039-5dc27c9d95c9 - - - - - -] until_refresh                  = 0 [00;33m{{(pid=2483880) log_opt_values /opt/stack/data/venv/lib/python3.12/site-packages/oslo_config/cfg.py:3549}}[00m
2026-10-06 17:07:41.830 2483880 DEBUG oslo_service.backend._eventlet.service [req-82f57e38-3e06-41e8-a039-5dc27c9d95c9 - - - - - -] use_chap_auth                  = False [00;33m{{(pid=2483880) log_opt_values /opt/stack/data/venv/lib/python3.12/site-packages/oslo_config/cfg.py:3549}}[00m
2026-10-06 17:07:41.830 2483880 DEBUG oslo_service.backend._eventlet.service [req-82f57e38-3e06-41e8-a039-5dc27c9d95c9 - - - - - -] use_default_quota_class        = True [00;33m{{(pid=2483880) log_opt_values /opt/stack/data/venv/lib/python3.12/site-packages/oslo_config/cfg.py:3549}}[00m
2026-10-06 17:07:41.831 2483880 DEBUG oslo_service.backend._eventlet.service [req-82f57e38-3e06-41e8-a039-5dc27c9d95c9 - - - - - -] use_journal                    = False [00;33m{{(pid=2483880) log_opt_values /opt/stack/data/venv/lib/python3.12/site-packages/oslo_config/cfg.py:3549}}[00m
2026-10-06 17:07:41.831 2483880 DEBUG oslo_service.backend._eventlet.service [req-82f57e38-3e06-41e8-a039-5dc27c9d95c9 - - - - - -] use_json                       = False [00;33m{{(pid=2483880) log_opt_values /opt/stack/data/venv/lib/python3.12/site-packages/oslo_config/cfg.py:3549}}[00m
2026-10-06 17:07:41.831 2483880 DEBUG oslo_service.backend._eventlet.service [req-82f57e38-3e06-41e8-a039-5dc27c9d95c9 - - - - - -] use_multipath_for_image_xfer   = False [00;33m{{(pid=2483880) log_opt_values /opt/stack/data/venv/lib/python3.12/site-packages/oslo_config/cfg.py:3549}}[00m
2026-10-06 17:07:41.831 2483880 DEBUG oslo_service.backend._eventlet.service [req-82f57e38-3e06-41e8-a039-5dc27c9d95c9 - - - - - -] use_stderr                     = False [00;33m{{(pid=2483880) log_opt_values /opt/stack/data/venv/lib/python3.12/site-packages/oslo_config/cfg.py:3549}}[00m
2026-10-06 17:07:41.831 2483880 DEBUG oslo_service.backend._eventlet.service [req-82f57e38-3e06-41e8-a039-5dc27c9d95c9 - - - - - -] use_syslog                     = False [00;33m{{(pid=2483880) log_opt_values /opt/stack/data/venv/lib/python3.12/site-packages/oslo_config/cfg.py:3549}}[00m
2026-10-06 17:07:41.831 2483880 DEBUG oslo_service.backend._eventlet.service [req-82f57e38-3e06-41e8-a039-5dc27c9d95c9 - - - - - -] verify_glance_signatures       = enabled [00;33m{{(pid=2483880) log_opt_values /opt/stack/data/venv/lib/python3.12/site-packages/oslo_config/cfg.py:3549}}[00m
2026-10-06 17:07:41.831 2483880 DEBUG oslo_service.backend._eventlet.service [req-82f57e38-3e06-41e8-a039-5dc27c9d95c9 - - - - - -] vmdk_allowed_types             = ['streamOptimized', 'monolithicSparse'] [00;33m{{(pid=2483880) log_opt_values /opt/stack/data/venv/lib/python3.12/site-packages/oslo_config/cfg.py:3549}}[00m
2026-10-06 17:07:41.831 2483880 DEBUG oslo_service.backend._eventlet.service [req-82f57e38-3e06-41e8-a039-5dc27c9d95c9 - - - - - -] volume_api_class               = cinder.volume.api.API [00;33m{{(pid=2483880) log_opt_values /opt/stack/data/venv/lib/python3.12/site-packages/oslo_config/cfg.py:3549}}[00m
2026-10-06 17:07:41.831 2483880 DEBUG oslo_service.backend._eventlet.service [req-82f57e38-3e06-41e8-a039-5dc27c9d95c9 - - - - - -] volume_backend_name            = None [00;33m{{(pid=2483880) log_opt_values /opt/stack/data/venv/lib/python3.12/site-packages/oslo_config/cfg.py:3549}}[00m
2026-10-06 17:07:41.831 2483880 DEBUG oslo_service.backend._eventlet.service [req-82f57e38-3e06-41e8-a039-5dc27c9d95c9 - - - - - -] volume_clear                   = zero [00;33m{{(pid=2483880) log_opt_values /opt/stack/data/venv/lib/python3.12/site-packages/oslo_config/cfg.py:3549}}[00m
2026-10-06 17:07:41.831 2483880 DEBUG oslo_service.backend._eventlet.service [req-82f57e38-3e06-41e8-a039-5dc27c9d95c9 - - - - - -] volume_clear_ionice            = None [00;33m{{(pid=2483880) log_opt_values /opt/stack/data/venv/lib/python3.12/site-packages/oslo_config/cfg.py:3549}}[00m
2026-10-06 17:07:41.831 2483880 DEBUG oslo_service.backend._eventlet.service [req-82f57e38-3e06-41e8-a039-5dc27c9d95c9 - - - - - -] volume_clear_size              = 0 [00;33m{{(pid=2483880) log_opt_values /opt/stack/data/venv/lib/python3.12/site-packages/oslo_config/cfg.py:3549}}[00m
2026-10-06 17:07:41.831 2483880 DEBUG oslo_service.backend._eventlet.service [req-82f57e38-3e06-41e8-a039-5dc27c9d95c9 - - - - - -] volume_copy_blkio_cgroup_name  = cinder-volume-copy [00;33m{{(pid=2483880) log_opt_values /opt/stack/data/venv/lib/python3.12/site-packages/oslo_config/cfg.py:3549}}[00m
2026-10-06 17:07:41.832 2483880 DEBUG oslo_service.backend._eventlet.service [req-82f57e38-3e06-41e8-a039-5dc27c9d95c9 - - - - - -] volume_copy_bps_limit          = 0 [00;33m{{(pid=2483880) log_opt_values /opt/stack/data/venv/lib/python3.12/site-packages/oslo_config/cfg.py:3549}}[00m
2026-10-06 17:07:41.832 2483880 DEBUG oslo_service.backend._eventlet.service [req-82f57e38-3e06-41e8-a039-5dc27c9d95c9 - - - - - -] volume_dd_blocksize            = 1M [00;33m{{(pid=2483880) log_opt_values /opt/stack/data/venv/lib/python3.12/site-packages/oslo_config/cfg.py:3549}}[00m
2026-10-06 17:07:41.832 2483880 DEBUG oslo_service.backend._eventlet.service [req-82f57e38-3e06-41e8-a039-5dc27c9d95c9 - - - - - -] volume_manager                 = cinder.volume.manager.VolumeManager [00;33m{{(pid=2483880) log_opt_values /opt/stack/data/venv/lib/python3.12/site-packages/oslo_config/cfg.py:3549}}[00m
2026-10-06 17:07:41.832 2483880 DEBUG oslo_service.backend._eventlet.service [req-82f57e38-3e06-41e8-a039-5dc27c9d95c9 - - - - - -] volume_name_template           = volume-%s [00;33m{{(pid=2483880) log_opt_values /opt/stack/data/venv/lib/python3.12/site-packages/oslo_config/cfg.py:3549}}[00m
2026-10-06 17:07:41.832 2483880 DEBUG oslo_service.backend._eventlet.service [req-82f57e38-3e06-41e8-a039-5dc27c9d95c9 - - - - - -] volume_service_inithost_offload = False [00;33m{{(pid=2483880) log_opt_values /opt/stack/data/venv/lib/python3.12/site-packages/oslo_config/cfg.py:3549}}[00m
2026-10-06 17:07:41.832 2483880 DEBUG oslo_service.backend._eventlet.service [req-82f57e38-3e06-41e8-a039-5dc27c9d95c9 - - - - - -] volume_usage_audit_period      = month [00;33m{{(pid=2483880) log_opt_values /opt/stack/data/venv/lib/python3.12/site-packages/oslo_config/cfg.py:3549}}[00m
2026-10-06 17:07:41.832 2483880 DEBUG oslo_service.backend._eventlet.service [req-82f57e38-3e06-41e8-a039-5dc27c9d95c9 - - - - - -] volumes_dir                    = /opt/stack/data/cinder/volumes [00;33m{{(pid=2483880) log_opt_values /opt/stack/data/venv/lib/python3.12/site-packages/oslo_config/cfg.py:3549}}[00m
2026-10-06 17:07:41.832 2483880 DEBUG oslo_service.backend._eventlet.service [req-82f57e38-3e06-41e8-a039-5dc27c9d95c9 - - - - - -] zoning_mode                    = None [00;33m{{(pid=2483880) log_opt_values /opt/stack/data/venv/lib/python3.12/site-packages/oslo_config/cfg.py:3549}}[00m
2026-10-06 17:07:41.832 2483880 DEBUG oslo_service.backend._eventlet.service [req-82f57e38-3e06-41e8-a039-5dc27c9d95c9 - - - - - -] oslo_concurrency.disable_process_locking = False [00;33m{{(pid=2483880) log_opt_values /opt/stack/data/venv/lib/python3.12/site-packages/oslo_config/cfg.py:3560}}[00m
2026-10-06 17:07:41.832 2483880 DEBUG oslo_service.backend._eventlet.service [req-82f57e38-3e06-41e8-a039-5dc27c9d95c9 - - - - - -] oslo_concurrency.lock_path     = /opt/stack/data/cinder [00;33m{{(pid=2483880) log_opt_values /opt/stack/data/venv/lib/python3.12/site-packages/oslo_config/cfg.py:3560}}[00m
2026-10-06 17:07:41.833 2483880 DEBUG oslo_service.backend._eventlet.service [req-82f57e38-3e06-41e8-a039-5dc27c9d95c9 - - - - - -] os_brick.lightos_discovery_client_address = localhost [00;33m{{(pid=2483880) log_opt_values /opt/stack/data/venv/lib/python3.12/site-packages/oslo_config/cfg.py:3560}}[00m
2026-10-06 17:07:41.833 2483880 DEBUG oslo_service.backend._eventlet.service [req-82f57e38-3e06-41e8-a039-5dc27c9d95c9 - - - - - -] os_brick.lightos_discovery_client_dir_path = /etc/discovery-client/discovery.d/ [00;33m{{(pid=2483880) log_opt_values /opt/stack/data/venv/lib/python3.12/site-packages/oslo_config/cfg.py:3560}}[00m
2026-10-06 17:07:41.833 2483880 DEBUG oslo_service.backend._eventlet.service [req-82f57e38-3e06-41e8-a039-5dc27c9d95c9 - - - - - -] os_brick.lightos_discovery_client_port = 6060 [00;33m{{(pid=2483880) log_opt_values /opt/stack/data/venv/lib/python3.12/site-packages/oslo_config/cfg.py:3560}}[00m
2026-10-06 17:07:41.833 2483880 DEBUG oslo_service.backend._eventlet.service [req-82f57e38-3e06-41e8-a039-5dc27c9d95c9 - - - - - -] os_brick.lock_path             = /opt/stack/data/os_brick [00;33m{{(pid=2483880) log_opt_values /opt/stack/data/venv/lib/python3.12/site-packages/oslo_config/cfg.py:3560}}[00m
2026-10-06 17:07:41.833 2483880 DEBUG oslo_service.backend._eventlet.service [req-82f57e38-3e06-41e8-a039-5dc27c9d95c9 - - - - - -] os_brick.wait_mpath_device_attempts = 4 [00;33m{{(pid=2483880) log_opt_values /opt/stack/data/venv/lib/python3.12/site-packages/oslo_config/cfg.py:3560}}[00m
2026-10-06 17:07:41.833 2483880 DEBUG oslo_service.backend._eventlet.service [req-82f57e38-3e06-41e8-a039-5dc27c9d95c9 - - - - - -] os_brick.wait_mpath_device_interval = 1 [00;33m{{(pid=2483880) log_opt_values /opt/stack/data/venv/lib/python3.12/site-packages/oslo_config/cfg.py:3560}}[00m
2026-10-06 17:07:41.833 2483880 DEBUG oslo_service.backend._eventlet.service [req-82f57e38-3e06-41e8-a039-5dc27c9d95c9 - - - - - -] oslo_middleware.http_basic_auth_user_file = /etc/htpasswd [00;33m{{(pid=2483880) log_opt_values /opt/stack/data/venv/lib/python3.12/site-packages/oslo_config/cfg.py:3560}}[00m
2026-10-06 17:07:41.833 2483880 DEBUG oslo_service.backend._eventlet.service [req-82f57e38-3e06-41e8-a039-5dc27c9d95c9 - - - - - -] oslo_versionedobjects.fatal_exception_format_errors = False [00;33m{{(pid=2483880) log_opt_values /opt/stack/data/venv/lib/python3.12/site-packages/oslo_config/cfg.py:3560}}[00m
2026-10-06 17:07:41.833 2483880 DEBUG oslo_service.backend._eventlet.service [req-82f57e38-3e06-41e8-a039-5dc27c9d95c9 - - - - - -] keystone_authtoken.auth_section = None [00;33m{{(pid=2483880) log_opt_values /opt/stack/data/venv/lib/python3.12/site-packages/oslo_config/cfg.py:3560}}[00m
2026-10-06 17:07:41.833 2483880 DEBUG oslo_service.backend._eventlet.service [req-82f57e38-3e06-41e8-a039-5dc27c9d95c9 - - - - - -] keystone_authtoken.auth_type   = password [00;33m{{(pid=2483880) log_opt_values /opt/stack/data/venv/lib/python3.12/site-packages/oslo_config/cfg.py:3560}}[00m
2026-10-06 17:07:41.834 2483880 DEBUG oslo_service.backend._eventlet.service [req-82f57e38-3e06-41e8-a039-5dc27c9d95c9 - - - - - -] keystone_authtoken.auth_version = None [00;33m{{(pid=2483880) log_opt_values /opt/stack/data/venv/lib/python3.12/site-packages/oslo_config/cfg.py:3560}}[00m
2026-10-06 17:07:41.834 2483880 DEBUG oslo_service.backend._eventlet.service [req-82f57e38-3e06-41e8-a039-5dc27c9d95c9 - - - - - -] keystone_authtoken.cache       = None [00;33m{{(pid=2483880) log_opt_values /opt/stack/data/venv/lib/python3.12/site-packages/oslo_config/cfg.py:3560}}[00m
2026-10-06 17:07:41.834 2483880 DEBUG oslo_service.backend._eventlet.service [req-82f57e38-3e06-41e8-a039-5dc27c9d95c9 - - - - - -] keystone_authtoken.cafile      = /opt/stack/data/ca-bundle.pem [00;33m{{(pid=2483880) log_opt_values /opt/stack/data/venv/lib/python3.12/site-packages/oslo_config/cfg.py:3560}}[00m
2026-10-06 17:07:41.834 2483880 DEBUG oslo_service.backend._eventlet.service [req-82f57e38-3e06-41e8-a039-5dc27c9d95c9 - - - - - -] keystone_authtoken.certfile    = None [00;33m{{(pid=2483880) log_opt_values /opt/stack/data/venv/lib/python3.12/site-packages/oslo_config/cfg.py:3560}}[00m
2026-10-06 17:07:41.834 2483880 DEBUG oslo_service.backend._eventlet.service [req-82f57e38-3e06-41e8-a039-5dc27c9d95c9 - - - - - -] keystone_authtoken.delay_auth_decision = False [00;33m{{(pid=2483880) log_opt_values /opt/stack/data/venv/lib/python3.12/site-packages/oslo_config/cfg.py:3560}}[00m
2026-10-06 17:07:41.834 2483880 DEBUG oslo_service.backend._eventlet.service [req-82f57e38-3e06-41e8-a039-5dc27c9d95c9 - - - - - -] keystone_authtoken.enforce_token_bind = permissive [00;33m{{(pid=2483880) log_opt_values /opt/stack/data/venv/lib/python3.12/site-packages/oslo_config/cfg.py:3560}}[00m
2026-10-06 17:07:41.834 2483880 DEBUG oslo_service.backend._eventlet.service [req-82f57e38-3e06-41e8-a039-5dc27c9d95c9 - - - - - -] keystone_authtoken.http_connect_timeout = None [00;33m{{(pid=2483880) log_opt_values /opt/stack/data/venv/lib/python3.12/site-packages/oslo_config/cfg.py:3560}}[00m
2026-10-06 17:07:41.834 2483880 DEBUG oslo_service.backend._eventlet.service [req-82f57e38-3e06-41e8-a039-5dc27c9d95c9 - - - - - -] keystone_authtoken.http_request_max_retries = 3 [00;33m{{(pid=2483880) log_opt_values /opt/stack/data/venv/lib/python3.12/site-packages/oslo_config/cfg.py:3560}}[00m
2026-10-06 17:07:41.834 2483880 DEBUG oslo_service.backend._eventlet.service [req-82f57e38-3e06-41e8-a039-5dc27c9d95c9 - - - - - -] keystone_authtoken.include_service_catalog = True [00;33m{{(pid=2483880) log_opt_values /opt/stack/data/venv/lib/python3.12/site-packages/oslo_config/cfg.py:3560}}[00m
2026-10-06 17:07:41.834 2483880 DEBUG oslo_service.backend._eventlet.service [req-82f57e38-3e06-41e8-a039-5dc27c9d95c9 - - - - - -] keystone_authtoken.insecure    = False [00;33m{{(pid=2483880) log_opt_values /opt/stack/data/venv/lib/python3.12/site-packages/oslo_config/cfg.py:3560}}[00m
2026-10-06 17:07:41.834 2483880 DEBUG oslo_service.backend._eventlet.service [req-82f57e38-3e06-41e8-a039-5dc27c9d95c9 - - - - - -] keystone_authtoken.interface   = public [00;33m{{(pid=2483880) log_opt_values /opt/stack/data/venv/lib/python3.12/site-packages/oslo_config/cfg.py:3560}}[00m
2026-10-06 17:07:41.834 2483880 DEBUG oslo_service.backend._eventlet.service [req-82f57e38-3e06-41e8-a039-5dc27c9d95c9 - - - - - -] keystone_authtoken.keyfile     = None [00;33m{{(pid=2483880) log_opt_values /opt/stack/data/venv/lib/python3.12/site-packages/oslo_config/cfg.py:3560}}[00m
2026-10-06 17:07:41.835 2483880 DEBUG oslo_service.backend._eventlet.service [req-82f57e38-3e06-41e8-a039-5dc27c9d95c9 - - - - - -] keystone_authtoken.memcache_password = **** [00;33m{{(pid=2483880) log_opt_values /opt/stack/data/venv/lib/python3.12/site-packages/oslo_config/cfg.py:3560}}[00m
2026-10-06 17:07:41.835 2483880 DEBUG oslo_service.backend._eventlet.service [req-82f57e38-3e06-41e8-a039-5dc27c9d95c9 - - - - - -] keystone_authtoken.memcache_pool_conn_get_timeout = 10 [00;33m{{(pid=2483880) log_opt_values /opt/stack/data/venv/lib/python3.12/site-packages/oslo_config/cfg.py:3560}}[00m
2026-10-06 17:07:41.835 2483880 DEBUG oslo_service.backend._eventlet.service [req-82f57e38-3e06-41e8-a039-5dc27c9d95c9 - - - - - -] keystone_authtoken.memcache_pool_dead_retry = 300 [00;33m{{(pid=2483880) log_opt_values /opt/stack/data/venv/lib/python3.12/site-packages/oslo_config/cfg.py:3560}}[00m
2026-10-06 17:07:41.835 2483880 DEBUG oslo_service.backend._eventlet.service [req-82f57e38-3e06-41e8-a039-5dc27c9d95c9 - - - - - -] keystone_authtoken.memcache_pool_maxsize = 10 [00;33m{{(pid=2483880) log_opt_values /opt/stack/data/venv/lib/python3.12/site-packages/oslo_config/cfg.py:3560}}[00m
2026-10-06 17:07:41.835 2483880 DEBUG oslo_service.backend._eventlet.service [req-82f57e38-3e06-41e8-a039-5dc27c9d95c9 - - - - - -] keystone_authtoken.memcache_pool_socket_timeout = 3 [00;33m{{(pid=2483880) log_opt_values /opt/stack/data/venv/lib/python3.12/site-packages/oslo_config/cfg.py:3560}}[00m
2026-10-06 17:07:41.835 2483880 DEBUG oslo_service.backend._eventlet.service [req-82f57e38-3e06-41e8-a039-5dc27c9d95c9 - - - - - -] keystone_authtoken.memcache_pool_unused_timeout = 60 [00;33m{{(pid=2483880) log_opt_values /opt/stack/data/venv/lib/python3.12/site-packages/oslo_config/cfg.py:3560}}[00m
2026-10-06 17:07:41.835 2483880 DEBUG oslo_service.backend._eventlet.service [req-82f57e38-3e06-41e8-a039-5dc27c9d95c9 - - - - - -] keystone_authtoken.memcache_sasl_enabled = False [00;33m{{(pid=2483880) log_opt_values /opt/stack/data/venv/lib/python3.12/site-packages/oslo_config/cfg.py:3560}}[00m
2026-10-06 17:07:41.835 2483880 DEBUG oslo_service.backend._eventlet.service [req-82f57e38-3e06-41e8-a039-5dc27c9d95c9 - - - - - -] keystone_authtoken.memcache_secret_key = **** [00;33m{{(pid=2483880) log_opt_values /opt/stack/data/venv/lib/python3.12/site-packages/oslo_config/cfg.py:3560}}[00m
2026-10-06 17:07:41.835 2483880 DEBUG oslo_service.backend._eventlet.service [req-82f57e38-3e06-41e8-a039-5dc27c9d95c9 - - - - - -] keystone_authtoken.memcache_security_strategy = None [00;33m{{(pid=2483880) log_opt_values /opt/stack/data/venv/lib/python3.12/site-packages/oslo_config/cfg.py:3560}}[00m
2026-10-06 17:07:41.835 2483880 DEBUG oslo_service.backend._eventlet.service [req-82f57e38-3e06-41e8-a039-5dc27c9d95c9 - - - - - -] keystone_authtoken.memcache_tls_allowed_ciphers = None [00;33m{{(pid=2483880) log_opt_values /opt/stack/data/venv/lib/python3.12/site-packages/oslo_config/cfg.py:3560}}[00m
2026-10-06 17:07:41.835 2483880 DEBUG oslo_service.backend._eventlet.service [req-82f57e38-3e06-41e8-a039-5dc27c9d95c9 - - - - - -] keystone_authtoken.memcache_tls_cafile = None [00;33m{{(pid=2483880) log_opt_values /opt/stack/data/venv/lib/python3.12/site-packages/oslo_config/cfg.py:3560}}[00m
2026-10-06 17:07:41.835 2483880 DEBUG oslo_service.backend._eventlet.service [req-82f57e38-3e06-41e8-a039-5dc27c9d95c9 - - - - - -] keystone_authtoken.memcache_tls_certfile = None [00;33m{{(pid=2483880) log_opt_values /opt/stack/data/venv/lib/python3.12/site-packages/oslo_config/cfg.py:3560}}[00m
2026-10-06 17:07:41.836 2483880 DEBUG oslo_service.backend._eventlet.service [req-82f57e38-3e06-41e8-a039-5dc27c9d95c9 - - - - - -] keystone_authtoken.memcache_tls_enabled = False [00;33m{{(pid=2483880) log_opt_values /opt/stack/data/venv/lib/python3.12/site-packages/oslo_config/cfg.py:3560}}[00m
2026-10-06 17:07:41.836 2483880 DEBUG oslo_service.backend._eventlet.service [req-82f57e38-3e06-41e8-a039-5dc27c9d95c9 - - - - - -] keystone_authtoken.memcache_tls_keyfile = None [00;33m{{(pid=2483880) log_opt_values /opt/stack/data/venv/lib/python3.12/site-packages/oslo_config/cfg.py:3560}}[00m
2026-10-06 17:07:41.836 2483880 DEBUG oslo_service.backend._eventlet.service [req-82f57e38-3e06-41e8-a039-5dc27c9d95c9 - - - - - -] keystone_authtoken.memcache_use_advanced_pool = True [00;33m{{(pid=2483880) log_opt_values /opt/stack/data/venv/lib/python3.12/site-packages/oslo_config/cfg.py:3560}}[00m
2026-10-06 17:07:41.836 2483880 DEBUG oslo_service.backend._eventlet.service [req-82f57e38-3e06-41e8-a039-5dc27c9d95c9 - - - - - -] keystone_authtoken.memcache_username = None [00;33m{{(pid=2483880) log_opt_values /opt/stack/data/venv/lib/python3.12/site-packages/oslo_config/cfg.py:3560}}[00m
2026-10-06 17:07:41.836 2483880 DEBUG oslo_service.backend._eventlet.service [req-82f57e38-3e06-41e8-a039-5dc27c9d95c9 - - - - - -] keystone_authtoken.memcached_servers = ['localhost:11211'] [00;33m{{(pid=2483880) log_opt_values /opt/stack/data/venv/lib/python3.12/site-packages/oslo_config/cfg.py:3560}}[00m
2026-10-06 17:07:41.836 2483880 DEBUG oslo_service.backend._eventlet.service [req-82f57e38-3e06-41e8-a039-5dc27c9d95c9 - - - - - -] keystone_authtoken.region_name = None [00;33m{{(pid=2483880) log_opt_values /opt/stack/data/venv/lib/python3.12/site-packages/oslo_config/cfg.py:3560}}[00m
2026-10-06 17:07:41.836 2483880 DEBUG oslo_service.backend._eventlet.service [req-82f57e38-3e06-41e8-a039-5dc27c9d95c9 - - - - - -] keystone_authtoken.service_token_roles = ['service'] [00;33m{{(pid=2483880) log_opt_values /opt/stack/data/venv/lib/python3.12/site-packages/oslo_config/cfg.py:3560}}[00m
2026-10-06 17:07:41.836 2483880 DEBUG oslo_service.backend._eventlet.service [req-82f57e38-3e06-41e8-a039-5dc27c9d95c9 - - - - - -] keystone_authtoken.service_token_roles_required = True [00;33m{{(pid=2483880) log_opt_values /opt/stack/data/venv/lib/python3.12/site-packages/oslo_config/cfg.py:3560}}[00m
2026-10-06 17:07:41.836 2483880 DEBUG oslo_service.backend._eventlet.service [req-82f57e38-3e06-41e8-a039-5dc27c9d95c9 - - - - - -] keystone_authtoken.service_type = None [00;33m{{(pid=2483880) log_opt_values /opt/stack/data/venv/lib/python3.12/site-packages/oslo_config/cfg.py:3560}}[00m
2026-10-06 17:07:41.836 2483880 DEBUG oslo_service.backend._eventlet.service [req-82f57e38-3e06-41e8-a039-5dc27c9d95c9 - - - - - -] keystone_authtoken.token_cache_time = 300 [00;33m{{(pid=2483880) log_opt_values /opt/stack/data/venv/lib/python3.12/site-packages/oslo_config/cfg.py:3560}}[00m
2026-10-06 17:07:41.836 2483880 DEBUG oslo_service.backend._eventlet.service [req-82f57e38-3e06-41e8-a039-5dc27c9d95c9 - - - - - -] keystone_authtoken.www_authenticate_uri = http://172.25.92.210/identity [00;33m{{(pid=2483880) log_opt_values /opt/stack/data/venv/lib/python3.12/site-packages/oslo_config/cfg.py:3560}}[00m
2026-10-06 17:07:41.837 2483880 DEBUG oslo_service.backend._eventlet.service [req-82f57e38-3e06-41e8-a039-5dc27c9d95c9 - - - - - -] cache.backend                  = dogpile.cache.null [00;33m{{(pid=2483880) log_opt_values /opt/stack/data/venv/lib/python3.12/site-packages/oslo_config/cfg.py:3560}}[00m
2026-10-06 17:07:41.837 2483880 DEBUG oslo_service.backend._eventlet.service [req-82f57e38-3e06-41e8-a039-5dc27c9d95c9 - - - - - -] cache.backend_argument         = **** [00;33m{{(pid=2483880) log_opt_values /opt/stack/data/venv/lib/python3.12/site-packages/oslo_config/cfg.py:3560}}[00m
2026-10-06 17:07:41.837 2483880 DEBUG oslo_service.backend._eventlet.service [req-82f57e38-3e06-41e8-a039-5dc27c9d95c9 - - - - - -] cache.backend_expiration_time  = None [00;33m{{(pid=2483880) log_opt_values /opt/stack/data/venv/lib/python3.12/site-packages/oslo_config/cfg.py:3560}}[00m
2026-10-06 17:07:41.837 2483880 DEBUG oslo_service.backend._eventlet.service [req-82f57e38-3e06-41e8-a039-5dc27c9d95c9 - - - - - -] cache.config_prefix            = cache.oslo [00;33m{{(pid=2483880) log_opt_values /opt/stack/data/venv/lib/python3.12/site-packages/oslo_config/cfg.py:3560}}[00m
2026-10-06 17:07:41.837 2483880 DEBUG oslo_service.backend._eventlet.service [req-82f57e38-3e06-41e8-a039-5dc27c9d95c9 - - - - - -] cache.debug_cache_backend      = False [00;33m{{(pid=2483880) log_opt_values /opt/stack/data/venv/lib/python3.12/site-packages/oslo_config/cfg.py:3560}}[00m
2026-10-06 17:07:41.837 2483880 DEBUG oslo_service.backend._eventlet.service [req-82f57e38-3e06-41e8-a039-5dc27c9d95c9 - - - - - -] cache.enable_retry_client      = False [00;33m{{(pid=2483880) log_opt_values /opt/stack/data/venv/lib/python3.12/site-packages/oslo_config/cfg.py:3560}}[00m
2026-10-06 17:07:41.837 2483880 DEBUG oslo_service.backend._eventlet.service [req-82f57e38-3e06-41e8-a039-5dc27c9d95c9 - - - - - -] cache.enable_socket_keepalive  = False [00;33m{{(pid=2483880) log_opt_values /opt/stack/data/venv/lib/python3.12/site-packages/oslo_config/cfg.py:3560}}[00m
2026-10-06 17:07:41.837 2483880 DEBUG oslo_service.backend._eventlet.service [req-82f57e38-3e06-41e8-a039-5dc27c9d95c9 - - - - - -] cache.enabled                  = False [00;33m{{(pid=2483880) log_opt_values /opt/stack/data/venv/lib/python3.12/site-packages/oslo_config/cfg.py:3560}}[00m
2026-10-06 17:07:41.837 2483880 DEBUG oslo_service.backend._eventlet.service [req-82f57e38-3e06-41e8-a039-5dc27c9d95c9 - - - - - -] cache.expiration_time          = 600 [00;33m{{(pid=2483880) log_opt_values /opt/stack/data/venv/lib/python3.12/site-packages/oslo_config/cfg.py:3560}}[00m
2026-10-06 17:07:41.837 2483880 DEBUG oslo_service.backend._eventlet.service [req-82f57e38-3e06-41e8-a039-5dc27c9d95c9 - - - - - -] cache.hashclient_dead_timeout  = 60.0 [00;33m{{(pid=2483880) log_opt_values /opt/stack/data/venv/lib/python3.12/site-packages/oslo_config/cfg.py:3560}}[00m
2026-10-06 17:07:41.838 2483880 DEBUG oslo_service.backend._eventlet.service [req-82f57e38-3e06-41e8-a039-5dc27c9d95c9 - - - - - -] cache.hashclient_retry_attempts = 2 [00;33m{{(pid=2483880) log_opt_values /opt/stack/data/venv/lib/python3.12/site-packages/oslo_config/cfg.py:3560}}[00m
2026-10-06 17:07:41.838 2483880 DEBUG oslo_service.backend._eventlet.service [req-82f57e38-3e06-41e8-a039-5dc27c9d95c9 - - - - - -] cache.hashclient_retry_timeout = 1.0 [00;33m{{(pid=2483880) log_opt_values /opt/stack/data/venv/lib/python3.12/site-packages/oslo_config/cfg.py:3560}}[00m
2026-10-06 17:07:41.838 2483880 DEBUG oslo_service.backend._eventlet.service [req-82f57e38-3e06-41e8-a039-5dc27c9d95c9 - - - - - -] cache.memcache_dead_retry      = 300 [00;33m{{(pid=2483880) log_opt_values /opt/stack/data/venv/lib/python3.12/site-packages/oslo_config/cfg.py:3560}}[00m
2026-10-06 17:07:41.838 2483880 DEBUG oslo_service.backend._eventlet.service [req-82f57e38-3e06-41e8-a039-5dc27c9d95c9 - - - - - -] cache.memcache_pool_connection_get_timeout = 10 [00;33m{{(pid=2483880) log_opt_values /opt/stack/data/venv/lib/python3.12/site-packages/oslo_config/cfg.py:3560}}[00m
2026-10-06 17:07:41.838 2483880 DEBUG oslo_service.backend._eventlet.service [req-82f57e38-3e06-41e8-a039-5dc27c9d95c9 - - - - - -] cache.memcache_pool_flush_on_reconnect = False [00;33m{{(pid=2483880) log_opt_values /opt/stack/data/venv/lib/python3.12/site-packages/oslo_config/cfg.py:3560}}[00m
2026-10-06 17:07:41.838 2483880 DEBUG oslo_service.backend._eventlet.service [req-82f57e38-3e06-41e8-a039-5dc27c9d95c9 - - - - - -] cache.memcache_pool_maxsize    = 10 [00;33m{{(pid=2483880) log_opt_values /opt/stack/data/venv/lib/python3.12/site-packages/oslo_config/cfg.py:3560}}[00m
2026-10-06 17:07:41.838 2483880 DEBUG oslo_service.backend._eventlet.service [req-82f57e38-3e06-41e8-a039-5dc27c9d95c9 - - - - - -] cache.memcache_pool_unused_timeout = 60 [00;33m{{(pid=2483880) log_opt_values /opt/stack/data/venv/lib/python3.12/site-packages/oslo_config/cfg.py:3560}}[00m
2026-10-06 17:07:41.838 2483880 DEBUG oslo_service.backend._eventlet.service [req-82f57e38-3e06-41e8-a039-5dc27c9d95c9 - - - - - -] cache.memcache_sasl_enabled    = False [00;33m{{(pid=2483880) log_opt_values /opt/stack/data/venv/lib/python3.12/site-packages/oslo_config/cfg.py:3560}}[00m
2026-10-06 17:07:41.838 2483880 DEBUG oslo_service.backend._eventlet.service [req-82f57e38-3e06-41e8-a039-5dc27c9d95c9 - - - - - -] cache.memcache_servers         = ['localhost:11211'] [00;33m{{(pid=2483880) log_opt_values /opt/stack/data/venv/lib/python3.12/site-packages/oslo_config/cfg.py:3560}}[00m
2026-10-06 17:07:41.838 2483880 DEBUG oslo_service.backend._eventlet.service [req-82f57e38-3e06-41e8-a039-5dc27c9d95c9 - - - - - -] cache.password                 = **** [00;33m{{(pid=2483880) log_opt_values /opt/stack/data/venv/lib/python3.12/site-packages/oslo_config/cfg.py:3560}}[00m
2026-10-06 17:07:41.838 2483880 DEBUG oslo_service.backend._eventlet.service [req-82f57e38-3e06-41e8-a039-5dc27c9d95c9 - - - - - -] cache.proxies                  = [] [00;33m{{(pid=2483880) log_opt_values /opt/stack/data/venv/lib/python3.12/site-packages/oslo_config/cfg.py:3560}}[00m
2026-10-06 17:07:41.838 2483880 DEBUG oslo_service.backend._eventlet.service [req-82f57e38-3e06-41e8-a039-5dc27c9d95c9 - - - - - -] cache.redis_db                 = 0 [00;33m{{(pid=2483880) log_opt_values /opt/stack/data/venv/lib/python3.12/site-packages/oslo_config/cfg.py:3560}}[00m
2026-10-06 17:07:41.839 2483880 DEBUG oslo_service.backend._eventlet.service [req-82f57e38-3e06-41e8-a039-5dc27c9d95c9 - - - - - -] cache.redis_sentinel_service_name = mymaster [00;33m{{(pid=2483880) log_opt_values /opt/stack/data/venv/lib/python3.12/site-packages/oslo_config/cfg.py:3560}}[00m
2026-10-06 17:07:41.839 2483880 DEBUG oslo_service.backend._eventlet.service [req-82f57e38-3e06-41e8-a039-5dc27c9d95c9 - - - - - -] cache.redis_sentinels          = ['localhost:26379'] [00;33m{{(pid=2483880) log_opt_values /opt/stack/data/venv/lib/python3.12/site-packages/oslo_config/cfg.py:3560}}[00m
2026-10-06 17:07:41.839 2483880 DEBUG oslo_service.backend._eventlet.service [req-82f57e38-3e06-41e8-a039-5dc27c9d95c9 - - - - - -] cache.redis_server             = localhost:6379 [00;33m{{(pid=2483880) log_opt_values /opt/stack/data/venv/lib/python3.12/site-packages/oslo_config/cfg.py:3560}}[00m
2026-10-06 17:07:41.839 2483880 DEBUG oslo_service.backend._eventlet.service [req-82f57e38-3e06-41e8-a039-5dc27c9d95c9 - - - - - -] cache.retry_attempts           = 2 [00;33m{{(pid=2483880) log_opt_values /opt/stack/data/venv/lib/python3.12/site-packages/oslo_config/cfg.py:3560}}[00m
2026-10-06 17:07:41.839 2483880 DEBUG oslo_service.backend._eventlet.service [req-82f57e38-3e06-41e8-a039-5dc27c9d95c9 - - - - - -] cache.retry_delay              = 0.0 [00;33m{{(pid=2483880) log_opt_values /opt/stack/data/venv/lib/python3.12/site-packages/oslo_config/cfg.py:3560}}[00m
2026-10-06 17:07:41.839 2483880 DEBUG oslo_service.backend._eventlet.service [req-82f57e38-3e06-41e8-a039-5dc27c9d95c9 - - - - - -] cache.socket_keepalive_count   = 1 [00;33m{{(pid=2483880) log_opt_values /opt/stack/data/venv/lib/python3.12/site-packages/oslo_config/cfg.py:3560}}[00m
2026-10-06 17:07:41.839 2483880 DEBUG oslo_service.backend._eventlet.service [req-82f57e38-3e06-41e8-a039-5dc27c9d95c9 - - - - - -] cache.socket_keepalive_idle    = 1 [00;33m{{(pid=2483880) log_opt_values /opt/stack/data/venv/lib/python3.12/site-packages/oslo_config/cfg.py:3560}}[00m
2026-10-06 17:07:41.839 2483880 DEBUG oslo_service.backend._eventlet.service [req-82f57e38-3e06-41e8-a039-5dc27c9d95c9 - - - - - -] cache.socket_keepalive_interval = 1 [00;33m{{(pid=2483880) log_opt_values /opt/stack/data/venv/lib/python3.12/site-packages/oslo_config/cfg.py:3560}}[00m
2026-10-06 17:07:41.839 2483880 DEBUG oslo_service.backend._eventlet.service [req-82f57e38-3e06-41e8-a039-5dc27c9d95c9 - - - - - -] cache.socket_timeout           = 1.0 [00;33m{{(pid=2483880) log_opt_values /opt/stack/data/venv/lib/python3.12/site-packages/oslo_config/cfg.py:3560}}[00m
2026-10-06 17:07:41.839 2483880 DEBUG oslo_service.backend._eventlet.service [req-82f57e38-3e06-41e8-a039-5dc27c9d95c9 - - - - - -] cache.tls_allowed_ciphers      = None [00;33m{{(pid=2483880) log_opt_values /opt/stack/data/venv/lib/python3.12/site-packages/oslo_config/cfg.py:3560}}[00m
2026-10-06 17:07:41.839 2483880 DEBUG oslo_service.backend._eventlet.service [req-82f57e38-3e06-41e8-a039-5dc27c9d95c9 - - - - - -] cache.tls_cafile               = None [00;33m{{(pid=2483880) log_opt_values /opt/stack/data/venv/lib/python3.12/site-packages/oslo_config/cfg.py:3560}}[00m
2026-10-06 17:07:41.839 2483880 DEBUG oslo_service.backend._eventlet.service [req-82f57e38-3e06-41e8-a039-5dc27c9d95c9 - - - - - -] cache.tls_certfile             = None [00;33m{{(pid=2483880) log_opt_values /opt/stack/data/venv/lib/python3.12/site-packages/oslo_config/cfg.py:3560}}[00m
2026-10-06 17:07:41.840 2483880 DEBUG oslo_service.backend._eventlet.service [req-82f57e38-3e06-41e8-a039-5dc27c9d95c9 - - - - - -] cache.tls_enabled              = False [00;33m{{(pid=2483880) log_opt_values /opt/stack/data/venv/lib/python3.12/site-packages/oslo_config/cfg.py:3560}}[00m
2026-10-06 17:07:41.840 2483880 DEBUG oslo_service.backend._eventlet.service [req-82f57e38-3e06-41e8-a039-5dc27c9d95c9 - - - - - -] cache.tls_keyfile              = None [00;33m{{(pid=2483880) log_opt_values /opt/stack/data/venv/lib/python3.12/site-packages/oslo_config/cfg.py:3560}}[00m
2026-10-06 17:07:41.840 2483880 DEBUG oslo_service.backend._eventlet.service [req-82f57e38-3e06-41e8-a039-5dc27c9d95c9 - - - - - -] cache.username                 = None [00;33m{{(pid=2483880) log_opt_values /opt/stack/data/venv/lib/python3.12/site-packages/oslo_config/cfg.py:3560}}[00m
2026-10-06 17:07:41.840 2483880 DEBUG oslo_service.backend._eventlet.service [req-82f57e38-3e06-41e8-a039-5dc27c9d95c9 - - - - - -] coordination.backend_url       = **** [00;33m{{(pid=2483880) log_opt_values /opt/stack/data/venv/lib/python3.12/site-packages/oslo_config/cfg.py:3560}}[00m
2026-10-06 17:07:41.840 2483880 DEBUG oslo_service.backend._eventlet.service [req-82f57e38-3e06-41e8-a039-5dc27c9d95c9 - - - - - -] database.asyncio_connection    = **** [00;33m{{(pid=2483880) log_opt_values /opt/stack/data/venv/lib/python3.12/site-packages/oslo_config/cfg.py:3560}}[00m
2026-10-06 17:07:41.840 2483880 DEBUG oslo_service.backend._eventlet.service [req-82f57e38-3e06-41e8-a039-5dc27c9d95c9 - - - - - -] database.asyncio_slave_connection = **** [00;33m{{(pid=2483880) log_opt_values /opt/stack/data/venv/lib/python3.12/site-packages/oslo_config/cfg.py:3560}}[00m
2026-10-06 17:07:41.840 2483880 DEBUG oslo_service.backend._eventlet.service [req-82f57e38-3e06-41e8-a039-5dc27c9d95c9 - - - - - -] database.backend               = sqlalchemy [00;33m{{(pid=2483880) log_opt_values /opt/stack/data/venv/lib/python3.12/site-packages/oslo_config/cfg.py:3560}}[00m
2026-10-06 17:07:41.840 2483880 DEBUG oslo_service.backend._eventlet.service [req-82f57e38-3e06-41e8-a039-5dc27c9d95c9 - - - - - -] database.connection            = **** [00;33m{{(pid=2483880) log_opt_values /opt/stack/data/venv/lib/python3.12/site-packages/oslo_config/cfg.py:3560}}[00m
2026-10-06 17:07:41.840 2483880 DEBUG oslo_service.backend._eventlet.service [req-82f57e38-3e06-41e8-a039-5dc27c9d95c9 - - - - - -] database.connection_debug      = 0 [00;33m{{(pid=2483880) log_opt_values /opt/stack/data/venv/lib/python3.12/site-packages/oslo_config/cfg.py:3560}}[00m
2026-10-06 17:07:41.840 2483880 DEBUG oslo_service.backend._eventlet.service [req-82f57e38-3e06-41e8-a039-5dc27c9d95c9 - - - - - -] database.connection_parameters =  [00;33m{{(pid=2483880) log_opt_values /opt/stack/data/venv/lib/python3.12/site-packages/oslo_config/cfg.py:3560}}[00m
2026-10-06 17:07:41.840 2483880 DEBUG oslo_service.backend._eventlet.service [req-82f57e38-3e06-41e8-a039-5dc27c9d95c9 - - - - - -] database.connection_recycle_time = 3600 [00;33m{{(pid=2483880) log_opt_values /opt/stack/data/venv/lib/python3.12/site-packages/oslo_config/cfg.py:3560}}[00m
2026-10-06 17:07:41.840 2483880 DEBUG oslo_service.backend._eventlet.service [req-82f57e38-3e06-41e8-a039-5dc27c9d95c9 - - - - - -] database.connection_trace      = False [00;33m{{(pid=2483880) log_opt_values /opt/stack/data/venv/lib/python3.12/site-packages/oslo_config/cfg.py:3560}}[00m
2026-10-06 17:07:41.841 2483880 DEBUG oslo_service.backend._eventlet.service [req-82f57e38-3e06-41e8-a039-5dc27c9d95c9 - - - - - -] database.db_inc_retry_interval = True [00;33m{{(pid=2483880) log_opt_values /opt/stack/data/venv/lib/python3.12/site-packages/oslo_config/cfg.py:3560}}[00m
2026-10-06 17:07:41.841 2483880 DEBUG oslo_service.backend._eventlet.service [req-82f57e38-3e06-41e8-a039-5dc27c9d95c9 - - - - - -] database.db_max_retries        = 20 [00;33m{{(pid=2483880) log_opt_values /opt/stack/data/venv/lib/python3.12/site-packages/oslo_config/cfg.py:3560}}[00m
2026-10-06 17:07:41.841 2483880 DEBUG oslo_service.backend._eventlet.service [req-82f57e38-3e06-41e8-a039-5dc27c9d95c9 - - - - - -] database.db_max_retry_interval = 10 [00;33m{{(pid=2483880) log_opt_values /opt/stack/data/venv/lib/python3.12/site-packages/oslo_config/cfg.py:3560}}[00m
2026-10-06 17:07:41.841 2483880 DEBUG oslo_service.backend._eventlet.service [req-82f57e38-3e06-41e8-a039-5dc27c9d95c9 - - - - - -] database.db_retry_interval     = 1 [00;33m{{(pid=2483880) log_opt_values /opt/stack/data/venv/lib/python3.12/site-packages/oslo_config/cfg.py:3560}}[00m
2026-10-06 17:07:41.841 2483880 DEBUG oslo_service.backend._eventlet.service [req-82f57e38-3e06-41e8-a039-5dc27c9d95c9 - - - - - -] database.max_overflow          = 50 [00;33m{{(pid=2483880) log_opt_values /opt/stack/data/venv/lib/python3.12/site-packages/oslo_config/cfg.py:3560}}[00m
2026-10-06 17:07:41.841 2483880 DEBUG oslo_service.backend._eventlet.service [req-82f57e38-3e06-41e8-a039-5dc27c9d95c9 - - - - - -] database.max_pool_size         = 5 [00;33m{{(pid=2483880) log_opt_values /opt/stack/data/venv/lib/python3.12/site-packages/oslo_config/cfg.py:3560}}[00m
2026-10-06 17:07:41.841 2483880 DEBUG oslo_service.backend._eventlet.service [req-82f57e38-3e06-41e8-a039-5dc27c9d95c9 - - - - - -] database.max_retries           = 10 [00;33m{{(pid=2483880) log_opt_values /opt/stack/data/venv/lib/python3.12/site-packages/oslo_config/cfg.py:3560}}[00m
2026-10-06 17:07:41.841 2483880 DEBUG oslo_service.backend._eventlet.service [req-82f57e38-3e06-41e8-a039-5dc27c9d95c9 - - - - - -] database.mysql_sql_mode        = TRADITIONAL [00;33m{{(pid=2483880) log_opt_values /opt/stack/data/venv/lib/python3.12/site-packages/oslo_config/cfg.py:3560}}[00m
2026-10-06 17:07:41.841 2483880 DEBUG oslo_service.backend._eventlet.service [req-82f57e38-3e06-41e8-a039-5dc27c9d95c9 - - - - - -] database.mysql_wsrep_sync_wait = None [00;33m{{(pid=2483880) log_opt_values /opt/stack/data/venv/lib/python3.12/site-packages/oslo_config/cfg.py:3560}}[00m
2026-10-06 17:07:41.841 2483880 DEBUG oslo_service.backend._eventlet.service [req-82f57e38-3e06-41e8-a039-5dc27c9d95c9 - - - - - -] database.pool_timeout          = None [00;33m{{(pid=2483880) log_opt_values /opt/stack/data/venv/lib/python3.12/site-packages/oslo_config/cfg.py:3560}}[00m
2026-10-06 17:07:41.841 2483880 DEBUG oslo_service.backend._eventlet.service [req-82f57e38-3e06-41e8-a039-5dc27c9d95c9 - - - - - -] database.retry_interval        = 10 [00;33m{{(pid=2483880) log_opt_values /opt/stack/data/venv/lib/python3.12/site-packages/oslo_config/cfg.py:3560}}[00m
2026-10-06 17:07:41.841 2483880 DEBUG oslo_service.backend._eventlet.service [req-82f57e38-3e06-41e8-a039-5dc27c9d95c9 - - - - - -] database.slave_connection      = **** [00;33m{{(pid=2483880) log_opt_values /opt/stack/data/venv/lib/python3.12/site-packages/oslo_config/cfg.py:3560}}[00m
2026-10-06 17:07:41.842 2483880 DEBUG oslo_service.backend._eventlet.service [req-82f57e38-3e06-41e8-a039-5dc27c9d95c9 - - - - - -] database.sqlite_synchronous    = True [00;33m{{(pid=2483880) log_opt_values /opt/stack/data/venv/lib/python3.12/site-packages/oslo_config/cfg.py:3560}}[00m
2026-10-06 17:07:41.842 2483880 DEBUG oslo_service.backend._eventlet.service [req-82f57e38-3e06-41e8-a039-5dc27c9d95c9 - - - - - -] database.synchronous_reader    = True [00;33m{{(pid=2483880) log_opt_values /opt/stack/data/venv/lib/python3.12/site-packages/oslo_config/cfg.py:3560}}[00m
2026-10-06 17:07:41.842 2483880 DEBUG oslo_service.backend._eventlet.service [req-82f57e38-3e06-41e8-a039-5dc27c9d95c9 - - - - - -] database.use_db_reconnect      = False [00;33m{{(pid=2483880) log_opt_values /opt/stack/data/venv/lib/python3.12/site-packages/oslo_config/cfg.py:3560}}[00m
2026-10-06 17:07:41.842 2483880 DEBUG oslo_service.backend._eventlet.service [req-82f57e38-3e06-41e8-a039-5dc27c9d95c9 - - - - - -] oslo_messaging_metrics.metrics_buffer_size = 1000 [00;33m{{(pid=2483880) log_opt_values /opt/stack/data/venv/lib/python3.12/site-packages/oslo_config/cfg.py:3560}}[00m
2026-10-06 17:07:41.842 2483880 DEBUG oslo_service.backend._eventlet.service [req-82f57e38-3e06-41e8-a039-5dc27c9d95c9 - - - - - -] oslo_messaging_metrics.metrics_enabled = False [00;33m{{(pid=2483880) log_opt_values /opt/stack/data/venv/lib/python3.12/site-packages/oslo_config/cfg.py:3560}}[00m
2026-10-06 17:07:41.842 2483880 DEBUG oslo_service.backend._eventlet.service [req-82f57e38-3e06-41e8-a039-5dc27c9d95c9 - - - - - -] oslo_messaging_metrics.metrics_process_name =  [00;33m{{(pid=2483880) log_opt_values /opt/stack/data/venv/lib/python3.12/site-packages/oslo_config/cfg.py:3560}}[00m
2026-10-06 17:07:41.842 2483880 DEBUG oslo_service.backend._eventlet.service [req-82f57e38-3e06-41e8-a039-5dc27c9d95c9 - - - - - -] oslo_messaging_metrics.metrics_socket_file = /var/tmp/metrics_collector.sock [00;33m{{(pid=2483880) log_opt_values /opt/stack/data/venv/lib/python3.12/site-packages/oslo_config/cfg.py:3560}}[00m
2026-10-06 17:07:41.842 2483880 DEBUG oslo_service.backend._eventlet.service [req-82f57e38-3e06-41e8-a039-5dc27c9d95c9 - - - - - -] oslo_messaging_metrics.metrics_thread_stop_timeout = 10 [00;33m{{(pid=2483880) log_opt_values /opt/stack/data/venv/lib/python3.12/site-packages/oslo_config/cfg.py:3560}}[00m
2026-10-06 17:07:41.842 2483880 DEBUG oslo_service.backend._eventlet.service [req-82f57e38-3e06-41e8-a039-5dc27c9d95c9 - - - - - -] oslo_messaging_tracing.insecure = False [00;33m{{(pid=2483880) log_opt_values /opt/stack/data/venv/lib/python3.12/site-packages/oslo_config/cfg.py:3560}}[00m
2026-10-06 17:07:41.842 2483880 DEBUG oslo_service.backend._eventlet.service [req-82f57e38-3e06-41e8-a039-5dc27c9d95c9 - - - - - -] oslo_messaging_tracing.otel_exporter_otlp_endpoint = http://localhost:4318 [00;33m{{(pid=2483880) log_opt_values /opt/stack/data/venv/lib/python3.12/site-packages/oslo_config/cfg.py:3560}}[00m
2026-10-06 17:07:41.842 2483880 DEBUG oslo_service.backend._eventlet.service [req-82f57e38-3e06-41e8-a039-5dc27c9d95c9 - - - - - -] oslo_messaging_tracing.otlp_protocol = http/protobuf [00;33m{{(pid=2483880) log_opt_values /opt/stack/data/venv/lib/python3.12/site-packages/oslo_config/cfg.py:3560}}[00m
2026-10-06 17:07:41.842 2483880 DEBUG oslo_service.backend._eventlet.service [req-82f57e38-3e06-41e8-a039-5dc27c9d95c9 - - - - - -] oslo_messaging_tracing.tracing_enabled = False [00;33m{{(pid=2483880) log_opt_values /opt/stack/data/venv/lib/python3.12/site-packages/oslo_config/cfg.py:3560}}[00m
2026-10-06 17:07:41.843 2483880 DEBUG oslo_service.backend._eventlet.service [req-82f57e38-3e06-41e8-a039-5dc27c9d95c9 - - - - - -] oslo_messaging_tracing.tracing_service_name = openstack [00;33m{{(pid=2483880) log_opt_values /opt/stack/data/venv/lib/python3.12/site-packages/oslo_config/cfg.py:3560}}[00m
2026-10-06 17:07:41.843 2483880 DEBUG oslo_service.backend._eventlet.service [req-82f57e38-3e06-41e8-a039-5dc27c9d95c9 - - - - - -] profiler.connection_string     = messaging:// [00;33m{{(pid=2483880) log_opt_values /opt/stack/data/venv/lib/python3.12/site-packages/oslo_config/cfg.py:3560}}[00m
2026-10-06 17:07:41.843 2483880 DEBUG oslo_service.backend._eventlet.service [req-82f57e38-3e06-41e8-a039-5dc27c9d95c9 - - - - - -] profiler.enabled               = False [00;33m{{(pid=2483880) log_opt_values /opt/stack/data/venv/lib/python3.12/site-packages/oslo_config/cfg.py:3560}}[00m
2026-10-06 17:07:41.843 2483880 DEBUG oslo_service.backend._eventlet.service [req-82f57e38-3e06-41e8-a039-5dc27c9d95c9 - - - - - -] profiler.es_doc_type           = notification [00;33m{{(pid=2483880) log_opt_values /opt/stack/data/venv/lib/python3.12/site-packages/oslo_config/cfg.py:3560}}[00m
2026-10-06 17:07:41.843 2483880 DEBUG oslo_service.backend._eventlet.service [req-82f57e38-3e06-41e8-a039-5dc27c9d95c9 - - - - - -] profiler.es_scroll_size        = 10000 [00;33m{{(pid=2483880) log_opt_values /opt/stack/data/venv/lib/python3.12/site-packages/oslo_config/cfg.py:3560}}[00m
2026-10-06 17:07:41.843 2483880 DEBUG oslo_service.backend._eventlet.service [req-82f57e38-3e06-41e8-a039-5dc27c9d95c9 - - - - - -] profiler.es_scroll_time        = 2m [00;33m{{(pid=2483880) log_opt_values /opt/stack/data/venv/lib/python3.12/site-packages/oslo_config/cfg.py:3560}}[00m
2026-10-06 17:07:41.843 2483880 DEBUG oslo_service.backend._eventlet.service [req-82f57e38-3e06-41e8-a039-5dc27c9d95c9 - - - - - -] profiler.filter_error_trace    = False [00;33m{{(pid=2483880) log_opt_values /opt/stack/data/venv/lib/python3.12/site-packages/oslo_config/cfg.py:3560}}[00m
2026-10-06 17:07:41.843 2483880 DEBUG oslo_service.backend._eventlet.service [req-82f57e38-3e06-41e8-a039-5dc27c9d95c9 - - - - - -] profiler.hmac_keys             = **** [00;33m{{(pid=2483880) log_opt_values /opt/stack/data/venv/lib/python3.12/site-packages/oslo_config/cfg.py:3560}}[00m
2026-10-06 17:07:41.843 2483880 DEBUG oslo_service.backend._eventlet.service [req-82f57e38-3e06-41e8-a039-5dc27c9d95c9 - - - - - -] profiler.sentinel_service_name = mymaster [00;33m{{(pid=2483880) log_opt_values /opt/stack/data/venv/lib/python3.12/site-packages/oslo_config/cfg.py:3560}}[00m
2026-10-06 17:07:41.843 2483880 DEBUG oslo_service.backend._eventlet.service [req-82f57e38-3e06-41e8-a039-5dc27c9d95c9 - - - - - -] profiler.socket_timeout        = 0.1 [00;33m{{(pid=2483880) log_opt_values /opt/stack/data/venv/lib/python3.12/site-packages/oslo_config/cfg.py:3560}}[00m
2026-10-06 17:07:41.843 2483880 DEBUG oslo_service.backend._eventlet.service [req-82f57e38-3e06-41e8-a039-5dc27c9d95c9 - - - - - -] profiler.trace_requests        = False [00;33m{{(pid=2483880) log_opt_values /opt/stack/data/venv/lib/python3.12/site-packages/oslo_config/cfg.py:3560}}[00m
2026-10-06 17:07:41.844 2483880 DEBUG oslo_service.backend._eventlet.service [req-82f57e38-3e06-41e8-a039-5dc27c9d95c9 - - - - - -] profiler.trace_sqlalchemy      = False [00;33m{{(pid=2483880) log_opt_values /opt/stack/data/venv/lib/python3.12/site-packages/oslo_config/cfg.py:3560}}[00m
2026-10-06 17:07:41.844 2483880 DEBUG oslo_service.backend._eventlet.service [req-82f57e38-3e06-41e8-a039-5dc27c9d95c9 - - - - - -] profiler_jaeger.process_tags   = {} [00;33m{{(pid=2483880) log_opt_values /opt/stack/data/venv/lib/python3.12/site-packages/oslo_config/cfg.py:3560}}[00m
2026-10-06 17:07:41.844 2483880 DEBUG oslo_service.backend._eventlet.service [req-82f57e38-3e06-41e8-a039-5dc27c9d95c9 - - - - - -] profiler_jaeger.service_name_prefix = None [00;33m{{(pid=2483880) log_opt_values /opt/stack/data/venv/lib/python3.12/site-packages/oslo_config/cfg.py:3560}}[00m
2026-10-06 17:07:41.844 2483880 DEBUG oslo_service.backend._eventlet.service [req-82f57e38-3e06-41e8-a039-5dc27c9d95c9 - - - - - -] profiler_otlp.service_name_prefix = None [00;33m{{(pid=2483880) log_opt_values /opt/stack/data/venv/lib/python3.12/site-packages/oslo_config/cfg.py:3560}}[00m
2026-10-06 17:07:41.844 2483880 DEBUG oslo_service.backend._eventlet.service [req-82f57e38-3e06-41e8-a039-5dc27c9d95c9 - - - - - -] oslo_policy.enforce_new_defaults = True [00;33m{{(pid=2483880) log_opt_values /opt/stack/data/venv/lib/python3.12/site-packages/oslo_config/cfg.py:3560}}[00m
2026-10-06 17:07:41.844 2483880 DEBUG oslo_service.backend._eventlet.service [req-82f57e38-3e06-41e8-a039-5dc27c9d95c9 - - - - - -] oslo_policy.policy_default_rule = default [00;33m{{(pid=2483880) log_opt_values /opt/stack/data/venv/lib/python3.12/site-packages/oslo_config/cfg.py:3560}}[00m
2026-10-06 17:07:41.844 2483880 DEBUG oslo_service.backend._eventlet.service [req-82f57e38-3e06-41e8-a039-5dc27c9d95c9 - - - - - -] oslo_policy.policy_dirs        = ['policy.d'] [00;33m{{(pid=2483880) log_opt_values /opt/stack/data/venv/lib/python3.12/site-packages/oslo_config/cfg.py:3560}}[00m
2026-10-06 17:07:41.844 2483880 DEBUG oslo_service.backend._eventlet.service [req-82f57e38-3e06-41e8-a039-5dc27c9d95c9 - - - - - -] oslo_policy.policy_file        = policy.yaml [00;33m{{(pid=2483880) log_opt_values /opt/stack/data/venv/lib/python3.12/site-packages/oslo_config/cfg.py:3560}}[00m
2026-10-06 17:07:41.844 2483880 DEBUG oslo_service.backend._eventlet.service [req-82f57e38-3e06-41e8-a039-5dc27c9d95c9 - - - - - -] oslo_policy.remote_content_type = application/x-www-form-urlencoded [00;33m{{(pid=2483880) log_opt_values /opt/stack/data/venv/lib/python3.12/site-packages/oslo_config/cfg.py:3560}}[00m
2026-10-06 17:07:41.844 2483880 DEBUG oslo_service.backend._eventlet.service [req-82f57e38-3e06-41e8-a039-5dc27c9d95c9 - - - - - -] oslo_policy.remote_ssl_ca_crt_file = None [00;33m{{(pid=2483880) log_opt_values /opt/stack/data/venv/lib/python3.12/site-packages/oslo_config/cfg.py:3560}}[00m
2026-10-06 17:07:41.845 2483880 DEBUG oslo_service.backend._eventlet.service [req-82f57e38-3e06-41e8-a039-5dc27c9d95c9 - - - - - -] oslo_policy.remote_ssl_client_crt_file = None [00;33m{{(pid=2483880) log_opt_values /opt/stack/data/venv/lib/python3.12/site-packages/oslo_config/cfg.py:3560}}[00m
2026-10-06 17:07:41.845 2483880 DEBUG oslo_service.backend._eventlet.service [req-82f57e38-3e06-41e8-a039-5dc27c9d95c9 - - - - - -] oslo_policy.remote_ssl_client_key_file = None [00;33m{{(pid=2483880) log_opt_values /opt/stack/data/venv/lib/python3.12/site-packages/oslo_config/cfg.py:3560}}[00m
2026-10-06 17:07:41.845 2483880 DEBUG oslo_service.backend._eventlet.service [req-82f57e38-3e06-41e8-a039-5dc27c9d95c9 - - - - - -] oslo_policy.remote_ssl_verify_server_crt = False [00;33m{{(pid=2483880) log_opt_values /opt/stack/data/venv/lib/python3.12/site-packages/oslo_config/cfg.py:3560}}[00m
2026-10-06 17:07:41.845 2483880 DEBUG oslo_service.backend._eventlet.service [req-82f57e38-3e06-41e8-a039-5dc27c9d95c9 - - - - - -] oslo_policy.remote_timeout     = 60.0 [00;33m{{(pid=2483880) log_opt_values /opt/stack/data/venv/lib/python3.12/site-packages/oslo_config/cfg.py:3560}}[00m
2026-10-06 17:07:41.845 2483880 DEBUG oslo_service.backend._eventlet.service [req-82f57e38-3e06-41e8-a039-5dc27c9d95c9 - - - - - -] privsep_osbrick.capabilities   = [21, 2] [00;33m{{(pid=2483880) log_opt_values /opt/stack/data/venv/lib/python3.12/site-packages/oslo_config/cfg.py:3560}}[00m
2026-10-06 17:07:41.845 2483880 DEBUG oslo_service.backend._eventlet.service [req-82f57e38-3e06-41e8-a039-5dc27c9d95c9 - - - - - -] privsep_osbrick.group          = None [00;33m{{(pid=2483880) log_opt_values /opt/stack/data/venv/lib/python3.12/site-packages/oslo_config/cfg.py:3560}}[00m
2026-10-06 17:07:41.845 2483880 DEBUG oslo_service.backend._eventlet.service [req-82f57e38-3e06-41e8-a039-5dc27c9d95c9 - - - - - -] privsep_osbrick.helper_command = None [00;33m{{(pid=2483880) log_opt_values /opt/stack/data/venv/lib/python3.12/site-packages/oslo_config/cfg.py:3560}}[00m
2026-10-06 17:07:41.845 2483880 DEBUG oslo_service.backend._eventlet.service [req-82f57e38-3e06-41e8-a039-5dc27c9d95c9 - - - - - -] privsep_osbrick.log_daemon_traceback = False [00;33m{{(pid=2483880) log_opt_values /opt/stack/data/venv/lib/python3.12/site-packages/oslo_config/cfg.py:3560}}[00m
2026-10-06 17:07:41.845 2483880 DEBUG oslo_service.backend._eventlet.service [req-82f57e38-3e06-41e8-a039-5dc27c9d95c9 - - - - - -] privsep_osbrick.logger_name    = brick_privsep_hide_output [00;33m{{(pid=2483880) log_opt_values /opt/stack/data/venv/lib/python3.12/site-packages/oslo_config/cfg.py:3560}}[00m
2026-10-06 17:07:41.845 2483880 DEBUG oslo_service.backend._eventlet.service [req-82f57e38-3e06-41e8-a039-5dc27c9d95c9 - - - - - -] privsep_osbrick.thread_pool_size = 128 [00;33m{{(pid=2483880) log_opt_values /opt/stack/data/venv/lib/python3.12/site-packages/oslo_config/cfg.py:3560}}[00m
2026-10-06 17:07:41.845 2483880 DEBUG oslo_service.backend._eventlet.service [req-82f57e38-3e06-41e8-a039-5dc27c9d95c9 - - - - - -] privsep_osbrick.user           = None [00;33m{{(pid=2483880) log_opt_values /opt/stack/data/venv/lib/python3.12/site-packages/oslo_config/cfg.py:3560}}[00m
2026-10-06 17:07:41.845 2483880 DEBUG oslo_service.backend._eventlet.service [req-82f57e38-3e06-41e8-a039-5dc27c9d95c9 - - - - - -] cinder_sys_admin.capabilities  = [0, 1, 2, 3, 12, 21] [00;33m{{(pid=2483880) log_opt_values /opt/stack/data/venv/lib/python3.12/site-packages/oslo_config/cfg.py:3560}}[00m
2026-10-06 17:07:41.846 2483880 DEBUG oslo_service.backend._eventlet.service [req-82f57e38-3e06-41e8-a039-5dc27c9d95c9 - - - - - -] cinder_sys_admin.group         = None [00;33m{{(pid=2483880) log_opt_values /opt/stack/data/venv/lib/python3.12/site-packages/oslo_config/cfg.py:3560}}[00m
2026-10-06 17:07:41.846 2483880 DEBUG oslo_service.backend._eventlet.service [req-82f57e38-3e06-41e8-a039-5dc27c9d95c9 - - - - - -] cinder_sys_admin.helper_command = None [00;33m{{(pid=2483880) log_opt_values /opt/stack/data/venv/lib/python3.12/site-packages/oslo_config/cfg.py:3560}}[00m
2026-10-06 17:07:41.846 2483880 DEBUG oslo_service.backend._eventlet.service [req-82f57e38-3e06-41e8-a039-5dc27c9d95c9 - - - - - -] cinder_sys_admin.log_daemon_traceback = False [00;33m{{(pid=2483880) log_opt_values /opt/stack/data/venv/lib/python3.12/site-packages/oslo_config/cfg.py:3560}}[00m
2026-10-06 17:07:41.846 2483880 DEBUG oslo_service.backend._eventlet.service [req-82f57e38-3e06-41e8-a039-5dc27c9d95c9 - - - - - -] cinder_sys_admin.logger_name   = oslo_privsep.daemon [00;33m{{(pid=2483880) log_opt_values /opt/stack/data/venv/lib/python3.12/site-packages/oslo_config/cfg.py:3560}}[00m
2026-10-06 17:07:41.846 2483880 DEBUG oslo_service.backend._eventlet.service [req-82f57e38-3e06-41e8-a039-5dc27c9d95c9 - - - - - -] cinder_sys_admin.thread_pool_size = 128 [00;33m{{(pid=2483880) log_opt_values /opt/stack/data/venv/lib/python3.12/site-packages/oslo_config/cfg.py:3560}}[00m
2026-10-06 17:07:41.846 2483880 DEBUG oslo_service.backend._eventlet.service [req-82f57e38-3e06-41e8-a039-5dc27c9d95c9 - - - - - -] cinder_sys_admin.user          = None [00;33m{{(pid=2483880) log_opt_values /opt/stack/data/venv/lib/python3.12/site-packages/oslo_config/cfg.py:3560}}[00m
2026-10-06 17:07:41.846 2483880 DEBUG oslo_service.backend._eventlet.service [req-82f57e38-3e06-41e8-a039-5dc27c9d95c9 - - - - - -] service_user.auth_section      = None [00;33m{{(pid=2483880) log_opt_values /opt/stack/data/venv/lib/python3.12/site-packages/oslo_config/cfg.py:3560}}[00m
2026-10-06 17:07:41.846 2483880 DEBUG oslo_service.backend._eventlet.service [req-82f57e38-3e06-41e8-a039-5dc27c9d95c9 - - - - - -] service_user.auth_type         = password [00;33m{{(pid=2483880) log_opt_values /opt/stack/data/venv/lib/python3.12/site-packages/oslo_config/cfg.py:3560}}[00m
2026-10-06 17:07:41.846 2483880 DEBUG oslo_service.backend._eventlet.service [req-82f57e38-3e06-41e8-a039-5dc27c9d95c9 - - - - - -] service_user.cafile            = None [00;33m{{(pid=2483880) log_opt_values /opt/stack/data/venv/lib/python3.12/site-packages/oslo_config/cfg.py:3560}}[00m
2026-10-06 17:07:41.846 2483880 DEBUG oslo_service.backend._eventlet.service [req-82f57e38-3e06-41e8-a039-5dc27c9d95c9 - - - - - -] service_user.certfile          = None [00;33m{{(pid=2483880) log_opt_values /opt/stack/data/venv/lib/python3.12/site-packages/oslo_config/cfg.py:3560}}[00m
2026-10-06 17:07:41.846 2483880 DEBUG oslo_service.backend._eventlet.service [req-82f57e38-3e06-41e8-a039-5dc27c9d95c9 - - - - - -] service_user.collect_timing    = False [00;33m{{(pid=2483880) log_opt_values /opt/stack/data/venv/lib/python3.12/site-packages/oslo_config/cfg.py:3560}}[00m
2026-10-06 17:07:41.846 2483880 DEBUG oslo_service.backend._eventlet.service [req-82f57e38-3e06-41e8-a039-5dc27c9d95c9 - - - - - -] service_user.insecure          = False [00;33m{{(pid=2483880) log_opt_values /opt/stack/data/venv/lib/python3.12/site-packages/oslo_config/cfg.py:3560}}[00m
2026-10-06 17:07:41.847 2483880 DEBUG oslo_service.backend._eventlet.service [req-82f57e38-3e06-41e8-a039-5dc27c9d95c9 - - - - - -] service_user.keyfile           = None [00;33m{{(pid=2483880) log_opt_values /opt/stack/data/venv/lib/python3.12/site-packages/oslo_config/cfg.py:3560}}[00m
2026-10-06 17:07:41.847 2483880 DEBUG oslo_service.backend._eventlet.service [req-82f57e38-3e06-41e8-a039-5dc27c9d95c9 - - - - - -] service_user.send_service_user_token = True [00;33m{{(pid=2483880) log_opt_values /opt/stack/data/venv/lib/python3.12/site-packages/oslo_config/cfg.py:3560}}[00m
2026-10-06 17:07:41.847 2483880 DEBUG oslo_service.backend._eventlet.service [req-82f57e38-3e06-41e8-a039-5dc27c9d95c9 - - - - - -] service_user.split_loggers     = False [00;33m{{(pid=2483880) log_opt_values /opt/stack/data/venv/lib/python3.12/site-packages/oslo_config/cfg.py:3560}}[00m
2026-10-06 17:07:41.847 2483880 DEBUG oslo_service.backend._eventlet.service [req-82f57e38-3e06-41e8-a039-5dc27c9d95c9 - - - - - -] service_user.timeout           = None [00;33m{{(pid=2483880) log_opt_values /opt/stack/data/venv/lib/python3.12/site-packages/oslo_config/cfg.py:3560}}[00m
2026-10-06 17:07:41.847 2483880 DEBUG oslo_service.backend._eventlet.service [req-82f57e38-3e06-41e8-a039-5dc27c9d95c9 - - - - - -] service_user.tls_ciphers       = None [00;33m{{(pid=2483880) log_opt_values /opt/stack/data/venv/lib/python3.12/site-packages/oslo_config/cfg.py:3560}}[00m
2026-10-06 17:07:41.847 2483880 DEBUG oslo_service.backend._eventlet.service [req-82f57e38-3e06-41e8-a039-5dc27c9d95c9 - - - - - -] service_user.tls_min_version   = None [00;33m{{(pid=2483880) log_opt_values /opt/stack/data/venv/lib/python3.12/site-packages/oslo_config/cfg.py:3560}}[00m
2026-10-06 17:07:41.847 2483880 DEBUG oslo_service.backend._eventlet.service [req-82f57e38-3e06-41e8-a039-5dc27c9d95c9 - - - - - -] glance.auth_section            = None [00;33m{{(pid=2483880) log_opt_values /opt/stack/data/venv/lib/python3.12/site-packages/oslo_config/cfg.py:3560}}[00m
2026-10-06 17:07:41.847 2483880 DEBUG oslo_service.backend._eventlet.service [req-82f57e38-3e06-41e8-a039-5dc27c9d95c9 - - - - - -] glance.auth_type               = password [00;33m{{(pid=2483880) log_opt_values /opt/stack/data/venv/lib/python3.12/site-packages/oslo_config/cfg.py:3560}}[00m
2026-10-06 17:07:41.847 2483880 DEBUG oslo_service.backend._eventlet.service [req-82f57e38-3e06-41e8-a039-5dc27c9d95c9 - - - - - -] glance.cafile                  = /opt/stack/data/ca-bundle.pem [00;33m{{(pid=2483880) log_opt_values /opt/stack/data/venv/lib/python3.12/site-packages/oslo_config/cfg.py:3560}}[00m
2026-10-06 17:07:41.847 2483880 DEBUG oslo_service.backend._eventlet.service [req-82f57e38-3e06-41e8-a039-5dc27c9d95c9 - - - - - -] glance.certfile                = None [00;33m{{(pid=2483880) log_opt_values /opt/stack/data/venv/lib/python3.12/site-packages/oslo_config/cfg.py:3560}}[00m
2026-10-06 17:07:41.847 2483880 DEBUG oslo_service.backend._eventlet.service [req-82f57e38-3e06-41e8-a039-5dc27c9d95c9 - - - - - -] glance.collect_timing          = False [00;33m{{(pid=2483880) log_opt_values /opt/stack/data/venv/lib/python3.12/site-packages/oslo_config/cfg.py:3560}}[00m
2026-10-06 17:07:41.847 2483880 DEBUG oslo_service.backend._eventlet.service [req-82f57e38-3e06-41e8-a039-5dc27c9d95c9 - - - - - -] glance.insecure                = False [00;33m{{(pid=2483880) log_opt_values /opt/stack/data/venv/lib/python3.12/site-packages/oslo_config/cfg.py:3560}}[00m
2026-10-06 17:07:41.848 2483880 DEBUG oslo_service.backend._eventlet.service [req-82f57e38-3e06-41e8-a039-5dc27c9d95c9 - - - - - -] glance.keyfile                 = None [00;33m{{(pid=2483880) log_opt_values /opt/stack/data/venv/lib/python3.12/site-packages/oslo_config/cfg.py:3560}}[00m
2026-10-06 17:07:41.848 2483880 DEBUG oslo_service.backend._eventlet.service [req-82f57e38-3e06-41e8-a039-5dc27c9d95c9 - - - - - -] glance.region_name             = None [00;33m{{(pid=2483880) log_opt_values /opt/stack/data/venv/lib/python3.12/site-packages/oslo_config/cfg.py:3560}}[00m
2026-10-06 17:07:41.848 2483880 DEBUG oslo_service.backend._eventlet.service [req-82f57e38-3e06-41e8-a039-5dc27c9d95c9 - - - - - -] glance.split_loggers           = False [00;33m{{(pid=2483880) log_opt_values /opt/stack/data/venv/lib/python3.12/site-packages/oslo_config/cfg.py:3560}}[00m
2026-10-06 17:07:41.848 2483880 DEBUG oslo_service.backend._eventlet.service [req-82f57e38-3e06-41e8-a039-5dc27c9d95c9 - - - - - -] glance.timeout                 = None [00;33m{{(pid=2483880) log_opt_values /opt/stack/data/venv/lib/python3.12/site-packages/oslo_config/cfg.py:3560}}[00m
2026-10-06 17:07:41.848 2483880 DEBUG oslo_service.backend._eventlet.service [req-82f57e38-3e06-41e8-a039-5dc27c9d95c9 - - - - - -] glance.tls_ciphers             = None [00;33m{{(pid=2483880) log_opt_values /opt/stack/data/venv/lib/python3.12/site-packages/oslo_config/cfg.py:3560}}[00m
2026-10-06 17:07:41.848 2483880 DEBUG oslo_service.backend._eventlet.service [req-82f57e38-3e06-41e8-a039-5dc27c9d95c9 - - - - - -] glance.tls_min_version         = None [00;33m{{(pid=2483880) log_opt_values /opt/stack/data/venv/lib/python3.12/site-packages/oslo_config/cfg.py:3560}}[00m
2026-10-06 17:07:41.848 2483880 DEBUG oslo_service.backend._eventlet.service [req-82f57e38-3e06-41e8-a039-5dc27c9d95c9 - - - - - -] backend_defaults.backend_availability_zone = None [00;33m{{(pid=2483880) log_opt_values /opt/stack/data/venv/lib/python3.12/site-packages/oslo_config/cfg.py:3560}}[00m
2026-10-06 17:07:41.848 2483880 DEBUG oslo_service.backend._eventlet.service [req-82f57e38-3e06-41e8-a039-5dc27c9d95c9 - - - - - -] backend_defaults.backend_native_threads_pool_size = 20 [00;33m{{(pid=2483880) log_opt_values /opt/stack/data/venv/lib/python3.12/site-packages/oslo_config/cfg.py:3560}}[00m
2026-10-06 17:07:41.848 2483880 DEBUG oslo_service.backend._eventlet.service [req-82f57e38-3e06-41e8-a039-5dc27c9d95c9 - - - - - -] backend_defaults.backup_use_temp_snapshot = False [00;33m{{(pid=2483880) log_opt_values /opt/stack/data/venv/lib/python3.12/site-packages/oslo_config/cfg.py:3560}}[00m
2026-10-06 17:07:41.848 2483880 DEBUG oslo_service.backend._eventlet.service [req-82f57e38-3e06-41e8-a039-5dc27c9d95c9 - - - - - -] backend_defaults.chap_password = **** [00;33m{{(pid=2483880) log_opt_values /opt/stack/data/venv/lib/python3.12/site-packages/oslo_config/cfg.py:3560}}[00m
2026-10-06 17:07:41.848 2483880 DEBUG oslo_service.backend._eventlet.service [req-82f57e38-3e06-41e8-a039-5dc27c9d95c9 - - - - - -] backend_defaults.chap_username =  [00;33m{{(pid=2483880) log_opt_values /opt/stack/data/venv/lib/python3.12/site-packages/oslo_config/cfg.py:3560}}[00m
2026-10-06 17:07:41.848 2483880 DEBUG oslo_service.backend._eventlet.service [req-82f57e38-3e06-41e8-a039-5dc27c9d95c9 - - - - - -] backend_defaults.chiscsi_conf  = /etc/chelsio-iscsi/chiscsi.conf [00;33m{{(pid=2483880) log_opt_values /opt/stack/data/venv/lib/python3.12/site-packages/oslo_config/cfg.py:3560}}[00m
2026-10-06 17:07:41.849 2483880 DEBUG oslo_service.backend._eventlet.service [req-82f57e38-3e06-41e8-a039-5dc27c9d95c9 - - - - - -] backend_defaults.disk_geometry = None [00;33m{{(pid=2483880) log_opt_values /opt/stack/data/venv/lib/python3.12/site-packages/oslo_config/cfg.py:3560}}[00m
2026-10-06 17:07:41.849 2483880 DEBUG oslo_service.backend._eventlet.service [req-82f57e38-3e06-41e8-a039-5dc27c9d95c9 - - - - - -] backend_defaults.driver_client_cert = None [00;33m{{(pid=2483880) log_opt_values /opt/stack/data/venv/lib/python3.12/site-packages/oslo_config/cfg.py:3560}}[00m
2026-10-06 17:07:41.849 2483880 DEBUG oslo_service.backend._eventlet.service [req-82f57e38-3e06-41e8-a039-5dc27c9d95c9 - - - - - -] backend_defaults.driver_client_cert_key = None [00;33m{{(pid=2483880) log_opt_values /opt/stack/data/venv/lib/python3.12/site-packages/oslo_config/cfg.py:3560}}[00m
2026-10-06 17:07:41.849 2483880 DEBUG oslo_service.backend._eventlet.service [req-82f57e38-3e06-41e8-a039-5dc27c9d95c9 - - - - - -] backend_defaults.driver_data_namespace = None [00;33m{{(pid=2483880) log_opt_values /opt/stack/data/venv/lib/python3.12/site-packages/oslo_config/cfg.py:3560}}[00m
2026-10-06 17:07:41.849 2483880 DEBUG oslo_service.backend._eventlet.service [req-82f57e38-3e06-41e8-a039-5dc27c9d95c9 - - - - - -] backend_defaults.driver_ssl_cert_path = None [00;33m{{(pid=2483880) log_opt_values /opt/stack/data/venv/lib/python3.12/site-packages/oslo_config/cfg.py:3560}}[00m
2026-10-06 17:07:41.849 2483880 DEBUG oslo_service.backend._eventlet.service [req-82f57e38-3e06-41e8-a039-5dc27c9d95c9 - - - - - -] backend_defaults.driver_ssl_cert_verify = False [00;33m{{(pid=2483880) log_opt_values /opt/stack/data/venv/lib/python3.12/site-packages/oslo_config/cfg.py:3560}}[00m
2026-10-06 17:07:41.849 2483880 DEBUG oslo_service.backend._eventlet.service [req-82f57e38-3e06-41e8-a039-5dc27c9d95c9 - - - - - -] backend_defaults.driver_use_ssl = False [00;33m{{(pid=2483880) log_opt_values /opt/stack/data/venv/lib/python3.12/site-packages/oslo_config/cfg.py:3560}}[00m
2026-10-06 17:07:41.849 2483880 DEBUG oslo_service.backend._eventlet.service [req-82f57e38-3e06-41e8-a039-5dc27c9d95c9 - - - - - -] backend_defaults.enable_unsupported_driver = False [00;33m{{(pid=2483880) log_opt_values /opt/stack/data/venv/lib/python3.12/site-packages/oslo_config/cfg.py:3560}}[00m
2026-10-06 17:07:41.849 2483880 DEBUG oslo_service.backend._eventlet.service [req-82f57e38-3e06-41e8-a039-5dc27c9d95c9 - - - - - -] backend_defaults.enforce_multipath_for_image_xfer = False [00;33m{{(pid=2483880) log_opt_values /opt/stack/data/venv/lib/python3.12/site-packages/oslo_config/cfg.py:3560}}[00m
2026-10-06 17:07:41.849 2483880 DEBUG oslo_service.backend._eventlet.service [req-82f57e38-3e06-41e8-a039-5dc27c9d95c9 - - - - - -] backend_defaults.extra_capabilities = {} [00;33m{{(pid=2483880) log_opt_values /opt/stack/data/venv/lib/python3.12/site-packages/oslo_config/cfg.py:3560}}[00m
2026-10-06 17:07:41.849 2483880 DEBUG oslo_service.backend._eventlet.service [req-82f57e38-3e06-41e8-a039-5dc27c9d95c9 - - - - - -] backend_defaults.filter_function = None [00;33m{{(pid=2483880) log_opt_values /opt/stack/data/venv/lib/python3.12/site-packages/oslo_config/cfg.py:3560}}[00m
2026-10-06 17:07:41.849 2483880 DEBUG oslo_service.backend._eventlet.service [req-82f57e38-3e06-41e8-a039-5dc27c9d95c9 - - - - - -] backend_defaults.goodness_function = None [00;33m{{(pid=2483880) log_opt_values /opt/stack/data/venv/lib/python3.12/site-packages/oslo_config/cfg.py:3560}}[00m
2026-10-06 17:07:41.849 2483880 DEBUG oslo_service.backend._eventlet.service [req-82f57e38-3e06-41e8-a039-5dc27c9d95c9 - - - - - -] backend_defaults.hitachi_async_copy_check_interval = 10 [00;33m{{(pid=2483880) log_opt_values /opt/stack/data/venv/lib/python3.12/site-packages/oslo_config/cfg.py:3560}}[00m
2026-10-06 17:07:41.850 2483880 DEBUG oslo_service.backend._eventlet.service [req-82f57e38-3e06-41e8-a039-5dc27c9d95c9 - - - - - -] backend_defaults.hitachi_compute_target_ports = [] [00;33m{{(pid=2483880) log_opt_values /opt/stack/data/venv/lib/python3.12/site-packages/oslo_config/cfg.py:3560}}[00m
2026-10-06 17:07:41.850 2483880 DEBUG oslo_service.backend._eventlet.service [req-82f57e38-3e06-41e8-a039-5dc27c9d95c9 - - - - - -] backend_defaults.hitachi_copy_check_interval = 3 [00;33m{{(pid=2483880) log_opt_values /opt/stack/data/venv/lib/python3.12/site-packages/oslo_config/cfg.py:3560}}[00m
2026-10-06 17:07:41.850 2483880 DEBUG oslo_service.backend._eventlet.service [req-82f57e38-3e06-41e8-a039-5dc27c9d95c9 - - - - - -] backend_defaults.hitachi_copy_speed = 3 [00;33m{{(pid=2483880) log_opt_values /opt/stack/data/venv/lib/python3.12/site-packages/oslo_config/cfg.py:3560}}[00m
2026-10-06 17:07:41.850 2483880 DEBUG oslo_service.backend._eventlet.service [req-82f57e38-3e06-41e8-a039-5dc27c9d95c9 - - - - - -] backend_defaults.hitachi_csv_delete_timeout = 600 [00;33m{{(pid=2483880) log_opt_values /opt/stack/data/venv/lib/python3.12/site-packages/oslo_config/cfg.py:3560}}[00m
2026-10-06 17:07:41.850 2483880 DEBUG oslo_service.backend._eventlet.service [req-82f57e38-3e06-41e8-a039-5dc27c9d95c9 - - - - - -] backend_defaults.hitachi_discard_zero_page = True [00;33m{{(pid=2483880) log_opt_values /opt/stack/data/venv/lib/python3.12/site-packages/oslo_config/cfg.py:3560}}[00m
2026-10-06 17:07:41.850 2483880 DEBUG oslo_service.backend._eventlet.service [req-82f57e38-3e06-41e8-a039-5dc27c9d95c9 - - - - - -] backend_defaults.hitachi_drs_default_csv = deduplication_compression [00;33m{{(pid=2483880) log_opt_values /opt/stack/data/venv/lib/python3.12/site-packages/oslo_config/cfg.py:3560}}[00m
2026-10-06 17:07:41.850 2483880 DEBUG oslo_service.backend._eventlet.service [req-82f57e38-3e06-41e8-a039-5dc27c9d95c9 - - - - - -] backend_defaults.hitachi_exec_retry_interval = 5 [00;33m{{(pid=2483880) log_opt_values /opt/stack/data/venv/lib/python3.12/site-packages/oslo_config/cfg.py:3560}}[00m
2026-10-06 17:07:41.850 2483880 DEBUG oslo_service.backend._eventlet.service [req-82f57e38-3e06-41e8-a039-5dc27c9d95c9 - - - - - -] backend_defaults.hitachi_extend_snapshot_volumes = False [00;33m{{(pid=2483880) log_opt_values /opt/stack/data/venv/lib/python3.12/site-packages/oslo_config/cfg.py:3560}}[00m
2026-10-06 17:07:41.850 2483880 DEBUG oslo_service.backend._eventlet.service [req-82f57e38-3e06-41e8-a039-5dc27c9d95c9 - - - - - -] backend_defaults.hitachi_extend_timeout = 600 [00;33m{{(pid=2483880) log_opt_values /opt/stack/data/venv/lib/python3.12/site-packages/oslo_config/cfg.py:3560}}[00m
2026-10-06 17:07:41.850 2483880 DEBUG oslo_service.backend._eventlet.service [req-82f57e38-3e06-41e8-a039-5dc27c9d95c9 - - - - - -] backend_defaults.hitachi_group_create = False [00;33m{{(pid=2483880) log_opt_values /opt/stack/data/venv/lib/python3.12/site-packages/oslo_config/cfg.py:3560}}[00m
2026-10-06 17:07:41.850 2483880 DEBUG oslo_service.backend._eventlet.service [req-82f57e38-3e06-41e8-a039-5dc27c9d95c9 - - - - - -] backend_defaults.hitachi_group_delete = False [00;33m{{(pid=2483880) log_opt_values /opt/stack/data/venv/lib/python3.12/site-packages/oslo_config/cfg.py:3560}}[00m
2026-10-06 17:07:41.850 2483880 DEBUG oslo_service.backend._eventlet.service [req-82f57e38-3e06-41e8-a039-5dc27c9d95c9 - - - - - -] backend_defaults.hitachi_group_name_format = None [00;33m{{(pid=2483880) log_opt_values /opt/stack/data/venv/lib/python3.12/site-packages/oslo_config/cfg.py:3560}}[00m
2026-10-06 17:07:41.851 2483880 DEBUG oslo_service.backend._eventlet.service [req-82f57e38-3e06-41e8-a039-5dc27c9d95c9 - - - - - -] backend_defaults.hitachi_host_mode_options = [] [00;33m{{(pid=2483880) log_opt_values /opt/stack/data/venv/lib/python3.12/site-packages/oslo_config/cfg.py:3560}}[00m
2026-10-06 17:07:41.851 2483880 DEBUG oslo_service.backend._eventlet.service [req-82f57e38-3e06-41e8-a039-5dc27c9d95c9 - - - - - -] backend_defaults.hitachi_ldev_range = None [00;33m{{(pid=2483880) log_opt_values /opt/stack/data/venv/lib/python3.12/site-packages/oslo_config/cfg.py:3560}}[00m
2026-10-06 17:07:41.851 2483880 DEBUG oslo_service.backend._eventlet.service [req-82f57e38-3e06-41e8-a039-5dc27c9d95c9 - - - - - -] backend_defaults.hitachi_lock_timeout = 7200 [00;33m{{(pid=2483880) log_opt_values /opt/stack/data/venv/lib/python3.12/site-packages/oslo_config/cfg.py:3560}}[00m
2026-10-06 17:07:41.851 2483880 DEBUG oslo_service.backend._eventlet.service [req-82f57e38-3e06-41e8-a039-5dc27c9d95c9 - - - - - -] backend_defaults.hitachi_lun_retry_interval = 1 [00;33m{{(pid=2483880) log_opt_values /opt/stack/data/venv/lib/python3.12/site-packages/oslo_config/cfg.py:3560}}[00m
2026-10-06 17:07:41.851 2483880 DEBUG oslo_service.backend._eventlet.service [req-82f57e38-3e06-41e8-a039-5dc27c9d95c9 - - - - - -] backend_defaults.hitachi_lun_timeout = 50 [00;33m{{(pid=2483880) log_opt_values /opt/stack/data/venv/lib/python3.12/site-packages/oslo_config/cfg.py:3560}}[00m
2026-10-06 17:07:41.851 2483880 DEBUG oslo_service.backend._eventlet.service [req-82f57e38-3e06-41e8-a039-5dc27c9d95c9 - - - - - -] backend_defaults.hitachi_manage_drs_volumes = True [00;33m{{(pid=2483880) log_opt_values /opt/stack/data/venv/lib/python3.12/site-packages/oslo_config/cfg.py:3560}}[00m
2026-10-06 17:07:41.851 2483880 DEBUG oslo_service.backend._eventlet.service [req-82f57e38-3e06-41e8-a039-5dc27c9d95c9 - - - - - -] backend_defaults.hitachi_mirror_compute_target_ports = [] [00;33m{{(pid=2483880) log_opt_values /opt/stack/data/venv/lib/python3.12/site-packages/oslo_config/cfg.py:3560}}[00m
2026-10-06 17:07:41.851 2483880 DEBUG oslo_service.backend._eventlet.service [req-82f57e38-3e06-41e8-a039-5dc27c9d95c9 - - - - - -] backend_defaults.hitachi_mirror_ldev_range = None [00;33m{{(pid=2483880) log_opt_values /opt/stack/data/venv/lib/python3.12/site-packages/oslo_config/cfg.py:3560}}[00m
2026-10-06 17:07:41.851 2483880 DEBUG oslo_service.backend._eventlet.service [req-82f57e38-3e06-41e8-a039-5dc27c9d95c9 - - - - - -] backend_defaults.hitachi_mirror_pair_target_number = 0 [00;33m{{(pid=2483880) log_opt_values /opt/stack/data/venv/lib/python3.12/site-packages/oslo_config/cfg.py:3560}}[00m
2026-10-06 17:07:41.851 2483880 DEBUG oslo_service.backend._eventlet.service [req-82f57e38-3e06-41e8-a039-5dc27c9d95c9 - - - - - -] backend_defaults.hitachi_mirror_pool = None [00;33m{{(pid=2483880) log_opt_values /opt/stack/data/venv/lib/python3.12/site-packages/oslo_config/cfg.py:3560}}[00m
2026-10-06 17:07:41.851 2483880 DEBUG oslo_service.backend._eventlet.service [req-82f57e38-3e06-41e8-a039-5dc27c9d95c9 - - - - - -] backend_defaults.hitachi_mirror_snap_pool = None [00;33m{{(pid=2483880) log_opt_values /opt/stack/data/venv/lib/python3.12/site-packages/oslo_config/cfg.py:3560}}[00m
2026-10-06 17:07:41.851 2483880 DEBUG oslo_service.backend._eventlet.service [req-82f57e38-3e06-41e8-a039-5dc27c9d95c9 - - - - - -] backend_defaults.hitachi_mirror_storage_id = None [00;33m{{(pid=2483880) log_opt_values /opt/stack/data/venv/lib/python3.12/site-packages/oslo_config/cfg.py:3560}}[00m
2026-10-06 17:07:41.852 2483880 DEBUG oslo_service.backend._eventlet.service [req-82f57e38-3e06-41e8-a039-5dc27c9d95c9 - - - - - -] backend_defaults.hitachi_mirror_target_ports = [] [00;33m{{(pid=2483880) log_opt_values /opt/stack/data/venv/lib/python3.12/site-packages/oslo_config/cfg.py:3560}}[00m
2026-10-06 17:07:41.852 2483880 DEBUG oslo_service.backend._eventlet.service [req-82f57e38-3e06-41e8-a039-5dc27c9d95c9 - - - - - -] backend_defaults.hitachi_pair_target_number = 0 [00;33m{{(pid=2483880) log_opt_values /opt/stack/data/venv/lib/python3.12/site-packages/oslo_config/cfg.py:3560}}[00m
2026-10-06 17:07:41.852 2483880 DEBUG oslo_service.backend._eventlet.service [req-82f57e38-3e06-41e8-a039-5dc27c9d95c9 - - - - - -] backend_defaults.hitachi_pools = [] [00;33m{{(pid=2483880) log_opt_values /opt/stack/data/venv/lib/python3.12/site-packages/oslo_config/cfg.py:3560}}[00m
2026-10-06 17:07:41.852 2483880 DEBUG oslo_service.backend._eventlet.service [req-82f57e38-3e06-41e8-a039-5dc27c9d95c9 - - - - - -] backend_defaults.hitachi_port_scheduler = False [00;33m{{(pid=2483880) log_opt_values /opt/stack/data/venv/lib/python3.12/site-packages/oslo_config/cfg.py:3560}}[00m
2026-10-06 17:07:41.852 2483880 DEBUG oslo_service.backend._eventlet.service [req-82f57e38-3e06-41e8-a039-5dc27c9d95c9 - - - - - -] backend_defaults.hitachi_report_discard_support = False [00;33m{{(pid=2483880) log_opt_values /opt/stack/data/venv/lib/python3.12/site-packages/oslo_config/cfg.py:3560}}[00m
2026-10-06 17:07:41.852 2483880 DEBUG oslo_service.backend._eventlet.service [req-82f57e38-3e06-41e8-a039-5dc27c9d95c9 - - - - - -] backend_defaults.hitachi_rest_another_ldev_mapped_retry_timeout = 600 [00;33m{{(pid=2483880) log_opt_values /opt/stack/data/venv/lib/python3.12/site-packages/oslo_config/cfg.py:3560}}[00m
2026-10-06 17:07:41.852 2483880 DEBUG oslo_service.backend._eventlet.service [req-82f57e38-3e06-41e8-a039-5dc27c9d95c9 - - - - - -] backend_defaults.hitachi_rest_connect_timeout = 30 [00;33m{{(pid=2483880) log_opt_values /opt/stack/data/venv/lib/python3.12/site-packages/oslo_config/cfg.py:3560}}[00m
2026-10-06 17:07:41.852 2483880 DEBUG oslo_service.backend._eventlet.service [req-82f57e38-3e06-41e8-a039-5dc27c9d95c9 - - - - - -] backend_defaults.hitachi_rest_disable_io_wait = True [00;33m{{(pid=2483880) log_opt_values /opt/stack/data/venv/lib/python3.12/site-packages/oslo_config/cfg.py:3560}}[00m
2026-10-06 17:07:41.852 2483880 DEBUG oslo_service.backend._eventlet.service [req-82f57e38-3e06-41e8-a039-5dc27c9d95c9 - - - - - -] backend_defaults.hitachi_rest_get_api_response_timeout = 1800 [00;33m{{(pid=2483880) log_opt_values /opt/stack/data/venv/lib/python3.12/site-packages/oslo_config/cfg.py:3560}}[00m
2026-10-06 17:07:41.852 2483880 DEBUG oslo_service.backend._eventlet.service [req-82f57e38-3e06-41e8-a039-5dc27c9d95c9 - - - - - -] backend_defaults.hitachi_rest_job_api_response_timeout = 1800 [00;33m{{(pid=2483880) log_opt_values /opt/stack/data/venv/lib/python3.12/site-packages/oslo_config/cfg.py:3560}}[00m
2026-10-06 17:07:41.852 2483880 DEBUG oslo_service.backend._eventlet.service [req-82f57e38-3e06-41e8-a039-5dc27c9d95c9 - - - - - -] backend_defaults.hitachi_rest_keep_session_loop_interval = 180 [00;33m{{(pid=2483880) log_opt_values /opt/stack/data/venv/lib/python3.12/site-packages/oslo_config/cfg.py:3560}}[00m
2026-10-06 17:07:41.852 2483880 DEBUG oslo_service.backend._eventlet.service [req-82f57e38-3e06-41e8-a039-5dc27c9d95c9 - - - - - -] backend_defaults.hitachi_rest_max_request_workers = 8 [00;33m{{(pid=2483880) log_opt_values /opt/stack/data/venv/lib/python3.12/site-packages/oslo_config/cfg.py:3560}}[00m
2026-10-06 17:07:41.852 2483880 DEBUG oslo_service.backend._eventlet.service [req-82f57e38-3e06-41e8-a039-5dc27c9d95c9 - - - - - -] backend_defaults.hitachi_rest_pair_target_ports = [] [00;33m{{(pid=2483880) log_opt_values /opt/stack/data/venv/lib/python3.12/site-packages/oslo_config/cfg.py:3560}}[00m
2026-10-06 17:07:41.853 2483880 DEBUG oslo_service.backend._eventlet.service [req-82f57e38-3e06-41e8-a039-5dc27c9d95c9 - - - - - -] backend_defaults.hitachi_rest_server_busy_timeout = 7200 [00;33m{{(pid=2483880) log_opt_values /opt/stack/data/venv/lib/python3.12/site-packages/oslo_config/cfg.py:3560}}[00m
2026-10-06 17:07:41.853 2483880 DEBUG oslo_service.backend._eventlet.service [req-82f57e38-3e06-41e8-a039-5dc27c9d95c9 - - - - - -] backend_defaults.hitachi_rest_tcp_keepalive = True [00;33m{{(pid=2483880) log_opt_values /opt/stack/data/venv/lib/python3.12/site-packages/oslo_config/cfg.py:3560}}[00m
2026-10-06 17:07:41.853 2483880 DEBUG oslo_service.backend._eventlet.service [req-82f57e38-3e06-41e8-a039-5dc27c9d95c9 - - - - - -] backend_defaults.hitachi_rest_tcp_keepcnt = 4 [00;33m{{(pid=2483880) log_opt_values /opt/stack/data/venv/lib/python3.12/site-packages/oslo_config/cfg.py:3560}}[00m
2026-10-06 17:07:41.853 2483880 DEBUG oslo_service.backend._eventlet.service [req-82f57e38-3e06-41e8-a039-5dc27c9d95c9 - - - - - -] backend_defaults.hitachi_rest_tcp_keepidle = 60 [00;33m{{(pid=2483880) log_opt_values /opt/stack/data/venv/lib/python3.12/site-packages/oslo_config/cfg.py:3560}}[00m
2026-10-06 17:07:41.853 2483880 DEBUG oslo_service.backend._eventlet.service [req-82f57e38-3e06-41e8-a039-5dc27c9d95c9 - - - - - -] backend_defaults.hitachi_rest_tcp_keepintvl = 15 [00;33m{{(pid=2483880) log_opt_values /opt/stack/data/venv/lib/python3.12/site-packages/oslo_config/cfg.py:3560}}[00m
2026-10-06 17:07:41.853 2483880 DEBUG oslo_service.backend._eventlet.service [req-82f57e38-3e06-41e8-a039-5dc27c9d95c9 - - - - - -] backend_defaults.hitachi_rest_timeout = 30 [00;33m{{(pid=2483880) log_opt_values /opt/stack/data/venv/lib/python3.12/site-packages/oslo_config/cfg.py:3560}}[00m
2026-10-06 17:07:41.853 2483880 DEBUG oslo_service.backend._eventlet.service [req-82f57e38-3e06-41e8-a039-5dc27c9d95c9 - - - - - -] backend_defaults.hitachi_rest_use_object_caching = True [00;33m{{(pid=2483880) log_opt_values /opt/stack/data/venv/lib/python3.12/site-packages/oslo_config/cfg.py:3560}}[00m
2026-10-06 17:07:41.853 2483880 DEBUG oslo_service.backend._eventlet.service [req-82f57e38-3e06-41e8-a039-5dc27c9d95c9 - - - - - -] backend_defaults.hitachi_restore_timeout = 86400 [00;33m{{(pid=2483880) log_opt_values /opt/stack/data/venv/lib/python3.12/site-packages/oslo_config/cfg.py:3560}}[00m
2026-10-06 17:07:41.853 2483880 DEBUG oslo_service.backend._eventlet.service [req-82f57e38-3e06-41e8-a039-5dc27c9d95c9 - - - - - -] backend_defaults.hitachi_snap_pool = None [00;33m{{(pid=2483880) log_opt_values /opt/stack/data/venv/lib/python3.12/site-packages/oslo_config/cfg.py:3560}}[00m
2026-10-06 17:07:41.853 2483880 DEBUG oslo_service.backend._eventlet.service [req-82f57e38-3e06-41e8-a039-5dc27c9d95c9 - - - - - -] backend_defaults.hitachi_state_transition_timeout = 900 [00;33m{{(pid=2483880) log_opt_values /opt/stack/data/venv/lib/python3.12/site-packages/oslo_config/cfg.py:3560}}[00m
2026-10-06 17:07:41.853 2483880 DEBUG oslo_service.backend._eventlet.service [req-82f57e38-3e06-41e8-a039-5dc27c9d95c9 - - - - - -] backend_defaults.hitachi_storage_id = None [00;33m{{(pid=2483880) log_opt_values /opt/stack/data/venv/lib/python3.12/site-packages/oslo_config/cfg.py:3560}}[00m
2026-10-06 17:07:41.853 2483880 DEBUG oslo_service.backend._eventlet.service [req-82f57e38-3e06-41e8-a039-5dc27c9d95c9 - - - - - -] backend_defaults.hitachi_target_ports = [] [00;33m{{(pid=2483880) log_opt_values /opt/stack/data/venv/lib/python3.12/site-packages/oslo_config/cfg.py:3560}}[00m
2026-10-06 17:07:41.853 2483880 DEBUG oslo_service.backend._eventlet.service [req-82f57e38-3e06-41e8-a039-5dc27c9d95c9 - - - - - -] backend_defaults.hitachi_use_drs_volumes = False [00;33m{{(pid=2483880) log_opt_values /opt/stack/data/venv/lib/python3.12/site-packages/oslo_config/cfg.py:3560}}[00m
2026-10-06 17:07:41.854 2483880 DEBUG oslo_service.backend._eventlet.service [req-82f57e38-3e06-41e8-a039-5dc27c9d95c9 - - - - - -] backend_defaults.hitachi_vcp_delete_sleep_interval = 3 [00;33m{{(pid=2483880) log_opt_values /opt/stack/data/venv/lib/python3.12/site-packages/oslo_config/cfg.py:3560}}[00m
2026-10-06 17:07:41.854 2483880 DEBUG oslo_service.backend._eventlet.service [req-82f57e38-3e06-41e8-a039-5dc27c9d95c9 - - - - - -] backend_defaults.hitachi_vcp_delete_timeout = 120 [00;33m{{(pid=2483880) log_opt_values /opt/stack/data/venv/lib/python3.12/site-packages/oslo_config/cfg.py:3560}}[00m
2026-10-06 17:07:41.854 2483880 DEBUG oslo_service.backend._eventlet.service [req-82f57e38-3e06-41e8-a039-5dc27c9d95c9 - - - - - -] backend_defaults.image_upload_use_cinder_backend = False [00;33m{{(pid=2483880) log_opt_values /opt/stack/data/venv/lib/python3.12/site-packages/oslo_config/cfg.py:3560}}[00m
2026-10-06 17:07:41.854 2483880 DEBUG oslo_service.backend._eventlet.service [req-82f57e38-3e06-41e8-a039-5dc27c9d95c9 - - - - - -] backend_defaults.image_upload_use_internal_tenant = False [00;33m{{(pid=2483880) log_opt_values /opt/stack/data/venv/lib/python3.12/site-packages/oslo_config/cfg.py:3560}}[00m
2026-10-06 17:07:41.854 2483880 DEBUG oslo_service.backend._eventlet.service [req-82f57e38-3e06-41e8-a039-5dc27c9d95c9 - - - - - -] backend_defaults.image_volume_cache_enabled = False [00;33m{{(pid=2483880) log_opt_values /opt/stack/data/venv/lib/python3.12/site-packages/oslo_config/cfg.py:3560}}[00m
2026-10-06 17:07:41.854 2483880 DEBUG oslo_service.backend._eventlet.service [req-82f57e38-3e06-41e8-a039-5dc27c9d95c9 - - - - - -] backend_defaults.image_volume_cache_max_count = 0 [00;33m{{(pid=2483880) log_opt_values /opt/stack/data/venv/lib/python3.12/site-packages/oslo_config/cfg.py:3560}}[00m
2026-10-06 17:07:41.854 2483880 DEBUG oslo_service.backend._eventlet.service [req-82f57e38-3e06-41e8-a039-5dc27c9d95c9 - - - - - -] backend_defaults.image_volume_cache_max_size_gb = 0 [00;33m{{(pid=2483880) log_opt_values /opt/stack/data/venv/lib/python3.12/site-packages/oslo_config/cfg.py:3560}}[00m
2026-10-06 17:07:41.854 2483880 DEBUG oslo_service.backend._eventlet.service [req-82f57e38-3e06-41e8-a039-5dc27c9d95c9 - - - - - -] backend_defaults.iscsi_target_flags =  [00;33m{{(pid=2483880) log_opt_values /opt/stack/data/venv/lib/python3.12/site-packages/oslo_config/cfg.py:3560}}[00m
2026-10-06 17:07:41.854 2483880 DEBUG oslo_service.backend._eventlet.service [req-82f57e38-3e06-41e8-a039-5dc27c9d95c9 - - - - - -] backend_defaults.iscsi_write_cache = on [00;33m{{(pid=2483880) log_opt_values /opt/stack/data/venv/lib/python3.12/site-packages/oslo_config/cfg.py:3560}}[00m
2026-10-06 17:07:41.854 2483880 DEBUG oslo_service.backend._eventlet.service [req-82f57e38-3e06-41e8-a039-5dc27c9d95c9 - - - - - -] backend_defaults.iser_helper   = tgtadm [00;33m{{(pid=2483880) log_opt_values /opt/stack/data/venv/lib/python3.12/site-packages/oslo_config/cfg.py:3560}}[00m
2026-10-06 17:07:41.854 2483880 DEBUG oslo_service.backend._eventlet.service [req-82f57e38-3e06-41e8-a039-5dc27c9d95c9 - - - - - -] backend_defaults.iser_ip_address = 172.25.92.210 [00;33m{{(pid=2483880) log_opt_values /opt/stack/data/venv/lib/python3.12/site-packages/oslo_config/cfg.py:3560}}[00m
2026-10-06 17:07:41.855 2483880 DEBUG oslo_service.backend._eventlet.service [req-82f57e38-3e06-41e8-a039-5dc27c9d95c9 - - - - - -] backend_defaults.iser_port     = 3260 [00;33m{{(pid=2483880) log_opt_values /opt/stack/data/venv/lib/python3.12/site-packages/oslo_config/cfg.py:3560}}[00m
2026-10-06 17:07:41.855 2483880 DEBUG oslo_service.backend._eventlet.service [req-82f57e38-3e06-41e8-a039-5dc27c9d95c9 - - - - - -] backend_defaults.iser_target_prefix = iqn.2010-10.org.openstack: [00;33m{{(pid=2483880) log_opt_values /opt/stack/data/venv/lib/python3.12/site-packages/oslo_config/cfg.py:3560}}[00m
2026-10-06 17:07:41.855 2483880 DEBUG oslo_service.backend._eventlet.service [req-82f57e38-3e06-41e8-a039-5dc27c9d95c9 - - - - - -] backend_defaults.max_over_subscription_ratio = 20.0 [00;33m{{(pid=2483880) log_opt_values /opt/stack/data/venv/lib/python3.12/site-packages/oslo_config/cfg.py:3560}}[00m
2026-10-06 17:07:41.855 2483880 DEBUG oslo_service.backend._eventlet.service [req-82f57e38-3e06-41e8-a039-5dc27c9d95c9 - - - - - -] backend_defaults.num_iser_scan_tries = 3 [00;33m{{(pid=2483880) log_opt_values /opt/stack/data/venv/lib/python3.12/site-packages/oslo_config/cfg.py:3560}}[00m
2026-10-06 17:07:41.855 2483880 DEBUG oslo_service.backend._eventlet.service [req-82f57e38-3e06-41e8-a039-5dc27c9d95c9 - - - - - -] backend_defaults.num_shell_tries = 3 [00;33m{{(pid=2483880) log_opt_values /opt/stack/data/venv/lib/python3.12/site-packages/oslo_config/cfg.py:3560}}[00m
2026-10-06 17:07:41.855 2483880 DEBUG oslo_service.backend._eventlet.service [req-82f57e38-3e06-41e8-a039-5dc27c9d95c9 - - - - - -] backend_defaults.num_volume_device_scan_tries = 3 [00;33m{{(pid=2483880) log_opt_values /opt/stack/data/venv/lib/python3.12/site-packages/oslo_config/cfg.py:3560}}[00m
2026-10-06 17:07:41.855 2483880 DEBUG oslo_service.backend._eventlet.service [req-82f57e38-3e06-41e8-a039-5dc27c9d95c9 - - - - - -] backend_defaults.nvmeof_conn_info_version = 1 [00;33m{{(pid=2483880) log_opt_values /opt/stack/data/venv/lib/python3.12/site-packages/oslo_config/cfg.py:3560}}[00m
2026-10-06 17:07:41.855 2483880 DEBUG oslo_service.backend._eventlet.service [req-82f57e38-3e06-41e8-a039-5dc27c9d95c9 - - - - - -] backend_defaults.nvmet_ns_id   = 10 [00;33m{{(pid=2483880) log_opt_values /opt/stack/data/venv/lib/python3.12/site-packages/oslo_config/cfg.py:3560}}[00m
2026-10-06 17:07:41.855 2483880 DEBUG oslo_service.backend._eventlet.service [req-82f57e38-3e06-41e8-a039-5dc27c9d95c9 - - - - - -] backend_defaults.nvmet_port_id = 1 [00;33m{{(pid=2483880) log_opt_values /opt/stack/data/venv/lib/python3.12/site-packages/oslo_config/cfg.py:3560}}[00m
2026-10-06 17:07:41.855 2483880 DEBUG oslo_service.backend._eventlet.service [req-82f57e38-3e06-41e8-a039-5dc27c9d95c9 - - - - - -] backend_defaults.replication_device = **** [00;33m{{(pid=2483880) log_opt_values /opt/stack/data/venv/lib/python3.12/site-packages/oslo_config/cfg.py:3560}}[00m
2026-10-06 17:07:41.855 2483880 DEBUG oslo_service.backend._eventlet.service [req-82f57e38-3e06-41e8-a039-5dc27c9d95c9 - - - - - -] backend_defaults.report_discard_supported = False [00;33m{{(pid=2483880) log_opt_values /opt/stack/data/venv/lib/python3.12/site-packages/oslo_config/cfg.py:3560}}[00m
2026-10-06 17:07:41.855 2483880 DEBUG oslo_service.backend._eventlet.service [req-82f57e38-3e06-41e8-a039-5dc27c9d95c9 - - - - - -] backend_defaults.reserved_percentage = 0 [00;33m{{(pid=2483880) log_opt_values /opt/stack/data/venv/lib/python3.12/site-packages/oslo_config/cfg.py:3560}}[00m
2026-10-06 17:07:41.856 2483880 DEBUG oslo_service.backend._eventlet.service [req-82f57e38-3e06-41e8-a039-5dc27c9d95c9 - - - - - -] backend_defaults.san_api_port  = None [00;33m{{(pid=2483880) log_opt_values /opt/stack/data/venv/lib/python3.12/site-packages/oslo_config/cfg.py:3560}}[00m
2026-10-06 17:07:41.856 2483880 DEBUG oslo_service.backend._eventlet.service [req-82f57e38-3e06-41e8-a039-5dc27c9d95c9 - - - - - -] backend_defaults.san_clustername =  [00;33m{{(pid=2483880) log_opt_values /opt/stack/data/venv/lib/python3.12/site-packages/oslo_config/cfg.py:3560}}[00m
2026-10-06 17:07:41.856 2483880 DEBUG oslo_service.backend._eventlet.service [req-82f57e38-3e06-41e8-a039-5dc27c9d95c9 - - - - - -] backend_defaults.san_ip        =  [00;33m{{(pid=2483880) log_opt_values /opt/stack/data/venv/lib/python3.12/site-packages/oslo_config/cfg.py:3560}}[00m
2026-10-06 17:07:41.856 2483880 DEBUG oslo_service.backend._eventlet.service [req-82f57e38-3e06-41e8-a039-5dc27c9d95c9 - - - - - -] backend_defaults.san_is_local  = False [00;33m{{(pid=2483880) log_opt_values /opt/stack/data/venv/lib/python3.12/site-packages/oslo_config/cfg.py:3560}}[00m
2026-10-06 17:07:41.856 2483880 DEBUG oslo_service.backend._eventlet.service [req-82f57e38-3e06-41e8-a039-5dc27c9d95c9 - - - - - -] backend_defaults.san_login     = admin [00;33m{{(pid=2483880) log_opt_values /opt/stack/data/venv/lib/python3.12/site-packages/oslo_config/cfg.py:3560}}[00m
2026-10-06 17:07:41.856 2483880 DEBUG oslo_service.backend._eventlet.service [req-82f57e38-3e06-41e8-a039-5dc27c9d95c9 - - - - - -] backend_defaults.san_password  = **** [00;33m{{(pid=2483880) log_opt_values /opt/stack/data/venv/lib/python3.12/site-packages/oslo_config/cfg.py:3560}}[00m
2026-10-06 17:07:41.856 2483880 DEBUG oslo_service.backend._eventlet.service [req-82f57e38-3e06-41e8-a039-5dc27c9d95c9 - - - - - -] backend_defaults.san_private_key =  [00;33m{{(pid=2483880) log_opt_values /opt/stack/data/venv/lib/python3.12/site-packages/oslo_config/cfg.py:3560}}[00m
2026-10-06 17:07:41.856 2483880 DEBUG oslo_service.backend._eventlet.service [req-82f57e38-3e06-41e8-a039-5dc27c9d95c9 - - - - - -] backend_defaults.san_ssh_port  = 22 [00;33m{{(pid=2483880) log_opt_values /opt/stack/data/venv/lib/python3.12/site-packages/oslo_config/cfg.py:3560}}[00m
2026-10-06 17:07:41.856 2483880 DEBUG oslo_service.backend._eventlet.service [req-82f57e38-3e06-41e8-a039-5dc27c9d95c9 - - - - - -] backend_defaults.san_thin_provision = True [00;33m{{(pid=2483880) log_opt_values /opt/stack/data/venv/lib/python3.12/site-packages/oslo_config/cfg.py:3560}}[00m
2026-10-06 17:07:41.856 2483880 DEBUG oslo_service.backend._eventlet.service [req-82f57e38-3e06-41e8-a039-5dc27c9d95c9 - - - - - -] backend_defaults.scst_target_driver = iscsi [00;33m{{(pid=2483880) log_opt_values /opt/stack/data/venv/lib/python3.12/site-packages/oslo_config/cfg.py:3560}}[00m
2026-10-06 17:07:41.856 2483880 DEBUG oslo_service.backend._eventlet.service [req-82f57e38-3e06-41e8-a039-5dc27c9d95c9 - - - - - -] backend_defaults.scst_target_iqn_name = None [00;33m{{(pid=2483880) log_opt_values /opt/stack/data/venv/lib/python3.12/site-packages/oslo_config/cfg.py:3560}}[00m
2026-10-06 17:07:41.856 2483880 DEBUG oslo_service.backend._eventlet.service [req-82f57e38-3e06-41e8-a039-5dc27c9d95c9 - - - - - -] backend_defaults.ssh_conn_timeout = 30 [00;33m{{(pid=2483880) log_opt_values /opt/stack/data/venv/lib/python3.12/site-packages/oslo_config/cfg.py:3560}}[00m
2026-10-06 17:07:41.857 2483880 DEBUG oslo_service.backend._eventlet.service [req-82f57e38-3e06-41e8-a039-5dc27c9d95c9 - - - - - -] backend_defaults.ssh_max_pool_conn = 5 [00;33m{{(pid=2483880) log_opt_values /opt/stack/data/venv/lib/python3.12/site-packages/oslo_config/cfg.py:3560}}[00m
2026-10-06 17:07:41.857 2483880 DEBUG oslo_service.backend._eventlet.service [req-82f57e38-3e06-41e8-a039-5dc27c9d95c9 - - - - - -] backend_defaults.ssh_min_pool_conn = 1 [00;33m{{(pid=2483880) log_opt_values /opt/stack/data/venv/lib/python3.12/site-packages/oslo_config/cfg.py:3560}}[00m
2026-10-06 17:07:41.857 2483880 DEBUG oslo_service.backend._eventlet.service [req-82f57e38-3e06-41e8-a039-5dc27c9d95c9 - - - - - -] backend_defaults.storage_protocol = iSCSI [00;33m{{(pid=2483880) log_opt_values /opt/stack/data/venv/lib/python3.12/site-packages/oslo_config/cfg.py:3560}}[00m
2026-10-06 17:07:41.857 2483880 DEBUG oslo_service.backend._eventlet.service [req-82f57e38-3e06-41e8-a039-5dc27c9d95c9 - - - - - -] backend_defaults.suppress_requests_ssl_warnings = False [00;33m{{(pid=2483880) log_opt_values /opt/stack/data/venv/lib/python3.12/site-packages/oslo_config/cfg.py:3560}}[00m
2026-10-06 17:07:41.857 2483880 DEBUG oslo_service.backend._eventlet.service [req-82f57e38-3e06-41e8-a039-5dc27c9d95c9 - - - - - -] backend_defaults.target_helper = tgtadm [00;33m{{(pid=2483880) log_opt_values /opt/stack/data/venv/lib/python3.12/site-packages/oslo_config/cfg.py:3560}}[00m
2026-10-06 17:07:41.857 2483880 DEBUG oslo_service.backend._eventlet.service [req-82f57e38-3e06-41e8-a039-5dc27c9d95c9 - - - - - -] backend_defaults.target_ip_address = 172.25.92.210 [00;33m{{(pid=2483880) log_opt_values /opt/stack/data/venv/lib/python3.12/site-packages/oslo_config/cfg.py:3560}}[00m
2026-10-06 17:07:41.857 2483880 DEBUG oslo_service.backend._eventlet.service [req-82f57e38-3e06-41e8-a039-5dc27c9d95c9 - - - - - -] backend_defaults.target_port   = 3260 [00;33m{{(pid=2483880) log_opt_values /opt/stack/data/venv/lib/python3.12/site-packages/oslo_config/cfg.py:3560}}[00m
2026-10-06 17:07:41.857 2483880 DEBUG oslo_service.backend._eventlet.service [req-82f57e38-3e06-41e8-a039-5dc27c9d95c9 - - - - - -] backend_defaults.target_prefix = iqn.2010-10.org.openstack: [00;33m{{(pid=2483880) log_opt_values /opt/stack/data/venv/lib/python3.12/site-packages/oslo_config/cfg.py:3560}}[00m
2026-10-06 17:07:41.857 2483880 DEBUG oslo_service.backend._eventlet.service [req-82f57e38-3e06-41e8-a039-5dc27c9d95c9 - - - - - -] backend_defaults.target_protocol = iscsi [00;33m{{(pid=2483880) log_opt_values /opt/stack/data/venv/lib/python3.12/site-packages/oslo_config/cfg.py:3560}}[00m
2026-10-06 17:07:41.857 2483880 DEBUG oslo_service.backend._eventlet.service [req-82f57e38-3e06-41e8-a039-5dc27c9d95c9 - - - - - -] backend_defaults.target_secondary_ip_addresses = [] [00;33m{{(pid=2483880) log_opt_values /opt/stack/data/venv/lib/python3.12/site-packages/oslo_config/cfg.py:3560}}[00m
2026-10-06 17:07:41.857 2483880 DEBUG oslo_service.backend._eventlet.service [req-82f57e38-3e06-41e8-a039-5dc27c9d95c9 - - - - - -] backend_defaults.trace_flags   = None [00;33m{{(pid=2483880) log_opt_values /opt/stack/data/venv/lib/python3.12/site-packages/oslo_config/cfg.py:3560}}[00m
2026-10-06 17:07:41.857 2483880 DEBUG oslo_service.backend._eventlet.service [req-82f57e38-3e06-41e8-a039-5dc27c9d95c9 - - - - - -] backend_defaults.unique_fqdn_network = True [00;33m{{(pid=2483880) log_opt_values /opt/stack/data/venv/lib/python3.12/site-packages/oslo_config/cfg.py:3560}}[00m
2026-10-06 17:07:41.858 2483880 DEBUG oslo_service.backend._eventlet.service [req-82f57e38-3e06-41e8-a039-5dc27c9d95c9 - - - - - -] backend_defaults.use_chap_auth = False [00;33m{{(pid=2483880) log_opt_values /opt/stack/data/venv/lib/python3.12/site-packages/oslo_config/cfg.py:3560}}[00m
2026-10-06 17:07:41.858 2483880 DEBUG oslo_service.backend._eventlet.service [req-82f57e38-3e06-41e8-a039-5dc27c9d95c9 - - - - - -] backend_defaults.use_multipath_for_image_xfer = False [00;33m{{(pid=2483880) log_opt_values /opt/stack/data/venv/lib/python3.12/site-packages/oslo_config/cfg.py:3560}}[00m
2026-10-06 17:07:41.858 2483880 DEBUG oslo_service.backend._eventlet.service [req-82f57e38-3e06-41e8-a039-5dc27c9d95c9 - - - - - -] backend_defaults.volume_backend_name = None [00;33m{{(pid=2483880) log_opt_values /opt/stack/data/venv/lib/python3.12/site-packages/oslo_config/cfg.py:3560}}[00m
2026-10-06 17:07:41.858 2483880 DEBUG oslo_service.backend._eventlet.service [req-82f57e38-3e06-41e8-a039-5dc27c9d95c9 - - - - - -] backend_defaults.volume_clear  = zero [00;33m{{(pid=2483880) log_opt_values /opt/stack/data/venv/lib/python3.12/site-packages/oslo_config/cfg.py:3560}}[00m
2026-10-06 17:07:41.858 2483880 DEBUG oslo_service.backend._eventlet.service [req-82f57e38-3e06-41e8-a039-5dc27c9d95c9 - - - - - -] backend_defaults.volume_clear_ionice = None [00;33m{{(pid=2483880) log_opt_values /opt/stack/data/venv/lib/python3.12/site-packages/oslo_config/cfg.py:3560}}[00m
2026-10-06 17:07:41.858 2483880 DEBUG oslo_service.backend._eventlet.service [req-82f57e38-3e06-41e8-a039-5dc27c9d95c9 - - - - - -] backend_defaults.volume_clear_size = 0 [00;33m{{(pid=2483880) log_opt_values /opt/stack/data/venv/lib/python3.12/site-packages/oslo_config/cfg.py:3560}}[00m
2026-10-06 17:07:41.858 2483880 DEBUG oslo_service.backend._eventlet.service [req-82f57e38-3e06-41e8-a039-5dc27c9d95c9 - - - - - -] backend_defaults.volume_copy_blkio_cgroup_name = cinder-volume-copy [00;33m{{(pid=2483880) log_opt_values /opt/stack/data/venv/lib/python3.12/site-packages/oslo_config/cfg.py:3560}}[00m
2026-10-06 17:07:41.858 2483880 DEBUG oslo_service.backend._eventlet.service [req-82f57e38-3e06-41e8-a039-5dc27c9d95c9 - - - - - -] backend_defaults.volume_copy_bps_limit = 0 [00;33m{{(pid=2483880) log_opt_values /opt/stack/data/venv/lib/python3.12/site-packages/oslo_config/cfg.py:3560}}[00m
2026-10-06 17:07:41.858 2483880 DEBUG oslo_service.backend._eventlet.service [req-82f57e38-3e06-41e8-a039-5dc27c9d95c9 - - - - - -] backend_defaults.volume_dd_blocksize = 1M [00;33m{{(pid=2483880) log_opt_values /opt/stack/data/venv/lib/python3.12/site-packages/oslo_config/cfg.py:3560}}[00m
2026-10-06 17:07:41.858 2483880 DEBUG oslo_service.backend._eventlet.service [req-82f57e38-3e06-41e8-a039-5dc27c9d95c9 - - - - - -] backend_defaults.volume_driver = cinder.volume.drivers.lvm.LVMVolumeDriver [00;33m{{(pid=2483880) log_opt_values /opt/stack/data/venv/lib/python3.12/site-packages/oslo_config/cfg.py:3560}}[00m
2026-10-06 17:07:41.858 2483880 DEBUG oslo_service.backend._eventlet.service [req-82f57e38-3e06-41e8-a039-5dc27c9d95c9 - - - - - -] backend_defaults.volumes_dir   = /opt/stack/data/cinder/volumes [00;33m{{(pid=2483880) log_opt_values /opt/stack/data/venv/lib/python3.12/site-packages/oslo_config/cfg.py:3560}}[00m
2026-10-06 17:07:41.858 2483880 DEBUG oslo_service.backend._eventlet.service [req-82f57e38-3e06-41e8-a039-5dc27c9d95c9 - - - - - -] oslo_reports.file_event_handler = None [00;33m{{(pid=2483880) log_opt_values /opt/stack/data/venv/lib/python3.12/site-packages/oslo_config/cfg.py:3560}}[00m
2026-10-06 17:07:41.859 2483880 DEBUG oslo_service.backend._eventlet.service [req-82f57e38-3e06-41e8-a039-5dc27c9d95c9 - - - - - -] oslo_reports.file_event_handler_interval = 1 [00;33m{{(pid=2483880) log_opt_values /opt/stack/data/venv/lib/python3.12/site-packages/oslo_config/cfg.py:3560}}[00m
2026-10-06 17:07:41.859 2483880 DEBUG oslo_service.backend._eventlet.service [req-82f57e38-3e06-41e8-a039-5dc27c9d95c9 - - - - - -] oslo_reports.log_dir           = None [00;33m{{(pid=2483880) log_opt_values /opt/stack/data/venv/lib/python3.12/site-packages/oslo_config/cfg.py:3560}}[00m
2026-10-06 17:07:41.859 2483880 DEBUG oslo_service.backend._eventlet.service [req-82f57e38-3e06-41e8-a039-5dc27c9d95c9 - - - - - -] hitachi.backend_availability_zone = None [00;33m{{(pid=2483880) log_opt_values /opt/stack/data/venv/lib/python3.12/site-packages/oslo_config/cfg.py:3560}}[00m
2026-10-06 17:07:41.859 2483880 DEBUG oslo_service.backend._eventlet.service [req-82f57e38-3e06-41e8-a039-5dc27c9d95c9 - - - - - -] hitachi.backend_host           = None [00;33m{{(pid=2483880) log_opt_values /opt/stack/data/venv/lib/python3.12/site-packages/oslo_config/cfg.py:3560}}[00m
2026-10-06 17:07:41.859 2483880 DEBUG oslo_service.backend._eventlet.service [req-82f57e38-3e06-41e8-a039-5dc27c9d95c9 - - - - - -] hitachi.backend_native_threads_pool_size = None [00;33m{{(pid=2483880) log_opt_values /opt/stack/data/venv/lib/python3.12/site-packages/oslo_config/cfg.py:3560}}[00m
2026-10-06 17:07:41.859 2483880 DEBUG oslo_service.backend._eventlet.service [req-82f57e38-3e06-41e8-a039-5dc27c9d95c9 - - - - - -] hitachi.backup_use_temp_snapshot = None [00;33m{{(pid=2483880) log_opt_values /opt/stack/data/venv/lib/python3.12/site-packages/oslo_config/cfg.py:3560}}[00m
2026-10-06 17:07:41.859 2483880 DEBUG oslo_service.backend._eventlet.service [req-82f57e38-3e06-41e8-a039-5dc27c9d95c9 - - - - - -] hitachi.chap_password          = **** [00;33m{{(pid=2483880) log_opt_values /opt/stack/data/venv/lib/python3.12/site-packages/oslo_config/cfg.py:3560}}[00m
2026-10-06 17:07:41.859 2483880 DEBUG oslo_service.backend._eventlet.service [req-82f57e38-3e06-41e8-a039-5dc27c9d95c9 - - - - - -] hitachi.chap_username          = None [00;33m{{(pid=2483880) log_opt_values /opt/stack/data/venv/lib/python3.12/site-packages/oslo_config/cfg.py:3560}}[00m
2026-10-06 17:07:41.859 2483880 DEBUG oslo_service.backend._eventlet.service [req-82f57e38-3e06-41e8-a039-5dc27c9d95c9 - - - - - -] hitachi.chiscsi_conf           = None [00;33m{{(pid=2483880) log_opt_values /opt/stack/data/venv/lib/python3.12/site-packages/oslo_config/cfg.py:3560}}[00m
2026-10-06 17:07:41.859 2483880 DEBUG oslo_service.backend._eventlet.service [req-82f57e38-3e06-41e8-a039-5dc27c9d95c9 - - - - - -] hitachi.disk_geometry          = None [00;33m{{(pid=2483880) log_opt_values /opt/stack/data/venv/lib/python3.12/site-packages/oslo_config/cfg.py:3560}}[00m
2026-10-06 17:07:41.859 2483880 DEBUG oslo_service.backend._eventlet.service [req-82f57e38-3e06-41e8-a039-5dc27c9d95c9 - - - - - -] hitachi.driver_client_cert     = None [00;33m{{(pid=2483880) log_opt_values /opt/stack/data/venv/lib/python3.12/site-packages/oslo_config/cfg.py:3560}}[00m
2026-10-06 17:07:41.859 2483880 DEBUG oslo_service.backend._eventlet.service [req-82f57e38-3e06-41e8-a039-5dc27c9d95c9 - - - - - -] hitachi.driver_client_cert_key = None [00;33m{{(pid=2483880) log_opt_values /opt/stack/data/venv/lib/python3.12/site-packages/oslo_config/cfg.py:3560}}[00m
2026-10-06 17:07:41.860 2483880 DEBUG oslo_service.backend._eventlet.service [req-82f57e38-3e06-41e8-a039-5dc27c9d95c9 - - - - - -] hitachi.driver_data_namespace  = None [00;33m{{(pid=2483880) log_opt_values /opt/stack/data/venv/lib/python3.12/site-packages/oslo_config/cfg.py:3560}}[00m
2026-10-06 17:07:41.860 2483880 DEBUG oslo_service.backend._eventlet.service [req-82f57e38-3e06-41e8-a039-5dc27c9d95c9 - - - - - -] hitachi.driver_ssl_cert_path   = None [00;33m{{(pid=2483880) log_opt_values /opt/stack/data/venv/lib/python3.12/site-packages/oslo_config/cfg.py:3560}}[00m
2026-10-06 17:07:41.860 2483880 DEBUG oslo_service.backend._eventlet.service [req-82f57e38-3e06-41e8-a039-5dc27c9d95c9 - - - - - -] hitachi.driver_ssl_cert_verify = None [00;33m{{(pid=2483880) log_opt_values /opt/stack/data/venv/lib/python3.12/site-packages/oslo_config/cfg.py:3560}}[00m
2026-10-06 17:07:41.860 2483880 DEBUG oslo_service.backend._eventlet.service [req-82f57e38-3e06-41e8-a039-5dc27c9d95c9 - - - - - -] hitachi.driver_use_ssl         = None [00;33m{{(pid=2483880) log_opt_values /opt/stack/data/venv/lib/python3.12/site-packages/oslo_config/cfg.py:3560}}[00m
2026-10-06 17:07:41.860 2483880 DEBUG oslo_service.backend._eventlet.service [req-82f57e38-3e06-41e8-a039-5dc27c9d95c9 - - - - - -] hitachi.enable_unsupported_driver = None [00;33m{{(pid=2483880) log_opt_values /opt/stack/data/venv/lib/python3.12/site-packages/oslo_config/cfg.py:3560}}[00m
2026-10-06 17:07:41.860 2483880 DEBUG oslo_service.backend._eventlet.service [req-82f57e38-3e06-41e8-a039-5dc27c9d95c9 - - - - - -] hitachi.enforce_multipath_for_image_xfer = False [00;33m{{(pid=2483880) log_opt_values /opt/stack/data/venv/lib/python3.12/site-packages/oslo_config/cfg.py:3560}}[00m
2026-10-06 17:07:41.860 2483880 DEBUG oslo_service.backend._eventlet.service [req-82f57e38-3e06-41e8-a039-5dc27c9d95c9 - - - - - -] hitachi.extra_capabilities     = None [00;33m{{(pid=2483880) log_opt_values /opt/stack/data/venv/lib/python3.12/site-packages/oslo_config/cfg.py:3560}}[00m
2026-10-06 17:07:41.860 2483880 DEBUG oslo_service.backend._eventlet.service [req-82f57e38-3e06-41e8-a039-5dc27c9d95c9 - - - - - -] hitachi.filter_function        = None [00;33m{{(pid=2483880) log_opt_values /opt/stack/data/venv/lib/python3.12/site-packages/oslo_config/cfg.py:3560}}[00m
2026-10-06 17:07:41.860 2483880 DEBUG oslo_service.backend._eventlet.service [req-82f57e38-3e06-41e8-a039-5dc27c9d95c9 - - - - - -] hitachi.goodness_function      = None [00;33m{{(pid=2483880) log_opt_values /opt/stack/data/venv/lib/python3.12/site-packages/oslo_config/cfg.py:3560}}[00m
2026-10-06 17:07:41.860 2483880 DEBUG oslo_service.backend._eventlet.service [req-82f57e38-3e06-41e8-a039-5dc27c9d95c9 - - - - - -] hitachi.hitachi_async_copy_check_interval = None [00;33m{{(pid=2483880) log_opt_values /opt/stack/data/venv/lib/python3.12/site-packages/oslo_config/cfg.py:3560}}[00m
2026-10-06 17:07:41.860 2483880 DEBUG oslo_service.backend._eventlet.service [req-82f57e38-3e06-41e8-a039-5dc27c9d95c9 - - - - - -] hitachi.hitachi_compute_target_ports = None [00;33m{{(pid=2483880) log_opt_values /opt/stack/data/venv/lib/python3.12/site-packages/oslo_config/cfg.py:3560}}[00m
2026-10-06 17:07:41.860 2483880 DEBUG oslo_service.backend._eventlet.service [req-82f57e38-3e06-41e8-a039-5dc27c9d95c9 - - - - - -] hitachi.hitachi_copy_check_interval = None [00;33m{{(pid=2483880) log_opt_values /opt/stack/data/venv/lib/python3.12/site-packages/oslo_config/cfg.py:3560}}[00m
2026-10-06 17:07:41.861 2483880 DEBUG oslo_service.backend._eventlet.service [req-82f57e38-3e06-41e8-a039-5dc27c9d95c9 - - - - - -] hitachi.hitachi_copy_speed     = 15 [00;33m{{(pid=2483880) log_opt_values /opt/stack/data/venv/lib/python3.12/site-packages/oslo_config/cfg.py:3560}}[00m
2026-10-06 17:07:41.861 2483880 DEBUG oslo_service.backend._eventlet.service [req-82f57e38-3e06-41e8-a039-5dc27c9d95c9 - - - - - -] hitachi.hitachi_csv_delete_timeout = None [00;33m{{(pid=2483880) log_opt_values /opt/stack/data/venv/lib/python3.12/site-packages/oslo_config/cfg.py:3560}}[00m
2026-10-06 17:07:41.861 2483880 DEBUG oslo_service.backend._eventlet.service [req-82f57e38-3e06-41e8-a039-5dc27c9d95c9 - - - - - -] hitachi.hitachi_discard_zero_page = None [00;33m{{(pid=2483880) log_opt_values /opt/stack/data/venv/lib/python3.12/site-packages/oslo_config/cfg.py:3560}}[00m
2026-10-06 17:07:41.861 2483880 DEBUG oslo_service.backend._eventlet.service [req-82f57e38-3e06-41e8-a039-5dc27c9d95c9 - - - - - -] hitachi.hitachi_drs_default_csv = None [00;33m{{(pid=2483880) log_opt_values /opt/stack/data/venv/lib/python3.12/site-packages/oslo_config/cfg.py:3560}}[00m
2026-10-06 17:07:41.861 2483880 DEBUG oslo_service.backend._eventlet.service [req-82f57e38-3e06-41e8-a039-5dc27c9d95c9 - - - - - -] hitachi.hitachi_exec_retry_interval = None [00;33m{{(pid=2483880) log_opt_values /opt/stack/data/venv/lib/python3.12/site-packages/oslo_config/cfg.py:3560}}[00m
2026-10-06 17:07:41.861 2483880 DEBUG oslo_service.backend._eventlet.service [req-82f57e38-3e06-41e8-a039-5dc27c9d95c9 - - - - - -] hitachi.hitachi_extend_snapshot_volumes = True [00;33m{{(pid=2483880) log_opt_values /opt/stack/data/venv/lib/python3.12/site-packages/oslo_config/cfg.py:3560}}[00m
2026-10-06 17:07:41.861 2483880 DEBUG oslo_service.backend._eventlet.service [req-82f57e38-3e06-41e8-a039-5dc27c9d95c9 - - - - - -] hitachi.hitachi_extend_timeout = None [00;33m{{(pid=2483880) log_opt_values /opt/stack/data/venv/lib/python3.12/site-packages/oslo_config/cfg.py:3560}}[00m
2026-10-06 17:07:41.861 2483880 DEBUG oslo_service.backend._eventlet.service [req-82f57e38-3e06-41e8-a039-5dc27c9d95c9 - - - - - -] hitachi.hitachi_group_create   = True [00;33m{{(pid=2483880) log_opt_values /opt/stack/data/venv/lib/python3.12/site-packages/oslo_config/cfg.py:3560}}[00m
2026-10-06 17:07:41.861 2483880 DEBUG oslo_service.backend._eventlet.service [req-82f57e38-3e06-41e8-a039-5dc27c9d95c9 - - - - - -] hitachi.hitachi_group_delete   = None [00;33m{{(pid=2483880) log_opt_values /opt/stack/data/venv/lib/python3.12/site-packages/oslo_config/cfg.py:3560}}[00m
2026-10-06 17:07:41.861 2483880 DEBUG oslo_service.backend._eventlet.service [req-82f57e38-3e06-41e8-a039-5dc27c9d95c9 - - - - - -] hitachi.hitachi_group_name_format = None [00;33m{{(pid=2483880) log_opt_values /opt/stack/data/venv/lib/python3.12/site-packages/oslo_config/cfg.py:3560}}[00m
2026-10-06 17:07:41.861 2483880 DEBUG oslo_service.backend._eventlet.service [req-82f57e38-3e06-41e8-a039-5dc27c9d95c9 - - - - - -] hitachi.hitachi_host_mode_options = [91, 68, 88, 122, 131, 7, 54, 63] [00;33m{{(pid=2483880) log_opt_values /opt/stack/data/venv/lib/python3.12/site-packages/oslo_config/cfg.py:3560}}[00m
2026-10-06 17:07:41.861 2483880 DEBUG oslo_service.backend._eventlet.service [req-82f57e38-3e06-41e8-a039-5dc27c9d95c9 - - - - - -] hitachi.hitachi_ldev_range     = 22000-29399 [00;33m{{(pid=2483880) log_opt_values /opt/stack/data/venv/lib/python3.12/site-packages/oslo_config/cfg.py:3560}}[00m
2026-10-06 17:07:41.862 2483880 DEBUG oslo_service.backend._eventlet.service [req-82f57e38-3e06-41e8-a039-5dc27c9d95c9 - - - - - -] hitachi.hitachi_lock_timeout   = None [00;33m{{(pid=2483880) log_opt_values /opt/stack/data/venv/lib/python3.12/site-packages/oslo_config/cfg.py:3560}}[00m
2026-10-06 17:07:41.862 2483880 DEBUG oslo_service.backend._eventlet.service [req-82f57e38-3e06-41e8-a039-5dc27c9d95c9 - - - - - -] hitachi.hitachi_lun_retry_interval = None [00;33m{{(pid=2483880) log_opt_values /opt/stack/data/venv/lib/python3.12/site-packages/oslo_config/cfg.py:3560}}[00m
2026-10-06 17:07:41.862 2483880 DEBUG oslo_service.backend._eventlet.service [req-82f57e38-3e06-41e8-a039-5dc27c9d95c9 - - - - - -] hitachi.hitachi_lun_timeout    = None [00;33m{{(pid=2483880) log_opt_values /opt/stack/data/venv/lib/python3.12/site-packages/oslo_config/cfg.py:3560}}[00m
2026-10-06 17:07:41.862 2483880 DEBUG oslo_service.backend._eventlet.service [req-82f57e38-3e06-41e8-a039-5dc27c9d95c9 - - - - - -] hitachi.hitachi_manage_drs_volumes = None [00;33m{{(pid=2483880) log_opt_values /opt/stack/data/venv/lib/python3.12/site-packages/oslo_config/cfg.py:3560}}[00m
2026-10-06 17:07:41.862 2483880 DEBUG oslo_service.backend._eventlet.service [req-82f57e38-3e06-41e8-a039-5dc27c9d95c9 - - - - - -] hitachi.hitachi_mirror_compute_target_ports = None [00;33m{{(pid=2483880) log_opt_values /opt/stack/data/venv/lib/python3.12/site-packages/oslo_config/cfg.py:3560}}[00m
2026-10-06 17:07:41.862 2483880 DEBUG oslo_service.backend._eventlet.service [req-82f57e38-3e06-41e8-a039-5dc27c9d95c9 - - - - - -] hitachi.hitachi_mirror_ldev_range = None [00;33m{{(pid=2483880) log_opt_values /opt/stack/data/venv/lib/python3.12/site-packages/oslo_config/cfg.py:3560}}[00m
2026-10-06 17:07:41.862 2483880 DEBUG oslo_service.backend._eventlet.service [req-82f57e38-3e06-41e8-a039-5dc27c9d95c9 - - - - - -] hitachi.hitachi_mirror_pair_target_number = None [00;33m{{(pid=2483880) log_opt_values /opt/stack/data/venv/lib/python3.12/site-packages/oslo_config/cfg.py:3560}}[00m
2026-10-06 17:07:41.862 2483880 DEBUG oslo_service.backend._eventlet.service [req-82f57e38-3e06-41e8-a039-5dc27c9d95c9 - - - - - -] hitachi.hitachi_mirror_pool    = None [00;33m{{(pid=2483880) log_opt_values /opt/stack/data/venv/lib/python3.12/site-packages/oslo_config/cfg.py:3560}}[00m
2026-10-06 17:07:41.862 2483880 DEBUG oslo_service.backend._eventlet.service [req-82f57e38-3e06-41e8-a039-5dc27c9d95c9 - - - - - -] hitachi.hitachi_mirror_snap_pool = None [00;33m{{(pid=2483880) log_opt_values /opt/stack/data/venv/lib/python3.12/site-packages/oslo_config/cfg.py:3560}}[00m
2026-10-06 17:07:41.862 2483880 DEBUG oslo_service.backend._eventlet.service [req-82f57e38-3e06-41e8-a039-5dc27c9d95c9 - - - - - -] hitachi.hitachi_mirror_storage_id = None [00;33m{{(pid=2483880) log_opt_values /opt/stack/data/venv/lib/python3.12/site-packages/oslo_config/cfg.py:3560}}[00m
2026-10-06 17:07:41.862 2483880 DEBUG oslo_service.backend._eventlet.service [req-82f57e38-3e06-41e8-a039-5dc27c9d95c9 - - - - - -] hitachi.hitachi_mirror_target_ports = None [00;33m{{(pid=2483880) log_opt_values /opt/stack/data/venv/lib/python3.12/site-packages/oslo_config/cfg.py:3560}}[00m
2026-10-06 17:07:41.862 2483880 DEBUG oslo_service.backend._eventlet.service [req-82f57e38-3e06-41e8-a039-5dc27c9d95c9 - - - - - -] hitachi.hitachi_pair_target_number = None [00;33m{{(pid=2483880) log_opt_values /opt/stack/data/venv/lib/python3.12/site-packages/oslo_config/cfg.py:3560}}[00m
2026-10-06 17:07:41.863 2483880 DEBUG oslo_service.backend._eventlet.service [req-82f57e38-3e06-41e8-a039-5dc27c9d95c9 - - - - - -] hitachi.hitachi_pools          = ['snewar_hdp_01'] [00;33m{{(pid=2483880) log_opt_values /opt/stack/data/venv/lib/python3.12/site-packages/oslo_config/cfg.py:3560}}[00m
2026-10-06 17:07:41.863 2483880 DEBUG oslo_service.backend._eventlet.service [req-82f57e38-3e06-41e8-a039-5dc27c9d95c9 - - - - - -] hitachi.hitachi_report_discard_support = None [00;33m{{(pid=2483880) log_opt_values /opt/stack/data/venv/lib/python3.12/site-packages/oslo_config/cfg.py:3560}}[00m
2026-10-06 17:07:41.863 2483880 DEBUG oslo_service.backend._eventlet.service [req-82f57e38-3e06-41e8-a039-5dc27c9d95c9 - - - - - -] hitachi.hitachi_rest_another_ldev_mapped_retry_timeout = None [00;33m{{(pid=2483880) log_opt_values /opt/stack/data/venv/lib/python3.12/site-packages/oslo_config/cfg.py:3560}}[00m
2026-10-06 17:07:41.863 2483880 DEBUG oslo_service.backend._eventlet.service [req-82f57e38-3e06-41e8-a039-5dc27c9d95c9 - - - - - -] hitachi.hitachi_rest_connect_timeout = None [00;33m{{(pid=2483880) log_opt_values /opt/stack/data/venv/lib/python3.12/site-packages/oslo_config/cfg.py:3560}}[00m
2026-10-06 17:07:41.863 2483880 DEBUG oslo_service.backend._eventlet.service [req-82f57e38-3e06-41e8-a039-5dc27c9d95c9 - - - - - -] hitachi.hitachi_rest_disable_io_wait = None [00;33m{{(pid=2483880) log_opt_values /opt/stack/data/venv/lib/python3.12/site-packages/oslo_config/cfg.py:3560}}[00m
2026-10-06 17:07:41.863 2483880 DEBUG oslo_service.backend._eventlet.service [req-82f57e38-3e06-41e8-a039-5dc27c9d95c9 - - - - - -] hitachi.hitachi_rest_get_api_response_timeout = None [00;33m{{(pid=2483880) log_opt_values /opt/stack/data/venv/lib/python3.12/site-packages/oslo_config/cfg.py:3560}}[00m
2026-10-06 17:07:41.863 2483880 DEBUG oslo_service.backend._eventlet.service [req-82f57e38-3e06-41e8-a039-5dc27c9d95c9 - - - - - -] hitachi.hitachi_rest_job_api_response_timeout = None [00;33m{{(pid=2483880) log_opt_values /opt/stack/data/venv/lib/python3.12/site-packages/oslo_config/cfg.py:3560}}[00m
2026-10-06 17:07:41.863 2483880 DEBUG oslo_service.backend._eventlet.service [req-82f57e38-3e06-41e8-a039-5dc27c9d95c9 - - - - - -] hitachi.hitachi_rest_keep_session_loop_interval = None [00;33m{{(pid=2483880) log_opt_values /opt/stack/data/venv/lib/python3.12/site-packages/oslo_config/cfg.py:3560}}[00m
2026-10-06 17:07:41.863 2483880 DEBUG oslo_service.backend._eventlet.service [req-82f57e38-3e06-41e8-a039-5dc27c9d95c9 - - - - - -] hitachi.hitachi_rest_max_request_workers = None [00;33m{{(pid=2483880) log_opt_values /opt/stack/data/venv/lib/python3.12/site-packages/oslo_config/cfg.py:3560}}[00m
2026-10-06 17:07:41.863 2483880 DEBUG oslo_service.backend._eventlet.service [req-82f57e38-3e06-41e8-a039-5dc27c9d95c9 - - - - - -] hitachi.hitachi_rest_pair_target_ports = None [00;33m{{(pid=2483880) log_opt_values /opt/stack/data/venv/lib/python3.12/site-packages/oslo_config/cfg.py:3560}}[00m
2026-10-06 17:07:41.863 2483880 DEBUG oslo_service.backend._eventlet.service [req-82f57e38-3e06-41e8-a039-5dc27c9d95c9 - - - - - -] hitachi.hitachi_rest_server_busy_timeout = None [00;33m{{(pid=2483880) log_opt_values /opt/stack/data/venv/lib/python3.12/site-packages/oslo_config/cfg.py:3560}}[00m
2026-10-06 17:07:41.863 2483880 DEBUG oslo_service.backend._eventlet.service [req-82f57e38-3e06-41e8-a039-5dc27c9d95c9 - - - - - -] hitachi.hitachi_rest_tcp_keepalive = None [00;33m{{(pid=2483880) log_opt_values /opt/stack/data/venv/lib/python3.12/site-packages/oslo_config/cfg.py:3560}}[00m
2026-10-06 17:07:41.863 2483880 DEBUG oslo_service.backend._eventlet.service [req-82f57e38-3e06-41e8-a039-5dc27c9d95c9 - - - - - -] hitachi.hitachi_rest_tcp_keepcnt = None [00;33m{{(pid=2483880) log_opt_values /opt/stack/data/venv/lib/python3.12/site-packages/oslo_config/cfg.py:3560}}[00m
2026-10-06 17:07:41.864 2483880 DEBUG oslo_service.backend._eventlet.service [req-82f57e38-3e06-41e8-a039-5dc27c9d95c9 - - - - - -] hitachi.hitachi_rest_tcp_keepidle = None [00;33m{{(pid=2483880) log_opt_values /opt/stack/data/venv/lib/python3.12/site-packages/oslo_config/cfg.py:3560}}[00m
2026-10-06 17:07:41.864 2483880 DEBUG oslo_service.backend._eventlet.service [req-82f57e38-3e06-41e8-a039-5dc27c9d95c9 - - - - - -] hitachi.hitachi_rest_tcp_keepintvl = None [00;33m{{(pid=2483880) log_opt_values /opt/stack/data/venv/lib/python3.12/site-packages/oslo_config/cfg.py:3560}}[00m
2026-10-06 17:07:41.864 2483880 DEBUG oslo_service.backend._eventlet.service [req-82f57e38-3e06-41e8-a039-5dc27c9d95c9 - - - - - -] hitachi.hitachi_rest_timeout   = None [00;33m{{(pid=2483880) log_opt_values /opt/stack/data/venv/lib/python3.12/site-packages/oslo_config/cfg.py:3560}}[00m
2026-10-06 17:07:41.864 2483880 DEBUG oslo_service.backend._eventlet.service [req-82f57e38-3e06-41e8-a039-5dc27c9d95c9 - - - - - -] hitachi.hitachi_rest_use_object_caching = None [00;33m{{(pid=2483880) log_opt_values /opt/stack/data/venv/lib/python3.12/site-packages/oslo_config/cfg.py:3560}}[00m
2026-10-06 17:07:41.864 2483880 DEBUG oslo_service.backend._eventlet.service [req-82f57e38-3e06-41e8-a039-5dc27c9d95c9 - - - - - -] hitachi.hitachi_restore_timeout = None [00;33m{{(pid=2483880) log_opt_values /opt/stack/data/venv/lib/python3.12/site-packages/oslo_config/cfg.py:3560}}[00m
2026-10-06 17:07:41.864 2483880 DEBUG oslo_service.backend._eventlet.service [req-82f57e38-3e06-41e8-a039-5dc27c9d95c9 - - - - - -] hitachi.hitachi_snap_pool      = None [00;33m{{(pid=2483880) log_opt_values /opt/stack/data/venv/lib/python3.12/site-packages/oslo_config/cfg.py:3560}}[00m
2026-10-06 17:07:41.864 2483880 DEBUG oslo_service.backend._eventlet.service [req-82f57e38-3e06-41e8-a039-5dc27c9d95c9 - - - - - -] hitachi.hitachi_state_transition_timeout = 1800 [00;33m{{(pid=2483880) log_opt_values /opt/stack/data/venv/lib/python3.12/site-packages/oslo_config/cfg.py:3560}}[00m
2026-10-06 17:07:41.864 2483880 DEBUG oslo_service.backend._eventlet.service [req-82f57e38-3e06-41e8-a039-5dc27c9d95c9 - - - - - -] hitachi.hitachi_storage_id     = 938000715036 [00;33m{{(pid=2483880) log_opt_values /opt/stack/data/venv/lib/python3.12/site-packages/oslo_config/cfg.py:3560}}[00m
2026-10-06 17:07:41.864 2483880 DEBUG oslo_service.backend._eventlet.service [req-82f57e38-3e06-41e8-a039-5dc27c9d95c9 - - - - - -] hitachi.hitachi_target_ports   = ['CL1-C'] [00;33m{{(pid=2483880) log_opt_values /opt/stack/data/venv/lib/python3.12/site-packages/oslo_config/cfg.py:3560}}[00m
2026-10-06 17:07:41.864 2483880 DEBUG oslo_service.backend._eventlet.service [req-82f57e38-3e06-41e8-a039-5dc27c9d95c9 - - - - - -] hitachi.hitachi_use_drs_volumes = None [00;33m{{(pid=2483880) log_opt_values /opt/stack/data/venv/lib/python3.12/site-packages/oslo_config/cfg.py:3560}}[00m
2026-10-06 17:07:41.864 2483880 DEBUG oslo_service.backend._eventlet.service [req-82f57e38-3e06-41e8-a039-5dc27c9d95c9 - - - - - -] hitachi.hitachi_vcp_delete_sleep_interval = None [00;33m{{(pid=2483880) log_opt_values /opt/stack/data/venv/lib/python3.12/site-packages/oslo_config/cfg.py:3560}}[00m
2026-10-06 17:07:41.864 2483880 DEBUG oslo_service.backend._eventlet.service [req-82f57e38-3e06-41e8-a039-5dc27c9d95c9 - - - - - -] hitachi.hitachi_vcp_delete_timeout = None [00;33m{{(pid=2483880) log_opt_values /opt/stack/data/venv/lib/python3.12/site-packages/oslo_config/cfg.py:3560}}[00m
2026-10-06 17:07:41.865 2483880 DEBUG oslo_service.backend._eventlet.service [req-82f57e38-3e06-41e8-a039-5dc27c9d95c9 - - - - - -] hitachi.image_upload_use_cinder_backend = None [00;33m{{(pid=2483880) log_opt_values /opt/stack/data/venv/lib/python3.12/site-packages/oslo_config/cfg.py:3560}}[00m
2026-10-06 17:07:41.865 2483880 DEBUG oslo_service.backend._eventlet.service [req-82f57e38-3e06-41e8-a039-5dc27c9d95c9 - - - - - -] hitachi.image_upload_use_internal_tenant = None [00;33m{{(pid=2483880) log_opt_values /opt/stack/data/venv/lib/python3.12/site-packages/oslo_config/cfg.py:3560}}[00m
2026-10-06 17:07:41.865 2483880 DEBUG oslo_service.backend._eventlet.service [req-82f57e38-3e06-41e8-a039-5dc27c9d95c9 - - - - - -] hitachi.image_volume_cache_enabled = False [00;33m{{(pid=2483880) log_opt_values /opt/stack/data/venv/lib/python3.12/site-packages/oslo_config/cfg.py:3560}}[00m
2026-10-06 17:07:41.865 2483880 DEBUG oslo_service.backend._eventlet.service [req-82f57e38-3e06-41e8-a039-5dc27c9d95c9 - - - - - -] hitachi.image_volume_cache_max_count = None [00;33m{{(pid=2483880) log_opt_values /opt/stack/data/venv/lib/python3.12/site-packages/oslo_config/cfg.py:3560}}[00m
2026-10-06 17:07:41.865 2483880 DEBUG oslo_service.backend._eventlet.service [req-82f57e38-3e06-41e8-a039-5dc27c9d95c9 - - - - - -] hitachi.image_volume_cache_max_size_gb = None [00;33m{{(pid=2483880) log_opt_values /opt/stack/data/venv/lib/python3.12/site-packages/oslo_config/cfg.py:3560}}[00m
2026-10-06 17:07:41.865 2483880 DEBUG oslo_service.backend._eventlet.service [req-82f57e38-3e06-41e8-a039-5dc27c9d95c9 - - - - - -] hitachi.iscsi_target_flags     = None [00;33m{{(pid=2483880) log_opt_values /opt/stack/data/venv/lib/python3.12/site-packages/oslo_config/cfg.py:3560}}[00m
2026-10-06 17:07:41.865 2483880 DEBUG oslo_service.backend._eventlet.service [req-82f57e38-3e06-41e8-a039-5dc27c9d95c9 - - - - - -] hitachi.iscsi_write_cache      = None [00;33m{{(pid=2483880) log_opt_values /opt/stack/data/venv/lib/python3.12/site-packages/oslo_config/cfg.py:3560}}[00m
2026-10-06 17:07:41.865 2483880 DEBUG oslo_service.backend._eventlet.service [req-82f57e38-3e06-41e8-a039-5dc27c9d95c9 - - - - - -] hitachi.iser_helper            = None [00;33m{{(pid=2483880) log_opt_values /opt/stack/data/venv/lib/python3.12/site-packages/oslo_config/cfg.py:3560}}[00m
2026-10-06 17:07:41.865 2483880 DEBUG oslo_service.backend._eventlet.service [req-82f57e38-3e06-41e8-a039-5dc27c9d95c9 - - - - - -] hitachi.iser_ip_address        = None [00;33m{{(pid=2483880) log_opt_values /opt/stack/data/venv/lib/python3.12/site-packages/oslo_config/cfg.py:3560}}[00m
2026-10-06 17:07:41.865 2483880 DEBUG oslo_service.backend._eventlet.service [req-82f57e38-3e06-41e8-a039-5dc27c9d95c9 - - - - - -] hitachi.iser_port              = None [00;33m{{(pid=2483880) log_opt_values /opt/stack/data/venv/lib/python3.12/site-packages/oslo_config/cfg.py:3560}}[00m
2026-10-06 17:07:41.865 2483880 DEBUG oslo_service.backend._eventlet.service [req-82f57e38-3e06-41e8-a039-5dc27c9d95c9 - - - - - -] hitachi.iser_target_prefix     = None [00;33m{{(pid=2483880) log_opt_values /opt/stack/data/venv/lib/python3.12/site-packages/oslo_config/cfg.py:3560}}[00m
2026-10-06 17:07:41.865 2483880 DEBUG oslo_service.backend._eventlet.service [req-82f57e38-3e06-41e8-a039-5dc27c9d95c9 - - - - - -] hitachi.max_over_subscription_ratio = 2147483647 [00;33m{{(pid=2483880) log_opt_values /opt/stack/data/venv/lib/python3.12/site-packages/oslo_config/cfg.py:3560}}[00m
2026-10-06 17:07:41.865 2483880 DEBUG oslo_service.backend._eventlet.service [req-82f57e38-3e06-41e8-a039-5dc27c9d95c9 - - - - - -] hitachi.num_iser_scan_tries    = None [00;33m{{(pid=2483880) log_opt_values /opt/stack/data/venv/lib/python3.12/site-packages/oslo_config/cfg.py:3560}}[00m
2026-10-06 17:07:41.866 2483880 DEBUG oslo_service.backend._eventlet.service [req-82f57e38-3e06-41e8-a039-5dc27c9d95c9 - - - - - -] hitachi.num_shell_tries        = None [00;33m{{(pid=2483880) log_opt_values /opt/stack/data/venv/lib/python3.12/site-packages/oslo_config/cfg.py:3560}}[00m
2026-10-06 17:07:41.866 2483880 DEBUG oslo_service.backend._eventlet.service [req-82f57e38-3e06-41e8-a039-5dc27c9d95c9 - - - - - -] hitachi.num_volume_device_scan_tries = 5 [00;33m{{(pid=2483880) log_opt_values /opt/stack/data/venv/lib/python3.12/site-packages/oslo_config/cfg.py:3560}}[00m
2026-10-06 17:07:41.866 2483880 DEBUG oslo_service.backend._eventlet.service [req-82f57e38-3e06-41e8-a039-5dc27c9d95c9 - - - - - -] hitachi.nvmeof_conn_info_version = None [00;33m{{(pid=2483880) log_opt_values /opt/stack/data/venv/lib/python3.12/site-packages/oslo_config/cfg.py:3560}}[00m
2026-10-06 17:07:41.866 2483880 DEBUG oslo_service.backend._eventlet.service [req-82f57e38-3e06-41e8-a039-5dc27c9d95c9 - - - - - -] hitachi.nvmet_ns_id            = None [00;33m{{(pid=2483880) log_opt_values /opt/stack/data/venv/lib/python3.12/site-packages/oslo_config/cfg.py:3560}}[00m
2026-10-06 17:07:41.866 2483880 DEBUG oslo_service.backend._eventlet.service [req-82f57e38-3e06-41e8-a039-5dc27c9d95c9 - - - - - -] hitachi.nvmet_port_id          = None [00;33m{{(pid=2483880) log_opt_values /opt/stack/data/venv/lib/python3.12/site-packages/oslo_config/cfg.py:3560}}[00m
2026-10-06 17:07:41.866 2483880 DEBUG oslo_service.backend._eventlet.service [req-82f57e38-3e06-41e8-a039-5dc27c9d95c9 - - - - - -] hitachi.replication_device     = **** [00;33m{{(pid=2483880) log_opt_values /opt/stack/data/venv/lib/python3.12/site-packages/oslo_config/cfg.py:3560}}[00m
2026-10-06 17:07:41.866 2483880 DEBUG oslo_service.backend._eventlet.service [req-82f57e38-3e06-41e8-a039-5dc27c9d95c9 - - - - - -] hitachi.report_discard_supported = None [00;33m{{(pid=2483880) log_opt_values /opt/stack/data/venv/lib/python3.12/site-packages/oslo_config/cfg.py:3560}}[00m
2026-10-06 17:07:41.866 2483880 DEBUG oslo_service.backend._eventlet.service [req-82f57e38-3e06-41e8-a039-5dc27c9d95c9 - - - - - -] hitachi.reserved_percentage    = None [00;33m{{(pid=2483880) log_opt_values /opt/stack/data/venv/lib/python3.12/site-packages/oslo_config/cfg.py:3560}}[00m
2026-10-06 17:07:41.866 2483880 DEBUG oslo_service.backend._eventlet.service [req-82f57e38-3e06-41e8-a039-5dc27c9d95c9 - - - - - -] hitachi.san_api_port           = 443 [00;33m{{(pid=2483880) log_opt_values /opt/stack/data/venv/lib/python3.12/site-packages/oslo_config/cfg.py:3560}}[00m
2026-10-06 17:07:41.866 2483880 DEBUG oslo_service.backend._eventlet.service [req-82f57e38-3e06-41e8-a039-5dc27c9d95c9 - - - - - -] hitachi.san_clustername        = None [00;33m{{(pid=2483880) log_opt_values /opt/stack/data/venv/lib/python3.12/site-packages/oslo_config/cfg.py:3560}}[00m
2026-10-06 17:07:41.866 2483880 DEBUG oslo_service.backend._eventlet.service [req-82f57e38-3e06-41e8-a039-5dc27c9d95c9 - - - - - -] hitachi.san_ip                 = 172.25.44.127 [00;33m{{(pid=2483880) log_opt_values /opt/stack/data/venv/lib/python3.12/site-packages/oslo_config/cfg.py:3560}}[00m
2026-10-06 17:07:41.866 2483880 DEBUG oslo_service.backend._eventlet.service [req-82f57e38-3e06-41e8-a039-5dc27c9d95c9 - - - - - -] hitachi.san_is_local           = None [00;33m{{(pid=2483880) log_opt_values /opt/stack/data/venv/lib/python3.12/site-packages/oslo_config/cfg.py:3560}}[00m
2026-10-06 17:07:41.866 2483880 DEBUG oslo_service.backend._eventlet.service [req-82f57e38-3e06-41e8-a039-5dc27c9d95c9 - - - - - -] hitachi.san_login              = ucpa [00;33m{{(pid=2483880) log_opt_values /opt/stack/data/venv/lib/python3.12/site-packages/oslo_config/cfg.py:3560}}[00m
2026-10-06 17:07:41.867 2483880 DEBUG oslo_service.backend._eventlet.service [req-82f57e38-3e06-41e8-a039-5dc27c9d95c9 - - - - - -] hitachi.san_password           = **** [00;33m{{(pid=2483880) log_opt_values /opt/stack/data/venv/lib/python3.12/site-packages/oslo_config/cfg.py:3560}}[00m
2026-10-06 17:07:41.867 2483880 DEBUG oslo_service.backend._eventlet.service [req-82f57e38-3e06-41e8-a039-5dc27c9d95c9 - - - - - -] hitachi.san_private_key        = None [00;33m{{(pid=2483880) log_opt_values /opt/stack/data/venv/lib/python3.12/site-packages/oslo_config/cfg.py:3560}}[00m
2026-10-06 17:07:41.867 2483880 DEBUG oslo_service.backend._eventlet.service [req-82f57e38-3e06-41e8-a039-5dc27c9d95c9 - - - - - -] hitachi.san_ssh_port           = None [00;33m{{(pid=2483880) log_opt_values /opt/stack/data/venv/lib/python3.12/site-packages/oslo_config/cfg.py:3560}}[00m
2026-10-06 17:07:41.867 2483880 DEBUG oslo_service.backend._eventlet.service [req-82f57e38-3e06-41e8-a039-5dc27c9d95c9 - - - - - -] hitachi.san_thin_provision     = None [00;33m{{(pid=2483880) log_opt_values /opt/stack/data/venv/lib/python3.12/site-packages/oslo_config/cfg.py:3560}}[00m
2026-10-06 17:07:41.867 2483880 DEBUG oslo_service.backend._eventlet.service [req-82f57e38-3e06-41e8-a039-5dc27c9d95c9 - - - - - -] hitachi.scst_target_driver     = None [00;33m{{(pid=2483880) log_opt_values /opt/stack/data/venv/lib/python3.12/site-packages/oslo_config/cfg.py:3560}}[00m
2026-10-06 17:07:41.867 2483880 DEBUG oslo_service.backend._eventlet.service [req-82f57e38-3e06-41e8-a039-5dc27c9d95c9 - - - - - -] hitachi.scst_target_iqn_name   = None [00;33m{{(pid=2483880) log_opt_values /opt/stack/data/venv/lib/python3.12/site-packages/oslo_config/cfg.py:3560}}[00m
2026-10-06 17:07:41.867 2483880 DEBUG oslo_service.backend._eventlet.service [req-82f57e38-3e06-41e8-a039-5dc27c9d95c9 - - - - - -] hitachi.ssh_conn_timeout       = None [00;33m{{(pid=2483880) log_opt_values /opt/stack/data/venv/lib/python3.12/site-packages/oslo_config/cfg.py:3560}}[00m
2026-10-06 17:07:41.867 2483880 DEBUG oslo_service.backend._eventlet.service [req-82f57e38-3e06-41e8-a039-5dc27c9d95c9 - - - - - -] hitachi.ssh_max_pool_conn      = None [00;33m{{(pid=2483880) log_opt_values /opt/stack/data/venv/lib/python3.12/site-packages/oslo_config/cfg.py:3560}}[00m
2026-10-06 17:07:41.867 2483880 DEBUG oslo_service.backend._eventlet.service [req-82f57e38-3e06-41e8-a039-5dc27c9d95c9 - - - - - -] hitachi.ssh_min_pool_conn      = None [00;33m{{(pid=2483880) log_opt_values /opt/stack/data/venv/lib/python3.12/site-packages/oslo_config/cfg.py:3560}}[00m
2026-10-06 17:07:41.867 2483880 DEBUG oslo_service.backend._eventlet.service [req-82f57e38-3e06-41e8-a039-5dc27c9d95c9 - - - - - -] hitachi.storage_protocol       = None [00;33m{{(pid=2483880) log_opt_values /opt/stack/data/venv/lib/python3.12/site-packages/oslo_config/cfg.py:3560}}[00m
2026-10-06 17:07:41.867 2483880 DEBUG oslo_service.backend._eventlet.service [req-82f57e38-3e06-41e8-a039-5dc27c9d95c9 - - - - - -] hitachi.suppress_requests_ssl_warnings = True [00;33m{{(pid=2483880) log_opt_values /opt/stack/data/venv/lib/python3.12/site-packages/oslo_config/cfg.py:3560}}[00m
2026-10-06 17:07:41.867 2483880 DEBUG oslo_service.backend._eventlet.service [req-82f57e38-3e06-41e8-a039-5dc27c9d95c9 - - - - - -] hitachi.target_helper          = None [00;33m{{(pid=2483880) log_opt_values /opt/stack/data/venv/lib/python3.12/site-packages/oslo_config/cfg.py:3560}}[00m
2026-10-06 17:07:41.868 2483880 DEBUG oslo_service.backend._eventlet.service [req-82f57e38-3e06-41e8-a039-5dc27c9d95c9 - - - - - -] hitachi.target_ip_address      = None [00;33m{{(pid=2483880) log_opt_values /opt/stack/data/venv/lib/python3.12/site-packages/oslo_config/cfg.py:3560}}[00m
2026-10-06 17:07:41.868 2483880 DEBUG oslo_service.backend._eventlet.service [req-82f57e38-3e06-41e8-a039-5dc27c9d95c9 - - - - - -] hitachi.target_port            = None [00;33m{{(pid=2483880) log_opt_values /opt/stack/data/venv/lib/python3.12/site-packages/oslo_config/cfg.py:3560}}[00m
2026-10-06 17:07:41.868 2483880 DEBUG oslo_service.backend._eventlet.service [req-82f57e38-3e06-41e8-a039-5dc27c9d95c9 - - - - - -] hitachi.target_prefix          = None [00;33m{{(pid=2483880) log_opt_values /opt/stack/data/venv/lib/python3.12/site-packages/oslo_config/cfg.py:3560}}[00m
2026-10-06 17:07:41.868 2483880 DEBUG oslo_service.backend._eventlet.service [req-82f57e38-3e06-41e8-a039-5dc27c9d95c9 - - - - - -] hitachi.target_protocol        = None [00;33m{{(pid=2483880) log_opt_values /opt/stack/data/venv/lib/python3.12/site-packages/oslo_config/cfg.py:3560}}[00m
2026-10-06 17:07:41.868 2483880 DEBUG oslo_service.backend._eventlet.service [req-82f57e38-3e06-41e8-a039-5dc27c9d95c9 - - - - - -] hitachi.target_secondary_ip_addresses = None [00;33m{{(pid=2483880) log_opt_values /opt/stack/data/venv/lib/python3.12/site-packages/oslo_config/cfg.py:3560}}[00m
2026-10-06 17:07:41.868 2483880 DEBUG oslo_service.backend._eventlet.service [req-82f57e38-3e06-41e8-a039-5dc27c9d95c9 - - - - - -] hitachi.trace_flags            = None [00;33m{{(pid=2483880) log_opt_values /opt/stack/data/venv/lib/python3.12/site-packages/oslo_config/cfg.py:3560}}[00m
2026-10-06 17:07:41.868 2483880 DEBUG oslo_service.backend._eventlet.service [req-82f57e38-3e06-41e8-a039-5dc27c9d95c9 - - - - - -] hitachi.unique_fqdn_network    = None [00;33m{{(pid=2483880) log_opt_values /opt/stack/data/venv/lib/python3.12/site-packages/oslo_config/cfg.py:3560}}[00m
2026-10-06 17:07:41.868 2483880 DEBUG oslo_service.backend._eventlet.service [req-82f57e38-3e06-41e8-a039-5dc27c9d95c9 - - - - - -] hitachi.use_chap_auth          = None [00;33m{{(pid=2483880) log_opt_values /opt/stack/data/venv/lib/python3.12/site-packages/oslo_config/cfg.py:3560}}[00m
2026-10-06 17:07:41.868 2483880 DEBUG oslo_service.backend._eventlet.service [req-82f57e38-3e06-41e8-a039-5dc27c9d95c9 - - - - - -] hitachi.use_multipath_for_image_xfer = False [00;33m{{(pid=2483880) log_opt_values /opt/stack/data/venv/lib/python3.12/site-packages/oslo_config/cfg.py:3560}}[00m
2026-10-06 17:07:41.868 2483880 DEBUG oslo_service.backend._eventlet.service [req-82f57e38-3e06-41e8-a039-5dc27c9d95c9 - - - - - -] hitachi.volume_backend_name    = hitachi [00;33m{{(pid=2483880) log_opt_values /opt/stack/data/venv/lib/python3.12/site-packages/oslo_config/cfg.py:3560}}[00m
2026-10-06 17:07:41.868 2483880 DEBUG oslo_service.backend._eventlet.service [req-82f57e38-3e06-41e8-a039-5dc27c9d95c9 - - - - - -] hitachi.volume_clear           = None [00;33m{{(pid=2483880) log_opt_values /opt/stack/data/venv/lib/python3.12/site-packages/oslo_config/cfg.py:3560}}[00m
2026-10-06 17:07:41.868 2483880 DEBUG oslo_service.backend._eventlet.service [req-82f57e38-3e06-41e8-a039-5dc27c9d95c9 - - - - - -] hitachi.volume_clear_ionice    = None [00;33m{{(pid=2483880) log_opt_values /opt/stack/data/venv/lib/python3.12/site-packages/oslo_config/cfg.py:3560}}[00m
2026-10-06 17:07:41.868 2483880 DEBUG oslo_service.backend._eventlet.service [req-82f57e38-3e06-41e8-a039-5dc27c9d95c9 - - - - - -] hitachi.volume_clear_size      = None [00;33m{{(pid=2483880) log_opt_values /opt/stack/data/venv/lib/python3.12/site-packages/oslo_config/cfg.py:3560}}[00m
2026-10-06 17:07:41.869 2483880 DEBUG oslo_service.backend._eventlet.service [req-82f57e38-3e06-41e8-a039-5dc27c9d95c9 - - - - - -] hitachi.volume_copy_blkio_cgroup_name = None [00;33m{{(pid=2483880) log_opt_values /opt/stack/data/venv/lib/python3.12/site-packages/oslo_config/cfg.py:3560}}[00m
2026-10-06 17:07:41.869 2483880 DEBUG oslo_service.backend._eventlet.service [req-82f57e38-3e06-41e8-a039-5dc27c9d95c9 - - - - - -] hitachi.volume_copy_bps_limit  = None [00;33m{{(pid=2483880) log_opt_values /opt/stack/data/venv/lib/python3.12/site-packages/oslo_config/cfg.py:3560}}[00m
2026-10-06 17:07:41.869 2483880 DEBUG oslo_service.backend._eventlet.service [req-82f57e38-3e06-41e8-a039-5dc27c9d95c9 - - - - - -] hitachi.volume_dd_blocksize    = None [00;33m{{(pid=2483880) log_opt_values /opt/stack/data/venv/lib/python3.12/site-packages/oslo_config/cfg.py:3560}}[00m
2026-10-06 17:07:41.869 2483880 DEBUG oslo_service.backend._eventlet.service [req-82f57e38-3e06-41e8-a039-5dc27c9d95c9 - - - - - -] hitachi.volume_driver          = cinder.volume.drivers.hitachi.hbsd_iscsi.HBSDISCSIDriver [00;33m{{(pid=2483880) log_opt_values /opt/stack/data/venv/lib/python3.12/site-packages/oslo_config/cfg.py:3560}}[00m
2026-10-06 17:07:41.869 2483880 DEBUG oslo_service.backend._eventlet.service [req-82f57e38-3e06-41e8-a039-5dc27c9d95c9 - - - - - -] hitachi.volumes_dir            = None [00;33m{{(pid=2483880) log_opt_values /opt/stack/data/venv/lib/python3.12/site-packages/oslo_config/cfg.py:3560}}[00m
2026-10-06 17:07:41.869 2483880 DEBUG oslo_service.backend._eventlet.service [req-82f57e38-3e06-41e8-a039-5dc27c9d95c9 - - - - - -] oslo_messaging_rabbit.amqp_auto_delete = False [00;33m{{(pid=2483880) log_opt_values /opt/stack/data/venv/lib/python3.12/site-packages/oslo_config/cfg.py:3560}}[00m
2026-10-06 17:07:41.869 2483880 DEBUG oslo_service.backend._eventlet.service [req-82f57e38-3e06-41e8-a039-5dc27c9d95c9 - - - - - -] oslo_messaging_rabbit.amqp_durable_queues = False [00;33m{{(pid=2483880) log_opt_values /opt/stack/data/venv/lib/python3.12/site-packages/oslo_config/cfg.py:3560}}[00m
2026-10-06 17:07:41.869 2483880 DEBUG oslo_service.backend._eventlet.service [req-82f57e38-3e06-41e8-a039-5dc27c9d95c9 - - - - - -] oslo_messaging_rabbit.conn_pool_min_size = 2 [00;33m{{(pid=2483880) log_opt_values /opt/stack/data/venv/lib/python3.12/site-packages/oslo_config/cfg.py:3560}}[00m
2026-10-06 17:07:41.869 2483880 DEBUG oslo_service.backend._eventlet.service [req-82f57e38-3e06-41e8-a039-5dc27c9d95c9 - - - - - -] oslo_messaging_rabbit.conn_pool_ttl = 1200 [00;33m{{(pid=2483880) log_opt_values /opt/stack/data/venv/lib/python3.12/site-packages/oslo_config/cfg.py:3560}}[00m
2026-10-06 17:07:41.869 2483880 DEBUG oslo_service.backend._eventlet.service [req-82f57e38-3e06-41e8-a039-5dc27c9d95c9 - - - - - -] oslo_messaging_rabbit.direct_mandatory_flag = True [00;33m{{(pid=2483880) log_opt_values /opt/stack/data/venv/lib/python3.12/site-packages/oslo_config/cfg.py:3560}}[00m
2026-10-06 17:07:41.869 2483880 DEBUG oslo_service.backend._eventlet.service [req-82f57e38-3e06-41e8-a039-5dc27c9d95c9 - - - - - -] oslo_messaging_rabbit.enable_cancel_on_failover = False [00;33m{{(pid=2483880) log_opt_values /opt/stack/data/venv/lib/python3.12/site-packages/oslo_config/cfg.py:3560}}[00m
2026-10-06 17:07:41.870 2483880 DEBUG oslo_service.backend._eventlet.service [req-82f57e38-3e06-41e8-a039-5dc27c9d95c9 - - - - - -] oslo_messaging_rabbit.heartbeat_rate = 3 [00;33m{{(pid=2483880) log_opt_values /opt/stack/data/venv/lib/python3.12/site-packages/oslo_config/cfg.py:3560}}[00m
2026-10-06 17:07:41.870 2483880 DEBUG oslo_service.backend._eventlet.service [req-82f57e38-3e06-41e8-a039-5dc27c9d95c9 - - - - - -] oslo_messaging_rabbit.heartbeat_timeout_threshold = 60 [00;33m{{(pid=2483880) log_opt_values /opt/stack/data/venv/lib/python3.12/site-packages/oslo_config/cfg.py:3560}}[00m
2026-10-06 17:07:41.870 2483880 DEBUG oslo_service.backend._eventlet.service [req-82f57e38-3e06-41e8-a039-5dc27c9d95c9 - - - - - -] oslo_messaging_rabbit.hostname = devstack-92-210 [00;33m{{(pid=2483880) log_opt_values /opt/stack/data/venv/lib/python3.12/site-packages/oslo_config/cfg.py:3560}}[00m
2026-10-06 17:07:41.870 2483880 DEBUG oslo_service.backend._eventlet.service [req-82f57e38-3e06-41e8-a039-5dc27c9d95c9 - - - - - -] oslo_messaging_rabbit.kombu_compression = None [00;33m{{(pid=2483880) log_opt_values /opt/stack/data/venv/lib/python3.12/site-packages/oslo_config/cfg.py:3560}}[00m
2026-10-06 17:07:41.870 2483880 DEBUG oslo_service.backend._eventlet.service [req-82f57e38-3e06-41e8-a039-5dc27c9d95c9 - - - - - -] oslo_messaging_rabbit.kombu_failover_strategy = round-robin [00;33m{{(pid=2483880) log_opt_values /opt/stack/data/venv/lib/python3.12/site-packages/oslo_config/cfg.py:3560}}[00m
2026-10-06 17:07:41.870 2483880 DEBUG oslo_service.backend._eventlet.service [req-82f57e38-3e06-41e8-a039-5dc27c9d95c9 - - - - - -] oslo_messaging_rabbit.kombu_missing_consumer_retry_timeout = 60 [00;33m{{(pid=2483880) log_opt_values /opt/stack/data/venv/lib/python3.12/site-packages/oslo_config/cfg.py:3560}}[00m
2026-10-06 17:07:41.870 2483880 DEBUG oslo_service.backend._eventlet.service [req-82f57e38-3e06-41e8-a039-5dc27c9d95c9 - - - - - -] oslo_messaging_rabbit.kombu_reconnect_delay = 1.0 [00;33m{{(pid=2483880) log_opt_values /opt/stack/data/venv/lib/python3.12/site-packages/oslo_config/cfg.py:3560}}[00m
2026-10-06 17:07:41.870 2483880 DEBUG oslo_service.backend._eventlet.service [req-82f57e38-3e06-41e8-a039-5dc27c9d95c9 - - - - - -] oslo_messaging_rabbit.kombu_reconnect_splay = 0.0 [00;33m{{(pid=2483880) log_opt_values /opt/stack/data/venv/lib/python3.12/site-packages/oslo_config/cfg.py:3560}}[00m
2026-10-06 17:07:41.870 2483880 DEBUG oslo_service.backend._eventlet.service [req-82f57e38-3e06-41e8-a039-5dc27c9d95c9 - - - - - -] oslo_messaging_rabbit.processname = cinder-volume [00;33m{{(pid=2483880) log_opt_values /opt/stack/data/venv/lib/python3.12/site-packages/oslo_config/cfg.py:3560}}[00m
2026-10-06 17:07:41.870 2483880 DEBUG oslo_service.backend._eventlet.service [req-82f57e38-3e06-41e8-a039-5dc27c9d95c9 - - - - - -] oslo_messaging_rabbit.rabbit_ha_queues = False [00;33m{{(pid=2483880) log_opt_values /opt/stack/data/venv/lib/python3.12/site-packages/oslo_config/cfg.py:3560}}[00m
2026-10-06 17:07:41.870 2483880 DEBUG oslo_service.backend._eventlet.service [req-82f57e38-3e06-41e8-a039-5dc27c9d95c9 - - - - - -] oslo_messaging_rabbit.rabbit_interval_max = 30 [00;33m{{(pid=2483880) log_opt_values /opt/stack/data/venv/lib/python3.12/site-packages/oslo_config/cfg.py:3560}}[00m
2026-10-06 17:07:41.870 2483880 DEBUG oslo_service.backend._eventlet.service [req-82f57e38-3e06-41e8-a039-5dc27c9d95c9 - - - - - -] oslo_messaging_rabbit.rabbit_login_method = AMQPLAIN [00;33m{{(pid=2483880) log_opt_values /opt/stack/data/venv/lib/python3.12/site-packages/oslo_config/cfg.py:3560}}[00m
2026-10-06 17:07:41.871 2483880 DEBUG oslo_service.backend._eventlet.service [req-82f57e38-3e06-41e8-a039-5dc27c9d95c9 - - - - - -] oslo_messaging_rabbit.rabbit_qos_prefetch_count = 0 [00;33m{{(pid=2483880) log_opt_values /opt/stack/data/venv/lib/python3.12/site-packages/oslo_config/cfg.py:3560}}[00m
2026-10-06 17:07:41.871 2483880 DEBUG oslo_service.backend._eventlet.service [req-82f57e38-3e06-41e8-a039-5dc27c9d95c9 - - - - - -] oslo_messaging_rabbit.rabbit_quorum_delivery_limit = 0 [00;33m{{(pid=2483880) log_opt_values /opt/stack/data/venv/lib/python3.12/site-packages/oslo_config/cfg.py:3560}}[00m
2026-10-06 17:07:41.871 2483880 DEBUG oslo_service.backend._eventlet.service [req-82f57e38-3e06-41e8-a039-5dc27c9d95c9 - - - - - -] oslo_messaging_rabbit.rabbit_quorum_max_memory_bytes = 0 [00;33m{{(pid=2483880) log_opt_values /opt/stack/data/venv/lib/python3.12/site-packages/oslo_config/cfg.py:3560}}[00m
2026-10-06 17:07:41.871 2483880 DEBUG oslo_service.backend._eventlet.service [req-82f57e38-3e06-41e8-a039-5dc27c9d95c9 - - - - - -] oslo_messaging_rabbit.rabbit_quorum_max_memory_length = 0 [00;33m{{(pid=2483880) log_opt_values /opt/stack/data/venv/lib/python3.12/site-packages/oslo_config/cfg.py:3560}}[00m
2026-10-06 17:07:41.871 2483880 DEBUG oslo_service.backend._eventlet.service [req-82f57e38-3e06-41e8-a039-5dc27c9d95c9 - - - - - -] oslo_messaging_rabbit.rabbit_quorum_queue = False [00;33m{{(pid=2483880) log_opt_values /opt/stack/data/venv/lib/python3.12/site-packages/oslo_config/cfg.py:3560}}[00m
2026-10-06 17:07:41.871 2483880 DEBUG oslo_service.backend._eventlet.service [req-82f57e38-3e06-41e8-a039-5dc27c9d95c9 - - - - - -] oslo_messaging_rabbit.rabbit_retry_backoff = 2 [00;33m{{(pid=2483880) log_opt_values /opt/stack/data/venv/lib/python3.12/site-packages/oslo_config/cfg.py:3560}}[00m
2026-10-06 17:07:41.871 2483880 DEBUG oslo_service.backend._eventlet.service [req-82f57e38-3e06-41e8-a039-5dc27c9d95c9 - - - - - -] oslo_messaging_rabbit.rabbit_retry_interval = 1 [00;33m{{(pid=2483880) log_opt_values /opt/stack/data/venv/lib/python3.12/site-packages/oslo_config/cfg.py:3560}}[00m
2026-10-06 17:07:41.871 2483880 DEBUG oslo_service.backend._eventlet.service [req-82f57e38-3e06-41e8-a039-5dc27c9d95c9 - - - - - -] oslo_messaging_rabbit.rabbit_stream_fanout = False [00;33m{{(pid=2483880) log_opt_values /opt/stack/data/venv/lib/python3.12/site-packages/oslo_config/cfg.py:3560}}[00m
2026-10-06 17:07:41.871 2483880 DEBUG oslo_service.backend._eventlet.service [req-82f57e38-3e06-41e8-a039-5dc27c9d95c9 - - - - - -] oslo_messaging_rabbit.rabbit_transient_queues_ttl = 1800 [00;33m{{(pid=2483880) log_opt_values /opt/stack/data/venv/lib/python3.12/site-packages/oslo_config/cfg.py:3560}}[00m
2026-10-06 17:07:41.871 2483880 DEBUG oslo_service.backend._eventlet.service [req-82f57e38-3e06-41e8-a039-5dc27c9d95c9 - - - - - -] oslo_messaging_rabbit.rabbit_transient_quorum_queue = False [00;33m{{(pid=2483880) log_opt_values /opt/stack/data/venv/lib/python3.12/site-packages/oslo_config/cfg.py:3560}}[00m
2026-10-06 17:07:41.871 2483880 DEBUG oslo_service.backend._eventlet.service [req-82f57e38-3e06-41e8-a039-5dc27c9d95c9 - - - - - -] oslo_messaging_rabbit.rpc_conn_pool_size = 30 [00;33m{{(pid=2483880) log_opt_values /opt/stack/data/venv/lib/python3.12/site-packages/oslo_config/cfg.py:3560}}[00m
2026-10-06 17:07:41.872 2483880 DEBUG oslo_service.backend._eventlet.service [req-82f57e38-3e06-41e8-a039-5dc27c9d95c9 - - - - - -] oslo_messaging_rabbit.ssl      = False [00;33m{{(pid=2483880) log_opt_values /opt/stack/data/venv/lib/python3.12/site-packages/oslo_config/cfg.py:3560}}[00m
2026-10-06 17:07:41.872 2483880 DEBUG oslo_service.backend._eventlet.service [req-82f57e38-3e06-41e8-a039-5dc27c9d95c9 - - - - - -] oslo_messaging_rabbit.ssl_ca_file =  [00;33m{{(pid=2483880) log_opt_values /opt/stack/data/venv/lib/python3.12/site-packages/oslo_config/cfg.py:3560}}[00m
2026-10-06 17:07:41.872 2483880 DEBUG oslo_service.backend._eventlet.service [req-82f57e38-3e06-41e8-a039-5dc27c9d95c9 - - - - - -] oslo_messaging_rabbit.ssl_cert_file =  [00;33m{{(pid=2483880) log_opt_values /opt/stack/data/venv/lib/python3.12/site-packages/oslo_config/cfg.py:3560}}[00m
2026-10-06 17:07:41.872 2483880 DEBUG oslo_service.backend._eventlet.service [req-82f57e38-3e06-41e8-a039-5dc27c9d95c9 - - - - - -] oslo_messaging_rabbit.ssl_enforce_fips_mode = False [00;33m{{(pid=2483880) log_opt_values /opt/stack/data/venv/lib/python3.12/site-packages/oslo_config/cfg.py:3560}}[00m
2026-10-06 17:07:41.872 2483880 DEBUG oslo_service.backend._eventlet.service [req-82f57e38-3e06-41e8-a039-5dc27c9d95c9 - - - - - -] oslo_messaging_rabbit.ssl_enforce_hostname_verification = True [00;33m{{(pid=2483880) log_opt_values /opt/stack/data/venv/lib/python3.12/site-packages/oslo_config/cfg.py:3560}}[00m
2026-10-06 17:07:41.872 2483880 DEBUG oslo_service.backend._eventlet.service [req-82f57e38-3e06-41e8-a039-5dc27c9d95c9 - - - - - -] oslo_messaging_rabbit.ssl_key_file =  [00;33m{{(pid=2483880) log_opt_values /opt/stack/data/venv/lib/python3.12/site-packages/oslo_config/cfg.py:3560}}[00m
2026-10-06 17:07:41.872 2483880 DEBUG oslo_service.backend._eventlet.service [req-82f57e38-3e06-41e8-a039-5dc27c9d95c9 - - - - - -] oslo_messaging_rabbit.ssl_version =  [00;33m{{(pid=2483880) log_opt_values /opt/stack/data/venv/lib/python3.12/site-packages/oslo_config/cfg.py:3560}}[00m
2026-10-06 17:07:41.872 2483880 DEBUG oslo_service.backend._eventlet.service [req-82f57e38-3e06-41e8-a039-5dc27c9d95c9 - - - - - -] oslo_messaging_rabbit.use_queue_manager = False [00;33m{{(pid=2483880) log_opt_values /opt/stack/data/venv/lib/python3.12/site-packages/oslo_config/cfg.py:3560}}[00m
2026-10-06 17:07:41.872 2483880 DEBUG oslo_service.backend._eventlet.service [req-82f57e38-3e06-41e8-a039-5dc27c9d95c9 - - - - - -] oslo_messaging_notifications.driver = [] [00;33m{{(pid=2483880) log_opt_values /opt/stack/data/venv/lib/python3.12/site-packages/oslo_config/cfg.py:3560}}[00m
2026-10-06 17:07:41.872 2483880 DEBUG oslo_service.backend._eventlet.service [req-82f57e38-3e06-41e8-a039-5dc27c9d95c9 - - - - - -] oslo_messaging_notifications.retry = -1 [00;33m{{(pid=2483880) log_opt_values /opt/stack/data/venv/lib/python3.12/site-packages/oslo_config/cfg.py:3560}}[00m
2026-10-06 17:07:41.872 2483880 DEBUG oslo_service.backend._eventlet.service [req-82f57e38-3e06-41e8-a039-5dc27c9d95c9 - - - - - -] oslo_messaging_notifications.topics = ['notifications'] [00;33m{{(pid=2483880) log_opt_values /opt/stack/data/venv/lib/python3.12/site-packages/oslo_config/cfg.py:3560}}[00m
2026-10-06 17:07:41.872 2483880 DEBUG oslo_service.backend._eventlet.service [req-82f57e38-3e06-41e8-a039-5dc27c9d95c9 - - - - - -] oslo_messaging_notifications.transport_url = **** [00;33m{{(pid=2483880) log_opt_values /opt/stack/data/venv/lib/python3.12/site-packages/oslo_config/cfg.py:3560}}[00m
2026-10-06 17:07:41.873 2483880 DEBUG oslo_service.backend._eventlet.service [req-82f57e38-3e06-41e8-a039-5dc27c9d95c9 - - - - - -] key_manager.backend            = cinder.keymgr.conf_key_mgr.ConfKeyManager [00;33m{{(pid=2483880) log_opt_values /opt/stack/data/venv/lib/python3.12/site-packages/oslo_config/cfg.py:3560}}[00m
2026-10-06 17:07:41.873 2483880 DEBUG oslo_service.backend._eventlet.service [req-82f57e38-3e06-41e8-a039-5dc27c9d95c9 - - - - - -] key_manager.fixed_key          = **** [00;33m{{(pid=2483880) log_opt_values /opt/stack/data/venv/lib/python3.12/site-packages/oslo_config/cfg.py:3560}}[00m
2026-10-06 17:07:41.873 2483880 DEBUG oslo_service.backend._eventlet.service [req-82f57e38-3e06-41e8-a039-5dc27c9d95c9 - - - - - -] barbican.auth_endpoint         = http://localhost/identity/v3 [00;33m{{(pid=2483880) log_opt_values /opt/stack/data/venv/lib/python3.12/site-packages/oslo_config/cfg.py:3560}}[00m
2026-10-06 17:07:41.873 2483880 DEBUG oslo_service.backend._eventlet.service [req-82f57e38-3e06-41e8-a039-5dc27c9d95c9 - - - - - -] barbican.barbican_api_version  = None [00;33m{{(pid=2483880) log_opt_values /opt/stack/data/venv/lib/python3.12/site-packages/oslo_config/cfg.py:3560}}[00m
2026-10-06 17:07:41.873 2483880 DEBUG oslo_service.backend._eventlet.service [req-82f57e38-3e06-41e8-a039-5dc27c9d95c9 - - - - - -] barbican.barbican_endpoint     = None [00;33m{{(pid=2483880) log_opt_values /opt/stack/data/venv/lib/python3.12/site-packages/oslo_config/cfg.py:3560}}[00m
2026-10-06 17:07:41.873 2483880 DEBUG oslo_service.backend._eventlet.service [req-82f57e38-3e06-41e8-a039-5dc27c9d95c9 - - - - - -] barbican.barbican_endpoint_type = public [00;33m{{(pid=2483880) log_opt_values /opt/stack/data/venv/lib/python3.12/site-packages/oslo_config/cfg.py:3560}}[00m
2026-10-06 17:07:41.873 2483880 DEBUG oslo_service.backend._eventlet.service [req-82f57e38-3e06-41e8-a039-5dc27c9d95c9 - - - - - -] barbican.barbican_region_name  = None [00;33m{{(pid=2483880) log_opt_values /opt/stack/data/venv/lib/python3.12/site-packages/oslo_config/cfg.py:3560}}[00m
2026-10-06 17:07:41.873 2483880 DEBUG oslo_service.backend._eventlet.service [req-82f57e38-3e06-41e8-a039-5dc27c9d95c9 - - - - - -] barbican.cafile                = None [00;33m{{(pid=2483880) log_opt_values /opt/stack/data/venv/lib/python3.12/site-packages/oslo_config/cfg.py:3560}}[00m
2026-10-06 17:07:41.874 2483880 DEBUG oslo_service.backend._eventlet.service [req-82f57e38-3e06-41e8-a039-5dc27c9d95c9 - - - - - -] barbican.certfile              = None [00;33m{{(pid=2483880) log_opt_values /opt/stack/data/venv/lib/python3.12/site-packages/oslo_config/cfg.py:3560}}[00m
2026-10-06 17:07:41.874 2483880 DEBUG oslo_service.backend._eventlet.service [req-82f57e38-3e06-41e8-a039-5dc27c9d95c9 - - - - - -] barbican.collect_timing        = False [00;33m{{(pid=2483880) log_opt_values /opt/stack/data/venv/lib/python3.12/site-packages/oslo_config/cfg.py:3560}}[00m
2026-10-06 17:07:41.874 2483880 DEBUG oslo_service.backend._eventlet.service [req-82f57e38-3e06-41e8-a039-5dc27c9d95c9 - - - - - -] barbican.insecure              = False [00;33m{{(pid=2483880) log_opt_values /opt/stack/data/venv/lib/python3.12/site-packages/oslo_config/cfg.py:3560}}[00m
2026-10-06 17:07:41.874 2483880 DEBUG oslo_service.backend._eventlet.service [req-82f57e38-3e06-41e8-a039-5dc27c9d95c9 - - - - - -] barbican.keyfile               = None [00;33m{{(pid=2483880) log_opt_values /opt/stack/data/venv/lib/python3.12/site-packages/oslo_config/cfg.py:3560}}[00m
2026-10-06 17:07:41.874 2483880 DEBUG oslo_service.backend._eventlet.service [req-82f57e38-3e06-41e8-a039-5dc27c9d95c9 - - - - - -] barbican.number_of_retries     = 60 [00;33m{{(pid=2483880) log_opt_values /opt/stack/data/venv/lib/python3.12/site-packages/oslo_config/cfg.py:3560}}[00m
2026-10-06 17:07:41.874 2483880 DEBUG oslo_service.backend._eventlet.service [req-82f57e38-3e06-41e8-a039-5dc27c9d95c9 - - - - - -] barbican.retry_delay           = 1 [00;33m{{(pid=2483880) log_opt_values /opt/stack/data/venv/lib/python3.12/site-packages/oslo_config/cfg.py:3560}}[00m
2026-10-06 17:07:41.874 2483880 DEBUG oslo_service.backend._eventlet.service [req-82f57e38-3e06-41e8-a039-5dc27c9d95c9 - - - - - -] barbican.send_service_user_token = False [00;33m{{(pid=2483880) log_opt_values /opt/stack/data/venv/lib/python3.12/site-packages/oslo_config/cfg.py:3560}}[00m
2026-10-06 17:07:41.874 2483880 DEBUG oslo_service.backend._eventlet.service [req-82f57e38-3e06-41e8-a039-5dc27c9d95c9 - - - - - -] barbican.split_loggers         = False [00;33m{{(pid=2483880) log_opt_values /opt/stack/data/venv/lib/python3.12/site-packages/oslo_config/cfg.py:3560}}[00m
2026-10-06 17:07:41.874 2483880 DEBUG oslo_service.backend._eventlet.service [req-82f57e38-3e06-41e8-a039-5dc27c9d95c9 - - - - - -] barbican.timeout               = None [00;33m{{(pid=2483880) log_opt_values /opt/stack/data/venv/lib/python3.12/site-packages/oslo_config/cfg.py:3560}}[00m
2026-10-06 17:07:41.874 2483880 DEBUG oslo_service.backend._eventlet.service [req-82f57e38-3e06-41e8-a039-5dc27c9d95c9 - - - - - -] barbican.tls_ciphers           = None [00;33m{{(pid=2483880) log_opt_values /opt/stack/data/venv/lib/python3.12/site-packages/oslo_config/cfg.py:3560}}[00m
2026-10-06 17:07:41.874 2483880 DEBUG oslo_service.backend._eventlet.service [req-82f57e38-3e06-41e8-a039-5dc27c9d95c9 - - - - - -] barbican.tls_min_version       = None [00;33m{{(pid=2483880) log_opt_values /opt/stack/data/venv/lib/python3.12/site-packages/oslo_config/cfg.py:3560}}[00m
2026-10-06 17:07:41.874 2483880 DEBUG oslo_service.backend._eventlet.service [req-82f57e38-3e06-41e8-a039-5dc27c9d95c9 - - - - - -] barbican.verify_ssl            = True [00;33m{{(pid=2483880) log_opt_values /opt/stack/data/venv/lib/python3.12/site-packages/oslo_config/cfg.py:3560}}[00m
2026-10-06 17:07:41.875 2483880 DEBUG oslo_service.backend._eventlet.service [req-82f57e38-3e06-41e8-a039-5dc27c9d95c9 - - - - - -] barbican.verify_ssl_path       = None [00;33m{{(pid=2483880) log_opt_values /opt/stack/data/venv/lib/python3.12/site-packages/oslo_config/cfg.py:3560}}[00m
2026-10-06 17:07:41.875 2483880 DEBUG oslo_service.backend._eventlet.service [req-82f57e38-3e06-41e8-a039-5dc27c9d95c9 - - - - - -] barbican_service_user.auth_section = None [00;33m{{(pid=2483880) log_opt_values /opt/stack/data/venv/lib/python3.12/site-packages/oslo_config/cfg.py:3560}}[00m
2026-10-06 17:07:41.875 2483880 DEBUG oslo_service.backend._eventlet.service [req-82f57e38-3e06-41e8-a039-5dc27c9d95c9 - - - - - -] barbican_service_user.auth_type = None [00;33m{{(pid=2483880) log_opt_values /opt/stack/data/venv/lib/python3.12/site-packages/oslo_config/cfg.py:3560}}[00m
2026-10-06 17:07:41.875 2483880 DEBUG oslo_service.backend._eventlet.service [req-82f57e38-3e06-41e8-a039-5dc27c9d95c9 - - - - - -] barbican_service_user.cafile   = None [00;33m{{(pid=2483880) log_opt_values /opt/stack/data/venv/lib/python3.12/site-packages/oslo_config/cfg.py:3560}}[00m
2026-10-06 17:07:41.875 2483880 DEBUG oslo_service.backend._eventlet.service [req-82f57e38-3e06-41e8-a039-5dc27c9d95c9 - - - - - -] barbican_service_user.certfile = None [00;33m{{(pid=2483880) log_opt_values /opt/stack/data/venv/lib/python3.12/site-packages/oslo_config/cfg.py:3560}}[00m
2026-10-06 17:07:41.875 2483880 DEBUG oslo_service.backend._eventlet.service [req-82f57e38-3e06-41e8-a039-5dc27c9d95c9 - - - - - -] barbican_service_user.collect_timing = False [00;33m{{(pid=2483880) log_opt_values /opt/stack/data/venv/lib/python3.12/site-packages/oslo_config/cfg.py:3560}}[00m
2026-10-06 17:07:41.875 2483880 DEBUG oslo_service.backend._eventlet.service [req-82f57e38-3e06-41e8-a039-5dc27c9d95c9 - - - - - -] barbican_service_user.insecure = False [00;33m{{(pid=2483880) log_opt_values /opt/stack/data/venv/lib/python3.12/site-packages/oslo_config/cfg.py:3560}}[00m
2026-10-06 17:07:41.875 2483880 DEBUG oslo_service.backend._eventlet.service [req-82f57e38-3e06-41e8-a039-5dc27c9d95c9 - - - - - -] barbican_service_user.keyfile  = None [00;33m{{(pid=2483880) log_opt_values /opt/stack/data/venv/lib/python3.12/site-packages/oslo_config/cfg.py:3560}}[00m
2026-10-06 17:07:41.875 2483880 DEBUG oslo_service.backend._eventlet.service [req-82f57e38-3e06-41e8-a039-5dc27c9d95c9 - - - - - -] barbican_service_user.split_loggers = False [00;33m{{(pid=2483880) log_opt_values /opt/stack/data/venv/lib/python3.12/site-packages/oslo_config/cfg.py:3560}}[00m
2026-10-06 17:07:41.875 2483880 DEBUG oslo_service.backend._eventlet.service [req-82f57e38-3e06-41e8-a039-5dc27c9d95c9 - - - - - -] barbican_service_user.timeout  = None [00;33m{{(pid=2483880) log_opt_values /opt/stack/data/venv/lib/python3.12/site-packages/oslo_config/cfg.py:3560}}[00m
2026-10-06 17:07:41.875 2483880 DEBUG oslo_service.backend._eventlet.service [req-82f57e38-3e06-41e8-a039-5dc27c9d95c9 - - - - - -] barbican_service_user.tls_ciphers = None [00;33m{{(pid=2483880) log_opt_values /opt/stack/data/venv/lib/python3.12/site-packages/oslo_config/cfg.py:3560}}[00m
2026-10-06 17:07:41.875 2483880 DEBUG oslo_service.backend._eventlet.service [req-82f57e38-3e06-41e8-a039-5dc27c9d95c9 - - - - - -] barbican_service_user.tls_min_version = None [00;33m{{(pid=2483880) log_opt_values /opt/stack/data/venv/lib/python3.12/site-packages/oslo_config/cfg.py:3560}}[00m
2026-10-06 17:07:41.875 2483880 DEBUG oslo_service.backend._eventlet.service [req-82f57e38-3e06-41e8-a039-5dc27c9d95c9 - - - - - -] vault.approle_role_id          = **** [00;33m{{(pid=2483880) log_opt_values /opt/stack/data/venv/lib/python3.12/site-packages/oslo_config/cfg.py:3560}}[00m
2026-10-06 17:07:41.876 2483880 DEBUG oslo_service.backend._eventlet.service [req-82f57e38-3e06-41e8-a039-5dc27c9d95c9 - - - - - -] vault.approle_secret_id        = **** [00;33m{{(pid=2483880) log_opt_values /opt/stack/data/venv/lib/python3.12/site-packages/oslo_config/cfg.py:3560}}[00m
2026-10-06 17:07:41.876 2483880 DEBUG oslo_service.backend._eventlet.service [req-82f57e38-3e06-41e8-a039-5dc27c9d95c9 - - - - - -] vault.auth_method              = approle [00;33m{{(pid=2483880) log_opt_values /opt/stack/data/venv/lib/python3.12/site-packages/oslo_config/cfg.py:3560}}[00m
2026-10-06 17:07:41.876 2483880 DEBUG oslo_service.backend._eventlet.service [req-82f57e38-3e06-41e8-a039-5dc27c9d95c9 - - - - - -] vault.auth_path                = None [00;33m{{(pid=2483880) log_opt_values /opt/stack/data/venv/lib/python3.12/site-packages/oslo_config/cfg.py:3560}}[00m
2026-10-06 17:07:41.876 2483880 DEBUG oslo_service.backend._eventlet.service [req-82f57e38-3e06-41e8-a039-5dc27c9d95c9 - - - - - -] vault.kv_mountpoint            = secret [00;33m{{(pid=2483880) log_opt_values /opt/stack/data/venv/lib/python3.12/site-packages/oslo_config/cfg.py:3560}}[00m
2026-10-06 17:07:41.876 2483880 DEBUG oslo_service.backend._eventlet.service [req-82f57e38-3e06-41e8-a039-5dc27c9d95c9 - - - - - -] vault.kv_path                  = None [00;33m{{(pid=2483880) log_opt_values /opt/stack/data/venv/lib/python3.12/site-packages/oslo_config/cfg.py:3560}}[00m
2026-10-06 17:07:41.876 2483880 DEBUG oslo_service.backend._eventlet.service [req-82f57e38-3e06-41e8-a039-5dc27c9d95c9 - - - - - -] vault.kv_version               = 2 [00;33m{{(pid=2483880) log_opt_values /opt/stack/data/venv/lib/python3.12/site-packages/oslo_config/cfg.py:3560}}[00m
2026-10-06 17:07:41.876 2483880 DEBUG oslo_service.backend._eventlet.service [req-82f57e38-3e06-41e8-a039-5dc27c9d95c9 - - - - - -] vault.namespace                = None [00;33m{{(pid=2483880) log_opt_values /opt/stack/data/venv/lib/python3.12/site-packages/oslo_config/cfg.py:3560}}[00m
2026-10-06 17:07:41.876 2483880 DEBUG oslo_service.backend._eventlet.service [req-82f57e38-3e06-41e8-a039-5dc27c9d95c9 - - - - - -] vault.root_token_id            = **** [00;33m{{(pid=2483880) log_opt_values /opt/stack/data/venv/lib/python3.12/site-packages/oslo_config/cfg.py:3560}}[00m
2026-10-06 17:07:41.876 2483880 DEBUG oslo_service.backend._eventlet.service [req-82f57e38-3e06-41e8-a039-5dc27c9d95c9 - - - - - -] vault.ssl_ca_crt_file          = None [00;33m{{(pid=2483880) log_opt_values /opt/stack/data/venv/lib/python3.12/site-packages/oslo_config/cfg.py:3560}}[00m
2026-10-06 17:07:41.876 2483880 DEBUG oslo_service.backend._eventlet.service [req-82f57e38-3e06-41e8-a039-5dc27c9d95c9 - - - - - -] vault.timeout                  = 60.0 [00;33m{{(pid=2483880) log_opt_values /opt/stack/data/venv/lib/python3.12/site-packages/oslo_config/cfg.py:3560}}[00m
2026-10-06 17:07:41.876 2483880 DEBUG oslo_service.backend._eventlet.service [req-82f57e38-3e06-41e8-a039-5dc27c9d95c9 - - - - - -] vault.token_file               = None [00;33m{{(pid=2483880) log_opt_values /opt/stack/data/venv/lib/python3.12/site-packages/oslo_config/cfg.py:3560}}[00m
2026-10-06 17:07:41.876 2483880 DEBUG oslo_service.backend._eventlet.service [req-82f57e38-3e06-41e8-a039-5dc27c9d95c9 - - - - - -] vault.token_role               = None [00;33m{{(pid=2483880) log_opt_values /opt/stack/data/venv/lib/python3.12/site-packages/oslo_config/cfg.py:3560}}[00m
2026-10-06 17:07:41.877 2483880 DEBUG oslo_service.backend._eventlet.service [req-82f57e38-3e06-41e8-a039-5dc27c9d95c9 - - - - - -] vault.use_ssl                  = False [00;33m{{(pid=2483880) log_opt_values /opt/stack/data/venv/lib/python3.12/site-packages/oslo_config/cfg.py:3560}}[00m
2026-10-06 17:07:41.877 2483880 DEBUG oslo_service.backend._eventlet.service [req-82f57e38-3e06-41e8-a039-5dc27c9d95c9 - - - - - -] vault.vault_url                = http://127.0.0.1:8200 [00;33m{{(pid=2483880) log_opt_values /opt/stack/data/venv/lib/python3.12/site-packages/oslo_config/cfg.py:3560}}[00m
2026-10-06 17:07:41.877 2483880 DEBUG oslo_service.backend._eventlet.service [req-82f57e38-3e06-41e8-a039-5dc27c9d95c9 - - - - - -] fc-zone-manager.enable_unsupported_driver = False [00;33m{{(pid=2483880) log_opt_values /opt/stack/data/venv/lib/python3.12/site-packages/oslo_config/cfg.py:3560}}[00m
2026-10-06 17:07:41.877 2483880 DEBUG oslo_service.backend._eventlet.service [req-82f57e38-3e06-41e8-a039-5dc27c9d95c9 - - - - - -] fc-zone-manager.fc_fabric_names = None [00;33m{{(pid=2483880) log_opt_values /opt/stack/data/venv/lib/python3.12/site-packages/oslo_config/cfg.py:3560}}[00m
2026-10-06 17:07:41.877 2483880 DEBUG oslo_service.backend._eventlet.service [req-82f57e38-3e06-41e8-a039-5dc27c9d95c9 - - - - - -] fc-zone-manager.fc_san_lookup_service = cinder.zonemanager.drivers.brocade.brcd_fc_san_lookup_service.BrcdFCSanLookupService [00;33m{{(pid=2483880) log_opt_values /opt/stack/data/venv/lib/python3.12/site-packages/oslo_config/cfg.py:3560}}[00m
2026-10-06 17:07:41.877 2483880 DEBUG oslo_service.backend._eventlet.service [req-82f57e38-3e06-41e8-a039-5dc27c9d95c9 - - - - - -] fc-zone-manager.zone_driver    = cinder.zonemanager.drivers.brocade.brcd_fc_zone_driver.BrcdFCZoneDriver [00;33m{{(pid=2483880) log_opt_values /opt/stack/data/venv/lib/python3.12/site-packages/oslo_config/cfg.py:3560}}[00m
2026-10-06 17:07:41.877 2483880 DEBUG oslo_service.backend._eventlet.service [req-82f57e38-3e06-41e8-a039-5dc27c9d95c9 - - - - - -] fc-zone-manager.zoning_policy  = initiator-target [00;33m{{(pid=2483880) log_opt_values /opt/stack/data/venv/lib/python3.12/site-packages/oslo_config/cfg.py:3560}}[00m
2026-10-06 17:07:41.877 2483880 DEBUG oslo_service.backend._eventlet.service [req-82f57e38-3e06-41e8-a039-5dc27c9d95c9 - - - - - -] ******************************************************************************** [00;33m{{(pid=2483880) log_opt_values /opt/stack/data/venv/lib/python3.12/site-packages/oslo_config/cfg.py:3567}}[00m
2026-10-06 17:07:41.941 2483892 DEBUG cinder.volume.drivers.hitachi.hbsd_rest_api [req-8af84a93-0a3e-469a-a56b-652657f2b092 - - - - - -] ERROR <?xml version="1.0" encoding="iso-8859-1"?> <!DOCTYPE html PUBLIC "-//W3C//DTD XHTML 1.0 Transitional//EN"          "http://www.w3.org/TR/xhtml1/DTD/xhtml1-transitional.dtd"> <html xmlns="http://www.w3.org/1999/xhtml" xml:lang="en" lang="en">  <head>   <title>503 Service Not Available</title>  </head>  <body>   <h1>503 Service Not Available</h1>  </body> </html> [00;33m{{(pid=2483892) _check_rest_api_response /opt/stack/cinder/cinder/volume/drivers/hitachi/hbsd_rest_api.py:485}}[00m
2026-10-06 17:07:46.952 2483892 DEBUG cinder.volume.drivers.hitachi.hbsd_rest_api [req-8af84a93-0a3e-469a-a56b-652657f2b092 - - - - - -] ERROR <?xml version="1.0" encoding="iso-8859-1"?> <!DOCTYPE html PUBLIC "-//W3C//DTD XHTML 1.0 Transitional//EN"          "http://www.w3.org/TR/xhtml1/DTD/xhtml1-transitional.dtd"> <html xmlns="http://www.w3.org/1999/xhtml" xml:lang="en" lang="en">  <head>   <title>503 Service Not Available</title>  </head>  <body>   <h1>503 Service Not Available</h1>  </body> </html> [00;33m{{(pid=2483892) _check_rest_api_response /opt/stack/cinder/cinder/volume/drivers/hitachi/hbsd_rest_api.py:485}}[00m
2026-10-06 17:07:51.801 2483880 DEBUG dbcounter [-] [2483880] Writing DB stats cinder:SELECT=5,cinder:UPDATE=1 [00;33m{{(pid=2483880) stat_writer /opt/stack/data/venv/lib/python3.12/site-packages/dbcounter.py:115}}[00m
2026-10-06 17:07:51.952 2483892 DEBUG cinder.volume.drivers.hitachi.hbsd_rest_api [req-8af84a93-0a3e-469a-a56b-652657f2b092 - - - - - -] ERROR <?xml version="1.0" encoding="iso-8859-1"?> <!DOCTYPE html PUBLIC "-//W3C//DTD XHTML 1.0 Transitional//EN"          "http://www.w3.org/TR/xhtml1/DTD/xhtml1-transitional.dtd"> <html xmlns="http://www.w3.org/1999/xhtml" xml:lang="en" lang="en">  <head>   <title>503 Service Not Available</title>  </head>  <body>   <h1>503 Service Not Available</h1>  </body> </html> [00;33m{{(pid=2483892) _check_rest_api_response /opt/stack/cinder/cinder/volume/drivers/hitachi/hbsd_rest_api.py:485}}[00m
2026-10-06 17:07:56.953 2483892 DEBUG cinder.volume.drivers.hitachi.hbsd_rest_api [req-8af84a93-0a3e-469a-a56b-652657f2b092 - - - - - -] ERROR <?xml version="1.0" encoding="iso-8859-1"?> <!DOCTYPE html PUBLIC "-//W3C//DTD XHTML 1.0 Transitional//EN"          "http://www.w3.org/TR/xhtml1/DTD/xhtml1-transitional.dtd"> <html xmlns="http://www.w3.org/1999/xhtml" xml:lang="en" lang="en">  <head>   <title>503 Service Not Available</title>  </head>  <body>   <h1>503 Service Not Available</h1>  </body> </html> [00;33m{{(pid=2483892) _check_rest_api_response /opt/stack/cinder/cinder/volume/drivers/hitachi/hbsd_rest_api.py:485}}[00m
2026-10-06 17:08:01.965 2483892 DEBUG cinder.volume.drivers.hitachi.hbsd_rest_api [req-8af84a93-0a3e-469a-a56b-652657f2b092 - - - - - -] ERROR <?xml version="1.0" encoding="iso-8859-1"?> <!DOCTYPE html PUBLIC "-//W3C//DTD XHTML 1.0 Transitional//EN"          "http://www.w3.org/TR/xhtml1/DTD/xhtml1-transitional.dtd"> <html xmlns="http://www.w3.org/1999/xhtml" xml:lang="en" lang="en">  <head>   <title>503 Service Not Available</title>  </head>  <body>   <h1>503 Service Not Available</h1>  </body> </html> [00;33m{{(pid=2483892) _check_rest_api_response /opt/stack/cinder/cinder/volume/drivers/hitachi/hbsd_rest_api.py:485}}[00m
2026-10-06 17:08:06.971 2483892 DEBUG cinder.volume.drivers.hitachi.hbsd_rest_api [req-8af84a93-0a3e-469a-a56b-652657f2b092 - - - - - -] ERROR <?xml version="1.0" encoding="iso-8859-1"?> <!DOCTYPE html PUBLIC "-//W3C//DTD XHTML 1.0 Transitional//EN"          "http://www.w3.org/TR/xhtml1/DTD/xhtml1-transitional.dtd"> <html xmlns="http://www.w3.org/1999/xhtml" xml:lang="en" lang="en">  <head>   <title>503 Service Not Available</title>  </head>  <body>   <h1>503 Service Not Available</h1>  </body> </html> [00;33m{{(pid=2483892) _check_rest_api_response /opt/stack/cinder/cinder/volume/drivers/hitachi/hbsd_rest_api.py:485}}[00m
2026-10-06 17:08:11.982 2483892 DEBUG cinder.volume.drivers.hitachi.hbsd_rest_api [req-8af84a93-0a3e-469a-a56b-652657f2b092 - - - - - -] ERROR <?xml version="1.0" encoding="iso-8859-1"?> <!DOCTYPE html PUBLIC "-//W3C//DTD XHTML 1.0 Transitional//EN"          "http://www.w3.org/TR/xhtml1/DTD/xhtml1-transitional.dtd"> <html xmlns="http://www.w3.org/1999/xhtml" xml:lang="en" lang="en">  <head>   <title>503 Service Not Available</title>  </head>  <body>   <h1>503 Service Not Available</h1>  </body> </html> [00;33m{{(pid=2483892) _check_rest_api_response /opt/stack/cinder/cinder/volume/drivers/hitachi/hbsd_rest_api.py:485}}[00m
2026-10-06 17:08:16.991 2483892 DEBUG cinder.volume.drivers.hitachi.hbsd_rest_api [req-8af84a93-0a3e-469a-a56b-652657f2b092 - - - - - -] ERROR <?xml version="1.0" encoding="iso-8859-1"?> <!DOCTYPE html PUBLIC "-//W3C//DTD XHTML 1.0 Transitional//EN"          "http://www.w3.org/TR/xhtml1/DTD/xhtml1-transitional.dtd"> <html xmlns="http://www.w3.org/1999/xhtml" xml:lang="en" lang="en">  <head>   <title>503 Service Not Available</title>  </head>  <body>   <h1>503 Service Not Available</h1>  </body> </html> [00;33m{{(pid=2483892) _check_rest_api_response /opt/stack/cinder/cinder/volume/drivers/hitachi/hbsd_rest_api.py:485}}[00m
2026-10-06 17:08:21.964 2483892 DEBUG cinder.volume.drivers.hitachi.hbsd_rest_api [req-8af84a93-0a3e-469a-a56b-652657f2b092 - - - - - -] ERROR <?xml version="1.0" encoding="iso-8859-1"?> <!DOCTYPE html PUBLIC "-//W3C//DTD XHTML 1.0 Transitional//EN"          "http://www.w3.org/TR/xhtml1/DTD/xhtml1-transitional.dtd"> <html xmlns="http://www.w3.org/1999/xhtml" xml:lang="en" lang="en">  <head>   <title>503 Service Not Available</title>  </head>  <body>   <h1>503 Service Not Available</h1>  </body> </html> [00;33m{{(pid=2483892) _check_rest_api_response /opt/stack/cinder/cinder/volume/drivers/hitachi/hbsd_rest_api.py:485}}[00m
2026-10-06 17:08:26.972 2483892 DEBUG cinder.volume.drivers.hitachi.hbsd_rest_api [req-8af84a93-0a3e-469a-a56b-652657f2b092 - - - - - -] ERROR <?xml version="1.0" encoding="iso-8859-1"?> <!DOCTYPE html PUBLIC "-//W3C//DTD XHTML 1.0 Transitional//EN"          "http://www.w3.org/TR/xhtml1/DTD/xhtml1-transitional.dtd"> <html xmlns="http://www.w3.org/1999/xhtml" xml:lang="en" lang="en">  <head>   <title>503 Service Not Available</title>  </head>  <body>   <h1>503 Service Not Available</h1>  </body> </html> [00;33m{{(pid=2483892) _check_rest_api_response /opt/stack/cinder/cinder/volume/drivers/hitachi/hbsd_rest_api.py:485}}[00m
2026-10-06 17:08:31.966 2483892 DEBUG cinder.volume.drivers.hitachi.hbsd_rest_api [req-8af84a93-0a3e-469a-a56b-652657f2b092 - - - - - -] ERROR <?xml version="1.0" encoding="iso-8859-1"?> <!DOCTYPE html PUBLIC "-//W3C//DTD XHTML 1.0 Transitional//EN"          "http://www.w3.org/TR/xhtml1/DTD/xhtml1-transitional.dtd"> <html xmlns="http://www.w3.org/1999/xhtml" xml:lang="en" lang="en">  <head>   <title>503 Service Not Available</title>  </head>  <body>   <h1>503 Service Not Available</h1>  </body> </html> [00;33m{{(pid=2483892) _check_rest_api_response /opt/stack/cinder/cinder/volume/drivers/hitachi/hbsd_rest_api.py:485}}[00m
2026-10-06 17:08:36.967 2483892 DEBUG cinder.volume.drivers.hitachi.hbsd_rest_api [req-8af84a93-0a3e-469a-a56b-652657f2b092 - - - - - -] ERROR <?xml version="1.0" encoding="iso-8859-1"?> <!DOCTYPE html PUBLIC "-//W3C//DTD XHTML 1.0 Transitional//EN"          "http://www.w3.org/TR/xhtml1/DTD/xhtml1-transitional.dtd"> <html xmlns="http://www.w3.org/1999/xhtml" xml:lang="en" lang="en">  <head>   <title>503 Service Not Available</title>  </head>  <body>   <h1>503 Service Not Available</h1>  </body> </html> [00;33m{{(pid=2483892) _check_rest_api_response /opt/stack/cinder/cinder/volume/drivers/hitachi/hbsd_rest_api.py:485}}[00m
2026-10-06 17:08:41.970 2483892 DEBUG cinder.volume.drivers.hitachi.hbsd_rest_api [req-8af84a93-0a3e-469a-a56b-652657f2b092 - - - - - -] ERROR <?xml version="1.0" encoding="iso-8859-1"?> <!DOCTYPE html PUBLIC "-//W3C//DTD XHTML 1.0 Transitional//EN"          "http://www.w3.org/TR/xhtml1/DTD/xhtml1-transitional.dtd"> <html xmlns="http://www.w3.org/1999/xhtml" xml:lang="en" lang="en">  <head>   <title>503 Service Not Available</title>  </head>  <body>   <h1>503 Service Not Available</h1>  </body> </html> [00;33m{{(pid=2483892) _check_rest_api_response /opt/stack/cinder/cinder/volume/drivers/hitachi/hbsd_rest_api.py:485}}[00m
2026-10-06 17:08:46.967 2483892 DEBUG cinder.volume.drivers.hitachi.hbsd_rest_api [req-8af84a93-0a3e-469a-a56b-652657f2b092 - - - - - -] ERROR <?xml version="1.0" encoding="iso-8859-1"?> <!DOCTYPE html PUBLIC "-//W3C//DTD XHTML 1.0 Transitional//EN"          "http://www.w3.org/TR/xhtml1/DTD/xhtml1-transitional.dtd"> <html xmlns="http://www.w3.org/1999/xhtml" xml:lang="en" lang="en">  <head>   <title>503 Service Not Available</title>  </head>  <body>   <h1>503 Service Not Available</h1>  </body> </html> [00;33m{{(pid=2483892) _check_rest_api_response /opt/stack/cinder/cinder/volume/drivers/hitachi/hbsd_rest_api.py:485}}[00m
2026-10-06 17:08:51.972 2483892 DEBUG cinder.volume.drivers.hitachi.hbsd_rest_api [req-8af84a93-0a3e-469a-a56b-652657f2b092 - - - - - -] ERROR <?xml version="1.0" encoding="iso-8859-1"?> <!DOCTYPE html PUBLIC "-//W3C//DTD XHTML 1.0 Transitional//EN"          "http://www.w3.org/TR/xhtml1/DTD/xhtml1-transitional.dtd"> <html xmlns="http://www.w3.org/1999/xhtml" xml:lang="en" lang="en">  <head>   <title>503 Service Not Available</title>  </head>  <body>   <h1>503 Service Not Available</h1>  </body> </html> [00;33m{{(pid=2483892) _check_rest_api_response /opt/stack/cinder/cinder/volume/drivers/hitachi/hbsd_rest_api.py:485}}[00m
2026-10-06 17:08:56.984 2483892 DEBUG cinder.volume.drivers.hitachi.hbsd_rest_api [req-8af84a93-0a3e-469a-a56b-652657f2b092 - - - - - -] ERROR <?xml version="1.0" encoding="iso-8859-1"?> <!DOCTYPE html PUBLIC "-//W3C//DTD XHTML 1.0 Transitional//EN"          "http://www.w3.org/TR/xhtml1/DTD/xhtml1-transitional.dtd"> <html xmlns="http://www.w3.org/1999/xhtml" xml:lang="en" lang="en">  <head>   <title>503 Service Not Available</title>  </head>  <body>   <h1>503 Service Not Available</h1>  </body> </html> [00;33m{{(pid=2483892) _check_rest_api_response /opt/stack/cinder/cinder/volume/drivers/hitachi/hbsd_rest_api.py:485}}[00m
2026-10-06 17:09:01.986 2483892 DEBUG cinder.volume.drivers.hitachi.hbsd_rest_api [req-8af84a93-0a3e-469a-a56b-652657f2b092 - - - - - -] ERROR <?xml version="1.0" encoding="iso-8859-1"?> <!DOCTYPE html PUBLIC "-//W3C//DTD XHTML 1.0 Transitional//EN"          "http://www.w3.org/TR/xhtml1/DTD/xhtml1-transitional.dtd"> <html xmlns="http://www.w3.org/1999/xhtml" xml:lang="en" lang="en">  <head>   <title>503 Service Not Available</title>  </head>  <body>   <h1>503 Service Not Available</h1>  </body> </html> [00;33m{{(pid=2483892) _check_rest_api_response /opt/stack/cinder/cinder/volume/drivers/hitachi/hbsd_rest_api.py:485}}[00m
2026-10-06 17:09:06.992 2483892 DEBUG cinder.volume.drivers.hitachi.hbsd_rest_api [req-8af84a93-0a3e-469a-a56b-652657f2b092 - - - - - -] ERROR <?xml version="1.0" encoding="iso-8859-1"?> <!DOCTYPE html PUBLIC "-//W3C//DTD XHTML 1.0 Transitional//EN"          "http://www.w3.org/TR/xhtml1/DTD/xhtml1-transitional.dtd"> <html xmlns="http://www.w3.org/1999/xhtml" xml:lang="en" lang="en">  <head>   <title>503 Service Not Available</title>  </head>  <body>   <h1>503 Service Not Available</h1>  </body> </html> [00;33m{{(pid=2483892) _check_rest_api_response /opt/stack/cinder/cinder/volume/drivers/hitachi/hbsd_rest_api.py:485}}[00m
2026-10-06 17:09:11.976 2483892 DEBUG cinder.volume.drivers.hitachi.hbsd_rest_api [req-8af84a93-0a3e-469a-a56b-652657f2b092 - - - - - -] ERROR <?xml version="1.0" encoding="iso-8859-1"?> <!DOCTYPE html PUBLIC "-//W3C//DTD XHTML 1.0 Transitional//EN"          "http://www.w3.org/TR/xhtml1/DTD/xhtml1-transitional.dtd"> <html xmlns="http://www.w3.org/1999/xhtml" xml:lang="en" lang="en">  <head>   <title>503 Service Not Available</title>  </head>  <body>   <h1>503 Service Not Available</h1>  </body> </html> [00;33m{{(pid=2483892) _check_rest_api_response /opt/stack/cinder/cinder/volume/drivers/hitachi/hbsd_rest_api.py:485}}[00m
2026-10-06 17:09:16.977 2483892 DEBUG cinder.volume.drivers.hitachi.hbsd_rest_api [req-8af84a93-0a3e-469a-a56b-652657f2b092 - - - - - -] ERROR <?xml version="1.0" encoding="iso-8859-1"?> <!DOCTYPE html PUBLIC "-//W3C//DTD XHTML 1.0 Transitional//EN"          "http://www.w3.org/TR/xhtml1/DTD/xhtml1-transitional.dtd"> <html xmlns="http://www.w3.org/1999/xhtml" xml:lang="en" lang="en">  <head>   <title>503 Service Not Available</title>  </head>  <body>   <h1>503 Service Not Available</h1>  </body> </html> [00;33m{{(pid=2483892) _check_rest_api_response /opt/stack/cinder/cinder/volume/drivers/hitachi/hbsd_rest_api.py:485}}[00m
2026-10-06 17:09:21.981 2483892 DEBUG cinder.volume.drivers.hitachi.hbsd_rest_api [req-8af84a93-0a3e-469a-a56b-652657f2b092 - - - - - -] ERROR <?xml version="1.0" encoding="iso-8859-1"?> <!DOCTYPE html PUBLIC "-//W3C//DTD XHTML 1.0 Transitional//EN"          "http://www.w3.org/TR/xhtml1/DTD/xhtml1-transitional.dtd"> <html xmlns="http://www.w3.org/1999/xhtml" xml:lang="en" lang="en">  <head>   <title>503 Service Not Available</title>  </head>  <body>   <h1>503 Service Not Available</h1>  </body> </html> [00;33m{{(pid=2483892) _check_rest_api_response /opt/stack/cinder/cinder/volume/drivers/hitachi/hbsd_rest_api.py:485}}[00m
2026-10-06 17:09:26.982 2483892 DEBUG cinder.volume.drivers.hitachi.hbsd_rest_api [req-8af84a93-0a3e-469a-a56b-652657f2b092 - - - - - -] ERROR <?xml version="1.0" encoding="iso-8859-1"?> <!DOCTYPE html PUBLIC "-//W3C//DTD XHTML 1.0 Transitional//EN"          "http://www.w3.org/TR/xhtml1/DTD/xhtml1-transitional.dtd"> <html xmlns="http://www.w3.org/1999/xhtml" xml:lang="en" lang="en">  <head>   <title>503 Service Not Available</title>  </head>  <body>   <h1>503 Service Not Available</h1>  </body> </html> [00;33m{{(pid=2483892) _check_rest_api_response /opt/stack/cinder/cinder/volume/drivers/hitachi/hbsd_rest_api.py:485}}[00m
2026-10-06 17:09:31.982 2483892 DEBUG cinder.volume.drivers.hitachi.hbsd_rest_api [req-8af84a93-0a3e-469a-a56b-652657f2b092 - - - - - -] ERROR <?xml version="1.0" encoding="iso-8859-1"?> <!DOCTYPE html PUBLIC "-//W3C//DTD XHTML 1.0 Transitional//EN"          "http://www.w3.org/TR/xhtml1/DTD/xhtml1-transitional.dtd"> <html xmlns="http://www.w3.org/1999/xhtml" xml:lang="en" lang="en">  <head>   <title>503 Service Not Available</title>  </head>  <body>   <h1>503 Service Not Available</h1>  </body> </html> [00;33m{{(pid=2483892) _check_rest_api_response /opt/stack/cinder/cinder/volume/drivers/hitachi/hbsd_rest_api.py:485}}[00m
2026-10-06 17:09:36.983 2483892 DEBUG cinder.volume.drivers.hitachi.hbsd_rest_api [req-8af84a93-0a3e-469a-a56b-652657f2b092 - - - - - -] ERROR <?xml version="1.0" encoding="iso-8859-1"?> <!DOCTYPE html PUBLIC "-//W3C//DTD XHTML 1.0 Transitional//EN"          "http://www.w3.org/TR/xhtml1/DTD/xhtml1-transitional.dtd"> <html xmlns="http://www.w3.org/1999/xhtml" xml:lang="en" lang="en">  <head>   <title>503 Service Not Available</title>  </head>  <body>   <h1>503 Service Not Available</h1>  </body> </html> [00;33m{{(pid=2483892) _check_rest_api_response /opt/stack/cinder/cinder/volume/drivers/hitachi/hbsd_rest_api.py:485}}[00m
2026-10-06 17:09:41.985 2483892 DEBUG cinder.volume.drivers.hitachi.hbsd_rest_api [req-8af84a93-0a3e-469a-a56b-652657f2b092 - - - - - -] ERROR <?xml version="1.0" encoding="iso-8859-1"?> <!DOCTYPE html PUBLIC "-//W3C//DTD XHTML 1.0 Transitional//EN"          "http://www.w3.org/TR/xhtml1/DTD/xhtml1-transitional.dtd"> <html xmlns="http://www.w3.org/1999/xhtml" xml:lang="en" lang="en">  <head>   <title>503 Service Not Available</title>  </head>  <body>   <h1>503 Service Not Available</h1>  </body> </html> [00;33m{{(pid=2483892) _check_rest_api_response /opt/stack/cinder/cinder/volume/drivers/hitachi/hbsd_rest_api.py:485}}[00m
2026-10-06 17:09:46.986 2483892 DEBUG cinder.volume.drivers.hitachi.hbsd_rest_api [req-8af84a93-0a3e-469a-a56b-652657f2b092 - - - - - -] ERROR <?xml version="1.0" encoding="iso-8859-1"?> <!DOCTYPE html PUBLIC "-//W3C//DTD XHTML 1.0 Transitional//EN"          "http://www.w3.org/TR/xhtml1/DTD/xhtml1-transitional.dtd"> <html xmlns="http://www.w3.org/1999/xhtml" xml:lang="en" lang="en">  <head>   <title>503 Service Not Available</title>  </head>  <body>   <h1>503 Service Not Available</h1>  </body> </html> [00;33m{{(pid=2483892) _check_rest_api_response /opt/stack/cinder/cinder/volume/drivers/hitachi/hbsd_rest_api.py:485}}[00m
2026-10-06 17:09:51.992 2483892 DEBUG cinder.volume.drivers.hitachi.hbsd_rest_api [req-8af84a93-0a3e-469a-a56b-652657f2b092 - - - - - -] ERROR <?xml version="1.0" encoding="iso-8859-1"?> <!DOCTYPE html PUBLIC "-//W3C//DTD XHTML 1.0 Transitional//EN"          "http://www.w3.org/TR/xhtml1/DTD/xhtml1-transitional.dtd"> <html xmlns="http://www.w3.org/1999/xhtml" xml:lang="en" lang="en">  <head>   <title>503 Service Not Available</title>  </head>  <body>   <h1>503 Service Not Available</h1>  </body> </html> [00;33m{{(pid=2483892) _check_rest_api_response /opt/stack/cinder/cinder/volume/drivers/hitachi/hbsd_rest_api.py:485}}[00m
2026-10-06 17:09:56.989 2483892 DEBUG cinder.volume.drivers.hitachi.hbsd_rest_api [req-8af84a93-0a3e-469a-a56b-652657f2b092 - - - - - -] ERROR <?xml version="1.0" encoding="iso-8859-1"?> <!DOCTYPE html PUBLIC "-//W3C//DTD XHTML 1.0 Transitional//EN"          "http://www.w3.org/TR/xhtml1/DTD/xhtml1-transitional.dtd"> <html xmlns="http://www.w3.org/1999/xhtml" xml:lang="en" lang="en">  <head>   <title>503 Service Not Available</title>  </head>  <body>   <h1>503 Service Not Available</h1>  </body> </html> [00;33m{{(pid=2483892) _check_rest_api_response /opt/stack/cinder/cinder/volume/drivers/hitachi/hbsd_rest_api.py:485}}[00m
2026-10-06 17:10:01.991 2483892 DEBUG cinder.volume.drivers.hitachi.hbsd_rest_api [req-8af84a93-0a3e-469a-a56b-652657f2b092 - - - - - -] ERROR <?xml version="1.0" encoding="iso-8859-1"?> <!DOCTYPE html PUBLIC "-//W3C//DTD XHTML 1.0 Transitional//EN"          "http://www.w3.org/TR/xhtml1/DTD/xhtml1-transitional.dtd"> <html xmlns="http://www.w3.org/1999/xhtml" xml:lang="en" lang="en">  <head>   <title>503 Service Not Available</title>  </head>  <body>   <h1>503 Service Not Available</h1>  </body> </html> [00;33m{{(pid=2483892) _check_rest_api_response /opt/stack/cinder/cinder/volume/drivers/hitachi/hbsd_rest_api.py:485}}[00m
2026-10-06 17:10:07.019 2483892 DEBUG cinder.volume.drivers.hitachi.hbsd_rest_api [req-8af84a93-0a3e-469a-a56b-652657f2b092 - - - - - -] ERROR <?xml version="1.0" encoding="iso-8859-1"?> <!DOCTYPE html PUBLIC "-//W3C//DTD XHTML 1.0 Transitional//EN"          "http://www.w3.org/TR/xhtml1/DTD/xhtml1-transitional.dtd"> <html xmlns="http://www.w3.org/1999/xhtml" xml:lang="en" lang="en">  <head>   <title>503 Service Not Available</title>  </head>  <body>   <h1>503 Service Not Available</h1>  </body> </html> [00;33m{{(pid=2483892) _check_rest_api_response /opt/stack/cinder/cinder/volume/drivers/hitachi/hbsd_rest_api.py:485}}[00m
2026-10-06 17:10:12.001 2483892 DEBUG cinder.volume.drivers.hitachi.hbsd_rest_api [req-8af84a93-0a3e-469a-a56b-652657f2b092 - - - - - -] ERROR <?xml version="1.0" encoding="iso-8859-1"?> <!DOCTYPE html PUBLIC "-//W3C//DTD XHTML 1.0 Transitional//EN"          "http://www.w3.org/TR/xhtml1/DTD/xhtml1-transitional.dtd"> <html xmlns="http://www.w3.org/1999/xhtml" xml:lang="en" lang="en">  <head>   <title>503 Service Not Available</title>  </head>  <body>   <h1>503 Service Not Available</h1>  </body> </html> [00;33m{{(pid=2483892) _check_rest_api_response /opt/stack/cinder/cinder/volume/drivers/hitachi/hbsd_rest_api.py:485}}[00m
2026-10-06 17:10:17.007 2483892 DEBUG cinder.volume.drivers.hitachi.hbsd_rest_api [req-8af84a93-0a3e-469a-a56b-652657f2b092 - - - - - -] ERROR <?xml version="1.0" encoding="iso-8859-1"?> <!DOCTYPE html PUBLIC "-//W3C//DTD XHTML 1.0 Transitional//EN"          "http://www.w3.org/TR/xhtml1/DTD/xhtml1-transitional.dtd"> <html xmlns="http://www.w3.org/1999/xhtml" xml:lang="en" lang="en">  <head>   <title>503 Service Not Available</title>  </head>  <body>   <h1>503 Service Not Available</h1>  </body> </html> [00;33m{{(pid=2483892) _check_rest_api_response /opt/stack/cinder/cinder/volume/drivers/hitachi/hbsd_rest_api.py:485}}[00m
2026-10-06 17:10:21.999 2483892 DEBUG cinder.volume.drivers.hitachi.hbsd_rest_api [req-8af84a93-0a3e-469a-a56b-652657f2b092 - - - - - -] ERROR <?xml version="1.0" encoding="iso-8859-1"?> <!DOCTYPE html PUBLIC "-//W3C//DTD XHTML 1.0 Transitional//EN"          "http://www.w3.org/TR/xhtml1/DTD/xhtml1-transitional.dtd"> <html xmlns="http://www.w3.org/1999/xhtml" xml:lang="en" lang="en">  <head>   <title>503 Service Not Available</title>  </head>  <body>   <h1>503 Service Not Available</h1>  </body> </html> [00;33m{{(pid=2483892) _check_rest_api_response /opt/stack/cinder/cinder/volume/drivers/hitachi/hbsd_rest_api.py:485}}[00m
2026-10-06 17:10:26.996 2483892 DEBUG cinder.volume.drivers.hitachi.hbsd_rest_api [req-8af84a93-0a3e-469a-a56b-652657f2b092 - - - - - -] ERROR <?xml version="1.0" encoding="iso-8859-1"?> <!DOCTYPE html PUBLIC "-//W3C//DTD XHTML 1.0 Transitional//EN"          "http://www.w3.org/TR/xhtml1/DTD/xhtml1-transitional.dtd"> <html xmlns="http://www.w3.org/1999/xhtml" xml:lang="en" lang="en">  <head>   <title>503 Service Not Available</title>  </head>  <body>   <h1>503 Service Not Available</h1>  </body> </html> [00;33m{{(pid=2483892) _check_rest_api_response /opt/stack/cinder/cinder/volume/drivers/hitachi/hbsd_rest_api.py:485}}[00m
2026-10-06 17:10:31.998 2483892 DEBUG cinder.volume.drivers.hitachi.hbsd_rest_api [req-8af84a93-0a3e-469a-a56b-652657f2b092 - - - - - -] ERROR <?xml version="1.0" encoding="iso-8859-1"?> <!DOCTYPE html PUBLIC "-//W3C//DTD XHTML 1.0 Transitional//EN"          "http://www.w3.org/TR/xhtml1/DTD/xhtml1-transitional.dtd"> <html xmlns="http://www.w3.org/1999/xhtml" xml:lang="en" lang="en">  <head>   <title>503 Service Not Available</title>  </head>  <body>   <h1>503 Service Not Available</h1>  </body> </html> [00;33m{{(pid=2483892) _check_rest_api_response /opt/stack/cinder/cinder/volume/drivers/hitachi/hbsd_rest_api.py:485}}[00m
2026-10-06 17:10:36.996 2483892 DEBUG cinder.volume.drivers.hitachi.hbsd_rest_api [req-8af84a93-0a3e-469a-a56b-652657f2b092 - - - - - -] ERROR <?xml version="1.0" encoding="iso-8859-1"?> <!DOCTYPE html PUBLIC "-//W3C//DTD XHTML 1.0 Transitional//EN"          "http://www.w3.org/TR/xhtml1/DTD/xhtml1-transitional.dtd"> <html xmlns="http://www.w3.org/1999/xhtml" xml:lang="en" lang="en">  <head>   <title>503 Service Not Available</title>  </head>  <body>   <h1>503 Service Not Available</h1>  </body> </html> [00;33m{{(pid=2483892) _check_rest_api_response /opt/stack/cinder/cinder/volume/drivers/hitachi/hbsd_rest_api.py:485}}[00m
2026-10-06 17:10:42.001 2483892 DEBUG cinder.volume.drivers.hitachi.hbsd_rest_api [req-8af84a93-0a3e-469a-a56b-652657f2b092 - - - - - -] ERROR <?xml version="1.0" encoding="iso-8859-1"?> <!DOCTYPE html PUBLIC "-//W3C//DTD XHTML 1.0 Transitional//EN"          "http://www.w3.org/TR/xhtml1/DTD/xhtml1-transitional.dtd"> <html xmlns="http://www.w3.org/1999/xhtml" xml:lang="en" lang="en">  <head>   <title>503 Service Not Available</title>  </head>  <body>   <h1>503 Service Not Available</h1>  </body> </html> [00;33m{{(pid=2483892) _check_rest_api_response /opt/stack/cinder/cinder/volume/drivers/hitachi/hbsd_rest_api.py:485}}[00m
2026-10-06 17:10:47.002 2483892 DEBUG cinder.volume.drivers.hitachi.hbsd_rest_api [req-8af84a93-0a3e-469a-a56b-652657f2b092 - - - - - -] ERROR <?xml version="1.0" encoding="iso-8859-1"?> <!DOCTYPE html PUBLIC "-//W3C//DTD XHTML 1.0 Transitional//EN"          "http://www.w3.org/TR/xhtml1/DTD/xhtml1-transitional.dtd"> <html xmlns="http://www.w3.org/1999/xhtml" xml:lang="en" lang="en">  <head>   <title>503 Service Not Available</title>  </head>  <body>   <h1>503 Service Not Available</h1>  </body> </html> [00;33m{{(pid=2483892) _check_rest_api_response /opt/stack/cinder/cinder/volume/drivers/hitachi/hbsd_rest_api.py:485}}[00m
2026-10-06 17:10:52.003 2483892 DEBUG cinder.volume.drivers.hitachi.hbsd_rest_api [req-8af84a93-0a3e-469a-a56b-652657f2b092 - - - - - -] ERROR <?xml version="1.0" encoding="iso-8859-1"?> <!DOCTYPE html PUBLIC "-//W3C//DTD XHTML 1.0 Transitional//EN"          "http://www.w3.org/TR/xhtml1/DTD/xhtml1-transitional.dtd"> <html xmlns="http://www.w3.org/1999/xhtml" xml:lang="en" lang="en">  <head>   <title>503 Service Not Available</title>  </head>  <body>   <h1>503 Service Not Available</h1>  </body> </html> [00;33m{{(pid=2483892) _check_rest_api_response /opt/stack/cinder/cinder/volume/drivers/hitachi/hbsd_rest_api.py:485}}[00m
2026-10-06 17:10:57.014 2483892 DEBUG cinder.volume.drivers.hitachi.hbsd_rest_api [req-8af84a93-0a3e-469a-a56b-652657f2b092 - - - - - -] ERROR <?xml version="1.0" encoding="iso-8859-1"?> <!DOCTYPE html PUBLIC "-//W3C//DTD XHTML 1.0 Transitional//EN"          "http://www.w3.org/TR/xhtml1/DTD/xhtml1-transitional.dtd"> <html xmlns="http://www.w3.org/1999/xhtml" xml:lang="en" lang="en">  <head>   <title>503 Service Not Available</title>  </head>  <body>   <h1>503 Service Not Available</h1>  </body> </html> [00;33m{{(pid=2483892) _check_rest_api_response /opt/stack/cinder/cinder/volume/drivers/hitachi/hbsd_rest_api.py:485}}[00m
2026-10-06 17:11:02.018 2483892 DEBUG cinder.volume.drivers.hitachi.hbsd_rest_api [req-8af84a93-0a3e-469a-a56b-652657f2b092 - - - - - -] ERROR <?xml version="1.0" encoding="iso-8859-1"?> <!DOCTYPE html PUBLIC "-//W3C//DTD XHTML 1.0 Transitional//EN"          "http://www.w3.org/TR/xhtml1/DTD/xhtml1-transitional.dtd"> <html xmlns="http://www.w3.org/1999/xhtml" xml:lang="en" lang="en">  <head>   <title>503 Service Not Available</title>  </head>  <body>   <h1>503 Service Not Available</h1>  </body> </html> [00;33m{{(pid=2483892) _check_rest_api_response /opt/stack/cinder/cinder/volume/drivers/hitachi/hbsd_rest_api.py:485}}[00m
2026-10-06 17:11:07.009 2483892 DEBUG cinder.volume.drivers.hitachi.hbsd_rest_api [req-8af84a93-0a3e-469a-a56b-652657f2b092 - - - - - -] ERROR <?xml version="1.0" encoding="iso-8859-1"?> <!DOCTYPE html PUBLIC "-//W3C//DTD XHTML 1.0 Transitional//EN"          "http://www.w3.org/TR/xhtml1/DTD/xhtml1-transitional.dtd"> <html xmlns="http://www.w3.org/1999/xhtml" xml:lang="en" lang="en">  <head>   <title>503 Service Not Available</title>  </head>  <body>   <h1>503 Service Not Available</h1>  </body> </html> [00;33m{{(pid=2483892) _check_rest_api_response /opt/stack/cinder/cinder/volume/drivers/hitachi/hbsd_rest_api.py:485}}[00m
2026-10-06 17:11:12.008 2483892 DEBUG cinder.volume.drivers.hitachi.hbsd_rest_api [req-8af84a93-0a3e-469a-a56b-652657f2b092 - - - - - -] ERROR <?xml version="1.0" encoding="iso-8859-1"?> <!DOCTYPE html PUBLIC "-//W3C//DTD XHTML 1.0 Transitional//EN"          "http://www.w3.org/TR/xhtml1/DTD/xhtml1-transitional.dtd"> <html xmlns="http://www.w3.org/1999/xhtml" xml:lang="en" lang="en">  <head>   <title>503 Service Not Available</title>  </head>  <body>   <h1>503 Service Not Available</h1>  </body> </html> [00;33m{{(pid=2483892) _check_rest_api_response /opt/stack/cinder/cinder/volume/drivers/hitachi/hbsd_rest_api.py:485}}[00m
2026-10-06 17:11:17.052 2483892 DEBUG cinder.volume.drivers.hitachi.hbsd_rest_api [req-8af84a93-0a3e-469a-a56b-652657f2b092 - - - - - -] ERROR <?xml version="1.0" encoding="iso-8859-1"?> <!DOCTYPE html PUBLIC "-//W3C//DTD XHTML 1.0 Transitional//EN"          "http://www.w3.org/TR/xhtml1/DTD/xhtml1-transitional.dtd"> <html xmlns="http://www.w3.org/1999/xhtml" xml:lang="en" lang="en">  <head>   <title>503 Service Not Available</title>  </head>  <body>   <h1>503 Service Not Available</h1>  </body> </html> [00;33m{{(pid=2483892) _check_rest_api_response /opt/stack/cinder/cinder/volume/drivers/hitachi/hbsd_rest_api.py:485}}[00m
2026-10-06 17:11:22.013 2483892 DEBUG cinder.volume.drivers.hitachi.hbsd_rest_api [req-8af84a93-0a3e-469a-a56b-652657f2b092 - - - - - -] ERROR <?xml version="1.0" encoding="iso-8859-1"?> <!DOCTYPE html PUBLIC "-//W3C//DTD XHTML 1.0 Transitional//EN"          "http://www.w3.org/TR/xhtml1/DTD/xhtml1-transitional.dtd"> <html xmlns="http://www.w3.org/1999/xhtml" xml:lang="en" lang="en">  <head>   <title>503 Service Not Available</title>  </head>  <body>   <h1>503 Service Not Available</h1>  </body> </html> [00;33m{{(pid=2483892) _check_rest_api_response /opt/stack/cinder/cinder/volume/drivers/hitachi/hbsd_rest_api.py:485}}[00m
2026-10-06 17:11:27.016 2483892 DEBUG cinder.volume.drivers.hitachi.hbsd_rest_api [req-8af84a93-0a3e-469a-a56b-652657f2b092 - - - - - -] ERROR <?xml version="1.0" encoding="iso-8859-1"?> <!DOCTYPE html PUBLIC "-//W3C//DTD XHTML 1.0 Transitional//EN"          "http://www.w3.org/TR/xhtml1/DTD/xhtml1-transitional.dtd"> <html xmlns="http://www.w3.org/1999/xhtml" xml:lang="en" lang="en">  <head>   <title>503 Service Not Available</title>  </head>  <body>   <h1>503 Service Not Available</h1>  </body> </html> [00;33m{{(pid=2483892) _check_rest_api_response /opt/stack/cinder/cinder/volume/drivers/hitachi/hbsd_rest_api.py:485}}[00m
2026-10-06 17:11:32.053 2483892 DEBUG cinder.volume.drivers.hitachi.hbsd_rest_api [req-8af84a93-0a3e-469a-a56b-652657f2b092 - - - - - -] ERROR <?xml version="1.0" encoding="iso-8859-1"?> <!DOCTYPE html PUBLIC "-//W3C//DTD XHTML 1.0 Transitional//EN"          "http://www.w3.org/TR/xhtml1/DTD/xhtml1-transitional.dtd"> <html xmlns="http://www.w3.org/1999/xhtml" xml:lang="en" lang="en">  <head>   <title>503 Service Not Available</title>  </head>  <body>   <h1>503 Service Not Available</h1>  </body> </html> [00;33m{{(pid=2483892) _check_rest_api_response /opt/stack/cinder/cinder/volume/drivers/hitachi/hbsd_rest_api.py:485}}[00m
2026-10-06 17:11:37.014 2483892 DEBUG cinder.volume.drivers.hitachi.hbsd_rest_api [req-8af84a93-0a3e-469a-a56b-652657f2b092 - - - - - -] ERROR <?xml version="1.0" encoding="iso-8859-1"?> <!DOCTYPE html PUBLIC "-//W3C//DTD XHTML 1.0 Transitional//EN"          "http://www.w3.org/TR/xhtml1/DTD/xhtml1-transitional.dtd"> <html xmlns="http://www.w3.org/1999/xhtml" xml:lang="en" lang="en">  <head>   <title>503 Service Not Available</title>  </head>  <body>   <h1>503 Service Not Available</h1>  </body> </html> [00;33m{{(pid=2483892) _check_rest_api_response /opt/stack/cinder/cinder/volume/drivers/hitachi/hbsd_rest_api.py:485}}[00m
2026-10-06 17:11:42.017 2483892 DEBUG cinder.volume.drivers.hitachi.hbsd_rest_api [req-8af84a93-0a3e-469a-a56b-652657f2b092 - - - - - -] ERROR <?xml version="1.0" encoding="iso-8859-1"?> <!DOCTYPE html PUBLIC "-//W3C//DTD XHTML 1.0 Transitional//EN"          "http://www.w3.org/TR/xhtml1/DTD/xhtml1-transitional.dtd"> <html xmlns="http://www.w3.org/1999/xhtml" xml:lang="en" lang="en">  <head>   <title>503 Service Not Available</title>  </head>  <body>   <h1>503 Service Not Available</h1>  </body> </html> [00;33m{{(pid=2483892) _check_rest_api_response /opt/stack/cinder/cinder/volume/drivers/hitachi/hbsd_rest_api.py:485}}[00m
2026-10-06 17:11:47.015 2483892 DEBUG cinder.volume.drivers.hitachi.hbsd_rest_api [req-8af84a93-0a3e-469a-a56b-652657f2b092 - - - - - -] ERROR <?xml version="1.0" encoding="iso-8859-1"?> <!DOCTYPE html PUBLIC "-//W3C//DTD XHTML 1.0 Transitional//EN"          "http://www.w3.org/TR/xhtml1/DTD/xhtml1-transitional.dtd"> <html xmlns="http://www.w3.org/1999/xhtml" xml:lang="en" lang="en">  <head>   <title>503 Service Not Available</title>  </head>  <body>   <h1>503 Service Not Available</h1>  </body> </html> [00;33m{{(pid=2483892) _check_rest_api_response /opt/stack/cinder/cinder/volume/drivers/hitachi/hbsd_rest_api.py:485}}[00m
2026-10-06 17:11:52.019 2483892 DEBUG cinder.volume.drivers.hitachi.hbsd_rest_api [req-8af84a93-0a3e-469a-a56b-652657f2b092 - - - - - -] ERROR <?xml version="1.0" encoding="iso-8859-1"?> <!DOCTYPE html PUBLIC "-//W3C//DTD XHTML 1.0 Transitional//EN"          "http://www.w3.org/TR/xhtml1/DTD/xhtml1-transitional.dtd"> <html xmlns="http://www.w3.org/1999/xhtml" xml:lang="en" lang="en">  <head>   <title>503 Service Not Available</title>  </head>  <body>   <h1>503 Service Not Available</h1>  </body> </html> [00;33m{{(pid=2483892) _check_rest_api_response /opt/stack/cinder/cinder/volume/drivers/hitachi/hbsd_rest_api.py:485}}[00m
2026-10-06 17:11:57.018 2483892 DEBUG cinder.volume.drivers.hitachi.hbsd_rest_api [req-8af84a93-0a3e-469a-a56b-652657f2b092 - - - - - -] ERROR <?xml version="1.0" encoding="iso-8859-1"?> <!DOCTYPE html PUBLIC "-//W3C//DTD XHTML 1.0 Transitional//EN"          "http://www.w3.org/TR/xhtml1/DTD/xhtml1-transitional.dtd"> <html xmlns="http://www.w3.org/1999/xhtml" xml:lang="en" lang="en">  <head>   <title>503 Service Not Available</title>  </head>  <body>   <h1>503 Service Not Available</h1>  </body> </html> [00;33m{{(pid=2483892) _check_rest_api_response /opt/stack/cinder/cinder/volume/drivers/hitachi/hbsd_rest_api.py:485}}[00m
2026-10-06 17:12:02.022 2483892 DEBUG cinder.volume.drivers.hitachi.hbsd_rest_api [req-8af84a93-0a3e-469a-a56b-652657f2b092 - - - - - -] ERROR <?xml version="1.0" encoding="iso-8859-1"?> <!DOCTYPE html PUBLIC "-//W3C//DTD XHTML 1.0 Transitional//EN"          "http://www.w3.org/TR/xhtml1/DTD/xhtml1-transitional.dtd"> <html xmlns="http://www.w3.org/1999/xhtml" xml:lang="en" lang="en">  <head>   <title>503 Service Not Available</title>  </head>  <body>   <h1>503 Service Not Available</h1>  </body> </html> [00;33m{{(pid=2483892) _check_rest_api_response /opt/stack/cinder/cinder/volume/drivers/hitachi/hbsd_rest_api.py:485}}[00m
2026-10-06 17:12:07.027 2483892 DEBUG cinder.volume.drivers.hitachi.hbsd_rest_api [req-8af84a93-0a3e-469a-a56b-652657f2b092 - - - - - -] ERROR <?xml version="1.0" encoding="iso-8859-1"?> <!DOCTYPE html PUBLIC "-//W3C//DTD XHTML 1.0 Transitional//EN"          "http://www.w3.org/TR/xhtml1/DTD/xhtml1-transitional.dtd"> <html xmlns="http://www.w3.org/1999/xhtml" xml:lang="en" lang="en">  <head>   <title>503 Service Not Available</title>  </head>  <body>   <h1>503 Service Not Available</h1>  </body> </html> [00;33m{{(pid=2483892) _check_rest_api_response /opt/stack/cinder/cinder/volume/drivers/hitachi/hbsd_rest_api.py:485}}[00m
2026-10-06 17:12:12.025 2483892 DEBUG cinder.volume.drivers.hitachi.hbsd_rest_api [req-8af84a93-0a3e-469a-a56b-652657f2b092 - - - - - -] ERROR <?xml version="1.0" encoding="iso-8859-1"?> <!DOCTYPE html PUBLIC "-//W3C//DTD XHTML 1.0 Transitional//EN"          "http://www.w3.org/TR/xhtml1/DTD/xhtml1-transitional.dtd"> <html xmlns="http://www.w3.org/1999/xhtml" xml:lang="en" lang="en">  <head>   <title>503 Service Not Available</title>  </head>  <body>   <h1>503 Service Not Available</h1>  </body> </html> [00;33m{{(pid=2483892) _check_rest_api_response /opt/stack/cinder/cinder/volume/drivers/hitachi/hbsd_rest_api.py:485}}[00m
2026-10-06 17:12:17.023 2483892 DEBUG cinder.volume.drivers.hitachi.hbsd_rest_api [req-8af84a93-0a3e-469a-a56b-652657f2b092 - - - - - -] ERROR <?xml version="1.0" encoding="iso-8859-1"?> <!DOCTYPE html PUBLIC "-//W3C//DTD XHTML 1.0 Transitional//EN"          "http://www.w3.org/TR/xhtml1/DTD/xhtml1-transitional.dtd"> <html xmlns="http://www.w3.org/1999/xhtml" xml:lang="en" lang="en">  <head>   <title>503 Service Not Available</title>  </head>  <body>   <h1>503 Service Not Available</h1>  </body> </html> [00;33m{{(pid=2483892) _check_rest_api_response /opt/stack/cinder/cinder/volume/drivers/hitachi/hbsd_rest_api.py:485}}[00m
2026-10-06 17:12:22.030 2483892 DEBUG cinder.volume.drivers.hitachi.hbsd_rest_api [req-8af84a93-0a3e-469a-a56b-652657f2b092 - - - - - -] ERROR <?xml version="1.0" encoding="iso-8859-1"?> <!DOCTYPE html PUBLIC "-//W3C//DTD XHTML 1.0 Transitional//EN"          "http://www.w3.org/TR/xhtml1/DTD/xhtml1-transitional.dtd"> <html xmlns="http://www.w3.org/1999/xhtml" xml:lang="en" lang="en">  <head>   <title>503 Service Not Available</title>  </head>  <body>   <h1>503 Service Not Available</h1>  </body> </html> [00;33m{{(pid=2483892) _check_rest_api_response /opt/stack/cinder/cinder/volume/drivers/hitachi/hbsd_rest_api.py:485}}[00m
2026-10-06 17:12:27.028 2483892 DEBUG cinder.volume.drivers.hitachi.hbsd_rest_api [req-8af84a93-0a3e-469a-a56b-652657f2b092 - - - - - -] ERROR <?xml version="1.0" encoding="iso-8859-1"?> <!DOCTYPE html PUBLIC "-//W3C//DTD XHTML 1.0 Transitional//EN"          "http://www.w3.org/TR/xhtml1/DTD/xhtml1-transitional.dtd"> <html xmlns="http://www.w3.org/1999/xhtml" xml:lang="en" lang="en">  <head>   <title>503 Service Not Available</title>  </head>  <body>   <h1>503 Service Not Available</h1>  </body> </html> [00;33m{{(pid=2483892) _check_rest_api_response /opt/stack/cinder/cinder/volume/drivers/hitachi/hbsd_rest_api.py:485}}[00m
2026-10-06 17:12:32.029 2483892 DEBUG cinder.volume.drivers.hitachi.hbsd_rest_api [req-8af84a93-0a3e-469a-a56b-652657f2b092 - - - - - -] ERROR <?xml version="1.0" encoding="iso-8859-1"?> <!DOCTYPE html PUBLIC "-//W3C//DTD XHTML 1.0 Transitional//EN"          "http://www.w3.org/TR/xhtml1/DTD/xhtml1-transitional.dtd"> <html xmlns="http://www.w3.org/1999/xhtml" xml:lang="en" lang="en">  <head>   <title>503 Service Not Available</title>  </head>  <body>   <h1>503 Service Not Available</h1>  </body> </html> [00;33m{{(pid=2483892) _check_rest_api_response /opt/stack/cinder/cinder/volume/drivers/hitachi/hbsd_rest_api.py:485}}[00m
2026-10-06 17:12:37.032 2483892 DEBUG cinder.volume.drivers.hitachi.hbsd_rest_api [req-8af84a93-0a3e-469a-a56b-652657f2b092 - - - - - -] ERROR <?xml version="1.0" encoding="iso-8859-1"?> <!DOCTYPE html PUBLIC "-//W3C//DTD XHTML 1.0 Transitional//EN"          "http://www.w3.org/TR/xhtml1/DTD/xhtml1-transitional.dtd"> <html xmlns="http://www.w3.org/1999/xhtml" xml:lang="en" lang="en">  <head>   <title>503 Service Not Available</title>  </head>  <body>   <h1>503 Service Not Available</h1>  </body> </html> [00;33m{{(pid=2483892) _check_rest_api_response /opt/stack/cinder/cinder/volume/drivers/hitachi/hbsd_rest_api.py:485}}[00m
2026-10-06 17:12:42.059 2483892 DEBUG cinder.volume.drivers.hitachi.hbsd_rest_api [req-8af84a93-0a3e-469a-a56b-652657f2b092 - - - - - -] ERROR <?xml version="1.0" encoding="iso-8859-1"?> <!DOCTYPE html PUBLIC "-//W3C//DTD XHTML 1.0 Transitional//EN"          "http://www.w3.org/TR/xhtml1/DTD/xhtml1-transitional.dtd"> <html xmlns="http://www.w3.org/1999/xhtml" xml:lang="en" lang="en">  <head>   <title>503 Service Not Available</title>  </head>  <body>   <h1>503 Service Not Available</h1>  </body> </html> [00;33m{{(pid=2483892) _check_rest_api_response /opt/stack/cinder/cinder/volume/drivers/hitachi/hbsd_rest_api.py:485}}[00m
2026-10-06 17:12:47.046 2483892 DEBUG cinder.volume.drivers.hitachi.hbsd_rest_api [req-8af84a93-0a3e-469a-a56b-652657f2b092 - - - - - -] ERROR <?xml version="1.0" encoding="iso-8859-1"?> <!DOCTYPE html PUBLIC "-//W3C//DTD XHTML 1.0 Transitional//EN"          "http://www.w3.org/TR/xhtml1/DTD/xhtml1-transitional.dtd"> <html xmlns="http://www.w3.org/1999/xhtml" xml:lang="en" lang="en">  <head>   <title>503 Service Not Available</title>  </head>  <body>   <h1>503 Service Not Available</h1>  </body> </html> [00;33m{{(pid=2483892) _check_rest_api_response /opt/stack/cinder/cinder/volume/drivers/hitachi/hbsd_rest_api.py:485}}[00m
2026-10-06 17:12:52.034 2483892 DEBUG cinder.volume.drivers.hitachi.hbsd_rest_api [req-8af84a93-0a3e-469a-a56b-652657f2b092 - - - - - -] ERROR <?xml version="1.0" encoding="iso-8859-1"?> <!DOCTYPE html PUBLIC "-//W3C//DTD XHTML 1.0 Transitional//EN"          "http://www.w3.org/TR/xhtml1/DTD/xhtml1-transitional.dtd"> <html xmlns="http://www.w3.org/1999/xhtml" xml:lang="en" lang="en">  <head>   <title>503 Service Not Available</title>  </head>  <body>   <h1>503 Service Not Available</h1>  </body> </html> [00;33m{{(pid=2483892) _check_rest_api_response /opt/stack/cinder/cinder/volume/drivers/hitachi/hbsd_rest_api.py:485}}[00m
2026-10-06 17:12:57.036 2483892 DEBUG cinder.volume.drivers.hitachi.hbsd_rest_api [req-8af84a93-0a3e-469a-a56b-652657f2b092 - - - - - -] ERROR <?xml version="1.0" encoding="iso-8859-1"?> <!DOCTYPE html PUBLIC "-//W3C//DTD XHTML 1.0 Transitional//EN"          "http://www.w3.org/TR/xhtml1/DTD/xhtml1-transitional.dtd"> <html xmlns="http://www.w3.org/1999/xhtml" xml:lang="en" lang="en">  <head>   <title>503 Service Not Available</title>  </head>  <body>   <h1>503 Service Not Available</h1>  </body> </html> [00;33m{{(pid=2483892) _check_rest_api_response /opt/stack/cinder/cinder/volume/drivers/hitachi/hbsd_rest_api.py:485}}[00m
2026-10-06 17:13:02.037 2483892 DEBUG cinder.volume.drivers.hitachi.hbsd_rest_api [req-8af84a93-0a3e-469a-a56b-652657f2b092 - - - - - -] ERROR <?xml version="1.0" encoding="iso-8859-1"?> <!DOCTYPE html PUBLIC "-//W3C//DTD XHTML 1.0 Transitional//EN"          "http://www.w3.org/TR/xhtml1/DTD/xhtml1-transitional.dtd"> <html xmlns="http://www.w3.org/1999/xhtml" xml:lang="en" lang="en">  <head>   <title>503 Service Not Available</title>  </head>  <body>   <h1>503 Service Not Available</h1>  </body> </html> [00;33m{{(pid=2483892) _check_rest_api_response /opt/stack/cinder/cinder/volume/drivers/hitachi/hbsd_rest_api.py:485}}[00m
2026-10-06 17:13:07.036 2483892 DEBUG cinder.volume.drivers.hitachi.hbsd_rest_api [req-8af84a93-0a3e-469a-a56b-652657f2b092 - - - - - -] ERROR <?xml version="1.0" encoding="iso-8859-1"?> <!DOCTYPE html PUBLIC "-//W3C//DTD XHTML 1.0 Transitional//EN"          "http://www.w3.org/TR/xhtml1/DTD/xhtml1-transitional.dtd"> <html xmlns="http://www.w3.org/1999/xhtml" xml:lang="en" lang="en">  <head>   <title>503 Service Not Available</title>  </head>  <body>   <h1>503 Service Not Available</h1>  </body> </html> [00;33m{{(pid=2483892) _check_rest_api_response /opt/stack/cinder/cinder/volume/drivers/hitachi/hbsd_rest_api.py:485}}[00m
2026-10-06 17:13:12.083 2483892 DEBUG cinder.volume.drivers.hitachi.hbsd_rest_api [req-8af84a93-0a3e-469a-a56b-652657f2b092 - - - - - -] ERROR <?xml version="1.0" encoding="iso-8859-1"?> <!DOCTYPE html PUBLIC "-//W3C//DTD XHTML 1.0 Transitional//EN"          "http://www.w3.org/TR/xhtml1/DTD/xhtml1-transitional.dtd"> <html xmlns="http://www.w3.org/1999/xhtml" xml:lang="en" lang="en">  <head>   <title>503 Service Not Available</title>  </head>  <body>   <h1>503 Service Not Available</h1>  </body> </html> [00;33m{{(pid=2483892) _check_rest_api_response /opt/stack/cinder/cinder/volume/drivers/hitachi/hbsd_rest_api.py:485}}[00m
2026-10-06 17:13:17.040 2483892 DEBUG cinder.volume.drivers.hitachi.hbsd_rest_api [req-8af84a93-0a3e-469a-a56b-652657f2b092 - - - - - -] ERROR <?xml version="1.0" encoding="iso-8859-1"?> <!DOCTYPE html PUBLIC "-//W3C//DTD XHTML 1.0 Transitional//EN"          "http://www.w3.org/TR/xhtml1/DTD/xhtml1-transitional.dtd"> <html xmlns="http://www.w3.org/1999/xhtml" xml:lang="en" lang="en">  <head>   <title>503 Service Not Available</title>  </head>  <body>   <h1>503 Service Not Available</h1>  </body> </html> [00;33m{{(pid=2483892) _check_rest_api_response /opt/stack/cinder/cinder/volume/drivers/hitachi/hbsd_rest_api.py:485}}[00m
2026-10-06 17:13:22.054 2483892 DEBUG cinder.volume.drivers.hitachi.hbsd_rest_api [req-8af84a93-0a3e-469a-a56b-652657f2b092 - - - - - -] ERROR <?xml version="1.0" encoding="iso-8859-1"?> <!DOCTYPE html PUBLIC "-//W3C//DTD XHTML 1.0 Transitional//EN"          "http://www.w3.org/TR/xhtml1/DTD/xhtml1-transitional.dtd"> <html xmlns="http://www.w3.org/1999/xhtml" xml:lang="en" lang="en">  <head>   <title>503 Service Not Available</title>  </head>  <body>   <h1>503 Service Not Available</h1>  </body> </html> [00;33m{{(pid=2483892) _check_rest_api_response /opt/stack/cinder/cinder/volume/drivers/hitachi/hbsd_rest_api.py:485}}[00m
2026-10-06 17:13:27.044 2483892 DEBUG cinder.volume.drivers.hitachi.hbsd_rest_api [req-8af84a93-0a3e-469a-a56b-652657f2b092 - - - - - -] ERROR <?xml version="1.0" encoding="iso-8859-1"?> <!DOCTYPE html PUBLIC "-//W3C//DTD XHTML 1.0 Transitional//EN"          "http://www.w3.org/TR/xhtml1/DTD/xhtml1-transitional.dtd"> <html xmlns="http://www.w3.org/1999/xhtml" xml:lang="en" lang="en">  <head>   <title>503 Service Not Available</title>  </head>  <body>   <h1>503 Service Not Available</h1>  </body> </html> [00;33m{{(pid=2483892) _check_rest_api_response /opt/stack/cinder/cinder/volume/drivers/hitachi/hbsd_rest_api.py:485}}[00m
2026-10-06 17:13:32.044 2483892 DEBUG cinder.volume.drivers.hitachi.hbsd_rest_api [req-8af84a93-0a3e-469a-a56b-652657f2b092 - - - - - -] ERROR <?xml version="1.0" encoding="iso-8859-1"?> <!DOCTYPE html PUBLIC "-//W3C//DTD XHTML 1.0 Transitional//EN"          "http://www.w3.org/TR/xhtml1/DTD/xhtml1-transitional.dtd"> <html xmlns="http://www.w3.org/1999/xhtml" xml:lang="en" lang="en">  <head>   <title>503 Service Not Available</title>  </head>  <body>   <h1>503 Service Not Available</h1>  </body> </html> [00;33m{{(pid=2483892) _check_rest_api_response /opt/stack/cinder/cinder/volume/drivers/hitachi/hbsd_rest_api.py:485}}[00m
2026-10-06 17:13:37.047 2483892 DEBUG cinder.volume.drivers.hitachi.hbsd_rest_api [req-8af84a93-0a3e-469a-a56b-652657f2b092 - - - - - -] ERROR <?xml version="1.0" encoding="iso-8859-1"?> <!DOCTYPE html PUBLIC "-//W3C//DTD XHTML 1.0 Transitional//EN"          "http://www.w3.org/TR/xhtml1/DTD/xhtml1-transitional.dtd"> <html xmlns="http://www.w3.org/1999/xhtml" xml:lang="en" lang="en">  <head>   <title>503 Service Not Available</title>  </head>  <body>   <h1>503 Service Not Available</h1>  </body> </html> [00;33m{{(pid=2483892) _check_rest_api_response /opt/stack/cinder/cinder/volume/drivers/hitachi/hbsd_rest_api.py:485}}[00m
2026-10-06 17:13:42.050 2483892 DEBUG cinder.volume.drivers.hitachi.hbsd_rest_api [req-8af84a93-0a3e-469a-a56b-652657f2b092 - - - - - -] ERROR <?xml version="1.0" encoding="iso-8859-1"?> <!DOCTYPE html PUBLIC "-//W3C//DTD XHTML 1.0 Transitional//EN"          "http://www.w3.org/TR/xhtml1/DTD/xhtml1-transitional.dtd"> <html xmlns="http://www.w3.org/1999/xhtml" xml:lang="en" lang="en">  <head>   <title>503 Service Not Available</title>  </head>  <body>   <h1>503 Service Not Available</h1>  </body> </html> [00;33m{{(pid=2483892) _check_rest_api_response /opt/stack/cinder/cinder/volume/drivers/hitachi/hbsd_rest_api.py:485}}[00m
2026-10-06 17:13:47.048 2483892 DEBUG cinder.volume.drivers.hitachi.hbsd_rest_api [req-8af84a93-0a3e-469a-a56b-652657f2b092 - - - - - -] ERROR <?xml version="1.0" encoding="iso-8859-1"?> <!DOCTYPE html PUBLIC "-//W3C//DTD XHTML 1.0 Transitional//EN"          "http://www.w3.org/TR/xhtml1/DTD/xhtml1-transitional.dtd"> <html xmlns="http://www.w3.org/1999/xhtml" xml:lang="en" lang="en">  <head>   <title>503 Service Not Available</title>  </head>  <body>   <h1>503 Service Not Available</h1>  </body> </html> [00;33m{{(pid=2483892) _check_rest_api_response /opt/stack/cinder/cinder/volume/drivers/hitachi/hbsd_rest_api.py:485}}[00m
2026-10-06 17:13:52.054 2483892 DEBUG cinder.volume.drivers.hitachi.hbsd_rest_api [req-8af84a93-0a3e-469a-a56b-652657f2b092 - - - - - -] ERROR <?xml version="1.0" encoding="iso-8859-1"?> <!DOCTYPE html PUBLIC "-//W3C//DTD XHTML 1.0 Transitional//EN"          "http://www.w3.org/TR/xhtml1/DTD/xhtml1-transitional.dtd"> <html xmlns="http://www.w3.org/1999/xhtml" xml:lang="en" lang="en">  <head>   <title>503 Service Not Available</title>  </head>  <body>   <h1>503 Service Not Available</h1>  </body> </html> [00;33m{{(pid=2483892) _check_rest_api_response /opt/stack/cinder/cinder/volume/drivers/hitachi/hbsd_rest_api.py:485}}[00m
2026-10-06 17:13:57.084 2483892 DEBUG cinder.volume.drivers.hitachi.hbsd_rest_api [req-8af84a93-0a3e-469a-a56b-652657f2b092 - - - - - -] ERROR <?xml version="1.0" encoding="iso-8859-1"?> <!DOCTYPE html PUBLIC "-//W3C//DTD XHTML 1.0 Transitional//EN"          "http://www.w3.org/TR/xhtml1/DTD/xhtml1-transitional.dtd"> <html xmlns="http://www.w3.org/1999/xhtml" xml:lang="en" lang="en">  <head>   <title>503 Service Not Available</title>  </head>  <body>   <h1>503 Service Not Available</h1>  </body> </html> [00;33m{{(pid=2483892) _check_rest_api_response /opt/stack/cinder/cinder/volume/drivers/hitachi/hbsd_rest_api.py:485}}[00m
2026-10-06 17:14:02.054 2483892 DEBUG cinder.volume.drivers.hitachi.hbsd_rest_api [req-8af84a93-0a3e-469a-a56b-652657f2b092 - - - - - -] ERROR <?xml version="1.0" encoding="iso-8859-1"?> <!DOCTYPE html PUBLIC "-//W3C//DTD XHTML 1.0 Transitional//EN"          "http://www.w3.org/TR/xhtml1/DTD/xhtml1-transitional.dtd"> <html xmlns="http://www.w3.org/1999/xhtml" xml:lang="en" lang="en">  <head>   <title>503 Service Not Available</title>  </head>  <body>   <h1>503 Service Not Available</h1>  </body> </html> [00;33m{{(pid=2483892) _check_rest_api_response /opt/stack/cinder/cinder/volume/drivers/hitachi/hbsd_rest_api.py:485}}[00m
2026-10-06 17:14:07.107 2483892 DEBUG cinder.volume.drivers.hitachi.hbsd_rest_api [req-8af84a93-0a3e-469a-a56b-652657f2b092 - - - - - -] ERROR <?xml version="1.0" encoding="iso-8859-1"?> <!DOCTYPE html PUBLIC "-//W3C//DTD XHTML 1.0 Transitional//EN"          "http://www.w3.org/TR/xhtml1/DTD/xhtml1-transitional.dtd"> <html xmlns="http://www.w3.org/1999/xhtml" xml:lang="en" lang="en">  <head>   <title>503 Service Not Available</title>  </head>  <body>   <h1>503 Service Not Available</h1>  </body> </html> [00;33m{{(pid=2483892) _check_rest_api_response /opt/stack/cinder/cinder/volume/drivers/hitachi/hbsd_rest_api.py:485}}[00m
2026-10-06 17:14:12.065 2483892 DEBUG cinder.volume.drivers.hitachi.hbsd_rest_api [req-8af84a93-0a3e-469a-a56b-652657f2b092 - - - - - -] ERROR <?xml version="1.0" encoding="iso-8859-1"?> <!DOCTYPE html PUBLIC "-//W3C//DTD XHTML 1.0 Transitional//EN"          "http://www.w3.org/TR/xhtml1/DTD/xhtml1-transitional.dtd"> <html xmlns="http://www.w3.org/1999/xhtml" xml:lang="en" lang="en">  <head>   <title>503 Service Not Available</title>  </head>  <body>   <h1>503 Service Not Available</h1>  </body> </html> [00;33m{{(pid=2483892) _check_rest_api_response /opt/stack/cinder/cinder/volume/drivers/hitachi/hbsd_rest_api.py:485}}[00m
2026-10-06 17:14:17.056 2483892 DEBUG cinder.volume.drivers.hitachi.hbsd_rest_api [req-8af84a93-0a3e-469a-a56b-652657f2b092 - - - - - -] ERROR <?xml version="1.0" encoding="iso-8859-1"?> <!DOCTYPE html PUBLIC "-//W3C//DTD XHTML 1.0 Transitional//EN"          "http://www.w3.org/TR/xhtml1/DTD/xhtml1-transitional.dtd"> <html xmlns="http://www.w3.org/1999/xhtml" xml:lang="en" lang="en">  <head>   <title>503 Service Not Available</title>  </head>  <body>   <h1>503 Service Not Available</h1>  </body> </html> [00;33m{{(pid=2483892) _check_rest_api_response /opt/stack/cinder/cinder/volume/drivers/hitachi/hbsd_rest_api.py:485}}[00m
2026-10-06 17:14:22.057 2483892 DEBUG cinder.volume.drivers.hitachi.hbsd_rest_api [req-8af84a93-0a3e-469a-a56b-652657f2b092 - - - - - -] ERROR <?xml version="1.0" encoding="iso-8859-1"?> <!DOCTYPE html PUBLIC "-//W3C//DTD XHTML 1.0 Transitional//EN"          "http://www.w3.org/TR/xhtml1/DTD/xhtml1-transitional.dtd"> <html xmlns="http://www.w3.org/1999/xhtml" xml:lang="en" lang="en">  <head>   <title>503 Service Not Available</title>  </head>  <body>   <h1>503 Service Not Available</h1>  </body> </html> [00;33m{{(pid=2483892) _check_rest_api_response /opt/stack/cinder/cinder/volume/drivers/hitachi/hbsd_rest_api.py:485}}[00m
2026-10-06 17:14:27.068 2483892 DEBUG cinder.volume.drivers.hitachi.hbsd_rest_api [req-8af84a93-0a3e-469a-a56b-652657f2b092 - - - - - -] ERROR <?xml version="1.0" encoding="iso-8859-1"?> <!DOCTYPE html PUBLIC "-//W3C//DTD XHTML 1.0 Transitional//EN"          "http://www.w3.org/TR/xhtml1/DTD/xhtml1-transitional.dtd"> <html xmlns="http://www.w3.org/1999/xhtml" xml:lang="en" lang="en">  <head>   <title>503 Service Not Available</title>  </head>  <body>   <h1>503 Service Not Available</h1>  </body> </html> [00;33m{{(pid=2483892) _check_rest_api_response /opt/stack/cinder/cinder/volume/drivers/hitachi/hbsd_rest_api.py:485}}[00m
2026-10-06 17:14:32.061 2483892 DEBUG cinder.volume.drivers.hitachi.hbsd_rest_api [req-8af84a93-0a3e-469a-a56b-652657f2b092 - - - - - -] ERROR <?xml version="1.0" encoding="iso-8859-1"?> <!DOCTYPE html PUBLIC "-//W3C//DTD XHTML 1.0 Transitional//EN"          "http://www.w3.org/TR/xhtml1/DTD/xhtml1-transitional.dtd"> <html xmlns="http://www.w3.org/1999/xhtml" xml:lang="en" lang="en">  <head>   <title>503 Service Not Available</title>  </head>  <body>   <h1>503 Service Not Available</h1>  </body> </html> [00;33m{{(pid=2483892) _check_rest_api_response /opt/stack/cinder/cinder/volume/drivers/hitachi/hbsd_rest_api.py:485}}[00m
2026-10-06 17:14:37.058 2483892 DEBUG cinder.volume.drivers.hitachi.hbsd_rest_api [req-8af84a93-0a3e-469a-a56b-652657f2b092 - - - - - -] ERROR <?xml version="1.0" encoding="iso-8859-1"?> <!DOCTYPE html PUBLIC "-//W3C//DTD XHTML 1.0 Transitional//EN"          "http://www.w3.org/TR/xhtml1/DTD/xhtml1-transitional.dtd"> <html xmlns="http://www.w3.org/1999/xhtml" xml:lang="en" lang="en">  <head>   <title>503 Service Not Available</title>  </head>  <body>   <h1>503 Service Not Available</h1>  </body> </html> [00;33m{{(pid=2483892) _check_rest_api_response /opt/stack/cinder/cinder/volume/drivers/hitachi/hbsd_rest_api.py:485}}[00m
2026-10-06 17:14:42.073 2483892 DEBUG cinder.volume.drivers.hitachi.hbsd_rest_api [req-8af84a93-0a3e-469a-a56b-652657f2b092 - - - - - -] ERROR <?xml version="1.0" encoding="iso-8859-1"?> <!DOCTYPE html PUBLIC "-//W3C//DTD XHTML 1.0 Transitional//EN"          "http://www.w3.org/TR/xhtml1/DTD/xhtml1-transitional.dtd"> <html xmlns="http://www.w3.org/1999/xhtml" xml:lang="en" lang="en">  <head>   <title>503 Service Not Available</title>  </head>  <body>   <h1>503 Service Not Available</h1>  </body> </html> [00;33m{{(pid=2483892) _check_rest_api_response /opt/stack/cinder/cinder/volume/drivers/hitachi/hbsd_rest_api.py:485}}[00m
2026-10-06 17:14:47.061 2483892 DEBUG cinder.volume.drivers.hitachi.hbsd_rest_api [req-8af84a93-0a3e-469a-a56b-652657f2b092 - - - - - -] ERROR <?xml version="1.0" encoding="iso-8859-1"?> <!DOCTYPE html PUBLIC "-//W3C//DTD XHTML 1.0 Transitional//EN"          "http://www.w3.org/TR/xhtml1/DTD/xhtml1-transitional.dtd"> <html xmlns="http://www.w3.org/1999/xhtml" xml:lang="en" lang="en">  <head>   <title>503 Service Not Available</title>  </head>  <body>   <h1>503 Service Not Available</h1>  </body> </html> [00;33m{{(pid=2483892) _check_rest_api_response /opt/stack/cinder/cinder/volume/drivers/hitachi/hbsd_rest_api.py:485}}[00m
2026-10-06 17:14:52.084 2483892 DEBUG cinder.volume.drivers.hitachi.hbsd_rest_api [req-8af84a93-0a3e-469a-a56b-652657f2b092 - - - - - -] ERROR <?xml version="1.0" encoding="iso-8859-1"?> <!DOCTYPE html PUBLIC "-//W3C//DTD XHTML 1.0 Transitional//EN"          "http://www.w3.org/TR/xhtml1/DTD/xhtml1-transitional.dtd"> <html xmlns="http://www.w3.org/1999/xhtml" xml:lang="en" lang="en">  <head>   <title>503 Service Not Available</title>  </head>  <body>   <h1>503 Service Not Available</h1>  </body> </html> [00;33m{{(pid=2483892) _check_rest_api_response /opt/stack/cinder/cinder/volume/drivers/hitachi/hbsd_rest_api.py:485}}[00m
2026-10-06 17:14:57.064 2483892 DEBUG cinder.volume.drivers.hitachi.hbsd_rest_api [req-8af84a93-0a3e-469a-a56b-652657f2b092 - - - - - -] ERROR <?xml version="1.0" encoding="iso-8859-1"?> <!DOCTYPE html PUBLIC "-//W3C//DTD XHTML 1.0 Transitional//EN"          "http://www.w3.org/TR/xhtml1/DTD/xhtml1-transitional.dtd"> <html xmlns="http://www.w3.org/1999/xhtml" xml:lang="en" lang="en">  <head>   <title>503 Service Not Available</title>  </head>  <body>   <h1>503 Service Not Available</h1>  </body> </html> [00;33m{{(pid=2483892) _check_rest_api_response /opt/stack/cinder/cinder/volume/drivers/hitachi/hbsd_rest_api.py:485}}[00m
2026-10-06 17:15:02.082 2483892 DEBUG cinder.volume.drivers.hitachi.hbsd_rest_api [req-8af84a93-0a3e-469a-a56b-652657f2b092 - - - - - -] ERROR <?xml version="1.0" encoding="iso-8859-1"?> <!DOCTYPE html PUBLIC "-//W3C//DTD XHTML 1.0 Transitional//EN"          "http://www.w3.org/TR/xhtml1/DTD/xhtml1-transitional.dtd"> <html xmlns="http://www.w3.org/1999/xhtml" xml:lang="en" lang="en">  <head>   <title>503 Service Not Available</title>  </head>  <body>   <h1>503 Service Not Available</h1>  </body> </html> [00;33m{{(pid=2483892) _check_rest_api_response /opt/stack/cinder/cinder/volume/drivers/hitachi/hbsd_rest_api.py:485}}[00m
2026-10-06 17:15:07.120 2483892 DEBUG cinder.volume.drivers.hitachi.hbsd_rest_api [req-8af84a93-0a3e-469a-a56b-652657f2b092 - - - - - -] ERROR <?xml version="1.0" encoding="iso-8859-1"?> <!DOCTYPE html PUBLIC "-//W3C//DTD XHTML 1.0 Transitional//EN"          "http://www.w3.org/TR/xhtml1/DTD/xhtml1-transitional.dtd"> <html xmlns="http://www.w3.org/1999/xhtml" xml:lang="en" lang="en">  <head>   <title>503 Service Not Available</title>  </head>  <body>   <h1>503 Service Not Available</h1>  </body> </html> [00;33m{{(pid=2483892) _check_rest_api_response /opt/stack/cinder/cinder/volume/drivers/hitachi/hbsd_rest_api.py:485}}[00m
2026-10-06 17:15:12.083 2483892 DEBUG cinder.volume.drivers.hitachi.hbsd_rest_api [req-8af84a93-0a3e-469a-a56b-652657f2b092 - - - - - -] ERROR <?xml version="1.0" encoding="iso-8859-1"?> <!DOCTYPE html PUBLIC "-//W3C//DTD XHTML 1.0 Transitional//EN"          "http://www.w3.org/TR/xhtml1/DTD/xhtml1-transitional.dtd"> <html xmlns="http://www.w3.org/1999/xhtml" xml:lang="en" lang="en">  <head>   <title>503 Service Not Available</title>  </head>  <body>   <h1>503 Service Not Available</h1>  </body> </html> [00;33m{{(pid=2483892) _check_rest_api_response /opt/stack/cinder/cinder/volume/drivers/hitachi/hbsd_rest_api.py:485}}[00m
2026-10-06 17:15:17.069 2483892 DEBUG cinder.volume.drivers.hitachi.hbsd_rest_api [req-8af84a93-0a3e-469a-a56b-652657f2b092 - - - - - -] ERROR <?xml version="1.0" encoding="iso-8859-1"?> <!DOCTYPE html PUBLIC "-//W3C//DTD XHTML 1.0 Transitional//EN"          "http://www.w3.org/TR/xhtml1/DTD/xhtml1-transitional.dtd"> <html xmlns="http://www.w3.org/1999/xhtml" xml:lang="en" lang="en">  <head>   <title>503 Service Not Available</title>  </head>  <body>   <h1>503 Service Not Available</h1>  </body> </html> [00;33m{{(pid=2483892) _check_rest_api_response /opt/stack/cinder/cinder/volume/drivers/hitachi/hbsd_rest_api.py:485}}[00m
2026-10-06 17:15:22.073 2483892 DEBUG cinder.volume.drivers.hitachi.hbsd_rest_api [req-8af84a93-0a3e-469a-a56b-652657f2b092 - - - - - -] ERROR <?xml version="1.0" encoding="iso-8859-1"?> <!DOCTYPE html PUBLIC "-//W3C//DTD XHTML 1.0 Transitional//EN"          "http://www.w3.org/TR/xhtml1/DTD/xhtml1-transitional.dtd"> <html xmlns="http://www.w3.org/1999/xhtml" xml:lang="en" lang="en">  <head>   <title>503 Service Not Available</title>  </head>  <body>   <h1>503 Service Not Available</h1>  </body> </html> [00;33m{{(pid=2483892) _check_rest_api_response /opt/stack/cinder/cinder/volume/drivers/hitachi/hbsd_rest_api.py:485}}[00m
2026-10-06 17:15:27.076 2483892 DEBUG cinder.volume.drivers.hitachi.hbsd_rest_api [req-8af84a93-0a3e-469a-a56b-652657f2b092 - - - - - -] ERROR <?xml version="1.0" encoding="iso-8859-1"?> <!DOCTYPE html PUBLIC "-//W3C//DTD XHTML 1.0 Transitional//EN"          "http://www.w3.org/TR/xhtml1/DTD/xhtml1-transitional.dtd"> <html xmlns="http://www.w3.org/1999/xhtml" xml:lang="en" lang="en">  <head>   <title>503 Service Not Available</title>  </head>  <body>   <h1>503 Service Not Available</h1>  </body> </html> [00;33m{{(pid=2483892) _check_rest_api_response /opt/stack/cinder/cinder/volume/drivers/hitachi/hbsd_rest_api.py:485}}[00m
2026-10-06 17:15:32.099 2483892 DEBUG cinder.volume.drivers.hitachi.hbsd_rest_api [req-8af84a93-0a3e-469a-a56b-652657f2b092 - - - - - -] ERROR <?xml version="1.0" encoding="iso-8859-1"?> <!DOCTYPE html PUBLIC "-//W3C//DTD XHTML 1.0 Transitional//EN"          "http://www.w3.org/TR/xhtml1/DTD/xhtml1-transitional.dtd"> <html xmlns="http://www.w3.org/1999/xhtml" xml:lang="en" lang="en">  <head>   <title>503 Service Not Available</title>  </head>  <body>   <h1>503 Service Not Available</h1>  </body> </html> [00;33m{{(pid=2483892) _check_rest_api_response /opt/stack/cinder/cinder/volume/drivers/hitachi/hbsd_rest_api.py:485}}[00m
2026-10-06 17:15:37.076 2483892 DEBUG cinder.volume.drivers.hitachi.hbsd_rest_api [req-8af84a93-0a3e-469a-a56b-652657f2b092 - - - - - -] ERROR <?xml version="1.0" encoding="iso-8859-1"?> <!DOCTYPE html PUBLIC "-//W3C//DTD XHTML 1.0 Transitional//EN"          "http://www.w3.org/TR/xhtml1/DTD/xhtml1-transitional.dtd"> <html xmlns="http://www.w3.org/1999/xhtml" xml:lang="en" lang="en">  <head>   <title>503 Service Not Available</title>  </head>  <body>   <h1>503 Service Not Available</h1>  </body> </html> [00;33m{{(pid=2483892) _check_rest_api_response /opt/stack/cinder/cinder/volume/drivers/hitachi/hbsd_rest_api.py:485}}[00m
2026-10-06 17:15:42.077 2483892 DEBUG cinder.volume.drivers.hitachi.hbsd_rest_api [req-8af84a93-0a3e-469a-a56b-652657f2b092 - - - - - -] ERROR <?xml version="1.0" encoding="iso-8859-1"?> <!DOCTYPE html PUBLIC "-//W3C//DTD XHTML 1.0 Transitional//EN"          "http://www.w3.org/TR/xhtml1/DTD/xhtml1-transitional.dtd"> <html xmlns="http://www.w3.org/1999/xhtml" xml:lang="en" lang="en">  <head>   <title>503 Service Not Available</title>  </head>  <body>   <h1>503 Service Not Available</h1>  </body> </html> [00;33m{{(pid=2483892) _check_rest_api_response /opt/stack/cinder/cinder/volume/drivers/hitachi/hbsd_rest_api.py:485}}[00m
2026-10-06 17:15:47.091 2483892 DEBUG cinder.volume.drivers.hitachi.hbsd_rest_api [req-8af84a93-0a3e-469a-a56b-652657f2b092 - - - - - -] ERROR <?xml version="1.0" encoding="iso-8859-1"?> <!DOCTYPE html PUBLIC "-//W3C//DTD XHTML 1.0 Transitional//EN"          "http://www.w3.org/TR/xhtml1/DTD/xhtml1-transitional.dtd"> <html xmlns="http://www.w3.org/1999/xhtml" xml:lang="en" lang="en">  <head>   <title>503 Service Not Available</title>  </head>  <body>   <h1>503 Service Not Available</h1>  </body> </html> [00;33m{{(pid=2483892) _check_rest_api_response /opt/stack/cinder/cinder/volume/drivers/hitachi/hbsd_rest_api.py:485}}[00m
2026-10-06 17:15:52.080 2483892 DEBUG cinder.volume.drivers.hitachi.hbsd_rest_api [req-8af84a93-0a3e-469a-a56b-652657f2b092 - - - - - -] ERROR <?xml version="1.0" encoding="iso-8859-1"?> <!DOCTYPE html PUBLIC "-//W3C//DTD XHTML 1.0 Transitional//EN"          "http://www.w3.org/TR/xhtml1/DTD/xhtml1-transitional.dtd"> <html xmlns="http://www.w3.org/1999/xhtml" xml:lang="en" lang="en">  <head>   <title>503 Service Not Available</title>  </head>  <body>   <h1>503 Service Not Available</h1>  </body> </html> [00;33m{{(pid=2483892) _check_rest_api_response /opt/stack/cinder/cinder/volume/drivers/hitachi/hbsd_rest_api.py:485}}[00m
2026-10-06 17:15:57.080 2483892 DEBUG cinder.volume.drivers.hitachi.hbsd_rest_api [req-8af84a93-0a3e-469a-a56b-652657f2b092 - - - - - -] ERROR <?xml version="1.0" encoding="iso-8859-1"?> <!DOCTYPE html PUBLIC "-//W3C//DTD XHTML 1.0 Transitional//EN"          "http://www.w3.org/TR/xhtml1/DTD/xhtml1-transitional.dtd"> <html xmlns="http://www.w3.org/1999/xhtml" xml:lang="en" lang="en">  <head>   <title>503 Service Not Available</title>  </head>  <body>   <h1>503 Service Not Available</h1>  </body> </html> [00;33m{{(pid=2483892) _check_rest_api_response /opt/stack/cinder/cinder/volume/drivers/hitachi/hbsd_rest_api.py:485}}[00m
2026-10-06 17:16:02.089 2483892 DEBUG cinder.volume.drivers.hitachi.hbsd_rest_api [req-8af84a93-0a3e-469a-a56b-652657f2b092 - - - - - -] ERROR <?xml version="1.0" encoding="iso-8859-1"?> <!DOCTYPE html PUBLIC "-//W3C//DTD XHTML 1.0 Transitional//EN"          "http://www.w3.org/TR/xhtml1/DTD/xhtml1-transitional.dtd"> <html xmlns="http://www.w3.org/1999/xhtml" xml:lang="en" lang="en">  <head>   <title>503 Service Not Available</title>  </head>  <body>   <h1>503 Service Not Available</h1>  </body> </html> [00;33m{{(pid=2483892) _check_rest_api_response /opt/stack/cinder/cinder/volume/drivers/hitachi/hbsd_rest_api.py:485}}[00m
2026-10-06 17:16:07.091 2483892 DEBUG cinder.volume.drivers.hitachi.hbsd_rest_api [req-8af84a93-0a3e-469a-a56b-652657f2b092 - - - - - -] ERROR <?xml version="1.0" encoding="iso-8859-1"?> <!DOCTYPE html PUBLIC "-//W3C//DTD XHTML 1.0 Transitional//EN"          "http://www.w3.org/TR/xhtml1/DTD/xhtml1-transitional.dtd"> <html xmlns="http://www.w3.org/1999/xhtml" xml:lang="en" lang="en">  <head>   <title>503 Service Not Available</title>  </head>  <body>   <h1>503 Service Not Available</h1>  </body> </html> [00;33m{{(pid=2483892) _check_rest_api_response /opt/stack/cinder/cinder/volume/drivers/hitachi/hbsd_rest_api.py:485}}[00m
2026-10-06 17:16:12.088 2483892 DEBUG cinder.volume.drivers.hitachi.hbsd_rest_api [req-8af84a93-0a3e-469a-a56b-652657f2b092 - - - - - -] ERROR <?xml version="1.0" encoding="iso-8859-1"?> <!DOCTYPE html PUBLIC "-//W3C//DTD XHTML 1.0 Transitional//EN"          "http://www.w3.org/TR/xhtml1/DTD/xhtml1-transitional.dtd"> <html xmlns="http://www.w3.org/1999/xhtml" xml:lang="en" lang="en">  <head>   <title>503 Service Not Available</title>  </head>  <body>   <h1>503 Service Not Available</h1>  </body> </html> [00;33m{{(pid=2483892) _check_rest_api_response /opt/stack/cinder/cinder/volume/drivers/hitachi/hbsd_rest_api.py:485}}[00m
2026-10-06 17:16:17.129 2483892 DEBUG cinder.volume.drivers.hitachi.hbsd_rest_api [req-8af84a93-0a3e-469a-a56b-652657f2b092 - - - - - -] ERROR <?xml version="1.0" encoding="iso-8859-1"?> <!DOCTYPE html PUBLIC "-//W3C//DTD XHTML 1.0 Transitional//EN"          "http://www.w3.org/TR/xhtml1/DTD/xhtml1-transitional.dtd"> <html xmlns="http://www.w3.org/1999/xhtml" xml:lang="en" lang="en">  <head>   <title>503 Service Not Available</title>  </head>  <body>   <h1>503 Service Not Available</h1>  </body> </html> [00;33m{{(pid=2483892) _check_rest_api_response /opt/stack/cinder/cinder/volume/drivers/hitachi/hbsd_rest_api.py:485}}[00m
2026-10-06 17:16:22.088 2483892 DEBUG cinder.volume.drivers.hitachi.hbsd_rest_api [req-8af84a93-0a3e-469a-a56b-652657f2b092 - - - - - -] ERROR <?xml version="1.0" encoding="iso-8859-1"?> <!DOCTYPE html PUBLIC "-//W3C//DTD XHTML 1.0 Transitional//EN"          "http://www.w3.org/TR/xhtml1/DTD/xhtml1-transitional.dtd"> <html xmlns="http://www.w3.org/1999/xhtml" xml:lang="en" lang="en">  <head>   <title>503 Service Not Available</title>  </head>  <body>   <h1>503 Service Not Available</h1>  </body> </html> [00;33m{{(pid=2483892) _check_rest_api_response /opt/stack/cinder/cinder/volume/drivers/hitachi/hbsd_rest_api.py:485}}[00m
2026-10-06 17:16:27.097 2483892 DEBUG cinder.volume.drivers.hitachi.hbsd_rest_api [req-8af84a93-0a3e-469a-a56b-652657f2b092 - - - - - -] ERROR <?xml version="1.0" encoding="iso-8859-1"?> <!DOCTYPE html PUBLIC "-//W3C//DTD XHTML 1.0 Transitional//EN"          "http://www.w3.org/TR/xhtml1/DTD/xhtml1-transitional.dtd"> <html xmlns="http://www.w3.org/1999/xhtml" xml:lang="en" lang="en">  <head>   <title>503 Service Not Available</title>  </head>  <body>   <h1>503 Service Not Available</h1>  </body> </html> [00;33m{{(pid=2483892) _check_rest_api_response /opt/stack/cinder/cinder/volume/drivers/hitachi/hbsd_rest_api.py:485}}[00m
2026-10-06 17:16:32.089 2483892 DEBUG cinder.volume.drivers.hitachi.hbsd_rest_api [req-8af84a93-0a3e-469a-a56b-652657f2b092 - - - - - -] ERROR <?xml version="1.0" encoding="iso-8859-1"?> <!DOCTYPE html PUBLIC "-//W3C//DTD XHTML 1.0 Transitional//EN"          "http://www.w3.org/TR/xhtml1/DTD/xhtml1-transitional.dtd"> <html xmlns="http://www.w3.org/1999/xhtml" xml:lang="en" lang="en">  <head>   <title>503 Service Not Available</title>  </head>  <body>   <h1>503 Service Not Available</h1>  </body> </html> [00;33m{{(pid=2483892) _check_rest_api_response /opt/stack/cinder/cinder/volume/drivers/hitachi/hbsd_rest_api.py:485}}[00m
2026-10-06 17:16:37.102 2483892 DEBUG cinder.volume.drivers.hitachi.hbsd_rest_api [req-8af84a93-0a3e-469a-a56b-652657f2b092 - - - - - -] ERROR <?xml version="1.0" encoding="iso-8859-1"?> <!DOCTYPE html PUBLIC "-//W3C//DTD XHTML 1.0 Transitional//EN"          "http://www.w3.org/TR/xhtml1/DTD/xhtml1-transitional.dtd"> <html xmlns="http://www.w3.org/1999/xhtml" xml:lang="en" lang="en">  <head>   <title>503 Service Not Available</title>  </head>  <body>   <h1>503 Service Not Available</h1>  </body> </html> [00;33m{{(pid=2483892) _check_rest_api_response /opt/stack/cinder/cinder/volume/drivers/hitachi/hbsd_rest_api.py:485}}[00m
2026-10-06 17:16:42.092 2483892 DEBUG cinder.volume.drivers.hitachi.hbsd_rest_api [req-8af84a93-0a3e-469a-a56b-652657f2b092 - - - - - -] ERROR <?xml version="1.0" encoding="iso-8859-1"?> <!DOCTYPE html PUBLIC "-//W3C//DTD XHTML 1.0 Transitional//EN"          "http://www.w3.org/TR/xhtml1/DTD/xhtml1-transitional.dtd"> <html xmlns="http://www.w3.org/1999/xhtml" xml:lang="en" lang="en">  <head>   <title>503 Service Not Available</title>  </head>  <body>   <h1>503 Service Not Available</h1>  </body> </html> [00;33m{{(pid=2483892) _check_rest_api_response /opt/stack/cinder/cinder/volume/drivers/hitachi/hbsd_rest_api.py:485}}[00m
2026-10-06 17:16:47.103 2483892 DEBUG cinder.volume.drivers.hitachi.hbsd_rest_api [req-8af84a93-0a3e-469a-a56b-652657f2b092 - - - - - -] ERROR <?xml version="1.0" encoding="iso-8859-1"?> <!DOCTYPE html PUBLIC "-//W3C//DTD XHTML 1.0 Transitional//EN"          "http://www.w3.org/TR/xhtml1/DTD/xhtml1-transitional.dtd"> <html xmlns="http://www.w3.org/1999/xhtml" xml:lang="en" lang="en">  <head>   <title>503 Service Not Available</title>  </head>  <body>   <h1>503 Service Not Available</h1>  </body> </html> [00;33m{{(pid=2483892) _check_rest_api_response /opt/stack/cinder/cinder/volume/drivers/hitachi/hbsd_rest_api.py:485}}[00m
2026-10-06 17:16:52.094 2483892 DEBUG cinder.volume.drivers.hitachi.hbsd_rest_api [req-8af84a93-0a3e-469a-a56b-652657f2b092 - - - - - -] ERROR <?xml version="1.0" encoding="iso-8859-1"?> <!DOCTYPE html PUBLIC "-//W3C//DTD XHTML 1.0 Transitional//EN"          "http://www.w3.org/TR/xhtml1/DTD/xhtml1-transitional.dtd"> <html xmlns="http://www.w3.org/1999/xhtml" xml:lang="en" lang="en">  <head>   <title>503 Service Not Available</title>  </head>  <body>   <h1>503 Service Not Available</h1>  </body> </html> [00;33m{{(pid=2483892) _check_rest_api_response /opt/stack/cinder/cinder/volume/drivers/hitachi/hbsd_rest_api.py:485}}[00m
2026-10-06 17:16:57.134 2483892 DEBUG cinder.volume.drivers.hitachi.hbsd_rest_api [req-8af84a93-0a3e-469a-a56b-652657f2b092 - - - - - -] ERROR <?xml version="1.0" encoding="iso-8859-1"?> <!DOCTYPE html PUBLIC "-//W3C//DTD XHTML 1.0 Transitional//EN"          "http://www.w3.org/TR/xhtml1/DTD/xhtml1-transitional.dtd"> <html xmlns="http://www.w3.org/1999/xhtml" xml:lang="en" lang="en">  <head>   <title>503 Service Not Available</title>  </head>  <body>   <h1>503 Service Not Available</h1>  </body> </html> [00;33m{{(pid=2483892) _check_rest_api_response /opt/stack/cinder/cinder/volume/drivers/hitachi/hbsd_rest_api.py:485}}[00m
2026-10-06 17:17:02.096 2483892 DEBUG cinder.volume.drivers.hitachi.hbsd_rest_api [req-8af84a93-0a3e-469a-a56b-652657f2b092 - - - - - -] ERROR <?xml version="1.0" encoding="iso-8859-1"?> <!DOCTYPE html PUBLIC "-//W3C//DTD XHTML 1.0 Transitional//EN"          "http://www.w3.org/TR/xhtml1/DTD/xhtml1-transitional.dtd"> <html xmlns="http://www.w3.org/1999/xhtml" xml:lang="en" lang="en">  <head>   <title>503 Service Not Available</title>  </head>  <body>   <h1>503 Service Not Available</h1>  </body> </html> [00;33m{{(pid=2483892) _check_rest_api_response /opt/stack/cinder/cinder/volume/drivers/hitachi/hbsd_rest_api.py:485}}[00m
2026-10-06 17:17:07.112 2483892 DEBUG cinder.volume.drivers.hitachi.hbsd_rest_api [req-8af84a93-0a3e-469a-a56b-652657f2b092 - - - - - -] ERROR <?xml version="1.0" encoding="iso-8859-1"?> <!DOCTYPE html PUBLIC "-//W3C//DTD XHTML 1.0 Transitional//EN"          "http://www.w3.org/TR/xhtml1/DTD/xhtml1-transitional.dtd"> <html xmlns="http://www.w3.org/1999/xhtml" xml:lang="en" lang="en">  <head>   <title>503 Service Not Available</title>  </head>  <body>   <h1>503 Service Not Available</h1>  </body> </html> [00;33m{{(pid=2483892) _check_rest_api_response /opt/stack/cinder/cinder/volume/drivers/hitachi/hbsd_rest_api.py:485}}[00m
2026-10-06 17:17:12.104 2483892 DEBUG cinder.volume.drivers.hitachi.hbsd_rest_api [req-8af84a93-0a3e-469a-a56b-652657f2b092 - - - - - -] ERROR <?xml version="1.0" encoding="iso-8859-1"?> <!DOCTYPE html PUBLIC "-//W3C//DTD XHTML 1.0 Transitional//EN"          "http://www.w3.org/TR/xhtml1/DTD/xhtml1-transitional.dtd"> <html xmlns="http://www.w3.org/1999/xhtml" xml:lang="en" lang="en">  <head>   <title>503 Service Not Available</title>  </head>  <body>   <h1>503 Service Not Available</h1>  </body> </html> [00;33m{{(pid=2483892) _check_rest_api_response /opt/stack/cinder/cinder/volume/drivers/hitachi/hbsd_rest_api.py:485}}[00m
2026-10-06 17:17:17.097 2483892 DEBUG cinder.volume.drivers.hitachi.hbsd_rest_api [req-8af84a93-0a3e-469a-a56b-652657f2b092 - - - - - -] ERROR <?xml version="1.0" encoding="iso-8859-1"?> <!DOCTYPE html PUBLIC "-//W3C//DTD XHTML 1.0 Transitional//EN"          "http://www.w3.org/TR/xhtml1/DTD/xhtml1-transitional.dtd"> <html xmlns="http://www.w3.org/1999/xhtml" xml:lang="en" lang="en">  <head>   <title>503 Service Not Available</title>  </head>  <body>   <h1>503 Service Not Available</h1>  </body> </html> [00;33m{{(pid=2483892) _check_rest_api_response /opt/stack/cinder/cinder/volume/drivers/hitachi/hbsd_rest_api.py:485}}[00m
2026-10-06 17:17:22.099 2483892 DEBUG cinder.volume.drivers.hitachi.hbsd_rest_api [req-8af84a93-0a3e-469a-a56b-652657f2b092 - - - - - -] ERROR <?xml version="1.0" encoding="iso-8859-1"?> <!DOCTYPE html PUBLIC "-//W3C//DTD XHTML 1.0 Transitional//EN"          "http://www.w3.org/TR/xhtml1/DTD/xhtml1-transitional.dtd"> <html xmlns="http://www.w3.org/1999/xhtml" xml:lang="en" lang="en">  <head>   <title>503 Service Not Available</title>  </head>  <body>   <h1>503 Service Not Available</h1>  </body> </html> [00;33m{{(pid=2483892) _check_rest_api_response /opt/stack/cinder/cinder/volume/drivers/hitachi/hbsd_rest_api.py:485}}[00m
2026-10-06 17:17:27.113 2483892 DEBUG cinder.volume.drivers.hitachi.hbsd_rest_api [req-8af84a93-0a3e-469a-a56b-652657f2b092 - - - - - -] ERROR <?xml version="1.0" encoding="iso-8859-1"?> <!DOCTYPE html PUBLIC "-//W3C//DTD XHTML 1.0 Transitional//EN"          "http://www.w3.org/TR/xhtml1/DTD/xhtml1-transitional.dtd"> <html xmlns="http://www.w3.org/1999/xhtml" xml:lang="en" lang="en">  <head>   <title>503 Service Not Available</title>  </head>  <body>   <h1>503 Service Not Available</h1>  </body> </html> [00;33m{{(pid=2483892) _check_rest_api_response /opt/stack/cinder/cinder/volume/drivers/hitachi/hbsd_rest_api.py:485}}[00m
2026-10-06 17:17:32.107 2483892 DEBUG cinder.volume.drivers.hitachi.hbsd_rest_api [req-8af84a93-0a3e-469a-a56b-652657f2b092 - - - - - -] ERROR <?xml version="1.0" encoding="iso-8859-1"?> <!DOCTYPE html PUBLIC "-//W3C//DTD XHTML 1.0 Transitional//EN"          "http://www.w3.org/TR/xhtml1/DTD/xhtml1-transitional.dtd"> <html xmlns="http://www.w3.org/1999/xhtml" xml:lang="en" lang="en">  <head>   <title>503 Service Not Available</title>  </head>  <body>   <h1>503 Service Not Available</h1>  </body> </html> [00;33m{{(pid=2483892) _check_rest_api_response /opt/stack/cinder/cinder/volume/drivers/hitachi/hbsd_rest_api.py:485}}[00m
2026-10-06 17:17:37.110 2483892 DEBUG cinder.volume.drivers.hitachi.hbsd_rest_api [req-8af84a93-0a3e-469a-a56b-652657f2b092 - - - - - -] ERROR <?xml version="1.0" encoding="iso-8859-1"?> <!DOCTYPE html PUBLIC "-//W3C//DTD XHTML 1.0 Transitional//EN"          "http://www.w3.org/TR/xhtml1/DTD/xhtml1-transitional.dtd"> <html xmlns="http://www.w3.org/1999/xhtml" xml:lang="en" lang="en">  <head>   <title>503 Service Not Available</title>  </head>  <body>   <h1>503 Service Not Available</h1>  </body> </html> [00;33m{{(pid=2483892) _check_rest_api_response /opt/stack/cinder/cinder/volume/drivers/hitachi/hbsd_rest_api.py:485}}[00m
2026-10-06 17:17:42.103 2483892 DEBUG cinder.volume.drivers.hitachi.hbsd_rest_api [req-8af84a93-0a3e-469a-a56b-652657f2b092 - - - - - -] ERROR <?xml version="1.0" encoding="iso-8859-1"?> <!DOCTYPE html PUBLIC "-//W3C//DTD XHTML 1.0 Transitional//EN"          "http://www.w3.org/TR/xhtml1/DTD/xhtml1-transitional.dtd"> <html xmlns="http://www.w3.org/1999/xhtml" xml:lang="en" lang="en">  <head>   <title>503 Service Not Available</title>  </head>  <body>   <h1>503 Service Not Available</h1>  </body> </html> [00;33m{{(pid=2483892) _check_rest_api_response /opt/stack/cinder/cinder/volume/drivers/hitachi/hbsd_rest_api.py:485}}[00m
2026-10-06 17:17:47.102 2483892 DEBUG cinder.volume.drivers.hitachi.hbsd_rest_api [req-8af84a93-0a3e-469a-a56b-652657f2b092 - - - - - -] ERROR <?xml version="1.0" encoding="iso-8859-1"?> <!DOCTYPE html PUBLIC "-//W3C//DTD XHTML 1.0 Transitional//EN"          "http://www.w3.org/TR/xhtml1/DTD/xhtml1-transitional.dtd"> <html xmlns="http://www.w3.org/1999/xhtml" xml:lang="en" lang="en">  <head>   <title>503 Service Not Available</title>  </head>  <body>   <h1>503 Service Not Available</h1>  </body> </html> [00;33m{{(pid=2483892) _check_rest_api_response /opt/stack/cinder/cinder/volume/drivers/hitachi/hbsd_rest_api.py:485}}[00m
2026-10-06 17:17:52.106 2483892 DEBUG cinder.volume.drivers.hitachi.hbsd_rest_api [req-8af84a93-0a3e-469a-a56b-652657f2b092 - - - - - -] ERROR <?xml version="1.0" encoding="iso-8859-1"?> <!DOCTYPE html PUBLIC "-//W3C//DTD XHTML 1.0 Transitional//EN"          "http://www.w3.org/TR/xhtml1/DTD/xhtml1-transitional.dtd"> <html xmlns="http://www.w3.org/1999/xhtml" xml:lang="en" lang="en">  <head>   <title>503 Service Not Available</title>  </head>  <body>   <h1>503 Service Not Available</h1>  </body> </html> [00;33m{{(pid=2483892) _check_rest_api_response /opt/stack/cinder/cinder/volume/drivers/hitachi/hbsd_rest_api.py:485}}[00m
2026-10-06 17:17:57.109 2483892 DEBUG cinder.volume.drivers.hitachi.hbsd_rest_api [req-8af84a93-0a3e-469a-a56b-652657f2b092 - - - - - -] ERROR <?xml version="1.0" encoding="iso-8859-1"?> <!DOCTYPE html PUBLIC "-//W3C//DTD XHTML 1.0 Transitional//EN"          "http://www.w3.org/TR/xhtml1/DTD/xhtml1-transitional.dtd"> <html xmlns="http://www.w3.org/1999/xhtml" xml:lang="en" lang="en">  <head>   <title>503 Service Not Available</title>  </head>  <body>   <h1>503 Service Not Available</h1>  </body> </html> [00;33m{{(pid=2483892) _check_rest_api_response /opt/stack/cinder/cinder/volume/drivers/hitachi/hbsd_rest_api.py:485}}[00m
2026-10-06 17:18:02.110 2483892 DEBUG cinder.volume.drivers.hitachi.hbsd_rest_api [req-8af84a93-0a3e-469a-a56b-652657f2b092 - - - - - -] ERROR <?xml version="1.0" encoding="iso-8859-1"?> <!DOCTYPE html PUBLIC "-//W3C//DTD XHTML 1.0 Transitional//EN"          "http://www.w3.org/TR/xhtml1/DTD/xhtml1-transitional.dtd"> <html xmlns="http://www.w3.org/1999/xhtml" xml:lang="en" lang="en">  <head>   <title>503 Service Not Available</title>  </head>  <body>   <h1>503 Service Not Available</h1>  </body> </html> [00;33m{{(pid=2483892) _check_rest_api_response /opt/stack/cinder/cinder/volume/drivers/hitachi/hbsd_rest_api.py:485}}[00m
2026-10-06 17:18:07.119 2483892 DEBUG cinder.volume.drivers.hitachi.hbsd_rest_api [req-8af84a93-0a3e-469a-a56b-652657f2b092 - - - - - -] ERROR <?xml version="1.0" encoding="iso-8859-1"?> <!DOCTYPE html PUBLIC "-//W3C//DTD XHTML 1.0 Transitional//EN"          "http://www.w3.org/TR/xhtml1/DTD/xhtml1-transitional.dtd"> <html xmlns="http://www.w3.org/1999/xhtml" xml:lang="en" lang="en">  <head>   <title>503 Service Not Available</title>  </head>  <body>   <h1>503 Service Not Available</h1>  </body> </html> [00;33m{{(pid=2483892) _check_rest_api_response /opt/stack/cinder/cinder/volume/drivers/hitachi/hbsd_rest_api.py:485}}[00m
2026-10-06 17:18:12.178 2483892 DEBUG cinder.volume.drivers.hitachi.hbsd_rest_api [req-8af84a93-0a3e-469a-a56b-652657f2b092 - - - - - -] ERROR <?xml version="1.0" encoding="iso-8859-1"?> <!DOCTYPE html PUBLIC "-//W3C//DTD XHTML 1.0 Transitional//EN"          "http://www.w3.org/TR/xhtml1/DTD/xhtml1-transitional.dtd"> <html xmlns="http://www.w3.org/1999/xhtml" xml:lang="en" lang="en">  <head>   <title>503 Service Not Available</title>  </head>  <body>   <h1>503 Service Not Available</h1>  </body> </html> [00;33m{{(pid=2483892) _check_rest_api_response /opt/stack/cinder/cinder/volume/drivers/hitachi/hbsd_rest_api.py:485}}[00m
2026-10-06 17:18:17.109 2483892 DEBUG cinder.volume.drivers.hitachi.hbsd_rest_api [req-8af84a93-0a3e-469a-a56b-652657f2b092 - - - - - -] ERROR <?xml version="1.0" encoding="iso-8859-1"?> <!DOCTYPE html PUBLIC "-//W3C//DTD XHTML 1.0 Transitional//EN"          "http://www.w3.org/TR/xhtml1/DTD/xhtml1-transitional.dtd"> <html xmlns="http://www.w3.org/1999/xhtml" xml:lang="en" lang="en">  <head>   <title>503 Service Not Available</title>  </head>  <body>   <h1>503 Service Not Available</h1>  </body> </html> [00;33m{{(pid=2483892) _check_rest_api_response /opt/stack/cinder/cinder/volume/drivers/hitachi/hbsd_rest_api.py:485}}[00m
2026-10-06 17:18:22.114 2483892 DEBUG cinder.volume.drivers.hitachi.hbsd_rest_api [req-8af84a93-0a3e-469a-a56b-652657f2b092 - - - - - -] ERROR <?xml version="1.0" encoding="iso-8859-1"?> <!DOCTYPE html PUBLIC "-//W3C//DTD XHTML 1.0 Transitional//EN"          "http://www.w3.org/TR/xhtml1/DTD/xhtml1-transitional.dtd"> <html xmlns="http://www.w3.org/1999/xhtml" xml:lang="en" lang="en">  <head>   <title>503 Service Not Available</title>  </head>  <body>   <h1>503 Service Not Available</h1>  </body> </html> [00;33m{{(pid=2483892) _check_rest_api_response /opt/stack/cinder/cinder/volume/drivers/hitachi/hbsd_rest_api.py:485}}[00m
2026-10-06 17:18:27.116 2483892 DEBUG cinder.volume.drivers.hitachi.hbsd_rest_api [req-8af84a93-0a3e-469a-a56b-652657f2b092 - - - - - -] ERROR <?xml version="1.0" encoding="iso-8859-1"?> <!DOCTYPE html PUBLIC "-//W3C//DTD XHTML 1.0 Transitional//EN"          "http://www.w3.org/TR/xhtml1/DTD/xhtml1-transitional.dtd"> <html xmlns="http://www.w3.org/1999/xhtml" xml:lang="en" lang="en">  <head>   <title>503 Service Not Available</title>  </head>  <body>   <h1>503 Service Not Available</h1>  </body> </html> [00;33m{{(pid=2483892) _check_rest_api_response /opt/stack/cinder/cinder/volume/drivers/hitachi/hbsd_rest_api.py:485}}[00m
2026-10-06 17:18:32.115 2483892 DEBUG cinder.volume.drivers.hitachi.hbsd_rest_api [req-8af84a93-0a3e-469a-a56b-652657f2b092 - - - - - -] ERROR <?xml version="1.0" encoding="iso-8859-1"?> <!DOCTYPE html PUBLIC "-//W3C//DTD XHTML 1.0 Transitional//EN"          "http://www.w3.org/TR/xhtml1/DTD/xhtml1-transitional.dtd"> <html xmlns="http://www.w3.org/1999/xhtml" xml:lang="en" lang="en">  <head>   <title>503 Service Not Available</title>  </head>  <body>   <h1>503 Service Not Available</h1>  </body> </html> [00;33m{{(pid=2483892) _check_rest_api_response /opt/stack/cinder/cinder/volume/drivers/hitachi/hbsd_rest_api.py:485}}[00m
2026-10-06 17:18:37.118 2483892 DEBUG cinder.volume.drivers.hitachi.hbsd_rest_api [req-8af84a93-0a3e-469a-a56b-652657f2b092 - - - - - -] ERROR <?xml version="1.0" encoding="iso-8859-1"?> <!DOCTYPE html PUBLIC "-//W3C//DTD XHTML 1.0 Transitional//EN"          "http://www.w3.org/TR/xhtml1/DTD/xhtml1-transitional.dtd"> <html xmlns="http://www.w3.org/1999/xhtml" xml:lang="en" lang="en">  <head>   <title>503 Service Not Available</title>  </head>  <body>   <h1>503 Service Not Available</h1>  </body> </html> [00;33m{{(pid=2483892) _check_rest_api_response /opt/stack/cinder/cinder/volume/drivers/hitachi/hbsd_rest_api.py:485}}[00m
2026-10-06 17:18:42.133 2483892 DEBUG cinder.volume.drivers.hitachi.hbsd_rest_api [req-8af84a93-0a3e-469a-a56b-652657f2b092 - - - - - -] ERROR <?xml version="1.0" encoding="iso-8859-1"?> <!DOCTYPE html PUBLIC "-//W3C//DTD XHTML 1.0 Transitional//EN"          "http://www.w3.org/TR/xhtml1/DTD/xhtml1-transitional.dtd"> <html xmlns="http://www.w3.org/1999/xhtml" xml:lang="en" lang="en">  <head>   <title>503 Service Not Available</title>  </head>  <body>   <h1>503 Service Not Available</h1>  </body> </html> [00;33m{{(pid=2483892) _check_rest_api_response /opt/stack/cinder/cinder/volume/drivers/hitachi/hbsd_rest_api.py:485}}[00m
2026-10-06 17:18:47.116 2483892 DEBUG cinder.volume.drivers.hitachi.hbsd_rest_api [req-8af84a93-0a3e-469a-a56b-652657f2b092 - - - - - -] ERROR <?xml version="1.0" encoding="iso-8859-1"?> <!DOCTYPE html PUBLIC "-//W3C//DTD XHTML 1.0 Transitional//EN"          "http://www.w3.org/TR/xhtml1/DTD/xhtml1-transitional.dtd"> <html xmlns="http://www.w3.org/1999/xhtml" xml:lang="en" lang="en">  <head>   <title>503 Service Not Available</title>  </head>  <body>   <h1>503 Service Not Available</h1>  </body> </html> [00;33m{{(pid=2483892) _check_rest_api_response /opt/stack/cinder/cinder/volume/drivers/hitachi/hbsd_rest_api.py:485}}[00m
2026-10-06 17:18:52.119 2483892 DEBUG cinder.volume.drivers.hitachi.hbsd_rest_api [req-8af84a93-0a3e-469a-a56b-652657f2b092 - - - - - -] ERROR <?xml version="1.0" encoding="iso-8859-1"?> <!DOCTYPE html PUBLIC "-//W3C//DTD XHTML 1.0 Transitional//EN"          "http://www.w3.org/TR/xhtml1/DTD/xhtml1-transitional.dtd"> <html xmlns="http://www.w3.org/1999/xhtml" xml:lang="en" lang="en">  <head>   <title>503 Service Not Available</title>  </head>  <body>   <h1>503 Service Not Available</h1>  </body> </html> [00;33m{{(pid=2483892) _check_rest_api_response /opt/stack/cinder/cinder/volume/drivers/hitachi/hbsd_rest_api.py:485}}[00m
2026-10-06 17:18:57.120 2483892 DEBUG cinder.volume.drivers.hitachi.hbsd_rest_api [req-8af84a93-0a3e-469a-a56b-652657f2b092 - - - - - -] ERROR <?xml version="1.0" encoding="iso-8859-1"?> <!DOCTYPE html PUBLIC "-//W3C//DTD XHTML 1.0 Transitional//EN"          "http://www.w3.org/TR/xhtml1/DTD/xhtml1-transitional.dtd"> <html xmlns="http://www.w3.org/1999/xhtml" xml:lang="en" lang="en">  <head>   <title>503 Service Not Available</title>  </head>  <body>   <h1>503 Service Not Available</h1>  </body> </html> [00;33m{{(pid=2483892) _check_rest_api_response /opt/stack/cinder/cinder/volume/drivers/hitachi/hbsd_rest_api.py:485}}[00m
2026-10-06 17:19:02.124 2483892 DEBUG cinder.volume.drivers.hitachi.hbsd_rest_api [req-8af84a93-0a3e-469a-a56b-652657f2b092 - - - - - -] ERROR <?xml version="1.0" encoding="iso-8859-1"?> <!DOCTYPE html PUBLIC "-//W3C//DTD XHTML 1.0 Transitional//EN"          "http://www.w3.org/TR/xhtml1/DTD/xhtml1-transitional.dtd"> <html xmlns="http://www.w3.org/1999/xhtml" xml:lang="en" lang="en">  <head>   <title>503 Service Not Available</title>  </head>  <body>   <h1>503 Service Not Available</h1>  </body> </html> [00;33m{{(pid=2483892) _check_rest_api_response /opt/stack/cinder/cinder/volume/drivers/hitachi/hbsd_rest_api.py:485}}[00m
2026-10-06 17:19:07.129 2483892 DEBUG cinder.volume.drivers.hitachi.hbsd_rest_api [req-8af84a93-0a3e-469a-a56b-652657f2b092 - - - - - -] ERROR <?xml version="1.0" encoding="iso-8859-1"?> <!DOCTYPE html PUBLIC "-//W3C//DTD XHTML 1.0 Transitional//EN"          "http://www.w3.org/TR/xhtml1/DTD/xhtml1-transitional.dtd"> <html xmlns="http://www.w3.org/1999/xhtml" xml:lang="en" lang="en">  <head>   <title>503 Service Not Available</title>  </head>  <body>   <h1>503 Service Not Available</h1>  </body> </html> [00;33m{{(pid=2483892) _check_rest_api_response /opt/stack/cinder/cinder/volume/drivers/hitachi/hbsd_rest_api.py:485}}[00m
2026-10-06 17:19:12.173 2483892 DEBUG cinder.volume.drivers.hitachi.hbsd_rest_api [req-8af84a93-0a3e-469a-a56b-652657f2b092 - - - - - -] ERROR <?xml version="1.0" encoding="iso-8859-1"?> <!DOCTYPE html PUBLIC "-//W3C//DTD XHTML 1.0 Transitional//EN"          "http://www.w3.org/TR/xhtml1/DTD/xhtml1-transitional.dtd"> <html xmlns="http://www.w3.org/1999/xhtml" xml:lang="en" lang="en">  <head>   <title>503 Service Not Available</title>  </head>  <body>   <h1>503 Service Not Available</h1>  </body> </html> [00;33m{{(pid=2483892) _check_rest_api_response /opt/stack/cinder/cinder/volume/drivers/hitachi/hbsd_rest_api.py:485}}[00m
2026-10-06 17:19:17.125 2483892 DEBUG cinder.volume.drivers.hitachi.hbsd_rest_api [req-8af84a93-0a3e-469a-a56b-652657f2b092 - - - - - -] ERROR <?xml version="1.0" encoding="iso-8859-1"?> <!DOCTYPE html PUBLIC "-//W3C//DTD XHTML 1.0 Transitional//EN"          "http://www.w3.org/TR/xhtml1/DTD/xhtml1-transitional.dtd"> <html xmlns="http://www.w3.org/1999/xhtml" xml:lang="en" lang="en">  <head>   <title>503 Service Not Available</title>  </head>  <body>   <h1>503 Service Not Available</h1>  </body> </html> [00;33m{{(pid=2483892) _check_rest_api_response /opt/stack/cinder/cinder/volume/drivers/hitachi/hbsd_rest_api.py:485}}[00m
2026-10-06 17:19:22.125 2483892 DEBUG cinder.volume.drivers.hitachi.hbsd_rest_api [req-8af84a93-0a3e-469a-a56b-652657f2b092 - - - - - -] ERROR <?xml version="1.0" encoding="iso-8859-1"?> <!DOCTYPE html PUBLIC "-//W3C//DTD XHTML 1.0 Transitional//EN"          "http://www.w3.org/TR/xhtml1/DTD/xhtml1-transitional.dtd"> <html xmlns="http://www.w3.org/1999/xhtml" xml:lang="en" lang="en">  <head>   <title>503 Service Not Available</title>  </head>  <body>   <h1>503 Service Not Available</h1>  </body> </html> [00;33m{{(pid=2483892) _check_rest_api_response /opt/stack/cinder/cinder/volume/drivers/hitachi/hbsd_rest_api.py:485}}[00m
2026-10-06 17:19:27.174 2483892 DEBUG cinder.volume.drivers.hitachi.hbsd_rest_api [req-8af84a93-0a3e-469a-a56b-652657f2b092 - - - - - -] ERROR <?xml version="1.0" encoding="iso-8859-1"?> <!DOCTYPE html PUBLIC "-//W3C//DTD XHTML 1.0 Transitional//EN"          "http://www.w3.org/TR/xhtml1/DTD/xhtml1-transitional.dtd"> <html xmlns="http://www.w3.org/1999/xhtml" xml:lang="en" lang="en">  <head>   <title>503 Service Not Available</title>  </head>  <body>   <h1>503 Service Not Available</h1>  </body> </html> [00;33m{{(pid=2483892) _check_rest_api_response /opt/stack/cinder/cinder/volume/drivers/hitachi/hbsd_rest_api.py:485}}[00m
2026-10-06 17:19:32.132 2483892 DEBUG cinder.volume.drivers.hitachi.hbsd_rest_api [req-8af84a93-0a3e-469a-a56b-652657f2b092 - - - - - -] ERROR <?xml version="1.0" encoding="iso-8859-1"?> <!DOCTYPE html PUBLIC "-//W3C//DTD XHTML 1.0 Transitional//EN"          "http://www.w3.org/TR/xhtml1/DTD/xhtml1-transitional.dtd"> <html xmlns="http://www.w3.org/1999/xhtml" xml:lang="en" lang="en">  <head>   <title>503 Service Not Available</title>  </head>  <body>   <h1>503 Service Not Available</h1>  </body> </html> [00;33m{{(pid=2483892) _check_rest_api_response /opt/stack/cinder/cinder/volume/drivers/hitachi/hbsd_rest_api.py:485}}[00m
2026-10-06 17:19:37.135 2483892 DEBUG cinder.volume.drivers.hitachi.hbsd_rest_api [req-8af84a93-0a3e-469a-a56b-652657f2b092 - - - - - -] ERROR <?xml version="1.0" encoding="iso-8859-1"?> <!DOCTYPE html PUBLIC "-//W3C//DTD XHTML 1.0 Transitional//EN"          "http://www.w3.org/TR/xhtml1/DTD/xhtml1-transitional.dtd"> <html xmlns="http://www.w3.org/1999/xhtml" xml:lang="en" lang="en">  <head>   <title>503 Service Not Available</title>  </head>  <body>   <h1>503 Service Not Available</h1>  </body> </html> [00;33m{{(pid=2483892) _check_rest_api_response /opt/stack/cinder/cinder/volume/drivers/hitachi/hbsd_rest_api.py:485}}[00m
2026-10-06 17:19:42.132 2483892 DEBUG cinder.volume.drivers.hitachi.hbsd_rest_api [req-8af84a93-0a3e-469a-a56b-652657f2b092 - - - - - -] ERROR <?xml version="1.0" encoding="iso-8859-1"?> <!DOCTYPE html PUBLIC "-//W3C//DTD XHTML 1.0 Transitional//EN"          "http://www.w3.org/TR/xhtml1/DTD/xhtml1-transitional.dtd"> <html xmlns="http://www.w3.org/1999/xhtml" xml:lang="en" lang="en">  <head>   <title>503 Service Not Available</title>  </head>  <body>   <h1>503 Service Not Available</h1>  </body> </html> [00;33m{{(pid=2483892) _check_rest_api_response /opt/stack/cinder/cinder/volume/drivers/hitachi/hbsd_rest_api.py:485}}[00m
2026-10-06 17:19:47.132 2483892 DEBUG cinder.volume.drivers.hitachi.hbsd_rest_api [req-8af84a93-0a3e-469a-a56b-652657f2b092 - - - - - -] ERROR <?xml version="1.0" encoding="iso-8859-1"?> <!DOCTYPE html PUBLIC "-//W3C//DTD XHTML 1.0 Transitional//EN"          "http://www.w3.org/TR/xhtml1/DTD/xhtml1-transitional.dtd"> <html xmlns="http://www.w3.org/1999/xhtml" xml:lang="en" lang="en">  <head>   <title>503 Service Not Available</title>  </head>  <body>   <h1>503 Service Not Available</h1>  </body> </html> [00;33m{{(pid=2483892) _check_rest_api_response /opt/stack/cinder/cinder/volume/drivers/hitachi/hbsd_rest_api.py:485}}[00m
2026-10-06 17:19:52.144 2483892 DEBUG cinder.volume.drivers.hitachi.hbsd_rest_api [req-8af84a93-0a3e-469a-a56b-652657f2b092 - - - - - -] ERROR <?xml version="1.0" encoding="iso-8859-1"?> <!DOCTYPE html PUBLIC "-//W3C//DTD XHTML 1.0 Transitional//EN"          "http://www.w3.org/TR/xhtml1/DTD/xhtml1-transitional.dtd"> <html xmlns="http://www.w3.org/1999/xhtml" xml:lang="en" lang="en">  <head>   <title>503 Service Not Available</title>  </head>  <body>   <h1>503 Service Not Available</h1>  </body> </html> [00;33m{{(pid=2483892) _check_rest_api_response /opt/stack/cinder/cinder/volume/drivers/hitachi/hbsd_rest_api.py:485}}[00m
2026-10-06 17:19:57.140 2483892 DEBUG cinder.volume.drivers.hitachi.hbsd_rest_api [req-8af84a93-0a3e-469a-a56b-652657f2b092 - - - - - -] ERROR <?xml version="1.0" encoding="iso-8859-1"?> <!DOCTYPE html PUBLIC "-//W3C//DTD XHTML 1.0 Transitional//EN"          "http://www.w3.org/TR/xhtml1/DTD/xhtml1-transitional.dtd"> <html xmlns="http://www.w3.org/1999/xhtml" xml:lang="en" lang="en">  <head>   <title>503 Service Not Available</title>  </head>  <body>   <h1>503 Service Not Available</h1>  </body> </html> [00;33m{{(pid=2483892) _check_rest_api_response /opt/stack/cinder/cinder/volume/drivers/hitachi/hbsd_rest_api.py:485}}[00m
2026-10-06 17:20:02.137 2483892 DEBUG cinder.volume.drivers.hitachi.hbsd_rest_api [req-8af84a93-0a3e-469a-a56b-652657f2b092 - - - - - -] ERROR <?xml version="1.0" encoding="iso-8859-1"?> <!DOCTYPE html PUBLIC "-//W3C//DTD XHTML 1.0 Transitional//EN"          "http://www.w3.org/TR/xhtml1/DTD/xhtml1-transitional.dtd"> <html xmlns="http://www.w3.org/1999/xhtml" xml:lang="en" lang="en">  <head>   <title>503 Service Not Available</title>  </head>  <body>   <h1>503 Service Not Available</h1>  </body> </html> [00;33m{{(pid=2483892) _check_rest_api_response /opt/stack/cinder/cinder/volume/drivers/hitachi/hbsd_rest_api.py:485}}[00m
2026-10-06 17:20:07.138 2483892 DEBUG cinder.volume.drivers.hitachi.hbsd_rest_api [req-8af84a93-0a3e-469a-a56b-652657f2b092 - - - - - -] ERROR <?xml version="1.0" encoding="iso-8859-1"?> <!DOCTYPE html PUBLIC "-//W3C//DTD XHTML 1.0 Transitional//EN"          "http://www.w3.org/TR/xhtml1/DTD/xhtml1-transitional.dtd"> <html xmlns="http://www.w3.org/1999/xhtml" xml:lang="en" lang="en">  <head>   <title>503 Service Not Available</title>  </head>  <body>   <h1>503 Service Not Available</h1>  </body> </html> [00;33m{{(pid=2483892) _check_rest_api_response /opt/stack/cinder/cinder/volume/drivers/hitachi/hbsd_rest_api.py:485}}[00m
2026-10-06 17:20:12.143 2483892 DEBUG cinder.volume.drivers.hitachi.hbsd_rest_api [req-8af84a93-0a3e-469a-a56b-652657f2b092 - - - - - -] ERROR <?xml version="1.0" encoding="iso-8859-1"?> <!DOCTYPE html PUBLIC "-//W3C//DTD XHTML 1.0 Transitional//EN"          "http://www.w3.org/TR/xhtml1/DTD/xhtml1-transitional.dtd"> <html xmlns="http://www.w3.org/1999/xhtml" xml:lang="en" lang="en">  <head>   <title>503 Service Not Available</title>  </head>  <body>   <h1>503 Service Not Available</h1>  </body> </html> [00;33m{{(pid=2483892) _check_rest_api_response /opt/stack/cinder/cinder/volume/drivers/hitachi/hbsd_rest_api.py:485}}[00m
2026-10-06 17:20:17.142 2483892 DEBUG cinder.volume.drivers.hitachi.hbsd_rest_api [req-8af84a93-0a3e-469a-a56b-652657f2b092 - - - - - -] ERROR <?xml version="1.0" encoding="iso-8859-1"?> <!DOCTYPE html PUBLIC "-//W3C//DTD XHTML 1.0 Transitional//EN"          "http://www.w3.org/TR/xhtml1/DTD/xhtml1-transitional.dtd"> <html xmlns="http://www.w3.org/1999/xhtml" xml:lang="en" lang="en">  <head>   <title>503 Service Not Available</title>  </head>  <body>   <h1>503 Service Not Available</h1>  </body> </html> [00;33m{{(pid=2483892) _check_rest_api_response /opt/stack/cinder/cinder/volume/drivers/hitachi/hbsd_rest_api.py:485}}[00m
2026-10-06 17:20:22.142 2483892 DEBUG cinder.volume.drivers.hitachi.hbsd_rest_api [req-8af84a93-0a3e-469a-a56b-652657f2b092 - - - - - -] ERROR <?xml version="1.0" encoding="iso-8859-1"?> <!DOCTYPE html PUBLIC "-//W3C//DTD XHTML 1.0 Transitional//EN"          "http://www.w3.org/TR/xhtml1/DTD/xhtml1-transitional.dtd"> <html xmlns="http://www.w3.org/1999/xhtml" xml:lang="en" lang="en">  <head>   <title>503 Service Not Available</title>  </head>  <body>   <h1>503 Service Not Available</h1>  </body> </html> [00;33m{{(pid=2483892) _check_rest_api_response /opt/stack/cinder/cinder/volume/drivers/hitachi/hbsd_rest_api.py:485}}[00m
2026-10-06 17:20:27.150 2483892 DEBUG cinder.volume.drivers.hitachi.hbsd_rest_api [req-8af84a93-0a3e-469a-a56b-652657f2b092 - - - - - -] ERROR <?xml version="1.0" encoding="iso-8859-1"?> <!DOCTYPE html PUBLIC "-//W3C//DTD XHTML 1.0 Transitional//EN"          "http://www.w3.org/TR/xhtml1/DTD/xhtml1-transitional.dtd"> <html xmlns="http://www.w3.org/1999/xhtml" xml:lang="en" lang="en">  <head>   <title>503 Service Not Available</title>  </head>  <body>   <h1>503 Service Not Available</h1>  </body> </html> [00;33m{{(pid=2483892) _check_rest_api_response /opt/stack/cinder/cinder/volume/drivers/hitachi/hbsd_rest_api.py:485}}[00m
2026-10-06 17:20:32.161 2483892 DEBUG cinder.volume.drivers.hitachi.hbsd_rest_api [req-8af84a93-0a3e-469a-a56b-652657f2b092 - - - - - -] ERROR <?xml version="1.0" encoding="iso-8859-1"?> <!DOCTYPE html PUBLIC "-//W3C//DTD XHTML 1.0 Transitional//EN"          "http://www.w3.org/TR/xhtml1/DTD/xhtml1-transitional.dtd"> <html xmlns="http://www.w3.org/1999/xhtml" xml:lang="en" lang="en">  <head>   <title>503 Service Not Available</title>  </head>  <body>   <h1>503 Service Not Available</h1>  </body> </html> [00;33m{{(pid=2483892) _check_rest_api_response /opt/stack/cinder/cinder/volume/drivers/hitachi/hbsd_rest_api.py:485}}[00m
2026-10-06 17:20:37.146 2483892 DEBUG cinder.volume.drivers.hitachi.hbsd_rest_api [req-8af84a93-0a3e-469a-a56b-652657f2b092 - - - - - -] ERROR <?xml version="1.0" encoding="iso-8859-1"?> <!DOCTYPE html PUBLIC "-//W3C//DTD XHTML 1.0 Transitional//EN"          "http://www.w3.org/TR/xhtml1/DTD/xhtml1-transitional.dtd"> <html xmlns="http://www.w3.org/1999/xhtml" xml:lang="en" lang="en">  <head>   <title>503 Service Not Available</title>  </head>  <body>   <h1>503 Service Not Available</h1>  </body> </html> [00;33m{{(pid=2483892) _check_rest_api_response /opt/stack/cinder/cinder/volume/drivers/hitachi/hbsd_rest_api.py:485}}[00m
2026-10-06 17:20:42.146 2483892 DEBUG cinder.volume.drivers.hitachi.hbsd_rest_api [req-8af84a93-0a3e-469a-a56b-652657f2b092 - - - - - -] ERROR <?xml version="1.0" encoding="iso-8859-1"?> <!DOCTYPE html PUBLIC "-//W3C//DTD XHTML 1.0 Transitional//EN"          "http://www.w3.org/TR/xhtml1/DTD/xhtml1-transitional.dtd"> <html xmlns="http://www.w3.org/1999/xhtml" xml:lang="en" lang="en">  <head>   <title>503 Service Not Available</title>  </head>  <body>   <h1>503 Service Not Available</h1>  </body> </html> [00;33m{{(pid=2483892) _check_rest_api_response /opt/stack/cinder/cinder/volume/drivers/hitachi/hbsd_rest_api.py:485}}[00m
2026-10-06 17:20:47.149 2483892 DEBUG cinder.volume.drivers.hitachi.hbsd_rest_api [req-8af84a93-0a3e-469a-a56b-652657f2b092 - - - - - -] ERROR <?xml version="1.0" encoding="iso-8859-1"?> <!DOCTYPE html PUBLIC "-//W3C//DTD XHTML 1.0 Transitional//EN"          "http://www.w3.org/TR/xhtml1/DTD/xhtml1-transitional.dtd"> <html xmlns="http://www.w3.org/1999/xhtml" xml:lang="en" lang="en">  <head>   <title>503 Service Not Available</title>  </head>  <body>   <h1>503 Service Not Available</h1>  </body> </html> [00;33m{{(pid=2483892) _check_rest_api_response /opt/stack/cinder/cinder/volume/drivers/hitachi/hbsd_rest_api.py:485}}[00m
2026-10-06 17:20:52.152 2483892 DEBUG cinder.volume.drivers.hitachi.hbsd_rest_api [req-8af84a93-0a3e-469a-a56b-652657f2b092 - - - - - -] ERROR <?xml version="1.0" encoding="iso-8859-1"?> <!DOCTYPE html PUBLIC "-//W3C//DTD XHTML 1.0 Transitional//EN"          "http://www.w3.org/TR/xhtml1/DTD/xhtml1-transitional.dtd"> <html xmlns="http://www.w3.org/1999/xhtml" xml:lang="en" lang="en">  <head>   <title>503 Service Not Available</title>  </head>  <body>   <h1>503 Service Not Available</h1>  </body> </html> [00;33m{{(pid=2483892) _check_rest_api_response /opt/stack/cinder/cinder/volume/drivers/hitachi/hbsd_rest_api.py:485}}[00m
2026-10-06 17:20:57.174 2483892 DEBUG cinder.volume.drivers.hitachi.hbsd_rest_api [req-8af84a93-0a3e-469a-a56b-652657f2b092 - - - - - -] ERROR <?xml version="1.0" encoding="iso-8859-1"?> <!DOCTYPE html PUBLIC "-//W3C//DTD XHTML 1.0 Transitional//EN"          "http://www.w3.org/TR/xhtml1/DTD/xhtml1-transitional.dtd"> <html xmlns="http://www.w3.org/1999/xhtml" xml:lang="en" lang="en">  <head>   <title>503 Service Not Available</title>  </head>  <body>   <h1>503 Service Not Available</h1>  </body> </html> [00;33m{{(pid=2483892) _check_rest_api_response /opt/stack/cinder/cinder/volume/drivers/hitachi/hbsd_rest_api.py:485}}[00m
2026-10-06 17:21:02.163 2483892 DEBUG cinder.volume.drivers.hitachi.hbsd_rest_api [req-8af84a93-0a3e-469a-a56b-652657f2b092 - - - - - -] ERROR <?xml version="1.0" encoding="iso-8859-1"?> <!DOCTYPE html PUBLIC "-//W3C//DTD XHTML 1.0 Transitional//EN"          "http://www.w3.org/TR/xhtml1/DTD/xhtml1-transitional.dtd"> <html xmlns="http://www.w3.org/1999/xhtml" xml:lang="en" lang="en">  <head>   <title>503 Service Not Available</title>  </head>  <body>   <h1>503 Service Not Available</h1>  </body> </html> [00;33m{{(pid=2483892) _check_rest_api_response /opt/stack/cinder/cinder/volume/drivers/hitachi/hbsd_rest_api.py:485}}[00m
2026-10-06 17:21:07.166 2483892 DEBUG cinder.volume.drivers.hitachi.hbsd_rest_api [req-8af84a93-0a3e-469a-a56b-652657f2b092 - - - - - -] ERROR <?xml version="1.0" encoding="iso-8859-1"?> <!DOCTYPE html PUBLIC "-//W3C//DTD XHTML 1.0 Transitional//EN"          "http://www.w3.org/TR/xhtml1/DTD/xhtml1-transitional.dtd"> <html xmlns="http://www.w3.org/1999/xhtml" xml:lang="en" lang="en">  <head>   <title>503 Service Not Available</title>  </head>  <body>   <h1>503 Service Not Available</h1>  </body> </html> [00;33m{{(pid=2483892) _check_rest_api_response /opt/stack/cinder/cinder/volume/drivers/hitachi/hbsd_rest_api.py:485}}[00m
2026-10-06 17:21:12.182 2483892 DEBUG cinder.volume.drivers.hitachi.hbsd_rest_api [req-8af84a93-0a3e-469a-a56b-652657f2b092 - - - - - -] ERROR <?xml version="1.0" encoding="iso-8859-1"?> <!DOCTYPE html PUBLIC "-//W3C//DTD XHTML 1.0 Transitional//EN"          "http://www.w3.org/TR/xhtml1/DTD/xhtml1-transitional.dtd"> <html xmlns="http://www.w3.org/1999/xhtml" xml:lang="en" lang="en">  <head>   <title>503 Service Not Available</title>  </head>  <body>   <h1>503 Service Not Available</h1>  </body> </html> [00;33m{{(pid=2483892) _check_rest_api_response /opt/stack/cinder/cinder/volume/drivers/hitachi/hbsd_rest_api.py:485}}[00m
2026-10-06 17:21:17.158 2483892 DEBUG cinder.volume.drivers.hitachi.hbsd_rest_api [req-8af84a93-0a3e-469a-a56b-652657f2b092 - - - - - -] ERROR <?xml version="1.0" encoding="iso-8859-1"?> <!DOCTYPE html PUBLIC "-//W3C//DTD XHTML 1.0 Transitional//EN"          "http://www.w3.org/TR/xhtml1/DTD/xhtml1-transitional.dtd"> <html xmlns="http://www.w3.org/1999/xhtml" xml:lang="en" lang="en">  <head>   <title>503 Service Not Available</title>  </head>  <body>   <h1>503 Service Not Available</h1>  </body> </html> [00;33m{{(pid=2483892) _check_rest_api_response /opt/stack/cinder/cinder/volume/drivers/hitachi/hbsd_rest_api.py:485}}[00m
2026-10-06 17:21:22.157 2483892 DEBUG cinder.volume.drivers.hitachi.hbsd_rest_api [req-8af84a93-0a3e-469a-a56b-652657f2b092 - - - - - -] ERROR <?xml version="1.0" encoding="iso-8859-1"?> <!DOCTYPE html PUBLIC "-//W3C//DTD XHTML 1.0 Transitional//EN"          "http://www.w3.org/TR/xhtml1/DTD/xhtml1-transitional.dtd"> <html xmlns="http://www.w3.org/1999/xhtml" xml:lang="en" lang="en">  <head>   <title>503 Service Not Available</title>  </head>  <body>   <h1>503 Service Not Available</h1>  </body> </html> [00;33m{{(pid=2483892) _check_rest_api_response /opt/stack/cinder/cinder/volume/drivers/hitachi/hbsd_rest_api.py:485}}[00m
2026-10-06 17:21:27.162 2483892 DEBUG cinder.volume.drivers.hitachi.hbsd_rest_api [req-8af84a93-0a3e-469a-a56b-652657f2b092 - - - - - -] ERROR <?xml version="1.0" encoding="iso-8859-1"?> <!DOCTYPE html PUBLIC "-//W3C//DTD XHTML 1.0 Transitional//EN"          "http://www.w3.org/TR/xhtml1/DTD/xhtml1-transitional.dtd"> <html xmlns="http://www.w3.org/1999/xhtml" xml:lang="en" lang="en">  <head>   <title>503 Service Not Available</title>  </head>  <body>   <h1>503 Service Not Available</h1>  </body> </html> [00;33m{{(pid=2483892) _check_rest_api_response /opt/stack/cinder/cinder/volume/drivers/hitachi/hbsd_rest_api.py:485}}[00m
2026-10-06 17:21:32.160 2483892 DEBUG cinder.volume.drivers.hitachi.hbsd_rest_api [req-8af84a93-0a3e-469a-a56b-652657f2b092 - - - - - -] ERROR <?xml version="1.0" encoding="iso-8859-1"?> <!DOCTYPE html PUBLIC "-//W3C//DTD XHTML 1.0 Transitional//EN"          "http://www.w3.org/TR/xhtml1/DTD/xhtml1-transitional.dtd"> <html xmlns="http://www.w3.org/1999/xhtml" xml:lang="en" lang="en">  <head>   <title>503 Service Not Available</title>  </head>  <body>   <h1>503 Service Not Available</h1>  </body> </html> [00;33m{{(pid=2483892) _check_rest_api_response /opt/stack/cinder/cinder/volume/drivers/hitachi/hbsd_rest_api.py:485}}[00m
2026-10-06 17:21:37.167 2483892 DEBUG cinder.volume.drivers.hitachi.hbsd_rest_api [req-8af84a93-0a3e-469a-a56b-652657f2b092 - - - - - -] ERROR <?xml version="1.0" encoding="iso-8859-1"?> <!DOCTYPE html PUBLIC "-//W3C//DTD XHTML 1.0 Transitional//EN"          "http://www.w3.org/TR/xhtml1/DTD/xhtml1-transitional.dtd"> <html xmlns="http://www.w3.org/1999/xhtml" xml:lang="en" lang="en">  <head>   <title>503 Service Not Available</title>  </head>  <body>   <h1>503 Service Not Available</h1>  </body> </html> [00;33m{{(pid=2483892) _check_rest_api_response /opt/stack/cinder/cinder/volume/drivers/hitachi/hbsd_rest_api.py:485}}[00m
2026-10-06 17:21:42.162 2483892 DEBUG cinder.volume.drivers.hitachi.hbsd_rest_api [req-8af84a93-0a3e-469a-a56b-652657f2b092 - - - - - -] ERROR <?xml version="1.0" encoding="iso-8859-1"?> <!DOCTYPE html PUBLIC "-//W3C//DTD XHTML 1.0 Transitional//EN"          "http://www.w3.org/TR/xhtml1/DTD/xhtml1-transitional.dtd"> <html xmlns="http://www.w3.org/1999/xhtml" xml:lang="en" lang="en">  <head>   <title>503 Service Not Available</title>  </head>  <body>   <h1>503 Service Not Available</h1>  </body> </html> [00;33m{{(pid=2483892) _check_rest_api_response /opt/stack/cinder/cinder/volume/drivers/hitachi/hbsd_rest_api.py:485}}[00m
2026-10-06 17:21:47.164 2483892 DEBUG cinder.volume.drivers.hitachi.hbsd_rest_api [req-8af84a93-0a3e-469a-a56b-652657f2b092 - - - - - -] ERROR <?xml version="1.0" encoding="iso-8859-1"?> <!DOCTYPE html PUBLIC "-//W3C//DTD XHTML 1.0 Transitional//EN"          "http://www.w3.org/TR/xhtml1/DTD/xhtml1-transitional.dtd"> <html xmlns="http://www.w3.org/1999/xhtml" xml:lang="en" lang="en">  <head>   <title>503 Service Not Available</title>  </head>  <body>   <h1>503 Service Not Available</h1>  </body> </html> [00;33m{{(pid=2483892) _check_rest_api_response /opt/stack/cinder/cinder/volume/drivers/hitachi/hbsd_rest_api.py:485}}[00m
2026-10-06 17:21:52.166 2483892 DEBUG cinder.volume.drivers.hitachi.hbsd_rest_api [req-8af84a93-0a3e-469a-a56b-652657f2b092 - - - - - -] ERROR <?xml version="1.0" encoding="iso-8859-1"?> <!DOCTYPE html PUBLIC "-//W3C//DTD XHTML 1.0 Transitional//EN"          "http://www.w3.org/TR/xhtml1/DTD/xhtml1-transitional.dtd"> <html xmlns="http://www.w3.org/1999/xhtml" xml:lang="en" lang="en">  <head>   <title>503 Service Not Available</title>  </head>  <body>   <h1>503 Service Not Available</h1>  </body> </html> [00;33m{{(pid=2483892) _check_rest_api_response /opt/stack/cinder/cinder/volume/drivers/hitachi/hbsd_rest_api.py:485}}[00m
2026-10-06 17:21:57.165 2483892 DEBUG cinder.volume.drivers.hitachi.hbsd_rest_api [req-8af84a93-0a3e-469a-a56b-652657f2b092 - - - - - -] ERROR <?xml version="1.0" encoding="iso-8859-1"?> <!DOCTYPE html PUBLIC "-//W3C//DTD XHTML 1.0 Transitional//EN"          "http://www.w3.org/TR/xhtml1/DTD/xhtml1-transitional.dtd"> <html xmlns="http://www.w3.org/1999/xhtml" xml:lang="en" lang="en">  <head>   <title>503 Service Not Available</title>  </head>  <body>   <h1>503 Service Not Available</h1>  </body> </html> [00;33m{{(pid=2483892) _check_rest_api_response /opt/stack/cinder/cinder/volume/drivers/hitachi/hbsd_rest_api.py:485}}[00m
2026-10-06 17:22:02.166 2483892 DEBUG cinder.volume.drivers.hitachi.hbsd_rest_api [req-8af84a93-0a3e-469a-a56b-652657f2b092 - - - - - -] ERROR <?xml version="1.0" encoding="iso-8859-1"?> <!DOCTYPE html PUBLIC "-//W3C//DTD XHTML 1.0 Transitional//EN"          "http://www.w3.org/TR/xhtml1/DTD/xhtml1-transitional.dtd"> <html xmlns="http://www.w3.org/1999/xhtml" xml:lang="en" lang="en">  <head>   <title>503 Service Not Available</title>  </head>  <body>   <h1>503 Service Not Available</h1>  </body> </html> [00;33m{{(pid=2483892) _check_rest_api_response /opt/stack/cinder/cinder/volume/drivers/hitachi/hbsd_rest_api.py:485}}[00m
2026-10-06 17:22:07.168 2483892 DEBUG cinder.volume.drivers.hitachi.hbsd_rest_api [req-8af84a93-0a3e-469a-a56b-652657f2b092 - - - - - -] ERROR <?xml version="1.0" encoding="iso-8859-1"?> <!DOCTYPE html PUBLIC "-//W3C//DTD XHTML 1.0 Transitional//EN"          "http://www.w3.org/TR/xhtml1/DTD/xhtml1-transitional.dtd"> <html xmlns="http://www.w3.org/1999/xhtml" xml:lang="en" lang="en">  <head>   <title>503 Service Not Available</title>  </head>  <body>   <h1>503 Service Not Available</h1>  </body> </html> [00;33m{{(pid=2483892) _check_rest_api_response /opt/stack/cinder/cinder/volume/drivers/hitachi/hbsd_rest_api.py:485}}[00m
2026-10-06 17:22:12.183 2483892 DEBUG cinder.volume.drivers.hitachi.hbsd_rest_api [req-8af84a93-0a3e-469a-a56b-652657f2b092 - - - - - -] ERROR <?xml version="1.0" encoding="iso-8859-1"?> <!DOCTYPE html PUBLIC "-//W3C//DTD XHTML 1.0 Transitional//EN"          "http://www.w3.org/TR/xhtml1/DTD/xhtml1-transitional.dtd"> <html xmlns="http://www.w3.org/1999/xhtml" xml:lang="en" lang="en">  <head>   <title>503 Service Not Available</title>  </head>  <body>   <h1>503 Service Not Available</h1>  </body> </html> [00;33m{{(pid=2483892) _check_rest_api_response /opt/stack/cinder/cinder/volume/drivers/hitachi/hbsd_rest_api.py:485}}[00m
2026-10-06 17:22:17.232 2483892 DEBUG cinder.volume.drivers.hitachi.hbsd_rest_api [req-8af84a93-0a3e-469a-a56b-652657f2b092 - - - - - -] ERROR <?xml version="1.0" encoding="iso-8859-1"?> <!DOCTYPE html PUBLIC "-//W3C//DTD XHTML 1.0 Transitional//EN"          "http://www.w3.org/TR/xhtml1/DTD/xhtml1-transitional.dtd"> <html xmlns="http://www.w3.org/1999/xhtml" xml:lang="en" lang="en">  <head>   <title>503 Service Not Available</title>  </head>  <body>   <h1>503 Service Not Available</h1>  </body> </html> [00;33m{{(pid=2483892) _check_rest_api_response /opt/stack/cinder/cinder/volume/drivers/hitachi/hbsd_rest_api.py:485}}[00m
2026-10-06 17:22:22.178 2483892 DEBUG cinder.volume.drivers.hitachi.hbsd_rest_api [req-8af84a93-0a3e-469a-a56b-652657f2b092 - - - - - -] ERROR <?xml version="1.0" encoding="iso-8859-1"?> <!DOCTYPE html PUBLIC "-//W3C//DTD XHTML 1.0 Transitional//EN"          "http://www.w3.org/TR/xhtml1/DTD/xhtml1-transitional.dtd"> <html xmlns="http://www.w3.org/1999/xhtml" xml:lang="en" lang="en">  <head>   <title>503 Service Not Available</title>  </head>  <body>   <h1>503 Service Not Available</h1>  </body> </html> [00;33m{{(pid=2483892) _check_rest_api_response /opt/stack/cinder/cinder/volume/drivers/hitachi/hbsd_rest_api.py:485}}[00m
2026-10-06 17:22:27.201 2483892 DEBUG cinder.volume.drivers.hitachi.hbsd_rest_api [req-8af84a93-0a3e-469a-a56b-652657f2b092 - - - - - -] ERROR <?xml version="1.0" encoding="iso-8859-1"?> <!DOCTYPE html PUBLIC "-//W3C//DTD XHTML 1.0 Transitional//EN"          "http://www.w3.org/TR/xhtml1/DTD/xhtml1-transitional.dtd"> <html xmlns="http://www.w3.org/1999/xhtml" xml:lang="en" lang="en">  <head>   <title>503 Service Not Available</title>  </head>  <body>   <h1>503 Service Not Available</h1>  </body> </html> [00;33m{{(pid=2483892) _check_rest_api_response /opt/stack/cinder/cinder/volume/drivers/hitachi/hbsd_rest_api.py:485}}[00m
2026-10-06 17:22:32.174 2483892 DEBUG cinder.volume.drivers.hitachi.hbsd_rest_api [req-8af84a93-0a3e-469a-a56b-652657f2b092 - - - - - -] ERROR <?xml version="1.0" encoding="iso-8859-1"?> <!DOCTYPE html PUBLIC "-//W3C//DTD XHTML 1.0 Transitional//EN"          "http://www.w3.org/TR/xhtml1/DTD/xhtml1-transitional.dtd"> <html xmlns="http://www.w3.org/1999/xhtml" xml:lang="en" lang="en">  <head>   <title>503 Service Not Available</title>  </head>  <body>   <h1>503 Service Not Available</h1>  </body> </html> [00;33m{{(pid=2483892) _check_rest_api_response /opt/stack/cinder/cinder/volume/drivers/hitachi/hbsd_rest_api.py:485}}[00m
2026-10-06 17:22:37.173 2483892 DEBUG cinder.volume.drivers.hitachi.hbsd_rest_api [req-8af84a93-0a3e-469a-a56b-652657f2b092 - - - - - -] ERROR <?xml version="1.0" encoding="iso-8859-1"?> <!DOCTYPE html PUBLIC "-//W3C//DTD XHTML 1.0 Transitional//EN"          "http://www.w3.org/TR/xhtml1/DTD/xhtml1-transitional.dtd"> <html xmlns="http://www.w3.org/1999/xhtml" xml:lang="en" lang="en">  <head>   <title>503 Service Not Available</title>  </head>  <body>   <h1>503 Service Not Available</h1>  </body> </html> [00;33m{{(pid=2483892) _check_rest_api_response /opt/stack/cinder/cinder/volume/drivers/hitachi/hbsd_rest_api.py:485}}[00m
2026-10-06 17:22:42.177 2483892 DEBUG cinder.volume.drivers.hitachi.hbsd_rest_api [req-8af84a93-0a3e-469a-a56b-652657f2b092 - - - - - -] ERROR <?xml version="1.0" encoding="iso-8859-1"?> <!DOCTYPE html PUBLIC "-//W3C//DTD XHTML 1.0 Transitional//EN"          "http://www.w3.org/TR/xhtml1/DTD/xhtml1-transitional.dtd"> <html xmlns="http://www.w3.org/1999/xhtml" xml:lang="en" lang="en">  <head>   <title>503 Service Not Available</title>  </head>  <body>   <h1>503 Service Not Available</h1>  </body> </html> [00;33m{{(pid=2483892) _check_rest_api_response /opt/stack/cinder/cinder/volume/drivers/hitachi/hbsd_rest_api.py:485}}[00m
2026-10-06 17:22:47.179 2483892 DEBUG cinder.volume.drivers.hitachi.hbsd_rest_api [req-8af84a93-0a3e-469a-a56b-652657f2b092 - - - - - -] ERROR <?xml version="1.0" encoding="iso-8859-1"?> <!DOCTYPE html PUBLIC "-//W3C//DTD XHTML 1.0 Transitional//EN"          "http://www.w3.org/TR/xhtml1/DTD/xhtml1-transitional.dtd"> <html xmlns="http://www.w3.org/1999/xhtml" xml:lang="en" lang="en">  <head>   <title>503 Service Not Available</title>  </head>  <body>   <h1>503 Service Not Available</h1>  </body> </html> [00;33m{{(pid=2483892) _check_rest_api_response /opt/stack/cinder/cinder/volume/drivers/hitachi/hbsd_rest_api.py:485}}[00m
2026-10-06 17:22:52.179 2483892 DEBUG cinder.volume.drivers.hitachi.hbsd_rest_api [req-8af84a93-0a3e-469a-a56b-652657f2b092 - - - - - -] ERROR <?xml version="1.0" encoding="iso-8859-1"?> <!DOCTYPE html PUBLIC "-//W3C//DTD XHTML 1.0 Transitional//EN"          "http://www.w3.org/TR/xhtml1/DTD/xhtml1-transitional.dtd"> <html xmlns="http://www.w3.org/1999/xhtml" xml:lang="en" lang="en">  <head>   <title>503 Service Not Available</title>  </head>  <body>   <h1>503 Service Not Available</h1>  </body> </html> [00;33m{{(pid=2483892) _check_rest_api_response /opt/stack/cinder/cinder/volume/drivers/hitachi/hbsd_rest_api.py:485}}[00m
2026-10-06 17:22:57.186 2483892 DEBUG cinder.volume.drivers.hitachi.hbsd_rest_api [req-8af84a93-0a3e-469a-a56b-652657f2b092 - - - - - -] ERROR <?xml version="1.0" encoding="iso-8859-1"?> <!DOCTYPE html PUBLIC "-//W3C//DTD XHTML 1.0 Transitional//EN"          "http://www.w3.org/TR/xhtml1/DTD/xhtml1-transitional.dtd"> <html xmlns="http://www.w3.org/1999/xhtml" xml:lang="en" lang="en">  <head>   <title>503 Service Not Available</title>  </head>  <body>   <h1>503 Service Not Available</h1>  </body> </html> [00;33m{{(pid=2483892) _check_rest_api_response /opt/stack/cinder/cinder/volume/drivers/hitachi/hbsd_rest_api.py:485}}[00m
2026-10-06 17:23:02.182 2483892 DEBUG cinder.volume.drivers.hitachi.hbsd_rest_api [req-8af84a93-0a3e-469a-a56b-652657f2b092 - - - - - -] ERROR <?xml version="1.0" encoding="iso-8859-1"?> <!DOCTYPE html PUBLIC "-//W3C//DTD XHTML 1.0 Transitional//EN"          "http://www.w3.org/TR/xhtml1/DTD/xhtml1-transitional.dtd"> <html xmlns="http://www.w3.org/1999/xhtml" xml:lang="en" lang="en">  <head>   <title>503 Service Not Available</title>  </head>  <body>   <h1>503 Service Not Available</h1>  </body> </html> [00;33m{{(pid=2483892) _check_rest_api_response /opt/stack/cinder/cinder/volume/drivers/hitachi/hbsd_rest_api.py:485}}[00m
2026-10-06 17:23:07.190 2483892 DEBUG cinder.volume.drivers.hitachi.hbsd_rest_api [req-8af84a93-0a3e-469a-a56b-652657f2b092 - - - - - -] ERROR <?xml version="1.0" encoding="iso-8859-1"?> <!DOCTYPE html PUBLIC "-//W3C//DTD XHTML 1.0 Transitional//EN"          "http://www.w3.org/TR/xhtml1/DTD/xhtml1-transitional.dtd"> <html xmlns="http://www.w3.org/1999/xhtml" xml:lang="en" lang="en">  <head>   <title>503 Service Not Available</title>  </head>  <body>   <h1>503 Service Not Available</h1>  </body> </html> [00;33m{{(pid=2483892) _check_rest_api_response /opt/stack/cinder/cinder/volume/drivers/hitachi/hbsd_rest_api.py:485}}[00m
2026-10-06 17:23:12.230 2483892 DEBUG cinder.volume.drivers.hitachi.hbsd_rest_api [req-8af84a93-0a3e-469a-a56b-652657f2b092 - - - - - -] ERROR <?xml version="1.0" encoding="iso-8859-1"?> <!DOCTYPE html PUBLIC "-//W3C//DTD XHTML 1.0 Transitional//EN"          "http://www.w3.org/TR/xhtml1/DTD/xhtml1-transitional.dtd"> <html xmlns="http://www.w3.org/1999/xhtml" xml:lang="en" lang="en">  <head>   <title>503 Service Not Available</title>  </head>  <body>   <h1>503 Service Not Available</h1>  </body> </html> [00;33m{{(pid=2483892) _check_rest_api_response /opt/stack/cinder/cinder/volume/drivers/hitachi/hbsd_rest_api.py:485}}[00m
2026-10-06 17:23:17.196 2483892 DEBUG cinder.volume.drivers.hitachi.hbsd_rest_api [req-8af84a93-0a3e-469a-a56b-652657f2b092 - - - - - -] ERROR <?xml version="1.0" encoding="iso-8859-1"?> <!DOCTYPE html PUBLIC "-//W3C//DTD XHTML 1.0 Transitional//EN"          "http://www.w3.org/TR/xhtml1/DTD/xhtml1-transitional.dtd"> <html xmlns="http://www.w3.org/1999/xhtml" xml:lang="en" lang="en">  <head>   <title>503 Service Not Available</title>  </head>  <body>   <h1>503 Service Not Available</h1>  </body> </html> [00;33m{{(pid=2483892) _check_rest_api_response /opt/stack/cinder/cinder/volume/drivers/hitachi/hbsd_rest_api.py:485}}[00m
2026-10-06 17:23:22.195 2483892 DEBUG cinder.volume.drivers.hitachi.hbsd_rest_api [req-8af84a93-0a3e-469a-a56b-652657f2b092 - - - - - -] ERROR <?xml version="1.0" encoding="iso-8859-1"?> <!DOCTYPE html PUBLIC "-//W3C//DTD XHTML 1.0 Transitional//EN"          "http://www.w3.org/TR/xhtml1/DTD/xhtml1-transitional.dtd"> <html xmlns="http://www.w3.org/1999/xhtml" xml:lang="en" lang="en">  <head>   <title>503 Service Not Available</title>  </head>  <body>   <h1>503 Service Not Available</h1>  </body> </html> [00;33m{{(pid=2483892) _check_rest_api_response /opt/stack/cinder/cinder/volume/drivers/hitachi/hbsd_rest_api.py:485}}[00m
2026-10-06 17:23:27.189 2483892 DEBUG cinder.volume.drivers.hitachi.hbsd_rest_api [req-8af84a93-0a3e-469a-a56b-652657f2b092 - - - - - -] ERROR <?xml version="1.0" encoding="iso-8859-1"?> <!DOCTYPE html PUBLIC "-//W3C//DTD XHTML 1.0 Transitional//EN"          "http://www.w3.org/TR/xhtml1/DTD/xhtml1-transitional.dtd"> <html xmlns="http://www.w3.org/1999/xhtml" xml:lang="en" lang="en">  <head>   <title>503 Service Not Available</title>  </head>  <body>   <h1>503 Service Not Available</h1>  </body> </html> [00;33m{{(pid=2483892) _check_rest_api_response /opt/stack/cinder/cinder/volume/drivers/hitachi/hbsd_rest_api.py:485}}[00m
2026-10-06 17:23:32.219 2483892 DEBUG cinder.volume.drivers.hitachi.hbsd_rest_api [req-8af84a93-0a3e-469a-a56b-652657f2b092 - - - - - -] ERROR <?xml version="1.0" encoding="iso-8859-1"?> <!DOCTYPE html PUBLIC "-//W3C//DTD XHTML 1.0 Transitional//EN"          "http://www.w3.org/TR/xhtml1/DTD/xhtml1-transitional.dtd"> <html xmlns="http://www.w3.org/1999/xhtml" xml:lang="en" lang="en">  <head>   <title>503 Service Not Available</title>  </head>  <body>   <h1>503 Service Not Available</h1>  </body> </html> [00;33m{{(pid=2483892) _check_rest_api_response /opt/stack/cinder/cinder/volume/drivers/hitachi/hbsd_rest_api.py:485}}[00m
2026-10-06 17:23:37.231 2483892 DEBUG cinder.volume.drivers.hitachi.hbsd_rest_api [req-8af84a93-0a3e-469a-a56b-652657f2b092 - - - - - -] ERROR <?xml version="1.0" encoding="iso-8859-1"?> <!DOCTYPE html PUBLIC "-//W3C//DTD XHTML 1.0 Transitional//EN"          "http://www.w3.org/TR/xhtml1/DTD/xhtml1-transitional.dtd"> <html xmlns="http://www.w3.org/1999/xhtml" xml:lang="en" lang="en">  <head>   <title>503 Service Not Available</title>  </head>  <body>   <h1>503 Service Not Available</h1>  </body> </html> [00;33m{{(pid=2483892) _check_rest_api_response /opt/stack/cinder/cinder/volume/drivers/hitachi/hbsd_rest_api.py:485}}[00m
2026-10-06 17:23:42.191 2483892 DEBUG cinder.volume.drivers.hitachi.hbsd_rest_api [req-8af84a93-0a3e-469a-a56b-652657f2b092 - - - - - -] ERROR <?xml version="1.0" encoding="iso-8859-1"?> <!DOCTYPE html PUBLIC "-//W3C//DTD XHTML 1.0 Transitional//EN"          "http://www.w3.org/TR/xhtml1/DTD/xhtml1-transitional.dtd"> <html xmlns="http://www.w3.org/1999/xhtml" xml:lang="en" lang="en">  <head>   <title>503 Service Not Available</title>  </head>  <body>   <h1>503 Service Not Available</h1>  </body> </html> [00;33m{{(pid=2483892) _check_rest_api_response /opt/stack/cinder/cinder/volume/drivers/hitachi/hbsd_rest_api.py:485}}[00m
2026-10-06 17:23:47.196 2483892 DEBUG cinder.volume.drivers.hitachi.hbsd_rest_api [req-8af84a93-0a3e-469a-a56b-652657f2b092 - - - - - -] ERROR <?xml version="1.0" encoding="iso-8859-1"?> <!DOCTYPE html PUBLIC "-//W3C//DTD XHTML 1.0 Transitional//EN"          "http://www.w3.org/TR/xhtml1/DTD/xhtml1-transitional.dtd"> <html xmlns="http://www.w3.org/1999/xhtml" xml:lang="en" lang="en">  <head>   <title>503 Service Not Available</title>  </head>  <body>   <h1>503 Service Not Available</h1>  </body> </html> [00;33m{{(pid=2483892) _check_rest_api_response /opt/stack/cinder/cinder/volume/drivers/hitachi/hbsd_rest_api.py:485}}[00m
2026-10-06 17:23:52.196 2483892 DEBUG cinder.volume.drivers.hitachi.hbsd_rest_api [req-8af84a93-0a3e-469a-a56b-652657f2b092 - - - - - -] ERROR <?xml version="1.0" encoding="iso-8859-1"?> <!DOCTYPE html PUBLIC "-//W3C//DTD XHTML 1.0 Transitional//EN"          "http://www.w3.org/TR/xhtml1/DTD/xhtml1-transitional.dtd"> <html xmlns="http://www.w3.org/1999/xhtml" xml:lang="en" lang="en">  <head>   <title>503 Service Not Available</title>  </head>  <body>   <h1>503 Service Not Available</h1>  </body> </html> [00;33m{{(pid=2483892) _check_rest_api_response /opt/stack/cinder/cinder/volume/drivers/hitachi/hbsd_rest_api.py:485}}[00m
2026-10-06 17:23:57.196 2483892 DEBUG cinder.volume.drivers.hitachi.hbsd_rest_api [req-8af84a93-0a3e-469a-a56b-652657f2b092 - - - - - -] ERROR <?xml version="1.0" encoding="iso-8859-1"?> <!DOCTYPE html PUBLIC "-//W3C//DTD XHTML 1.0 Transitional//EN"          "http://www.w3.org/TR/xhtml1/DTD/xhtml1-transitional.dtd"> <html xmlns="http://www.w3.org/1999/xhtml" xml:lang="en" lang="en">  <head>   <title>503 Service Not Available</title>  </head>  <body>   <h1>503 Service Not Available</h1>  </body> </html> [00;33m{{(pid=2483892) _check_rest_api_response /opt/stack/cinder/cinder/volume/drivers/hitachi/hbsd_rest_api.py:485}}[00m
2026-10-06 17:24:02.196 2483892 DEBUG cinder.volume.drivers.hitachi.hbsd_rest_api [req-8af84a93-0a3e-469a-a56b-652657f2b092 - - - - - -] ERROR <?xml version="1.0" encoding="iso-8859-1"?> <!DOCTYPE html PUBLIC "-//W3C//DTD XHTML 1.0 Transitional//EN"          "http://www.w3.org/TR/xhtml1/DTD/xhtml1-transitional.dtd"> <html xmlns="http://www.w3.org/1999/xhtml" xml:lang="en" lang="en">  <head>   <title>503 Service Not Available</title>  </head>  <body>   <h1>503 Service Not Available</h1>  </body> </html> [00;33m{{(pid=2483892) _check_rest_api_response /opt/stack/cinder/cinder/volume/drivers/hitachi/hbsd_rest_api.py:485}}[00m
2026-10-06 17:24:07.197 2483892 DEBUG cinder.volume.drivers.hitachi.hbsd_rest_api [req-8af84a93-0a3e-469a-a56b-652657f2b092 - - - - - -] ERROR <?xml version="1.0" encoding="iso-8859-1"?> <!DOCTYPE html PUBLIC "-//W3C//DTD XHTML 1.0 Transitional//EN"          "http://www.w3.org/TR/xhtml1/DTD/xhtml1-transitional.dtd"> <html xmlns="http://www.w3.org/1999/xhtml" xml:lang="en" lang="en">  <head>   <title>503 Service Not Available</title>  </head>  <body>   <h1>503 Service Not Available</h1>  </body> </html> [00;33m{{(pid=2483892) _check_rest_api_response /opt/stack/cinder/cinder/volume/drivers/hitachi/hbsd_rest_api.py:485}}[00m
2026-10-06 17:24:12.230 2483892 DEBUG cinder.volume.drivers.hitachi.hbsd_rest_api [req-8af84a93-0a3e-469a-a56b-652657f2b092 - - - - - -] ERROR <?xml version="1.0" encoding="iso-8859-1"?> <!DOCTYPE html PUBLIC "-//W3C//DTD XHTML 1.0 Transitional//EN"          "http://www.w3.org/TR/xhtml1/DTD/xhtml1-transitional.dtd"> <html xmlns="http://www.w3.org/1999/xhtml" xml:lang="en" lang="en">  <head>   <title>503 Service Not Available</title>  </head>  <body>   <h1>503 Service Not Available</h1>  </body> </html> [00;33m{{(pid=2483892) _check_rest_api_response /opt/stack/cinder/cinder/volume/drivers/hitachi/hbsd_rest_api.py:485}}[00m
2026-10-06 17:24:17.198 2483892 DEBUG cinder.volume.drivers.hitachi.hbsd_rest_api [req-8af84a93-0a3e-469a-a56b-652657f2b092 - - - - - -] ERROR <?xml version="1.0" encoding="iso-8859-1"?> <!DOCTYPE html PUBLIC "-//W3C//DTD XHTML 1.0 Transitional//EN"          "http://www.w3.org/TR/xhtml1/DTD/xhtml1-transitional.dtd"> <html xmlns="http://www.w3.org/1999/xhtml" xml:lang="en" lang="en">  <head>   <title>503 Service Not Available</title>  </head>  <body>   <h1>503 Service Not Available</h1>  </body> </html> [00;33m{{(pid=2483892) _check_rest_api_response /opt/stack/cinder/cinder/volume/drivers/hitachi/hbsd_rest_api.py:485}}[00m
2026-10-06 17:24:22.199 2483892 DEBUG cinder.volume.drivers.hitachi.hbsd_rest_api [req-8af84a93-0a3e-469a-a56b-652657f2b092 - - - - - -] ERROR <?xml version="1.0" encoding="iso-8859-1"?> <!DOCTYPE html PUBLIC "-//W3C//DTD XHTML 1.0 Transitional//EN"          "http://www.w3.org/TR/xhtml1/DTD/xhtml1-transitional.dtd"> <html xmlns="http://www.w3.org/1999/xhtml" xml:lang="en" lang="en">  <head>   <title>503 Service Not Available</title>  </head>  <body>   <h1>503 Service Not Available</h1>  </body> </html> [00;33m{{(pid=2483892) _check_rest_api_response /opt/stack/cinder/cinder/volume/drivers/hitachi/hbsd_rest_api.py:485}}[00m
2026-10-06 17:24:27.214 2483892 DEBUG cinder.volume.drivers.hitachi.hbsd_rest_api [req-8af84a93-0a3e-469a-a56b-652657f2b092 - - - - - -] ERROR <?xml version="1.0" encoding="iso-8859-1"?> <!DOCTYPE html PUBLIC "-//W3C//DTD XHTML 1.0 Transitional//EN"          "http://www.w3.org/TR/xhtml1/DTD/xhtml1-transitional.dtd"> <html xmlns="http://www.w3.org/1999/xhtml" xml:lang="en" lang="en">  <head>   <title>503 Service Not Available</title>  </head>  <body>   <h1>503 Service Not Available</h1>  </body> </html> [00;33m{{(pid=2483892) _check_rest_api_response /opt/stack/cinder/cinder/volume/drivers/hitachi/hbsd_rest_api.py:485}}[00m
2026-10-06 17:24:32.203 2483892 DEBUG cinder.volume.drivers.hitachi.hbsd_rest_api [req-8af84a93-0a3e-469a-a56b-652657f2b092 - - - - - -] ERROR <?xml version="1.0" encoding="iso-8859-1"?> <!DOCTYPE html PUBLIC "-//W3C//DTD XHTML 1.0 Transitional//EN"          "http://www.w3.org/TR/xhtml1/DTD/xhtml1-transitional.dtd"> <html xmlns="http://www.w3.org/1999/xhtml" xml:lang="en" lang="en">  <head>   <title>503 Service Not Available</title>  </head>  <body>   <h1>503 Service Not Available</h1>  </body> </html> [00;33m{{(pid=2483892) _check_rest_api_response /opt/stack/cinder/cinder/volume/drivers/hitachi/hbsd_rest_api.py:485}}[00m
2026-10-06 17:24:37.205 2483892 DEBUG cinder.volume.drivers.hitachi.hbsd_rest_api [req-8af84a93-0a3e-469a-a56b-652657f2b092 - - - - - -] ERROR <?xml version="1.0" encoding="iso-8859-1"?> <!DOCTYPE html PUBLIC "-//W3C//DTD XHTML 1.0 Transitional//EN"          "http://www.w3.org/TR/xhtml1/DTD/xhtml1-transitional.dtd"> <html xmlns="http://www.w3.org/1999/xhtml" xml:lang="en" lang="en">  <head>   <title>503 Service Not Available</title>  </head>  <body>   <h1>503 Service Not Available</h1>  </body> </html> [00;33m{{(pid=2483892) _check_rest_api_response /opt/stack/cinder/cinder/volume/drivers/hitachi/hbsd_rest_api.py:485}}[00m
2026-10-06 17:24:42.203 2483892 DEBUG cinder.volume.drivers.hitachi.hbsd_rest_api [req-8af84a93-0a3e-469a-a56b-652657f2b092 - - - - - -] ERROR <?xml version="1.0" encoding="iso-8859-1"?> <!DOCTYPE html PUBLIC "-//W3C//DTD XHTML 1.0 Transitional//EN"          "http://www.w3.org/TR/xhtml1/DTD/xhtml1-transitional.dtd"> <html xmlns="http://www.w3.org/1999/xhtml" xml:lang="en" lang="en">  <head>   <title>503 Service Not Available</title>  </head>  <body>   <h1>503 Service Not Available</h1>  </body> </html> [00;33m{{(pid=2483892) _check_rest_api_response /opt/stack/cinder/cinder/volume/drivers/hitachi/hbsd_rest_api.py:485}}[00m
2026-10-06 17:24:47.216 2483892 DEBUG cinder.volume.drivers.hitachi.hbsd_rest_api [req-8af84a93-0a3e-469a-a56b-652657f2b092 - - - - - -] ERROR <?xml version="1.0" encoding="iso-8859-1"?> <!DOCTYPE html PUBLIC "-//W3C//DTD XHTML 1.0 Transitional//EN"          "http://www.w3.org/TR/xhtml1/DTD/xhtml1-transitional.dtd"> <html xmlns="http://www.w3.org/1999/xhtml" xml:lang="en" lang="en">  <head>   <title>503 Service Not Available</title>  </head>  <body>   <h1>503 Service Not Available</h1>  </body> </html> [00;33m{{(pid=2483892) _check_rest_api_response /opt/stack/cinder/cinder/volume/drivers/hitachi/hbsd_rest_api.py:485}}[00m
2026-10-06 17:24:52.208 2483892 DEBUG cinder.volume.drivers.hitachi.hbsd_rest_api [req-8af84a93-0a3e-469a-a56b-652657f2b092 - - - - - -] ERROR <?xml version="1.0" encoding="iso-8859-1"?> <!DOCTYPE html PUBLIC "-//W3C//DTD XHTML 1.0 Transitional//EN"          "http://www.w3.org/TR/xhtml1/DTD/xhtml1-transitional.dtd"> <html xmlns="http://www.w3.org/1999/xhtml" xml:lang="en" lang="en">  <head>   <title>503 Service Not Available</title>  </head>  <body>   <h1>503 Service Not Available</h1>  </body> </html> [00;33m{{(pid=2483892) _check_rest_api_response /opt/stack/cinder/cinder/volume/drivers/hitachi/hbsd_rest_api.py:485}}[00m
2026-10-06 17:24:57.220 2483892 DEBUG cinder.volume.drivers.hitachi.hbsd_rest_api [req-8af84a93-0a3e-469a-a56b-652657f2b092 - - - - - -] ERROR <?xml version="1.0" encoding="iso-8859-1"?> <!DOCTYPE html PUBLIC "-//W3C//DTD XHTML 1.0 Transitional//EN"          "http://www.w3.org/TR/xhtml1/DTD/xhtml1-transitional.dtd"> <html xmlns="http://www.w3.org/1999/xhtml" xml:lang="en" lang="en">  <head>   <title>503 Service Not Available</title>  </head>  <body>   <h1>503 Service Not Available</h1>  </body> </html> [00;33m{{(pid=2483892) _check_rest_api_response /opt/stack/cinder/cinder/volume/drivers/hitachi/hbsd_rest_api.py:485}}[00m
2026-10-06 17:25:02.213 2483892 DEBUG cinder.volume.drivers.hitachi.hbsd_rest_api [req-8af84a93-0a3e-469a-a56b-652657f2b092 - - - - - -] ERROR <?xml version="1.0" encoding="iso-8859-1"?> <!DOCTYPE html PUBLIC "-//W3C//DTD XHTML 1.0 Transitional//EN"          "http://www.w3.org/TR/xhtml1/DTD/xhtml1-transitional.dtd"> <html xmlns="http://www.w3.org/1999/xhtml" xml:lang="en" lang="en">  <head>   <title>503 Service Not Available</title>  </head>  <body>   <h1>503 Service Not Available</h1>  </body> </html> [00;33m{{(pid=2483892) _check_rest_api_response /opt/stack/cinder/cinder/volume/drivers/hitachi/hbsd_rest_api.py:485}}[00m
2026-10-06 17:25:07.233 2483892 DEBUG cinder.volume.drivers.hitachi.hbsd_rest_api [req-8af84a93-0a3e-469a-a56b-652657f2b092 - - - - - -] ERROR <?xml version="1.0" encoding="iso-8859-1"?> <!DOCTYPE html PUBLIC "-//W3C//DTD XHTML 1.0 Transitional//EN"          "http://www.w3.org/TR/xhtml1/DTD/xhtml1-transitional.dtd"> <html xmlns="http://www.w3.org/1999/xhtml" xml:lang="en" lang="en">  <head>   <title>503 Service Not Available</title>  </head>  <body>   <h1>503 Service Not Available</h1>  </body> </html> [00;33m{{(pid=2483892) _check_rest_api_response /opt/stack/cinder/cinder/volume/drivers/hitachi/hbsd_rest_api.py:485}}[00m
2026-10-06 17:25:12.232 2483892 DEBUG cinder.volume.drivers.hitachi.hbsd_rest_api [req-8af84a93-0a3e-469a-a56b-652657f2b092 - - - - - -] ERROR <?xml version="1.0" encoding="iso-8859-1"?> <!DOCTYPE html PUBLIC "-//W3C//DTD XHTML 1.0 Transitional//EN"          "http://www.w3.org/TR/xhtml1/DTD/xhtml1-transitional.dtd"> <html xmlns="http://www.w3.org/1999/xhtml" xml:lang="en" lang="en">  <head>   <title>503 Service Not Available</title>  </head>  <body>   <h1>503 Service Not Available</h1>  </body> </html> [00;33m{{(pid=2483892) _check_rest_api_response /opt/stack/cinder/cinder/volume/drivers/hitachi/hbsd_rest_api.py:485}}[00m
2026-10-06 17:25:17.223 2483892 DEBUG cinder.volume.drivers.hitachi.hbsd_rest_api [req-8af84a93-0a3e-469a-a56b-652657f2b092 - - - - - -] ERROR <?xml version="1.0" encoding="iso-8859-1"?> <!DOCTYPE html PUBLIC "-//W3C//DTD XHTML 1.0 Transitional//EN"          "http://www.w3.org/TR/xhtml1/DTD/xhtml1-transitional.dtd"> <html xmlns="http://www.w3.org/1999/xhtml" xml:lang="en" lang="en">  <head>   <title>503 Service Not Available</title>  </head>  <body>   <h1>503 Service Not Available</h1>  </body> </html> [00;33m{{(pid=2483892) _check_rest_api_response /opt/stack/cinder/cinder/volume/drivers/hitachi/hbsd_rest_api.py:485}}[00m
2026-10-06 17:25:22.213 2483892 DEBUG cinder.volume.drivers.hitachi.hbsd_rest_api [req-8af84a93-0a3e-469a-a56b-652657f2b092 - - - - - -] ERROR <?xml version="1.0" encoding="iso-8859-1"?> <!DOCTYPE html PUBLIC "-//W3C//DTD XHTML 1.0 Transitional//EN"          "http://www.w3.org/TR/xhtml1/DTD/xhtml1-transitional.dtd"> <html xmlns="http://www.w3.org/1999/xhtml" xml:lang="en" lang="en">  <head>   <title>503 Service Not Available</title>  </head>  <body>   <h1>503 Service Not Available</h1>  </body> </html> [00;33m{{(pid=2483892) _check_rest_api_response /opt/stack/cinder/cinder/volume/drivers/hitachi/hbsd_rest_api.py:485}}[00m
2026-10-06 17:25:27.222 2483892 DEBUG cinder.volume.drivers.hitachi.hbsd_rest_api [req-8af84a93-0a3e-469a-a56b-652657f2b092 - - - - - -] ERROR <?xml version="1.0" encoding="iso-8859-1"?> <!DOCTYPE html PUBLIC "-//W3C//DTD XHTML 1.0 Transitional//EN"          "http://www.w3.org/TR/xhtml1/DTD/xhtml1-transitional.dtd"> <html xmlns="http://www.w3.org/1999/xhtml" xml:lang="en" lang="en">  <head>   <title>503 Service Not Available</title>  </head>  <body>   <h1>503 Service Not Available</h1>  </body> </html> [00;33m{{(pid=2483892) _check_rest_api_response /opt/stack/cinder/cinder/volume/drivers/hitachi/hbsd_rest_api.py:485}}[00m
2026-10-06 17:25:32.227 2483892 DEBUG cinder.volume.drivers.hitachi.hbsd_rest_api [req-8af84a93-0a3e-469a-a56b-652657f2b092 - - - - - -] ERROR <?xml version="1.0" encoding="iso-8859-1"?> <!DOCTYPE html PUBLIC "-//W3C//DTD XHTML 1.0 Transitional//EN"          "http://www.w3.org/TR/xhtml1/DTD/xhtml1-transitional.dtd"> <html xmlns="http://www.w3.org/1999/xhtml" xml:lang="en" lang="en">  <head>   <title>503 Service Not Available</title>  </head>  <body>   <h1>503 Service Not Available</h1>  </body> </html> [00;33m{{(pid=2483892) _check_rest_api_response /opt/stack/cinder/cinder/volume/drivers/hitachi/hbsd_rest_api.py:485}}[00m
2026-10-06 17:25:37.218 2483892 DEBUG cinder.volume.drivers.hitachi.hbsd_rest_api [req-8af84a93-0a3e-469a-a56b-652657f2b092 - - - - - -] ERROR <?xml version="1.0" encoding="iso-8859-1"?> <!DOCTYPE html PUBLIC "-//W3C//DTD XHTML 1.0 Transitional//EN"          "http://www.w3.org/TR/xhtml1/DTD/xhtml1-transitional.dtd"> <html xmlns="http://www.w3.org/1999/xhtml" xml:lang="en" lang="en">  <head>   <title>503 Service Not Available</title>  </head>  <body>   <h1>503 Service Not Available</h1>  </body> </html> [00;33m{{(pid=2483892) _check_rest_api_response /opt/stack/cinder/cinder/volume/drivers/hitachi/hbsd_rest_api.py:485}}[00m
2026-10-06 17:25:42.240 2483892 DEBUG cinder.volume.drivers.hitachi.hbsd_rest_api [req-8af84a93-0a3e-469a-a56b-652657f2b092 - - - - - -] ERROR <?xml version="1.0" encoding="iso-8859-1"?> <!DOCTYPE html PUBLIC "-//W3C//DTD XHTML 1.0 Transitional//EN"          "http://www.w3.org/TR/xhtml1/DTD/xhtml1-transitional.dtd"> <html xmlns="http://www.w3.org/1999/xhtml" xml:lang="en" lang="en">  <head>   <title>503 Service Not Available</title>  </head>  <body>   <h1>503 Service Not Available</h1>  </body> </html> [00;33m{{(pid=2483892) _check_rest_api_response /opt/stack/cinder/cinder/volume/drivers/hitachi/hbsd_rest_api.py:485}}[00m
2026-10-06 17:25:47.223 2483892 DEBUG cinder.volume.drivers.hitachi.hbsd_rest_api [req-8af84a93-0a3e-469a-a56b-652657f2b092 - - - - - -] ERROR <?xml version="1.0" encoding="iso-8859-1"?> <!DOCTYPE html PUBLIC "-//W3C//DTD XHTML 1.0 Transitional//EN"          "http://www.w3.org/TR/xhtml1/DTD/xhtml1-transitional.dtd"> <html xmlns="http://www.w3.org/1999/xhtml" xml:lang="en" lang="en">  <head>   <title>503 Service Not Available</title>  </head>  <body>   <h1>503 Service Not Available</h1>  </body> </html> [00;33m{{(pid=2483892) _check_rest_api_response /opt/stack/cinder/cinder/volume/drivers/hitachi/hbsd_rest_api.py:485}}[00m
2026-10-06 17:25:52.223 2483892 DEBUG cinder.volume.drivers.hitachi.hbsd_rest_api [req-8af84a93-0a3e-469a-a56b-652657f2b092 - - - - - -] ERROR <?xml version="1.0" encoding="iso-8859-1"?> <!DOCTYPE html PUBLIC "-//W3C//DTD XHTML 1.0 Transitional//EN"          "http://www.w3.org/TR/xhtml1/DTD/xhtml1-transitional.dtd"> <html xmlns="http://www.w3.org/1999/xhtml" xml:lang="en" lang="en">  <head>   <title>503 Service Not Available</title>  </head>  <body>   <h1>503 Service Not Available</h1>  </body> </html> [00;33m{{(pid=2483892) _check_rest_api_response /opt/stack/cinder/cinder/volume/drivers/hitachi/hbsd_rest_api.py:485}}[00m
2026-10-06 17:25:57.258 2483892 DEBUG cinder.volume.drivers.hitachi.hbsd_rest_api [req-8af84a93-0a3e-469a-a56b-652657f2b092 - - - - - -] ERROR <?xml version="1.0" encoding="iso-8859-1"?> <!DOCTYPE html PUBLIC "-//W3C//DTD XHTML 1.0 Transitional//EN"          "http://www.w3.org/TR/xhtml1/DTD/xhtml1-transitional.dtd"> <html xmlns="http://www.w3.org/1999/xhtml" xml:lang="en" lang="en">  <head>   <title>503 Service Not Available</title>  </head>  <body>   <h1>503 Service Not Available</h1>  </body> </html> [00;33m{{(pid=2483892) _check_rest_api_response /opt/stack/cinder/cinder/volume/drivers/hitachi/hbsd_rest_api.py:485}}[00m
2026-10-06 17:26:02.284 2483892 DEBUG cinder.volume.drivers.hitachi.hbsd_rest_api [req-8af84a93-0a3e-469a-a56b-652657f2b092 - - - - - -] ERROR <?xml version="1.0" encoding="iso-8859-1"?> <!DOCTYPE html PUBLIC "-//W3C//DTD XHTML 1.0 Transitional//EN"          "http://www.w3.org/TR/xhtml1/DTD/xhtml1-transitional.dtd"> <html xmlns="http://www.w3.org/1999/xhtml" xml:lang="en" lang="en">  <head>   <title>503 Service Not Available</title>  </head>  <body>   <h1>503 Service Not Available</h1>  </body> </html> [00;33m{{(pid=2483892) _check_rest_api_response /opt/stack/cinder/cinder/volume/drivers/hitachi/hbsd_rest_api.py:485}}[00m
2026-10-06 17:26:07.230 2483892 DEBUG cinder.volume.drivers.hitachi.hbsd_rest_api [req-8af84a93-0a3e-469a-a56b-652657f2b092 - - - - - -] ERROR <?xml version="1.0" encoding="iso-8859-1"?> <!DOCTYPE html PUBLIC "-//W3C//DTD XHTML 1.0 Transitional//EN"          "http://www.w3.org/TR/xhtml1/DTD/xhtml1-transitional.dtd"> <html xmlns="http://www.w3.org/1999/xhtml" xml:lang="en" lang="en">  <head>   <title>503 Service Not Available</title>  </head>  <body>   <h1>503 Service Not Available</h1>  </body> </html> [00;33m{{(pid=2483892) _check_rest_api_response /opt/stack/cinder/cinder/volume/drivers/hitachi/hbsd_rest_api.py:485}}[00m
2026-10-06 17:26:12.233 2483892 DEBUG cinder.volume.drivers.hitachi.hbsd_rest_api [req-8af84a93-0a3e-469a-a56b-652657f2b092 - - - - - -] ERROR <?xml version="1.0" encoding="iso-8859-1"?> <!DOCTYPE html PUBLIC "-//W3C//DTD XHTML 1.0 Transitional//EN"          "http://www.w3.org/TR/xhtml1/DTD/xhtml1-transitional.dtd"> <html xmlns="http://www.w3.org/1999/xhtml" xml:lang="en" lang="en">  <head>   <title>503 Service Not Available</title>  </head>  <body>   <h1>503 Service Not Available</h1>  </body> </html> [00;33m{{(pid=2483892) _check_rest_api_response /opt/stack/cinder/cinder/volume/drivers/hitachi/hbsd_rest_api.py:485}}[00m
2026-10-06 17:26:17.230 2483892 DEBUG cinder.volume.drivers.hitachi.hbsd_rest_api [req-8af84a93-0a3e-469a-a56b-652657f2b092 - - - - - -] ERROR <?xml version="1.0" encoding="iso-8859-1"?> <!DOCTYPE html PUBLIC "-//W3C//DTD XHTML 1.0 Transitional//EN"          "http://www.w3.org/TR/xhtml1/DTD/xhtml1-transitional.dtd"> <html xmlns="http://www.w3.org/1999/xhtml" xml:lang="en" lang="en">  <head>   <title>503 Service Not Available</title>  </head>  <body>   <h1>503 Service Not Available</h1>  </body> </html> [00;33m{{(pid=2483892) _check_rest_api_response /opt/stack/cinder/cinder/volume/drivers/hitachi/hbsd_rest_api.py:485}}[00m
2026-10-06 17:26:22.228 2483892 DEBUG cinder.volume.drivers.hitachi.hbsd_rest_api [req-8af84a93-0a3e-469a-a56b-652657f2b092 - - - - - -] ERROR <?xml version="1.0" encoding="iso-8859-1"?> <!DOCTYPE html PUBLIC "-//W3C//DTD XHTML 1.0 Transitional//EN"          "http://www.w3.org/TR/xhtml1/DTD/xhtml1-transitional.dtd"> <html xmlns="http://www.w3.org/1999/xhtml" xml:lang="en" lang="en">  <head>   <title>503 Service Not Available</title>  </head>  <body>   <h1>503 Service Not Available</h1>  </body> </html> [00;33m{{(pid=2483892) _check_rest_api_response /opt/stack/cinder/cinder/volume/drivers/hitachi/hbsd_rest_api.py:485}}[00m
2026-10-06 17:26:27.230 2483892 DEBUG cinder.volume.drivers.hitachi.hbsd_rest_api [req-8af84a93-0a3e-469a-a56b-652657f2b092 - - - - - -] ERROR <?xml version="1.0" encoding="iso-8859-1"?> <!DOCTYPE html PUBLIC "-//W3C//DTD XHTML 1.0 Transitional//EN"          "http://www.w3.org/TR/xhtml1/DTD/xhtml1-transitional.dtd"> <html xmlns="http://www.w3.org/1999/xhtml" xml:lang="en" lang="en">  <head>   <title>503 Service Not Available</title>  </head>  <body>   <h1>503 Service Not Available</h1>  </body> </html> [00;33m{{(pid=2483892) _check_rest_api_response /opt/stack/cinder/cinder/volume/drivers/hitachi/hbsd_rest_api.py:485}}[00m
2026-10-06 17:26:32.236 2483892 DEBUG cinder.volume.drivers.hitachi.hbsd_rest_api [req-8af84a93-0a3e-469a-a56b-652657f2b092 - - - - - -] ERROR <?xml version="1.0" encoding="iso-8859-1"?> <!DOCTYPE html PUBLIC "-//W3C//DTD XHTML 1.0 Transitional//EN"          "http://www.w3.org/TR/xhtml1/DTD/xhtml1-transitional.dtd"> <html xmlns="http://www.w3.org/1999/xhtml" xml:lang="en" lang="en">  <head>   <title>503 Service Not Available</title>  </head>  <body>   <h1>503 Service Not Available</h1>  </body> </html> [00;33m{{(pid=2483892) _check_rest_api_response /opt/stack/cinder/cinder/volume/drivers/hitachi/hbsd_rest_api.py:485}}[00m
2026-10-06 17:26:37.234 2483892 DEBUG cinder.volume.drivers.hitachi.hbsd_rest_api [req-8af84a93-0a3e-469a-a56b-652657f2b092 - - - - - -] ERROR <?xml version="1.0" encoding="iso-8859-1"?> <!DOCTYPE html PUBLIC "-//W3C//DTD XHTML 1.0 Transitional//EN"          "http://www.w3.org/TR/xhtml1/DTD/xhtml1-transitional.dtd"> <html xmlns="http://www.w3.org/1999/xhtml" xml:lang="en" lang="en">  <head>   <title>503 Service Not Available</title>  </head>  <body>   <h1>503 Service Not Available</h1>  </body> </html> [00;33m{{(pid=2483892) _check_rest_api_response /opt/stack/cinder/cinder/volume/drivers/hitachi/hbsd_rest_api.py:485}}[00m
2026-10-06 17:26:42.235 2483892 DEBUG cinder.volume.drivers.hitachi.hbsd_rest_api [req-8af84a93-0a3e-469a-a56b-652657f2b092 - - - - - -] ERROR <?xml version="1.0" encoding="iso-8859-1"?> <!DOCTYPE html PUBLIC "-//W3C//DTD XHTML 1.0 Transitional//EN"          "http://www.w3.org/TR/xhtml1/DTD/xhtml1-transitional.dtd"> <html xmlns="http://www.w3.org/1999/xhtml" xml:lang="en" lang="en">  <head>   <title>503 Service Not Available</title>  </head>  <body>   <h1>503 Service Not Available</h1>  </body> </html> [00;33m{{(pid=2483892) _check_rest_api_response /opt/stack/cinder/cinder/volume/drivers/hitachi/hbsd_rest_api.py:485}}[00m
2026-10-06 17:26:47.236 2483892 DEBUG cinder.volume.drivers.hitachi.hbsd_rest_api [req-8af84a93-0a3e-469a-a56b-652657f2b092 - - - - - -] ERROR <?xml version="1.0" encoding="iso-8859-1"?> <!DOCTYPE html PUBLIC "-//W3C//DTD XHTML 1.0 Transitional//EN"          "http://www.w3.org/TR/xhtml1/DTD/xhtml1-transitional.dtd"> <html xmlns="http://www.w3.org/1999/xhtml" xml:lang="en" lang="en">  <head>   <title>503 Service Not Available</title>  </head>  <body>   <h1>503 Service Not Available</h1>  </body> </html> [00;33m{{(pid=2483892) _check_rest_api_response /opt/stack/cinder/cinder/volume/drivers/hitachi/hbsd_rest_api.py:485}}[00m
2026-10-06 17:26:52.243 2483892 DEBUG cinder.volume.drivers.hitachi.hbsd_rest_api [req-8af84a93-0a3e-469a-a56b-652657f2b092 - - - - - -] ERROR <?xml version="1.0" encoding="iso-8859-1"?> <!DOCTYPE html PUBLIC "-//W3C//DTD XHTML 1.0 Transitional//EN"          "http://www.w3.org/TR/xhtml1/DTD/xhtml1-transitional.dtd"> <html xmlns="http://www.w3.org/1999/xhtml" xml:lang="en" lang="en">  <head>   <title>503 Service Not Available</title>  </head>  <body>   <h1>503 Service Not Available</h1>  </body> </html> [00;33m{{(pid=2483892) _check_rest_api_response /opt/stack/cinder/cinder/volume/drivers/hitachi/hbsd_rest_api.py:485}}[00m
2026-10-06 17:26:57.240 2483892 DEBUG cinder.volume.drivers.hitachi.hbsd_rest_api [req-8af84a93-0a3e-469a-a56b-652657f2b092 - - - - - -] ERROR <?xml version="1.0" encoding="iso-8859-1"?> <!DOCTYPE html PUBLIC "-//W3C//DTD XHTML 1.0 Transitional//EN"          "http://www.w3.org/TR/xhtml1/DTD/xhtml1-transitional.dtd"> <html xmlns="http://www.w3.org/1999/xhtml" xml:lang="en" lang="en">  <head>   <title>503 Service Not Available</title>  </head>  <body>   <h1>503 Service Not Available</h1>  </body> </html> [00;33m{{(pid=2483892) _check_rest_api_response /opt/stack/cinder/cinder/volume/drivers/hitachi/hbsd_rest_api.py:485}}[00m
2026-10-06 17:27:02.240 2483892 DEBUG cinder.volume.drivers.hitachi.hbsd_rest_api [req-8af84a93-0a3e-469a-a56b-652657f2b092 - - - - - -] ERROR <?xml version="1.0" encoding="iso-8859-1"?> <!DOCTYPE html PUBLIC "-//W3C//DTD XHTML 1.0 Transitional//EN"          "http://www.w3.org/TR/xhtml1/DTD/xhtml1-transitional.dtd"> <html xmlns="http://www.w3.org/1999/xhtml" xml:lang="en" lang="en">  <head>   <title>503 Service Not Available</title>  </head>  <body>   <h1>503 Service Not Available</h1>  </body> </html> [00;33m{{(pid=2483892) _check_rest_api_response /opt/stack/cinder/cinder/volume/drivers/hitachi/hbsd_rest_api.py:485}}[00m
2026-10-06 17:27:07.266 2483892 DEBUG cinder.volume.drivers.hitachi.hbsd_rest_api [req-8af84a93-0a3e-469a-a56b-652657f2b092 - - - - - -] ERROR <?xml version="1.0" encoding="iso-8859-1"?> <!DOCTYPE html PUBLIC "-//W3C//DTD XHTML 1.0 Transitional//EN"          "http://www.w3.org/TR/xhtml1/DTD/xhtml1-transitional.dtd"> <html xmlns="http://www.w3.org/1999/xhtml" xml:lang="en" lang="en">  <head>   <title>503 Service Not Available</title>  </head>  <body>   <h1>503 Service Not Available</h1>  </body> </html> [00;33m{{(pid=2483892) _check_rest_api_response /opt/stack/cinder/cinder/volume/drivers/hitachi/hbsd_rest_api.py:485}}[00m
2026-10-06 17:27:12.246 2483892 DEBUG cinder.volume.drivers.hitachi.hbsd_rest_api [req-8af84a93-0a3e-469a-a56b-652657f2b092 - - - - - -] ERROR <?xml version="1.0" encoding="iso-8859-1"?> <!DOCTYPE html PUBLIC "-//W3C//DTD XHTML 1.0 Transitional//EN"          "http://www.w3.org/TR/xhtml1/DTD/xhtml1-transitional.dtd"> <html xmlns="http://www.w3.org/1999/xhtml" xml:lang="en" lang="en">  <head>   <title>503 Service Not Available</title>  </head>  <body>   <h1>503 Service Not Available</h1>  </body> </html> [00;33m{{(pid=2483892) _check_rest_api_response /opt/stack/cinder/cinder/volume/drivers/hitachi/hbsd_rest_api.py:485}}[00m
2026-10-06 17:27:17.246 2483892 DEBUG cinder.volume.drivers.hitachi.hbsd_rest_api [req-8af84a93-0a3e-469a-a56b-652657f2b092 - - - - - -] ERROR <?xml version="1.0" encoding="iso-8859-1"?> <!DOCTYPE html PUBLIC "-//W3C//DTD XHTML 1.0 Transitional//EN"          "http://www.w3.org/TR/xhtml1/DTD/xhtml1-transitional.dtd"> <html xmlns="http://www.w3.org/1999/xhtml" xml:lang="en" lang="en">  <head>   <title>503 Service Not Available</title>  </head>  <body>   <h1>503 Service Not Available</h1>  </body> </html> [00;33m{{(pid=2483892) _check_rest_api_response /opt/stack/cinder/cinder/volume/drivers/hitachi/hbsd_rest_api.py:485}}[00m
2026-10-06 17:27:22.245 2483892 DEBUG cinder.volume.drivers.hitachi.hbsd_rest_api [req-8af84a93-0a3e-469a-a56b-652657f2b092 - - - - - -] ERROR <?xml version="1.0" encoding="iso-8859-1"?> <!DOCTYPE html PUBLIC "-//W3C//DTD XHTML 1.0 Transitional//EN"          "http://www.w3.org/TR/xhtml1/DTD/xhtml1-transitional.dtd"> <html xmlns="http://www.w3.org/1999/xhtml" xml:lang="en" lang="en">  <head>   <title>503 Service Not Available</title>  </head>  <body>   <h1>503 Service Not Available</h1>  </body> </html> [00;33m{{(pid=2483892) _check_rest_api_response /opt/stack/cinder/cinder/volume/drivers/hitachi/hbsd_rest_api.py:485}}[00m
2026-10-06 17:27:27.247 2483892 DEBUG cinder.volume.drivers.hitachi.hbsd_rest_api [req-8af84a93-0a3e-469a-a56b-652657f2b092 - - - - - -] ERROR <?xml version="1.0" encoding="iso-8859-1"?> <!DOCTYPE html PUBLIC "-//W3C//DTD XHTML 1.0 Transitional//EN"          "http://www.w3.org/TR/xhtml1/DTD/xhtml1-transitional.dtd"> <html xmlns="http://www.w3.org/1999/xhtml" xml:lang="en" lang="en">  <head>   <title>503 Service Not Available</title>  </head>  <body>   <h1>503 Service Not Available</h1>  </body> </html> [00;33m{{(pid=2483892) _check_rest_api_response /opt/stack/cinder/cinder/volume/drivers/hitachi/hbsd_rest_api.py:485}}[00m
2026-10-06 17:27:32.257 2483892 DEBUG cinder.volume.drivers.hitachi.hbsd_rest_api [req-8af84a93-0a3e-469a-a56b-652657f2b092 - - - - - -] ERROR <?xml version="1.0" encoding="iso-8859-1"?> <!DOCTYPE html PUBLIC "-//W3C//DTD XHTML 1.0 Transitional//EN"          "http://www.w3.org/TR/xhtml1/DTD/xhtml1-transitional.dtd"> <html xmlns="http://www.w3.org/1999/xhtml" xml:lang="en" lang="en">  <head>   <title>503 Service Not Available</title>  </head>  <body>   <h1>503 Service Not Available</h1>  </body> </html> [00;33m{{(pid=2483892) _check_rest_api_response /opt/stack/cinder/cinder/volume/drivers/hitachi/hbsd_rest_api.py:485}}[00m
2026-10-06 17:27:37.249 2483892 DEBUG cinder.volume.drivers.hitachi.hbsd_rest_api [req-8af84a93-0a3e-469a-a56b-652657f2b092 - - - - - -] ERROR <?xml version="1.0" encoding="iso-8859-1"?> <!DOCTYPE html PUBLIC "-//W3C//DTD XHTML 1.0 Transitional//EN"          "http://www.w3.org/TR/xhtml1/DTD/xhtml1-transitional.dtd"> <html xmlns="http://www.w3.org/1999/xhtml" xml:lang="en" lang="en">  <head>   <title>503 Service Not Available</title>  </head>  <body>   <h1>503 Service Not Available</h1>  </body> </html> [00;33m{{(pid=2483892) _check_rest_api_response /opt/stack/cinder/cinder/volume/drivers/hitachi/hbsd_rest_api.py:485}}[00m
2026-10-06 17:27:42.256 2483892 DEBUG cinder.volume.drivers.hitachi.hbsd_rest_api [req-8af84a93-0a3e-469a-a56b-652657f2b092 - - - - - -] ERROR <?xml version="1.0" encoding="iso-8859-1"?> <!DOCTYPE html PUBLIC "-//W3C//DTD XHTML 1.0 Transitional//EN"          "http://www.w3.org/TR/xhtml1/DTD/xhtml1-transitional.dtd"> <html xmlns="http://www.w3.org/1999/xhtml" xml:lang="en" lang="en">  <head>   <title>503 Service Not Available</title>  </head>  <body>   <h1>503 Service Not Available</h1>  </body> </html> [00;33m{{(pid=2483892) _check_rest_api_response /opt/stack/cinder/cinder/volume/drivers/hitachi/hbsd_rest_api.py:485}}[00m
2026-10-06 17:27:47.250 2483892 DEBUG cinder.volume.drivers.hitachi.hbsd_rest_api [req-8af84a93-0a3e-469a-a56b-652657f2b092 - - - - - -] ERROR <?xml version="1.0" encoding="iso-8859-1"?> <!DOCTYPE html PUBLIC "-//W3C//DTD XHTML 1.0 Transitional//EN"          "http://www.w3.org/TR/xhtml1/DTD/xhtml1-transitional.dtd"> <html xmlns="http://www.w3.org/1999/xhtml" xml:lang="en" lang="en">  <head>   <title>503 Service Not Available</title>  </head>  <body>   <h1>503 Service Not Available</h1>  </body> </html> [00;33m{{(pid=2483892) _check_rest_api_response /opt/stack/cinder/cinder/volume/drivers/hitachi/hbsd_rest_api.py:485}}[00m
2026-10-06 17:27:52.253 2483892 DEBUG cinder.volume.drivers.hitachi.hbsd_rest_api [req-8af84a93-0a3e-469a-a56b-652657f2b092 - - - - - -] ERROR <?xml version="1.0" encoding="iso-8859-1"?> <!DOCTYPE html PUBLIC "-//W3C//DTD XHTML 1.0 Transitional//EN"          "http://www.w3.org/TR/xhtml1/DTD/xhtml1-transitional.dtd"> <html xmlns="http://www.w3.org/1999/xhtml" xml:lang="en" lang="en">  <head>   <title>503 Service Not Available</title>  </head>  <body>   <h1>503 Service Not Available</h1>  </body> </html> [00;33m{{(pid=2483892) _check_rest_api_response /opt/stack/cinder/cinder/volume/drivers/hitachi/hbsd_rest_api.py:485}}[00m
2026-10-06 17:27:57.255 2483892 DEBUG cinder.volume.drivers.hitachi.hbsd_rest_api [req-8af84a93-0a3e-469a-a56b-652657f2b092 - - - - - -] ERROR <?xml version="1.0" encoding="iso-8859-1"?> <!DOCTYPE html PUBLIC "-//W3C//DTD XHTML 1.0 Transitional//EN"          "http://www.w3.org/TR/xhtml1/DTD/xhtml1-transitional.dtd"> <html xmlns="http://www.w3.org/1999/xhtml" xml:lang="en" lang="en">  <head>   <title>503 Service Not Available</title>  </head>  <body>   <h1>503 Service Not Available</h1>  </body> </html> [00;33m{{(pid=2483892) _check_rest_api_response /opt/stack/cinder/cinder/volume/drivers/hitachi/hbsd_rest_api.py:485}}[00m
2026-10-06 17:28:02.255 2483892 DEBUG cinder.volume.drivers.hitachi.hbsd_rest_api [req-8af84a93-0a3e-469a-a56b-652657f2b092 - - - - - -] ERROR <?xml version="1.0" encoding="iso-8859-1"?> <!DOCTYPE html PUBLIC "-//W3C//DTD XHTML 1.0 Transitional//EN"          "http://www.w3.org/TR/xhtml1/DTD/xhtml1-transitional.dtd"> <html xmlns="http://www.w3.org/1999/xhtml" xml:lang="en" lang="en">  <head>   <title>503 Service Not Available</title>  </head>  <body>   <h1>503 Service Not Available</h1>  </body> </html> [00;33m{{(pid=2483892) _check_rest_api_response /opt/stack/cinder/cinder/volume/drivers/hitachi/hbsd_rest_api.py:485}}[00m
2026-10-06 17:28:07.257 2483892 DEBUG cinder.volume.drivers.hitachi.hbsd_rest_api [req-8af84a93-0a3e-469a-a56b-652657f2b092 - - - - - -] ERROR <?xml version="1.0" encoding="iso-8859-1"?> <!DOCTYPE html PUBLIC "-//W3C//DTD XHTML 1.0 Transitional//EN"          "http://www.w3.org/TR/xhtml1/DTD/xhtml1-transitional.dtd"> <html xmlns="http://www.w3.org/1999/xhtml" xml:lang="en" lang="en">  <head>   <title>503 Service Not Available</title>  </head>  <body>   <h1>503 Service Not Available</h1>  </body> </html> [00;33m{{(pid=2483892) _check_rest_api_response /opt/stack/cinder/cinder/volume/drivers/hitachi/hbsd_rest_api.py:485}}[00m
2026-10-06 17:28:12.286 2483892 DEBUG cinder.volume.drivers.hitachi.hbsd_rest_api [req-8af84a93-0a3e-469a-a56b-652657f2b092 - - - - - -] ERROR <?xml version="1.0" encoding="iso-8859-1"?> <!DOCTYPE html PUBLIC "-//W3C//DTD XHTML 1.0 Transitional//EN"          "http://www.w3.org/TR/xhtml1/DTD/xhtml1-transitional.dtd"> <html xmlns="http://www.w3.org/1999/xhtml" xml:lang="en" lang="en">  <head>   <title>503 Service Not Available</title>  </head>  <body>   <h1>503 Service Not Available</h1>  </body> </html> [00;33m{{(pid=2483892) _check_rest_api_response /opt/stack/cinder/cinder/volume/drivers/hitachi/hbsd_rest_api.py:485}}[00m
2026-10-06 17:28:17.260 2483892 DEBUG cinder.volume.drivers.hitachi.hbsd_rest_api [req-8af84a93-0a3e-469a-a56b-652657f2b092 - - - - - -] ERROR <?xml version="1.0" encoding="iso-8859-1"?> <!DOCTYPE html PUBLIC "-//W3C//DTD XHTML 1.0 Transitional//EN"          "http://www.w3.org/TR/xhtml1/DTD/xhtml1-transitional.dtd"> <html xmlns="http://www.w3.org/1999/xhtml" xml:lang="en" lang="en">  <head>   <title>503 Service Not Available</title>  </head>  <body>   <h1>503 Service Not Available</h1>  </body> </html> [00;33m{{(pid=2483892) _check_rest_api_response /opt/stack/cinder/cinder/volume/drivers/hitachi/hbsd_rest_api.py:485}}[00m
2026-10-06 17:28:22.269 2483892 DEBUG cinder.volume.drivers.hitachi.hbsd_rest_api [req-8af84a93-0a3e-469a-a56b-652657f2b092 - - - - - -] ERROR <?xml version="1.0" encoding="iso-8859-1"?> <!DOCTYPE html PUBLIC "-//W3C//DTD XHTML 1.0 Transitional//EN"          "http://www.w3.org/TR/xhtml1/DTD/xhtml1-transitional.dtd"> <html xmlns="http://www.w3.org/1999/xhtml" xml:lang="en" lang="en">  <head>   <title>503 Service Not Available</title>  </head>  <body>   <h1>503 Service Not Available</h1>  </body> </html> [00;33m{{(pid=2483892) _check_rest_api_response /opt/stack/cinder/cinder/volume/drivers/hitachi/hbsd_rest_api.py:485}}[00m
2026-10-06 17:28:27.274 2483892 DEBUG cinder.volume.drivers.hitachi.hbsd_rest_api [req-8af84a93-0a3e-469a-a56b-652657f2b092 - - - - - -] ERROR <?xml version="1.0" encoding="iso-8859-1"?> <!DOCTYPE html PUBLIC "-//W3C//DTD XHTML 1.0 Transitional//EN"          "http://www.w3.org/TR/xhtml1/DTD/xhtml1-transitional.dtd"> <html xmlns="http://www.w3.org/1999/xhtml" xml:lang="en" lang="en">  <head>   <title>503 Service Not Available</title>  </head>  <body>   <h1>503 Service Not Available</h1>  </body> </html> [00;33m{{(pid=2483892) _check_rest_api_response /opt/stack/cinder/cinder/volume/drivers/hitachi/hbsd_rest_api.py:485}}[00m
2026-10-06 17:28:32.261 2483892 DEBUG cinder.volume.drivers.hitachi.hbsd_rest_api [req-8af84a93-0a3e-469a-a56b-652657f2b092 - - - - - -] ERROR <?xml version="1.0" encoding="iso-8859-1"?> <!DOCTYPE html PUBLIC "-//W3C//DTD XHTML 1.0 Transitional//EN"          "http://www.w3.org/TR/xhtml1/DTD/xhtml1-transitional.dtd"> <html xmlns="http://www.w3.org/1999/xhtml" xml:lang="en" lang="en">  <head>   <title>503 Service Not Available</title>  </head>  <body>   <h1>503 Service Not Available</h1>  </body> </html> [00;33m{{(pid=2483892) _check_rest_api_response /opt/stack/cinder/cinder/volume/drivers/hitachi/hbsd_rest_api.py:485}}[00m
2026-10-06 17:28:37.262 2483892 DEBUG cinder.volume.drivers.hitachi.hbsd_rest_api [req-8af84a93-0a3e-469a-a56b-652657f2b092 - - - - - -] ERROR <?xml version="1.0" encoding="iso-8859-1"?> <!DOCTYPE html PUBLIC "-//W3C//DTD XHTML 1.0 Transitional//EN"          "http://www.w3.org/TR/xhtml1/DTD/xhtml1-transitional.dtd"> <html xmlns="http://www.w3.org/1999/xhtml" xml:lang="en" lang="en">  <head>   <title>503 Service Not Available</title>  </head>  <body>   <h1>503 Service Not Available</h1>  </body> </html> [00;33m{{(pid=2483892) _check_rest_api_response /opt/stack/cinder/cinder/volume/drivers/hitachi/hbsd_rest_api.py:485}}[00m
2026-10-06 17:28:42.262 2483892 DEBUG cinder.volume.drivers.hitachi.hbsd_rest_api [req-8af84a93-0a3e-469a-a56b-652657f2b092 - - - - - -] ERROR <?xml version="1.0" encoding="iso-8859-1"?> <!DOCTYPE html PUBLIC "-//W3C//DTD XHTML 1.0 Transitional//EN"          "http://www.w3.org/TR/xhtml1/DTD/xhtml1-transitional.dtd"> <html xmlns="http://www.w3.org/1999/xhtml" xml:lang="en" lang="en">  <head>   <title>503 Service Not Available</title>  </head>  <body>   <h1>503 Service Not Available</h1>  </body> </html> [00;33m{{(pid=2483892) _check_rest_api_response /opt/stack/cinder/cinder/volume/drivers/hitachi/hbsd_rest_api.py:485}}[00m
2026-10-06 17:28:47.264 2483892 DEBUG cinder.volume.drivers.hitachi.hbsd_rest_api [req-8af84a93-0a3e-469a-a56b-652657f2b092 - - - - - -] ERROR <?xml version="1.0" encoding="iso-8859-1"?> <!DOCTYPE html PUBLIC "-//W3C//DTD XHTML 1.0 Transitional//EN"          "http://www.w3.org/TR/xhtml1/DTD/xhtml1-transitional.dtd"> <html xmlns="http://www.w3.org/1999/xhtml" xml:lang="en" lang="en">  <head>   <title>503 Service Not Available</title>  </head>  <body>   <h1>503 Service Not Available</h1>  </body> </html> [00;33m{{(pid=2483892) _check_rest_api_response /opt/stack/cinder/cinder/volume/drivers/hitachi/hbsd_rest_api.py:485}}[00m
2026-10-06 17:28:52.287 2483892 DEBUG cinder.volume.drivers.hitachi.hbsd_rest_api [req-8af84a93-0a3e-469a-a56b-652657f2b092 - - - - - -] ERROR <?xml version="1.0" encoding="iso-8859-1"?> <!DOCTYPE html PUBLIC "-//W3C//DTD XHTML 1.0 Transitional//EN"          "http://www.w3.org/TR/xhtml1/DTD/xhtml1-transitional.dtd"> <html xmlns="http://www.w3.org/1999/xhtml" xml:lang="en" lang="en">  <head>   <title>503 Service Not Available</title>  </head>  <body>   <h1>503 Service Not Available</h1>  </body> </html> [00;33m{{(pid=2483892) _check_rest_api_response /opt/stack/cinder/cinder/volume/drivers/hitachi/hbsd_rest_api.py:485}}[00m
2026-10-06 17:28:57.276 2483892 DEBUG cinder.volume.drivers.hitachi.hbsd_rest_api [req-8af84a93-0a3e-469a-a56b-652657f2b092 - - - - - -] ERROR <?xml version="1.0" encoding="iso-8859-1"?> <!DOCTYPE html PUBLIC "-//W3C//DTD XHTML 1.0 Transitional//EN"          "http://www.w3.org/TR/xhtml1/DTD/xhtml1-transitional.dtd"> <html xmlns="http://www.w3.org/1999/xhtml" xml:lang="en" lang="en">  <head>   <title>503 Service Not Available</title>  </head>  <body>   <h1>503 Service Not Available</h1>  </body> </html> [00;33m{{(pid=2483892) _check_rest_api_response /opt/stack/cinder/cinder/volume/drivers/hitachi/hbsd_rest_api.py:485}}[00m
2026-10-06 17:29:02.277 2483892 DEBUG cinder.volume.drivers.hitachi.hbsd_rest_api [req-8af84a93-0a3e-469a-a56b-652657f2b092 - - - - - -] ERROR <?xml version="1.0" encoding="iso-8859-1"?> <!DOCTYPE html PUBLIC "-//W3C//DTD XHTML 1.0 Transitional//EN"          "http://www.w3.org/TR/xhtml1/DTD/xhtml1-transitional.dtd"> <html xmlns="http://www.w3.org/1999/xhtml" xml:lang="en" lang="en">  <head>   <title>503 Service Not Available</title>  </head>  <body>   <h1>503 Service Not Available</h1>  </body> </html> [00;33m{{(pid=2483892) _check_rest_api_response /opt/stack/cinder/cinder/volume/drivers/hitachi/hbsd_rest_api.py:485}}[00m
2026-10-06 17:29:07.272 2483892 DEBUG cinder.volume.drivers.hitachi.hbsd_rest_api [req-8af84a93-0a3e-469a-a56b-652657f2b092 - - - - - -] ERROR <?xml version="1.0" encoding="iso-8859-1"?> <!DOCTYPE html PUBLIC "-//W3C//DTD XHTML 1.0 Transitional//EN"          "http://www.w3.org/TR/xhtml1/DTD/xhtml1-transitional.dtd"> <html xmlns="http://www.w3.org/1999/xhtml" xml:lang="en" lang="en">  <head>   <title>503 Service Not Available</title>  </head>  <body>   <h1>503 Service Not Available</h1>  </body> </html> [00;33m{{(pid=2483892) _check_rest_api_response /opt/stack/cinder/cinder/volume/drivers/hitachi/hbsd_rest_api.py:485}}[00m
2026-10-06 17:29:12.312 2483892 DEBUG cinder.volume.drivers.hitachi.hbsd_rest_api [req-8af84a93-0a3e-469a-a56b-652657f2b092 - - - - - -] ERROR <?xml version="1.0" encoding="iso-8859-1"?> <!DOCTYPE html PUBLIC "-//W3C//DTD XHTML 1.0 Transitional//EN"          "http://www.w3.org/TR/xhtml1/DTD/xhtml1-transitional.dtd"> <html xmlns="http://www.w3.org/1999/xhtml" xml:lang="en" lang="en">  <head>   <title>503 Service Not Available</title>  </head>  <body>   <h1>503 Service Not Available</h1>  </body> </html> [00;33m{{(pid=2483892) _check_rest_api_response /opt/stack/cinder/cinder/volume/drivers/hitachi/hbsd_rest_api.py:485}}[00m
2026-10-06 17:29:17.272 2483892 DEBUG cinder.volume.drivers.hitachi.hbsd_rest_api [req-8af84a93-0a3e-469a-a56b-652657f2b092 - - - - - -] ERROR <?xml version="1.0" encoding="iso-8859-1"?> <!DOCTYPE html PUBLIC "-//W3C//DTD XHTML 1.0 Transitional//EN"          "http://www.w3.org/TR/xhtml1/DTD/xhtml1-transitional.dtd"> <html xmlns="http://www.w3.org/1999/xhtml" xml:lang="en" lang="en">  <head>   <title>503 Service Not Available</title>  </head>  <body>   <h1>503 Service Not Available</h1>  </body> </html> [00;33m{{(pid=2483892) _check_rest_api_response /opt/stack/cinder/cinder/volume/drivers/hitachi/hbsd_rest_api.py:485}}[00m
2026-10-06 17:29:22.275 2483892 DEBUG cinder.volume.drivers.hitachi.hbsd_rest_api [req-8af84a93-0a3e-469a-a56b-652657f2b092 - - - - - -] ERROR <?xml version="1.0" encoding="iso-8859-1"?> <!DOCTYPE html PUBLIC "-//W3C//DTD XHTML 1.0 Transitional//EN"          "http://www.w3.org/TR/xhtml1/DTD/xhtml1-transitional.dtd"> <html xmlns="http://www.w3.org/1999/xhtml" xml:lang="en" lang="en">  <head>   <title>503 Service Not Available</title>  </head>  <body>   <h1>503 Service Not Available</h1>  </body> </html> [00;33m{{(pid=2483892) _check_rest_api_response /opt/stack/cinder/cinder/volume/drivers/hitachi/hbsd_rest_api.py:485}}[00m
2026-10-06 17:29:27.275 2483892 DEBUG cinder.volume.drivers.hitachi.hbsd_rest_api [req-8af84a93-0a3e-469a-a56b-652657f2b092 - - - - - -] ERROR <?xml version="1.0" encoding="iso-8859-1"?> <!DOCTYPE html PUBLIC "-//W3C//DTD XHTML 1.0 Transitional//EN"          "http://www.w3.org/TR/xhtml1/DTD/xhtml1-transitional.dtd"> <html xmlns="http://www.w3.org/1999/xhtml" xml:lang="en" lang="en">  <head>   <title>503 Service Not Available</title>  </head>  <body>   <h1>503 Service Not Available</h1>  </body> </html> [00;33m{{(pid=2483892) _check_rest_api_response /opt/stack/cinder/cinder/volume/drivers/hitachi/hbsd_rest_api.py:485}}[00m
