2026-10-06 19:57:24.578 2644823 DEBUG dbcounter [-] [2644823] Writing DB stats cinder:SELECT=1 [00;33m{{(pid=2644823) stat_writer /opt/stack/data/venv/lib/python3.12/site-packages/dbcounter.py:115}}[00m
2026-10-06 19:57:24.581 2644823 DEBUG dbcounter [-] [2644823] Writing DB stats cinder:UPDATE=1 [00;33m{{(pid=2644823) stat_writer /opt/stack/data/venv/lib/python3.12/site-packages/dbcounter.py:115}}[00m
2026-10-06 19:57:53.723 2644823 DEBUG cinder.volume.drivers.hitachi.hbsd_rest_api [-] _keep_session thread is started [00;33m{{(pid=2644823) _keep_session /opt/stack/cinder/cinder/volume/drivers/hitachi/hbsd_rest_api.py:607}}[00m
2026-10-06 19:57:53.723 2644823 DEBUG cinder.volume.drivers.hitachi.hbsd_rest_api [-] ==> _get_object: call "{'self': <cinder.volume.drivers.hitachi.hbsd_rest_api.RestApiClient object at 0x7ed1f9fa8b30>, 'url': 'https://172.25.45.103:443/ConfigurationManager/v1/objects/storages/A34000810045/sessions/8295', 'kwargs': {'no_retry': True, 'no_log': True}, 'params': None}" [00;33m{{(pid=2644823) trace_logging_wrapper /opt/stack/cinder/cinder/volume/volume_utils.py:1497}}[00m
2026-10-06 19:57:53.771 2644823 DEBUG cinder.volume.drivers.hitachi.hbsd_rest_api [-] <== _get_object: return (47ms) {'token': '***', 'sessionId': 8295} [00;33m{{(pid=2644823) trace_logging_wrapper /opt/stack/cinder/cinder/volume/volume_utils.py:1522}}[00m
2026-10-06 19:59:24.578 2644823 DEBUG dbcounter [-] [2644823] Writing DB stats cinder:SELECT=1 [00;33m{{(pid=2644823) stat_writer /opt/stack/data/venv/lib/python3.12/site-packages/dbcounter.py:115}}[00m
2026-10-06 19:59:24.580 2644823 DEBUG dbcounter [-] [2644823] Writing DB stats cinder:UPDATE=1 [00;33m{{(pid=2644823) stat_writer /opt/stack/data/venv/lib/python3.12/site-packages/dbcounter.py:115}}[00m
2026-10-06 20:00:53.721 2644823 DEBUG cinder.volume.drivers.hitachi.hbsd_rest_api [-] _keep_session thread is started [00;33m{{(pid=2644823) _keep_session /opt/stack/cinder/cinder/volume/drivers/hitachi/hbsd_rest_api.py:607}}[00m
2026-10-06 20:00:53.722 2644823 DEBUG cinder.volume.drivers.hitachi.hbsd_rest_api [-] ==> _get_object: call "{'self': <cinder.volume.drivers.hitachi.hbsd_rest_api.RestApiClient object at 0x7ed1f9fa8b30>, 'url': 'https://172.25.45.103:443/ConfigurationManager/v1/objects/storages/A34000810045/sessions/8295', 'kwargs': {'no_retry': True, 'no_log': True}, 'params': None}" [00;33m{{(pid=2644823) trace_logging_wrapper /opt/stack/cinder/cinder/volume/volume_utils.py:1497}}[00m
2026-10-06 20:00:56.809 2644823 DEBUG cinder.volume.drivers.hitachi.hbsd_rest_api [-] <== _get_object: return (3086ms) {'token': '***', 'sessionId': 8295} [00;33m{{(pid=2644823) trace_logging_wrapper /opt/stack/cinder/cinder/volume/volume_utils.py:1522}}[00m
2026-10-06 20:00:57.617 2644724 INFO oslo_service.backend._eventlet.service [req-ae4e7498-e9fc-4d18-aad8-e7b562ecbe14 - - - - - -] Caught SIGTERM, stopping children
2026-10-06 20:00:57.618 2644724 DEBUG oslo_concurrency.lockutils [req-ae4e7498-e9fc-4d18-aad8-e7b562ecbe14 - - - - - -] Acquiring lock "singleton_lock" [00;33m{{(pid=2644724) lock /opt/stack/data/venv/lib/python3.12/site-packages/oslo_concurrency/lockutils.py:396}}[00m
2026-10-06 20:00:57.618 2644724 DEBUG oslo_concurrency.lockutils [req-ae4e7498-e9fc-4d18-aad8-e7b562ecbe14 - - - - - -] Acquired lock "singleton_lock" [00;33m{{(pid=2644724) lock /opt/stack/data/venv/lib/python3.12/site-packages/oslo_concurrency/lockutils.py:399}}[00m
2026-10-06 20:00:57.618 2644724 DEBUG oslo_concurrency.lockutils [req-ae4e7498-e9fc-4d18-aad8-e7b562ecbe14 - - - - - -] Releasing lock "singleton_lock" [00;33m{{(pid=2644724) lock /opt/stack/data/venv/lib/python3.12/site-packages/oslo_concurrency/lockutils.py:419}}[00m
2026-10-06 20:00:57.618 2644724 DEBUG oslo_service.backend._eventlet.service [req-ae4e7498-e9fc-4d18-aad8-e7b562ecbe14 - - - - - -] Stop services. [00;33m{{(pid=2644724) stop /opt/stack/data/venv/lib/python3.12/site-packages/oslo_service/backend/_eventlet/service.py:611}}[00m
2026-10-06 20:00:57.619 2644724 DEBUG oslo_service.backend._eventlet.service [req-ae4e7498-e9fc-4d18-aad8-e7b562ecbe14 - - - - - -] Killing children. [00;33m{{(pid=2644724) stop /opt/stack/data/venv/lib/python3.12/site-packages/oslo_service/backend/_eventlet/service.py:616}}[00m
2026-10-06 20:00:57.619 2644724 INFO oslo_service.backend._eventlet.service [req-ae4e7498-e9fc-4d18-aad8-e7b562ecbe14 - - - - - -] Waiting on 1 children to exit
2026-10-06 20:01:00.754 2644823 DEBUG oslo_concurrency.lockutils [req-ae4e7498-e9fc-4d18-aad8-e7b562ecbe14 - - - - - -] Acquiring lock "singleton_lock" [00;33m{{(pid=2644823) lock /opt/stack/data/venv/lib/python3.12/site-packages/oslo_concurrency/lockutils.py:396}}[00m
2026-10-06 20:01:00.754 2644823 DEBUG oslo_concurrency.lockutils [req-ae4e7498-e9fc-4d18-aad8-e7b562ecbe14 - - - - - -] Acquired lock "singleton_lock" [00;33m{{(pid=2644823) lock /opt/stack/data/venv/lib/python3.12/site-packages/oslo_concurrency/lockutils.py:399}}[00m
2026-10-06 20:01:00.754 2644823 DEBUG oslo_concurrency.lockutils [req-ae4e7498-e9fc-4d18-aad8-e7b562ecbe14 - - - - - -] Releasing lock "singleton_lock" [00;33m{{(pid=2644823) lock /opt/stack/data/venv/lib/python3.12/site-packages/oslo_concurrency/lockutils.py:419}}[00m
2026-10-06 20:01:00.759 2644823 WARNING amqp [req-ae4e7498-e9fc-4d18-aad8-e7b562ecbe14 - - - - - -] Received method (60, 30) during closing channel 1. This method will be ignored
2026-10-06 20:01:00.763 2644823 WARNING amqp [req-ae4e7498-e9fc-4d18-aad8-e7b562ecbe14 - - - - - -] Received method (60, 30) during closing channel 1. This method will be ignored
2026-10-06 20:01:00.778 2644724 INFO oslo_service.backend._eventlet.service [req-ae4e7498-e9fc-4d18-aad8-e7b562ecbe14 - - - - - -] Child 2644823 exited with status 0
2026-10-06 20:01:01.696 2724720 DEBUG oslo_concurrency.lockutils [-] Acquiring lock "singleton_lock" [00;33m{{(pid=2724720) lock /opt/stack/data/venv/lib/python3.12/site-packages/oslo_concurrency/lockutils.py:396}}[00m
2026-10-06 20:01:01.697 2724720 DEBUG oslo_concurrency.lockutils [-] Acquired lock "singleton_lock" [00;33m{{(pid=2724720) lock /opt/stack/data/venv/lib/python3.12/site-packages/oslo_concurrency/lockutils.py:399}}[00m
2026-10-06 20:01:01.697 2724720 DEBUG oslo_concurrency.lockutils [-] Releasing lock "singleton_lock" [00;33m{{(pid=2724720) lock /opt/stack/data/venv/lib/python3.12/site-packages/oslo_concurrency/lockutils.py:419}}[00m
2026-10-06 20:01:01.895 2724720 INFO dbcounter [req-10c7c8fc-907a-4723-93e8-b2f4976bbdcc - - - - - -] Registered counter for database cinder
2026-10-06 20:01:01.926 2724720 DEBUG oslo_db.sqlalchemy.engines [req-10c7c8fc-907a-4723-93e8-b2f4976bbdcc - - - - - -] MySQL server mode set to STRICT_TRANS_TABLES,STRICT_ALL_TABLES,NO_ZERO_IN_DATE,NO_ZERO_DATE,ERROR_FOR_DIVISION_BY_ZERO,TRADITIONAL,NO_ENGINE_SUBSTITUTION [00;33m{{(pid=2724720) _check_effective_sql_mode /opt/stack/data/venv/lib/python3.12/site-packages/oslo_db/sqlalchemy/engines.py:325}}[00m
2026-10-06 20:01:02.047 2724720 DEBUG dbcounter [-] [2724720] Writer thread running [00;33m{{(pid=2724720) stat_writer /opt/stack/data/venv/lib/python3.12/site-packages/dbcounter.py:102}}[00m
2026-10-06 20:01:02.050 2724720 INFO cinder.rpc [req-10c7c8fc-907a-4723-93e8-b2f4976bbdcc - - - - - -] Automatically selected cinder-scheduler objects version 1.39 as minimum service version.
2026-10-06 20:01:02.053 2724720 INFO cinder.rpc [req-10c7c8fc-907a-4723-93e8-b2f4976bbdcc - - - - - -] Automatically selected cinder-scheduler RPC version 3.12 as minimum service version.
2026-10-06 20:01:02.080 2724720 DEBUG oslo_db.sqlalchemy.engines [req-10c7c8fc-907a-4723-93e8-b2f4976bbdcc - - - - - -] MySQL server mode set to STRICT_TRANS_TABLES,STRICT_ALL_TABLES,NO_ZERO_IN_DATE,NO_ZERO_DATE,ERROR_FOR_DIVISION_BY_ZERO,TRADITIONAL,NO_ENGINE_SUBSTITUTION [00;33m{{(pid=2724720) _check_effective_sql_mode /opt/stack/data/venv/lib/python3.12/site-packages/oslo_db/sqlalchemy/engines.py:325}}[00m
2026-10-06 20:01:02.097 2724720 INFO cinder.volume.manager [req-10c7c8fc-907a-4723-93e8-b2f4976bbdcc - - - - - -] Determined volume DB was empty at startup.
2026-10-06 20:01:02.098 2724720 DEBUG cinder.volume.manager [req-10c7c8fc-907a-4723-93e8-b2f4976bbdcc - - - - - -] Cinder Volume DB check: vol_db_empty=True [00;33m{{(pid=2724720) __init__ /opt/stack/cinder/cinder/volume/manager.py:289}}[00m
2026-10-06 20:01:02.102 2724720 WARNING cinder.volume.manager [req-10c7c8fc-907a-4723-93e8-b2f4976bbdcc - - - - - -] Suppressing requests library SSL Warnings
2026-10-06 20:01:02.102 2724720 WARNING stevedore.named [req-10c7c8fc-907a-4723-93e8-b2f4976bbdcc - - - - - -] Could not load cinder.keymgr.conf_key_mgr.ConfKeyManager
2026-10-06 20:01:02.102 2724720 WARNING castellan.key_manager [req-10c7c8fc-907a-4723-93e8-b2f4976bbdcc - - - - - -] Deprecation Warning : cinder.keymgr.conf_key_mgr.ConfKeyManager is not a stevedore based driver, trying to load it as a class: stevedore.exception.NoMatches: No 'castellan.drivers' driver found, looking for 'cinder.keymgr.conf_key_mgr.ConfKeyManager'
2026-10-06 20:01:02.103 2724720 WARNING cinder.keymgr.conf_key_mgr [req-10c7c8fc-907a-4723-93e8-b2f4976bbdcc - - - - - -] This key manager is insecure and is not recommended for production deployments: stevedore.exception.NoMatches: No 'castellan.drivers' driver found, looking for 'cinder.keymgr.conf_key_mgr.ConfKeyManager'
2026-10-06 20:01:02.148 2724720 INFO cinder.volume.drivers.hitachi.hbsd_utils [req-10c7c8fc-907a-4723-93e8-b2f4976bbdcc - - - - - -] MSGID0004-I: Initialization of HBSDISCSIDriver 2.7.2 started.
2026-10-06 20:01:02.150 2724720 INFO cinder.volume.manager [req-10c7c8fc-907a-4723-93e8-b2f4976bbdcc - - - - - -] Image-volume cache disabled for host devstack-92-210@hitachi.
2026-10-06 20:01:02.175 2724720 DEBUG oslo_db.sqlalchemy.engines [req-10c7c8fc-907a-4723-93e8-b2f4976bbdcc - - - - - -] MySQL server mode set to STRICT_TRANS_TABLES,STRICT_ALL_TABLES,NO_ZERO_IN_DATE,NO_ZERO_DATE,ERROR_FOR_DIVISION_BY_ZERO,TRADITIONAL,NO_ENGINE_SUBSTITUTION [00;33m{{(pid=2724720) _check_effective_sql_mode /opt/stack/data/venv/lib/python3.12/site-packages/oslo_db/sqlalchemy/engines.py:325}}[00m
2026-10-06 20:01:02.185 2724720 INFO oslo_service.backend._eventlet.service [req-10c7c8fc-907a-4723-93e8-b2f4976bbdcc - - - - - -] Starting 1 workers
2026-10-06 20:01:02.191 2724720 DEBUG oslo_service.backend._eventlet.service [req-10c7c8fc-907a-4723-93e8-b2f4976bbdcc - - - - - -] Started child 2724734 [00;33m{{(pid=2724720) _start_child /opt/stack/data/venv/lib/python3.12/site-packages/oslo_service/backend/_eventlet/service.py:491}}[00m
2026-10-06 20:01:02.192 2724720 DEBUG oslo_service.backend._eventlet.service [req-10c7c8fc-907a-4723-93e8-b2f4976bbdcc - - - - - -] Full set of CONF: [00;33m{{(pid=2724720) wait /opt/stack/data/venv/lib/python3.12/site-packages/oslo_service/backend/_eventlet/service.py:565}}[00m
2026-10-06 20:01:02.192 2724720 DEBUG oslo_service.backend._eventlet.service [req-10c7c8fc-907a-4723-93e8-b2f4976bbdcc - - - - - -] ******************************************************************************** [00;33m{{(pid=2724720) log_opt_values /opt/stack/data/venv/lib/python3.12/site-packages/oslo_config/cfg.py:3533}}[00m
2026-10-06 20:01:02.192 2724720 DEBUG oslo_service.backend._eventlet.service [req-10c7c8fc-907a-4723-93e8-b2f4976bbdcc - - - - - -] Configuration options gathered from: [00;33m{{(pid=2724720) log_opt_values /opt/stack/data/venv/lib/python3.12/site-packages/oslo_config/cfg.py:3534}}[00m
2026-10-06 20:01:02.192 2724720 DEBUG oslo_service.backend._eventlet.service [req-10c7c8fc-907a-4723-93e8-b2f4976bbdcc - - - - - -] command line args: ['--config-file', '/etc/cinder/cinder.conf'] [00;33m{{(pid=2724720) log_opt_values /opt/stack/data/venv/lib/python3.12/site-packages/oslo_config/cfg.py:3535}}[00m
2026-10-06 20:01:02.192 2724720 DEBUG oslo_service.backend._eventlet.service [req-10c7c8fc-907a-4723-93e8-b2f4976bbdcc - - - - - -] config files: ['/etc/cinder/cinder.conf'] [00;33m{{(pid=2724720) log_opt_values /opt/stack/data/venv/lib/python3.12/site-packages/oslo_config/cfg.py:3536}}[00m
2026-10-06 20:01:02.193 2724720 DEBUG oslo_service.backend._eventlet.service [req-10c7c8fc-907a-4723-93e8-b2f4976bbdcc - - - - - -] ================================================================================ [00;33m{{(pid=2724720) log_opt_values /opt/stack/data/venv/lib/python3.12/site-packages/oslo_config/cfg.py:3541}}[00m
2026-10-06 20:01:02.193 2724720 DEBUG oslo_service.backend._eventlet.service [req-10c7c8fc-907a-4723-93e8-b2f4976bbdcc - - - - - -] allow_availability_zone_fallback = False [00;33m{{(pid=2724720) log_opt_values /opt/stack/data/venv/lib/python3.12/site-packages/oslo_config/cfg.py:3549}}[00m
2026-10-06 20:01:02.193 2724720 DEBUG oslo_service.backend._eventlet.service [req-10c7c8fc-907a-4723-93e8-b2f4976bbdcc - - - - - -] allow_compression_on_image_upload = False [00;33m{{(pid=2724720) log_opt_values /opt/stack/data/venv/lib/python3.12/site-packages/oslo_config/cfg.py:3549}}[00m
2026-10-06 20:01:02.193 2724720 DEBUG oslo_service.backend._eventlet.service [req-10c7c8fc-907a-4723-93e8-b2f4976bbdcc - - - - - -] allowed_direct_url_schemes     = [] [00;33m{{(pid=2724720) log_opt_values /opt/stack/data/venv/lib/python3.12/site-packages/oslo_config/cfg.py:3549}}[00m
2026-10-06 20:01:02.193 2724720 DEBUG oslo_service.backend._eventlet.service [req-10c7c8fc-907a-4723-93e8-b2f4976bbdcc - - - - - -] api_rate_limit                 = True [00;33m{{(pid=2724720) log_opt_values /opt/stack/data/venv/lib/python3.12/site-packages/oslo_config/cfg.py:3549}}[00m
2026-10-06 20:01:02.193 2724720 DEBUG oslo_service.backend._eventlet.service [req-10c7c8fc-907a-4723-93e8-b2f4976bbdcc - - - - - -] auth_strategy                  = keystone [00;33m{{(pid=2724720) log_opt_values /opt/stack/data/venv/lib/python3.12/site-packages/oslo_config/cfg.py:3549}}[00m
2026-10-06 20:01:02.193 2724720 DEBUG oslo_service.backend._eventlet.service [req-10c7c8fc-907a-4723-93e8-b2f4976bbdcc - - - - - -] backend_availability_zone      = None [00;33m{{(pid=2724720) log_opt_values /opt/stack/data/venv/lib/python3.12/site-packages/oslo_config/cfg.py:3549}}[00m
2026-10-06 20:01:02.193 2724720 DEBUG oslo_service.backend._eventlet.service [req-10c7c8fc-907a-4723-93e8-b2f4976bbdcc - - - - - -] backend_host                   = None [00;33m{{(pid=2724720) log_opt_values /opt/stack/data/venv/lib/python3.12/site-packages/oslo_config/cfg.py:3549}}[00m
2026-10-06 20:01:02.193 2724720 DEBUG oslo_service.backend._eventlet.service [req-10c7c8fc-907a-4723-93e8-b2f4976bbdcc - - - - - -] backend_name                   = None [00;33m{{(pid=2724720) log_opt_values /opt/stack/data/venv/lib/python3.12/site-packages/oslo_config/cfg.py:3549}}[00m
2026-10-06 20:01:02.193 2724720 DEBUG oslo_service.backend._eventlet.service [req-10c7c8fc-907a-4723-93e8-b2f4976bbdcc - - - - - -] backend_stats_polling_interval = 60 [00;33m{{(pid=2724720) log_opt_values /opt/stack/data/venv/lib/python3.12/site-packages/oslo_config/cfg.py:3549}}[00m
2026-10-06 20:01:02.194 2724720 DEBUG oslo_service.backend._eventlet.service [req-10c7c8fc-907a-4723-93e8-b2f4976bbdcc - - - - - -] backup_api_class               = cinder.backup.api.API [00;33m{{(pid=2724720) log_opt_values /opt/stack/data/venv/lib/python3.12/site-packages/oslo_config/cfg.py:3549}}[00m
2026-10-06 20:01:02.194 2724720 DEBUG oslo_service.backend._eventlet.service [req-10c7c8fc-907a-4723-93e8-b2f4976bbdcc - - - - - -] backup_manager                 = cinder.backup.manager.BackupManager [00;33m{{(pid=2724720) log_opt_values /opt/stack/data/venv/lib/python3.12/site-packages/oslo_config/cfg.py:3549}}[00m
2026-10-06 20:01:02.194 2724720 DEBUG oslo_service.backend._eventlet.service [req-10c7c8fc-907a-4723-93e8-b2f4976bbdcc - - - - - -] backup_name_template           = backup-%s [00;33m{{(pid=2724720) log_opt_values /opt/stack/data/venv/lib/python3.12/site-packages/oslo_config/cfg.py:3549}}[00m
2026-10-06 20:01:02.194 2724720 DEBUG oslo_service.backend._eventlet.service [req-10c7c8fc-907a-4723-93e8-b2f4976bbdcc - - - - - -] backup_use_same_host           = False [00;33m{{(pid=2724720) log_opt_values /opt/stack/data/venv/lib/python3.12/site-packages/oslo_config/cfg.py:3549}}[00m
2026-10-06 20:01:02.194 2724720 DEBUG oslo_service.backend._eventlet.service [req-10c7c8fc-907a-4723-93e8-b2f4976bbdcc - - - - - -] backup_use_temp_snapshot       = False [00;33m{{(pid=2724720) log_opt_values /opt/stack/data/venv/lib/python3.12/site-packages/oslo_config/cfg.py:3549}}[00m
2026-10-06 20:01:02.194 2724734 INFO cinder.service [-] Starting cinder-volume node (version 28.1.0)
2026-10-06 20:01:02.194 2724720 DEBUG oslo_service.backend._eventlet.service [req-10c7c8fc-907a-4723-93e8-b2f4976bbdcc - - - - - -] chap_password                  = **** [00;33m{{(pid=2724720) log_opt_values /opt/stack/data/venv/lib/python3.12/site-packages/oslo_config/cfg.py:3549}}[00m
2026-10-06 20:01:02.194 2724720 DEBUG oslo_service.backend._eventlet.service [req-10c7c8fc-907a-4723-93e8-b2f4976bbdcc - - - - - -] chap_username                  =  [00;33m{{(pid=2724720) log_opt_values /opt/stack/data/venv/lib/python3.12/site-packages/oslo_config/cfg.py:3549}}[00m
2026-10-06 20:01:02.195 2724720 DEBUG oslo_service.backend._eventlet.service [req-10c7c8fc-907a-4723-93e8-b2f4976bbdcc - - - - - -] chiscsi_conf                   = /etc/chelsio-iscsi/chiscsi.conf [00;33m{{(pid=2724720) log_opt_values /opt/stack/data/venv/lib/python3.12/site-packages/oslo_config/cfg.py:3549}}[00m
2026-10-06 20:01:02.195 2724720 DEBUG oslo_service.backend._eventlet.service [req-10c7c8fc-907a-4723-93e8-b2f4976bbdcc - - - - - -] cinder_internal_tenant_project_id = 4aa24b163da24006a60357c20a55b8e4 [00;33m{{(pid=2724720) log_opt_values /opt/stack/data/venv/lib/python3.12/site-packages/oslo_config/cfg.py:3549}}[00m
2026-10-06 20:01:02.195 2724720 DEBUG oslo_service.backend._eventlet.service [req-10c7c8fc-907a-4723-93e8-b2f4976bbdcc - - - - - -] cinder_internal_tenant_user_id = 7acf25dfd7ea47eea6e6d5c66f37e43a [00;33m{{(pid=2724720) log_opt_values /opt/stack/data/venv/lib/python3.12/site-packages/oslo_config/cfg.py:3549}}[00m
2026-10-06 20:01:02.195 2724720 DEBUG oslo_service.backend._eventlet.service [req-10c7c8fc-907a-4723-93e8-b2f4976bbdcc - - - - - -] cluster                        = None [00;33m{{(pid=2724720) log_opt_values /opt/stack/data/venv/lib/python3.12/site-packages/oslo_config/cfg.py:3549}}[00m
2026-10-06 20:01:02.195 2724720 DEBUG oslo_service.backend._eventlet.service [req-10c7c8fc-907a-4723-93e8-b2f4976bbdcc - - - - - -] compression_format             = gzip [00;33m{{(pid=2724720) log_opt_values /opt/stack/data/venv/lib/python3.12/site-packages/oslo_config/cfg.py:3549}}[00m
2026-10-06 20:01:02.195 2724720 DEBUG oslo_service.backend._eventlet.service [req-10c7c8fc-907a-4723-93e8-b2f4976bbdcc - - - - - -] compute_api_class              = cinder.compute.nova.API [00;33m{{(pid=2724720) log_opt_values /opt/stack/data/venv/lib/python3.12/site-packages/oslo_config/cfg.py:3549}}[00m
2026-10-06 20:01:02.195 2724720 DEBUG oslo_service.backend._eventlet.service [req-10c7c8fc-907a-4723-93e8-b2f4976bbdcc - - - - - -] config_dir                     = [] [00;33m{{(pid=2724720) log_opt_values /opt/stack/data/venv/lib/python3.12/site-packages/oslo_config/cfg.py:3549}}[00m
2026-10-06 20:01:02.195 2724720 DEBUG oslo_service.backend._eventlet.service [req-10c7c8fc-907a-4723-93e8-b2f4976bbdcc - - - - - -] config_file                    = ['/etc/cinder/cinder.conf'] [00;33m{{(pid=2724720) log_opt_values /opt/stack/data/venv/lib/python3.12/site-packages/oslo_config/cfg.py:3549}}[00m
2026-10-06 20:01:02.195 2724720 DEBUG oslo_service.backend._eventlet.service [req-10c7c8fc-907a-4723-93e8-b2f4976bbdcc - - - - - -] config_source                  = [] [00;33m{{(pid=2724720) log_opt_values /opt/stack/data/venv/lib/python3.12/site-packages/oslo_config/cfg.py:3549}}[00m
2026-10-06 20:01:02.195 2724720 DEBUG oslo_service.backend._eventlet.service [req-10c7c8fc-907a-4723-93e8-b2f4976bbdcc - - - - - -] consistencygroup_api_class     = cinder.consistencygroup.api.API [00;33m{{(pid=2724720) log_opt_values /opt/stack/data/venv/lib/python3.12/site-packages/oslo_config/cfg.py:3549}}[00m
2026-10-06 20:01:02.195 2724720 DEBUG oslo_service.backend._eventlet.service [req-10c7c8fc-907a-4723-93e8-b2f4976bbdcc - - - - - -] control_exchange               = openstack [00;33m{{(pid=2724720) log_opt_values /opt/stack/data/venv/lib/python3.12/site-packages/oslo_config/cfg.py:3549}}[00m
2026-10-06 20:01:02.196 2724720 DEBUG oslo_service.backend._eventlet.service [req-10c7c8fc-907a-4723-93e8-b2f4976bbdcc - - - - - -] debug                          = True [00;33m{{(pid=2724720) log_opt_values /opt/stack/data/venv/lib/python3.12/site-packages/oslo_config/cfg.py:3549}}[00m
2026-10-06 20:01:02.196 2724720 DEBUG oslo_service.backend._eventlet.service [req-10c7c8fc-907a-4723-93e8-b2f4976bbdcc - - - - - -] default_availability_zone      = None [00;33m{{(pid=2724720) log_opt_values /opt/stack/data/venv/lib/python3.12/site-packages/oslo_config/cfg.py:3549}}[00m
2026-10-06 20:01:02.196 2724720 DEBUG oslo_service.backend._eventlet.service [req-10c7c8fc-907a-4723-93e8-b2f4976bbdcc - - - - - -] default_group_type             = None [00;33m{{(pid=2724720) log_opt_values /opt/stack/data/venv/lib/python3.12/site-packages/oslo_config/cfg.py:3549}}[00m
2026-10-06 20:01:02.196 2724720 DEBUG oslo_service.backend._eventlet.service [req-10c7c8fc-907a-4723-93e8-b2f4976bbdcc - - - - - -] default_log_levels             = ['amqp=WARN', 'boto=WARN', 'sqlalchemy=WARN', 'suds=INFO', 'oslo.messaging=INFO', 'oslo_messaging=INFO', 'iso8601=WARN', 'requests.packages.urllib3.connectionpool=WARN', 'urllib3.connectionpool=WARN', 'websocket=WARN', 'requests.packages.urllib3.util.retry=WARN', 'urllib3.util.retry=WARN', 'keystonemiddleware=WARN', 'routes.middleware=WARN', 'stevedore=WARN', 'taskflow=WARN', 'keystoneauth=WARN', 'oslo.cache=INFO', 'oslo_policy=INFO', 'dogpile.core.dogpile=INFO'] [00;33m{{(pid=2724720) log_opt_values /opt/stack/data/venv/lib/python3.12/site-packages/oslo_config/cfg.py:3549}}[00m
2026-10-06 20:01:02.196 2724720 DEBUG oslo_service.backend._eventlet.service [req-10c7c8fc-907a-4723-93e8-b2f4976bbdcc - - - - - -] default_volume_type            = hitachi [00;33m{{(pid=2724720) log_opt_values /opt/stack/data/venv/lib/python3.12/site-packages/oslo_config/cfg.py:3549}}[00m
2026-10-06 20:01:02.196 2724720 DEBUG oslo_service.backend._eventlet.service [req-10c7c8fc-907a-4723-93e8-b2f4976bbdcc - - - - - -] disk_geometry                  = None [00;33m{{(pid=2724720) log_opt_values /opt/stack/data/venv/lib/python3.12/site-packages/oslo_config/cfg.py:3549}}[00m
2026-10-06 20:01:02.196 2724720 DEBUG oslo_service.backend._eventlet.service [req-10c7c8fc-907a-4723-93e8-b2f4976bbdcc - - - - - -] driver_client_cert             = None [00;33m{{(pid=2724720) log_opt_values /opt/stack/data/venv/lib/python3.12/site-packages/oslo_config/cfg.py:3549}}[00m
2026-10-06 20:01:02.196 2724720 DEBUG oslo_service.backend._eventlet.service [req-10c7c8fc-907a-4723-93e8-b2f4976bbdcc - - - - - -] driver_client_cert_key         = None [00;33m{{(pid=2724720) log_opt_values /opt/stack/data/venv/lib/python3.12/site-packages/oslo_config/cfg.py:3549}}[00m
2026-10-06 20:01:02.196 2724720 DEBUG oslo_service.backend._eventlet.service [req-10c7c8fc-907a-4723-93e8-b2f4976bbdcc - - - - - -] driver_data_namespace          = None [00;33m{{(pid=2724720) log_opt_values /opt/stack/data/venv/lib/python3.12/site-packages/oslo_config/cfg.py:3549}}[00m
2026-10-06 20:01:02.196 2724720 DEBUG oslo_service.backend._eventlet.service [req-10c7c8fc-907a-4723-93e8-b2f4976bbdcc - - - - - -] driver_ssl_cert_path           = None [00;33m{{(pid=2724720) log_opt_values /opt/stack/data/venv/lib/python3.12/site-packages/oslo_config/cfg.py:3549}}[00m
2026-10-06 20:01:02.196 2724720 DEBUG oslo_service.backend._eventlet.service [req-10c7c8fc-907a-4723-93e8-b2f4976bbdcc - - - - - -] driver_ssl_cert_verify         = False [00;33m{{(pid=2724720) log_opt_values /opt/stack/data/venv/lib/python3.12/site-packages/oslo_config/cfg.py:3549}}[00m
2026-10-06 20:01:02.197 2724720 DEBUG oslo_service.backend._eventlet.service [req-10c7c8fc-907a-4723-93e8-b2f4976bbdcc - - - - - -] driver_use_ssl                 = False [00;33m{{(pid=2724720) log_opt_values /opt/stack/data/venv/lib/python3.12/site-packages/oslo_config/cfg.py:3549}}[00m
2026-10-06 20:01:02.197 2724720 DEBUG oslo_service.backend._eventlet.service [req-10c7c8fc-907a-4723-93e8-b2f4976bbdcc - - - - - -] enable_new_services            = True [00;33m{{(pid=2724720) log_opt_values /opt/stack/data/venv/lib/python3.12/site-packages/oslo_config/cfg.py:3549}}[00m
2026-10-06 20:01:02.197 2724720 DEBUG oslo_service.backend._eventlet.service [req-10c7c8fc-907a-4723-93e8-b2f4976bbdcc - - - - - -] enable_unsupported_driver      = False [00;33m{{(pid=2724720) log_opt_values /opt/stack/data/venv/lib/python3.12/site-packages/oslo_config/cfg.py:3549}}[00m
2026-10-06 20:01:02.197 2724720 DEBUG oslo_service.backend._eventlet.service [req-10c7c8fc-907a-4723-93e8-b2f4976bbdcc - - - - - -] enabled_backends               = ['hitachi'] [00;33m{{(pid=2724720) log_opt_values /opt/stack/data/venv/lib/python3.12/site-packages/oslo_config/cfg.py:3549}}[00m
2026-10-06 20:01:02.197 2724720 DEBUG oslo_service.backend._eventlet.service [req-10c7c8fc-907a-4723-93e8-b2f4976bbdcc - - - - - -] enforce_multipath_for_image_xfer = False [00;33m{{(pid=2724720) log_opt_values /opt/stack/data/venv/lib/python3.12/site-packages/oslo_config/cfg.py:3549}}[00m
2026-10-06 20:01:02.197 2724720 DEBUG oslo_service.backend._eventlet.service [req-10c7c8fc-907a-4723-93e8-b2f4976bbdcc - - - - - -] filter_function                = None [00;33m{{(pid=2724720) log_opt_values /opt/stack/data/venv/lib/python3.12/site-packages/oslo_config/cfg.py:3549}}[00m
2026-10-06 20:01:02.197 2724720 DEBUG oslo_service.backend._eventlet.service [req-10c7c8fc-907a-4723-93e8-b2f4976bbdcc - - - - - -] glance_api_insecure            = False [00;33m{{(pid=2724720) log_opt_values /opt/stack/data/venv/lib/python3.12/site-packages/oslo_config/cfg.py:3549}}[00m
2026-10-06 20:01:02.197 2724720 DEBUG oslo_service.backend._eventlet.service [req-10c7c8fc-907a-4723-93e8-b2f4976bbdcc - - - - - -] glance_api_servers             = ['http://172.25.92.210/image'] [00;33m{{(pid=2724720) log_opt_values /opt/stack/data/venv/lib/python3.12/site-packages/oslo_config/cfg.py:3549}}[00m
2026-10-06 20:01:02.197 2724720 DEBUG oslo_service.backend._eventlet.service [req-10c7c8fc-907a-4723-93e8-b2f4976bbdcc - - - - - -] glance_api_ssl_compression     = False [00;33m{{(pid=2724720) log_opt_values /opt/stack/data/venv/lib/python3.12/site-packages/oslo_config/cfg.py:3549}}[00m
2026-10-06 20:01:02.197 2724720 DEBUG oslo_service.backend._eventlet.service [req-10c7c8fc-907a-4723-93e8-b2f4976bbdcc - - - - - -] glance_ca_certificates_file    = None [00;33m{{(pid=2724720) log_opt_values /opt/stack/data/venv/lib/python3.12/site-packages/oslo_config/cfg.py:3549}}[00m
2026-10-06 20:01:02.197 2724720 DEBUG oslo_service.backend._eventlet.service [req-10c7c8fc-907a-4723-93e8-b2f4976bbdcc - - - - - -] glance_catalog_info            = image:glance:publicURL [00;33m{{(pid=2724720) log_opt_values /opt/stack/data/venv/lib/python3.12/site-packages/oslo_config/cfg.py:3549}}[00m
2026-10-06 20:01:02.197 2724720 DEBUG oslo_service.backend._eventlet.service [req-10c7c8fc-907a-4723-93e8-b2f4976bbdcc - - - - - -] glance_certfile                = None [00;33m{{(pid=2724720) log_opt_values /opt/stack/data/venv/lib/python3.12/site-packages/oslo_config/cfg.py:3549}}[00m
2026-10-06 20:01:02.198 2724720 DEBUG oslo_service.backend._eventlet.service [req-10c7c8fc-907a-4723-93e8-b2f4976bbdcc - - - - - -] glance_core_properties         = ['checksum', 'container_format', 'disk_format', 'image_name', 'image_id', 'min_disk', 'min_ram', 'name', 'size'] [00;33m{{(pid=2724720) log_opt_values /opt/stack/data/venv/lib/python3.12/site-packages/oslo_config/cfg.py:3549}}[00m
2026-10-06 20:01:02.198 2724720 DEBUG oslo_service.backend._eventlet.service [req-10c7c8fc-907a-4723-93e8-b2f4976bbdcc - - - - - -] glance_keyfile                 = None [00;33m{{(pid=2724720) log_opt_values /opt/stack/data/venv/lib/python3.12/site-packages/oslo_config/cfg.py:3549}}[00m
2026-10-06 20:01:02.198 2724720 DEBUG oslo_service.backend._eventlet.service [req-10c7c8fc-907a-4723-93e8-b2f4976bbdcc - - - - - -] glance_num_retries             = 3 [00;33m{{(pid=2724720) log_opt_values /opt/stack/data/venv/lib/python3.12/site-packages/oslo_config/cfg.py:3549}}[00m
2026-10-06 20:01:02.198 2724720 DEBUG oslo_service.backend._eventlet.service [req-10c7c8fc-907a-4723-93e8-b2f4976bbdcc - - - - - -] glance_request_timeout         = None [00;33m{{(pid=2724720) log_opt_values /opt/stack/data/venv/lib/python3.12/site-packages/oslo_config/cfg.py:3549}}[00m
2026-10-06 20:01:02.198 2724720 DEBUG oslo_service.backend._eventlet.service [req-10c7c8fc-907a-4723-93e8-b2f4976bbdcc - - - - - -] goodness_function              = None [00;33m{{(pid=2724720) log_opt_values /opt/stack/data/venv/lib/python3.12/site-packages/oslo_config/cfg.py:3549}}[00m
2026-10-06 20:01:02.198 2724720 DEBUG oslo_service.backend._eventlet.service [req-10c7c8fc-907a-4723-93e8-b2f4976bbdcc - - - - - -] graceful_shutdown_timeout      = 5 [00;33m{{(pid=2724720) log_opt_values /opt/stack/data/venv/lib/python3.12/site-packages/oslo_config/cfg.py:3549}}[00m
2026-10-06 20:01:02.198 2724720 DEBUG oslo_service.backend._eventlet.service [req-10c7c8fc-907a-4723-93e8-b2f4976bbdcc - - - - - -] group_api_class                = cinder.group.api.API [00;33m{{(pid=2724720) log_opt_values /opt/stack/data/venv/lib/python3.12/site-packages/oslo_config/cfg.py:3549}}[00m
2026-10-06 20:01:02.198 2724720 DEBUG oslo_service.backend._eventlet.service [req-10c7c8fc-907a-4723-93e8-b2f4976bbdcc - - - - - -] hitachi_mirror_auth_password   = **** [00;33m{{(pid=2724720) log_opt_values /opt/stack/data/venv/lib/python3.12/site-packages/oslo_config/cfg.py:3549}}[00m
2026-10-06 20:01:02.198 2724720 DEBUG oslo_service.backend._eventlet.service [req-10c7c8fc-907a-4723-93e8-b2f4976bbdcc - - - - - -] hitachi_mirror_auth_user       = None [00;33m{{(pid=2724720) log_opt_values /opt/stack/data/venv/lib/python3.12/site-packages/oslo_config/cfg.py:3549}}[00m
2026-10-06 20:01:02.198 2724720 DEBUG oslo_service.backend._eventlet.service [req-10c7c8fc-907a-4723-93e8-b2f4976bbdcc - - - - - -] hitachi_mirror_compute_target_ports = [] [00;33m{{(pid=2724720) log_opt_values /opt/stack/data/venv/lib/python3.12/site-packages/oslo_config/cfg.py:3549}}[00m
2026-10-06 20:01:02.198 2724720 DEBUG oslo_service.backend._eventlet.service [req-10c7c8fc-907a-4723-93e8-b2f4976bbdcc - - - - - -] hitachi_mirror_ldev_range      = None [00;33m{{(pid=2724720) log_opt_values /opt/stack/data/venv/lib/python3.12/site-packages/oslo_config/cfg.py:3549}}[00m
2026-10-06 20:01:02.198 2724720 DEBUG oslo_service.backend._eventlet.service [req-10c7c8fc-907a-4723-93e8-b2f4976bbdcc - - - - - -] hitachi_mirror_pair_target_number = 0 [00;33m{{(pid=2724720) log_opt_values /opt/stack/data/venv/lib/python3.12/site-packages/oslo_config/cfg.py:3549}}[00m
2026-10-06 20:01:02.199 2724720 DEBUG oslo_service.backend._eventlet.service [req-10c7c8fc-907a-4723-93e8-b2f4976bbdcc - - - - - -] hitachi_mirror_pool            = None [00;33m{{(pid=2724720) log_opt_values /opt/stack/data/venv/lib/python3.12/site-packages/oslo_config/cfg.py:3549}}[00m
2026-10-06 20:01:02.199 2724720 DEBUG oslo_service.backend._eventlet.service [req-10c7c8fc-907a-4723-93e8-b2f4976bbdcc - - - - - -] hitachi_mirror_rest_api_ip     = None [00;33m{{(pid=2724720) log_opt_values /opt/stack/data/venv/lib/python3.12/site-packages/oslo_config/cfg.py:3549}}[00m
2026-10-06 20:01:02.199 2724720 DEBUG oslo_service.backend._eventlet.service [req-10c7c8fc-907a-4723-93e8-b2f4976bbdcc - - - - - -] hitachi_mirror_rest_api_port   = 443 [00;33m{{(pid=2724720) log_opt_values /opt/stack/data/venv/lib/python3.12/site-packages/oslo_config/cfg.py:3549}}[00m
2026-10-06 20:01:02.199 2724720 DEBUG oslo_service.backend._eventlet.service [req-10c7c8fc-907a-4723-93e8-b2f4976bbdcc - - - - - -] hitachi_mirror_rest_pair_target_ports = [] [00;33m{{(pid=2724720) log_opt_values /opt/stack/data/venv/lib/python3.12/site-packages/oslo_config/cfg.py:3549}}[00m
2026-10-06 20:01:02.199 2724720 DEBUG oslo_service.backend._eventlet.service [req-10c7c8fc-907a-4723-93e8-b2f4976bbdcc - - - - - -] hitachi_mirror_rest_password   = **** [00;33m{{(pid=2724720) log_opt_values /opt/stack/data/venv/lib/python3.12/site-packages/oslo_config/cfg.py:3549}}[00m
2026-10-06 20:01:02.199 2724720 DEBUG oslo_service.backend._eventlet.service [req-10c7c8fc-907a-4723-93e8-b2f4976bbdcc - - - - - -] hitachi_mirror_rest_user       = None [00;33m{{(pid=2724720) log_opt_values /opt/stack/data/venv/lib/python3.12/site-packages/oslo_config/cfg.py:3549}}[00m
2026-10-06 20:01:02.199 2724720 DEBUG oslo_service.backend._eventlet.service [req-10c7c8fc-907a-4723-93e8-b2f4976bbdcc - - - - - -] hitachi_mirror_snap_pool       = None [00;33m{{(pid=2724720) log_opt_values /opt/stack/data/venv/lib/python3.12/site-packages/oslo_config/cfg.py:3549}}[00m
2026-10-06 20:01:02.199 2724720 DEBUG oslo_service.backend._eventlet.service [req-10c7c8fc-907a-4723-93e8-b2f4976bbdcc - - - - - -] hitachi_mirror_ssl_cert_path   = None [00;33m{{(pid=2724720) log_opt_values /opt/stack/data/venv/lib/python3.12/site-packages/oslo_config/cfg.py:3549}}[00m
2026-10-06 20:01:02.199 2724720 DEBUG oslo_service.backend._eventlet.service [req-10c7c8fc-907a-4723-93e8-b2f4976bbdcc - - - - - -] hitachi_mirror_ssl_cert_verify = False [00;33m{{(pid=2724720) log_opt_values /opt/stack/data/venv/lib/python3.12/site-packages/oslo_config/cfg.py:3549}}[00m
2026-10-06 20:01:02.199 2724720 DEBUG oslo_service.backend._eventlet.service [req-10c7c8fc-907a-4723-93e8-b2f4976bbdcc - - - - - -] hitachi_mirror_storage_id      = None [00;33m{{(pid=2724720) log_opt_values /opt/stack/data/venv/lib/python3.12/site-packages/oslo_config/cfg.py:3549}}[00m
2026-10-06 20:01:02.199 2724720 DEBUG oslo_service.backend._eventlet.service [req-10c7c8fc-907a-4723-93e8-b2f4976bbdcc - - - - - -] hitachi_mirror_target_ports    = [] [00;33m{{(pid=2724720) log_opt_values /opt/stack/data/venv/lib/python3.12/site-packages/oslo_config/cfg.py:3549}}[00m
2026-10-06 20:01:02.199 2724720 DEBUG oslo_service.backend._eventlet.service [req-10c7c8fc-907a-4723-93e8-b2f4976bbdcc - - - - - -] hitachi_mirror_use_chap_auth   = False [00;33m{{(pid=2724720) log_opt_values /opt/stack/data/venv/lib/python3.12/site-packages/oslo_config/cfg.py:3549}}[00m
2026-10-06 20:01:02.200 2724720 DEBUG oslo_service.backend._eventlet.service [req-10c7c8fc-907a-4723-93e8-b2f4976bbdcc - - - - - -] hitachi_path_group_id          = 0 [00;33m{{(pid=2724720) log_opt_values /opt/stack/data/venv/lib/python3.12/site-packages/oslo_config/cfg.py:3549}}[00m
2026-10-06 20:01:02.200 2724720 DEBUG oslo_service.backend._eventlet.service [req-10c7c8fc-907a-4723-93e8-b2f4976bbdcc - - - - - -] hitachi_quorum_disk_id         = None [00;33m{{(pid=2724720) log_opt_values /opt/stack/data/venv/lib/python3.12/site-packages/oslo_config/cfg.py:3549}}[00m
2026-10-06 20:01:02.200 2724720 DEBUG oslo_service.backend._eventlet.service [req-10c7c8fc-907a-4723-93e8-b2f4976bbdcc - - - - - -] hitachi_replication_copy_speed = 3 [00;33m{{(pid=2724720) log_opt_values /opt/stack/data/venv/lib/python3.12/site-packages/oslo_config/cfg.py:3549}}[00m
2026-10-06 20:01:02.200 2724720 DEBUG oslo_service.backend._eventlet.service [req-10c7c8fc-907a-4723-93e8-b2f4976bbdcc - - - - - -] hitachi_replication_journal_creation_speed = L [00;33m{{(pid=2724720) log_opt_values /opt/stack/data/venv/lib/python3.12/site-packages/oslo_config/cfg.py:3549}}[00m
2026-10-06 20:01:02.200 2724720 DEBUG oslo_service.backend._eventlet.service [req-10c7c8fc-907a-4723-93e8-b2f4976bbdcc - - - - - -] hitachi_replication_journal_overflow_tolerance = 60 [00;33m{{(pid=2724720) log_opt_values /opt/stack/data/venv/lib/python3.12/site-packages/oslo_config/cfg.py:3549}}[00m
2026-10-06 20:01:02.200 2724720 DEBUG oslo_service.backend._eventlet.service [req-10c7c8fc-907a-4723-93e8-b2f4976bbdcc - - - - - -] hitachi_replication_journal_path_failure_tolerance = 5 [00;33m{{(pid=2724720) log_opt_values /opt/stack/data/venv/lib/python3.12/site-packages/oslo_config/cfg.py:3549}}[00m
2026-10-06 20:01:02.200 2724720 DEBUG oslo_service.backend._eventlet.service [req-10c7c8fc-907a-4723-93e8-b2f4976bbdcc - - - - - -] hitachi_replication_journal_size = None [00;33m{{(pid=2724720) log_opt_values /opt/stack/data/venv/lib/python3.12/site-packages/oslo_config/cfg.py:3549}}[00m
2026-10-06 20:01:02.200 2724720 DEBUG oslo_service.backend._eventlet.service [req-10c7c8fc-907a-4723-93e8-b2f4976bbdcc - - - - - -] hitachi_replication_journal_transfer_speed = 256 [00;33m{{(pid=2724720) log_opt_values /opt/stack/data/venv/lib/python3.12/site-packages/oslo_config/cfg.py:3549}}[00m
2026-10-06 20:01:02.200 2724720 DEBUG oslo_service.backend._eventlet.service [req-10c7c8fc-907a-4723-93e8-b2f4976bbdcc - - - - - -] hitachi_replication_journal_use_cache = True [00;33m{{(pid=2724720) log_opt_values /opt/stack/data/venv/lib/python3.12/site-packages/oslo_config/cfg.py:3549}}[00m
2026-10-06 20:01:02.200 2724720 DEBUG oslo_service.backend._eventlet.service [req-10c7c8fc-907a-4723-93e8-b2f4976bbdcc - - - - - -] hitachi_replication_mun        = 1 [00;33m{{(pid=2724720) log_opt_values /opt/stack/data/venv/lib/python3.12/site-packages/oslo_config/cfg.py:3549}}[00m
2026-10-06 20:01:02.200 2724720 DEBUG oslo_service.backend._eventlet.service [req-10c7c8fc-907a-4723-93e8-b2f4976bbdcc - - - - - -] hitachi_replication_number     = 0 [00;33m{{(pid=2724720) log_opt_values /opt/stack/data/venv/lib/python3.12/site-packages/oslo_config/cfg.py:3549}}[00m
2026-10-06 20:01:02.200 2724720 DEBUG oslo_service.backend._eventlet.service [req-10c7c8fc-907a-4723-93e8-b2f4976bbdcc - - - - - -] hitachi_replication_status_check_long_interval = 600 [00;33m{{(pid=2724720) log_opt_values /opt/stack/data/venv/lib/python3.12/site-packages/oslo_config/cfg.py:3549}}[00m
2026-10-06 20:01:02.201 2724720 DEBUG oslo_service.backend._eventlet.service [req-10c7c8fc-907a-4723-93e8-b2f4976bbdcc - - - - - -] hitachi_replication_status_check_short_interval = 5 [00;33m{{(pid=2724720) log_opt_values /opt/stack/data/venv/lib/python3.12/site-packages/oslo_config/cfg.py:3549}}[00m
2026-10-06 20:01:02.201 2724720 DEBUG oslo_service.backend._eventlet.service [req-10c7c8fc-907a-4723-93e8-b2f4976bbdcc - - - - - -] hitachi_replication_status_check_timeout = 86400 [00;33m{{(pid=2724720) log_opt_values /opt/stack/data/venv/lib/python3.12/site-packages/oslo_config/cfg.py:3549}}[00m
2026-10-06 20:01:02.201 2724720 DEBUG oslo_service.backend._eventlet.service [req-10c7c8fc-907a-4723-93e8-b2f4976bbdcc - - - - - -] hitachi_set_mirror_reserve_attribute = True [00;33m{{(pid=2724720) log_opt_values /opt/stack/data/venv/lib/python3.12/site-packages/oslo_config/cfg.py:3549}}[00m
2026-10-06 20:01:02.201 2724720 DEBUG oslo_service.backend._eventlet.service [req-10c7c8fc-907a-4723-93e8-b2f4976bbdcc - - - - - -] host                           = devstack-92-210 [00;33m{{(pid=2724720) log_opt_values /opt/stack/data/venv/lib/python3.12/site-packages/oslo_config/cfg.py:3549}}[00m
2026-10-06 20:01:02.201 2724720 DEBUG oslo_service.backend._eventlet.service [req-10c7c8fc-907a-4723-93e8-b2f4976bbdcc - - - - - -] image_compress_on_upload       = True [00;33m{{(pid=2724720) log_opt_values /opt/stack/data/venv/lib/python3.12/site-packages/oslo_config/cfg.py:3549}}[00m
2026-10-06 20:01:02.201 2724720 DEBUG oslo_service.backend._eventlet.service [req-10c7c8fc-907a-4723-93e8-b2f4976bbdcc - - - - - -] image_conversion_address_space_limit = 1 [00;33m{{(pid=2724720) log_opt_values /opt/stack/data/venv/lib/python3.12/site-packages/oslo_config/cfg.py:3549}}[00m
2026-10-06 20:01:02.201 2724720 DEBUG oslo_service.backend._eventlet.service [req-10c7c8fc-907a-4723-93e8-b2f4976bbdcc - - - - - -] image_conversion_cpu_limit     = 60 [00;33m{{(pid=2724720) log_opt_values /opt/stack/data/venv/lib/python3.12/site-packages/oslo_config/cfg.py:3549}}[00m
2026-10-06 20:01:02.201 2724720 DEBUG oslo_service.backend._eventlet.service [req-10c7c8fc-907a-4723-93e8-b2f4976bbdcc - - - - - -] image_conversion_dir           = /opt/stack/data/cinder/conversion [00;33m{{(pid=2724720) log_opt_values /opt/stack/data/venv/lib/python3.12/site-packages/oslo_config/cfg.py:3549}}[00m
2026-10-06 20:01:02.201 2724720 DEBUG oslo_service.backend._eventlet.service [req-10c7c8fc-907a-4723-93e8-b2f4976bbdcc - - - - - -] image_conversion_disable       = False [00;33m{{(pid=2724720) log_opt_values /opt/stack/data/venv/lib/python3.12/site-packages/oslo_config/cfg.py:3549}}[00m
2026-10-06 20:01:02.201 2724720 DEBUG oslo_service.backend._eventlet.service [req-10c7c8fc-907a-4723-93e8-b2f4976bbdcc - - - - - -] image_upload_use_cinder_backend = False [00;33m{{(pid=2724720) log_opt_values /opt/stack/data/venv/lib/python3.12/site-packages/oslo_config/cfg.py:3549}}[00m
2026-10-06 20:01:02.201 2724720 DEBUG oslo_service.backend._eventlet.service [req-10c7c8fc-907a-4723-93e8-b2f4976bbdcc - - - - - -] image_upload_use_internal_tenant = False [00;33m{{(pid=2724720) log_opt_values /opt/stack/data/venv/lib/python3.12/site-packages/oslo_config/cfg.py:3549}}[00m
2026-10-06 20:01:02.201 2724720 DEBUG oslo_service.backend._eventlet.service [req-10c7c8fc-907a-4723-93e8-b2f4976bbdcc - - - - - -] image_volume_cache_enabled     = False [00;33m{{(pid=2724720) log_opt_values /opt/stack/data/venv/lib/python3.12/site-packages/oslo_config/cfg.py:3549}}[00m
2026-10-06 20:01:02.202 2724720 DEBUG oslo_service.backend._eventlet.service [req-10c7c8fc-907a-4723-93e8-b2f4976bbdcc - - - - - -] image_volume_cache_max_count   = 0 [00;33m{{(pid=2724720) log_opt_values /opt/stack/data/venv/lib/python3.12/site-packages/oslo_config/cfg.py:3549}}[00m
2026-10-06 20:01:02.202 2724720 DEBUG oslo_service.backend._eventlet.service [req-10c7c8fc-907a-4723-93e8-b2f4976bbdcc - - - - - -] image_volume_cache_max_size_gb = 0 [00;33m{{(pid=2724720) log_opt_values /opt/stack/data/venv/lib/python3.12/site-packages/oslo_config/cfg.py:3549}}[00m
2026-10-06 20:01:02.202 2724720 DEBUG oslo_service.backend._eventlet.service [req-10c7c8fc-907a-4723-93e8-b2f4976bbdcc - - - - - -] init_host_max_objects_retrieval = 0 [00;33m{{(pid=2724720) log_opt_values /opt/stack/data/venv/lib/python3.12/site-packages/oslo_config/cfg.py:3549}}[00m
2026-10-06 20:01:02.202 2724720 DEBUG oslo_service.backend._eventlet.service [req-10c7c8fc-907a-4723-93e8-b2f4976bbdcc - - - - - -] instance_format                = [instance: %(uuid)s]  [00;33m{{(pid=2724720) log_opt_values /opt/stack/data/venv/lib/python3.12/site-packages/oslo_config/cfg.py:3549}}[00m
2026-10-06 20:01:02.202 2724720 DEBUG oslo_service.backend._eventlet.service [req-10c7c8fc-907a-4723-93e8-b2f4976bbdcc - - - - - -] instance_uuid_format           = [instance: %(uuid)s]  [00;33m{{(pid=2724720) log_opt_values /opt/stack/data/venv/lib/python3.12/site-packages/oslo_config/cfg.py:3549}}[00m
2026-10-06 20:01:02.202 2724720 DEBUG oslo_service.backend._eventlet.service [req-10c7c8fc-907a-4723-93e8-b2f4976bbdcc - - - - - -] iscsi_target_flags             =  [00;33m{{(pid=2724720) log_opt_values /opt/stack/data/venv/lib/python3.12/site-packages/oslo_config/cfg.py:3549}}[00m
2026-10-06 20:01:02.202 2724720 DEBUG oslo_service.backend._eventlet.service [req-10c7c8fc-907a-4723-93e8-b2f4976bbdcc - - - - - -] iscsi_write_cache              = on [00;33m{{(pid=2724720) log_opt_values /opt/stack/data/venv/lib/python3.12/site-packages/oslo_config/cfg.py:3549}}[00m
2026-10-06 20:01:02.202 2724720 DEBUG oslo_service.backend._eventlet.service [req-10c7c8fc-907a-4723-93e8-b2f4976bbdcc - - - - - -] iser_helper                    = tgtadm [00;33m{{(pid=2724720) log_opt_values /opt/stack/data/venv/lib/python3.12/site-packages/oslo_config/cfg.py:3549}}[00m
2026-10-06 20:01:02.202 2724720 DEBUG oslo_service.backend._eventlet.service [req-10c7c8fc-907a-4723-93e8-b2f4976bbdcc - - - - - -] iser_ip_address                = 172.25.92.210 [00;33m{{(pid=2724720) log_opt_values /opt/stack/data/venv/lib/python3.12/site-packages/oslo_config/cfg.py:3549}}[00m
2026-10-06 20:01:02.202 2724720 DEBUG oslo_service.backend._eventlet.service [req-10c7c8fc-907a-4723-93e8-b2f4976bbdcc - - - - - -] iser_port                      = 3260 [00;33m{{(pid=2724720) log_opt_values /opt/stack/data/venv/lib/python3.12/site-packages/oslo_config/cfg.py:3549}}[00m
2026-10-06 20:01:02.202 2724720 DEBUG oslo_service.backend._eventlet.service [req-10c7c8fc-907a-4723-93e8-b2f4976bbdcc - - - - - -] iser_target_prefix             = iqn.2010-10.org.openstack: [00;33m{{(pid=2724720) log_opt_values /opt/stack/data/venv/lib/python3.12/site-packages/oslo_config/cfg.py:3549}}[00m
2026-10-06 20:01:02.203 2724720 DEBUG oslo_service.backend._eventlet.service [req-10c7c8fc-907a-4723-93e8-b2f4976bbdcc - - - - - -] log_color                      = False [00;33m{{(pid=2724720) log_opt_values /opt/stack/data/venv/lib/python3.12/site-packages/oslo_config/cfg.py:3549}}[00m
2026-10-06 20:01:02.203 2724720 DEBUG oslo_service.backend._eventlet.service [req-10c7c8fc-907a-4723-93e8-b2f4976bbdcc - - - - - -] log_config_append              = None [00;33m{{(pid=2724720) log_opt_values /opt/stack/data/venv/lib/python3.12/site-packages/oslo_config/cfg.py:3549}}[00m
2026-10-06 20:01:02.203 2724720 DEBUG oslo_service.backend._eventlet.service [req-10c7c8fc-907a-4723-93e8-b2f4976bbdcc - - - - - -] log_date_format                = %Y-%m-%d %H:%M:%S [00;33m{{(pid=2724720) log_opt_values /opt/stack/data/venv/lib/python3.12/site-packages/oslo_config/cfg.py:3549}}[00m
2026-10-06 20:01:02.203 2724720 DEBUG oslo_service.backend._eventlet.service [req-10c7c8fc-907a-4723-93e8-b2f4976bbdcc - - - - - -] log_dir                        = /var/log/cinder [00;33m{{(pid=2724720) log_opt_values /opt/stack/data/venv/lib/python3.12/site-packages/oslo_config/cfg.py:3549}}[00m
2026-10-06 20:01:02.203 2724720 DEBUG oslo_service.backend._eventlet.service [req-10c7c8fc-907a-4723-93e8-b2f4976bbdcc - - - - - -] log_file                       = None [00;33m{{(pid=2724720) log_opt_values /opt/stack/data/venv/lib/python3.12/site-packages/oslo_config/cfg.py:3549}}[00m
2026-10-06 20:01:02.203 2724720 DEBUG oslo_service.backend._eventlet.service [req-10c7c8fc-907a-4723-93e8-b2f4976bbdcc - - - - - -] log_options                    = True [00;33m{{(pid=2724720) log_opt_values /opt/stack/data/venv/lib/python3.12/site-packages/oslo_config/cfg.py:3549}}[00m
2026-10-06 20:01:02.203 2724720 DEBUG oslo_service.backend._eventlet.service [req-10c7c8fc-907a-4723-93e8-b2f4976bbdcc - - - - - -] log_rotate_interval            = 1 [00;33m{{(pid=2724720) log_opt_values /opt/stack/data/venv/lib/python3.12/site-packages/oslo_config/cfg.py:3549}}[00m
2026-10-06 20:01:02.203 2724720 DEBUG oslo_service.backend._eventlet.service [req-10c7c8fc-907a-4723-93e8-b2f4976bbdcc - - - - - -] log_rotate_interval_type       = days [00;33m{{(pid=2724720) log_opt_values /opt/stack/data/venv/lib/python3.12/site-packages/oslo_config/cfg.py:3549}}[00m
2026-10-06 20:01:02.203 2724720 DEBUG oslo_service.backend._eventlet.service [req-10c7c8fc-907a-4723-93e8-b2f4976bbdcc - - - - - -] log_rotation_type              = none [00;33m{{(pid=2724720) log_opt_values /opt/stack/data/venv/lib/python3.12/site-packages/oslo_config/cfg.py:3549}}[00m
2026-10-06 20:01:02.203 2724720 DEBUG oslo_service.backend._eventlet.service [req-10c7c8fc-907a-4723-93e8-b2f4976bbdcc - - - - - -] logging_context_format_string  = %(asctime)s.%(msecs)03d %(process)d %(levelname)s %(name)s [%(request_id)s %(user_identity)s] %(instance)s%(message)s [00;33m{{(pid=2724720) log_opt_values /opt/stack/data/venv/lib/python3.12/site-packages/oslo_config/cfg.py:3549}}[00m
2026-10-06 20:01:02.203 2724720 DEBUG oslo_service.backend._eventlet.service [req-10c7c8fc-907a-4723-93e8-b2f4976bbdcc - - - - - -] logging_debug_format_suffix    = [00;33m{{(pid=%(process)d) %(funcName)s %(pathname)s:%(lineno)d}}[00m [00;33m{{(pid=2724720) log_opt_values /opt/stack/data/venv/lib/python3.12/site-packages/oslo_config/cfg.py:3549}}[00m
2026-10-06 20:01:02.203 2724720 DEBUG oslo_service.backend._eventlet.service [req-10c7c8fc-907a-4723-93e8-b2f4976bbdcc - - - - - -] logging_default_format_string  = %(asctime)s.%(msecs)03d %(process)d %(levelname)s %(name)s [-] %(instance)s%(message)s [00;33m{{(pid=2724720) log_opt_values /opt/stack/data/venv/lib/python3.12/site-packages/oslo_config/cfg.py:3549}}[00m
2026-10-06 20:01:02.203 2724720 DEBUG oslo_service.backend._eventlet.service [req-10c7c8fc-907a-4723-93e8-b2f4976bbdcc - - - - - -] logging_exception_prefix       = ERROR %(name)s [01;35m%(instance)s[00m [00;33m{{(pid=2724720) log_opt_values /opt/stack/data/venv/lib/python3.12/site-packages/oslo_config/cfg.py:3549}}[00m
2026-10-06 20:01:02.204 2724720 DEBUG oslo_service.backend._eventlet.service [req-10c7c8fc-907a-4723-93e8-b2f4976bbdcc - - - - - -] logging_user_identity_format   = %(user)s %(project)s %(domain)s %(system_scope)s %(user_domain)s %(project_domain)s [00;33m{{(pid=2724720) log_opt_values /opt/stack/data/venv/lib/python3.12/site-packages/oslo_config/cfg.py:3549}}[00m
2026-10-06 20:01:02.204 2724720 DEBUG oslo_service.backend._eventlet.service [req-10c7c8fc-907a-4723-93e8-b2f4976bbdcc - - - - - -] max_age                        = 0 [00;33m{{(pid=2724720) log_opt_values /opt/stack/data/venv/lib/python3.12/site-packages/oslo_config/cfg.py:3549}}[00m
2026-10-06 20:01:02.204 2724720 DEBUG oslo_service.backend._eventlet.service [req-10c7c8fc-907a-4723-93e8-b2f4976bbdcc - - - - - -] max_logfile_count              = 30 [00;33m{{(pid=2724720) log_opt_values /opt/stack/data/venv/lib/python3.12/site-packages/oslo_config/cfg.py:3549}}[00m
2026-10-06 20:01:02.204 2724720 DEBUG oslo_service.backend._eventlet.service [req-10c7c8fc-907a-4723-93e8-b2f4976bbdcc - - - - - -] max_logfile_size_mb            = 200 [00;33m{{(pid=2724720) log_opt_values /opt/stack/data/venv/lib/python3.12/site-packages/oslo_config/cfg.py:3549}}[00m
2026-10-06 20:01:02.204 2724720 DEBUG oslo_service.backend._eventlet.service [req-10c7c8fc-907a-4723-93e8-b2f4976bbdcc - - - - - -] max_over_subscription_ratio    = 20.0 [00;33m{{(pid=2724720) log_opt_values /opt/stack/data/venv/lib/python3.12/site-packages/oslo_config/cfg.py:3549}}[00m
2026-10-06 20:01:02.204 2724720 DEBUG oslo_service.backend._eventlet.service [req-10c7c8fc-907a-4723-93e8-b2f4976bbdcc - - - - - -] message_reap_interval          = 86400 [00;33m{{(pid=2724720) log_opt_values /opt/stack/data/venv/lib/python3.12/site-packages/oslo_config/cfg.py:3549}}[00m
2026-10-06 20:01:02.204 2724720 DEBUG oslo_service.backend._eventlet.service [req-10c7c8fc-907a-4723-93e8-b2f4976bbdcc - - - - - -] message_ttl                    = 2592000 [00;33m{{(pid=2724720) log_opt_values /opt/stack/data/venv/lib/python3.12/site-packages/oslo_config/cfg.py:3549}}[00m
2026-10-06 20:01:02.204 2724720 DEBUG oslo_service.backend._eventlet.service [req-10c7c8fc-907a-4723-93e8-b2f4976bbdcc - - - - - -] migration_create_volume_timeout_secs = 300 [00;33m{{(pid=2724720) log_opt_values /opt/stack/data/venv/lib/python3.12/site-packages/oslo_config/cfg.py:3549}}[00m
2026-10-06 20:01:02.204 2724720 DEBUG oslo_service.backend._eventlet.service [req-10c7c8fc-907a-4723-93e8-b2f4976bbdcc - - - - - -] monkey_patch                   = False [00;33m{{(pid=2724720) log_opt_values /opt/stack/data/venv/lib/python3.12/site-packages/oslo_config/cfg.py:3549}}[00m
2026-10-06 20:01:02.204 2724720 DEBUG oslo_service.backend._eventlet.service [req-10c7c8fc-907a-4723-93e8-b2f4976bbdcc - - - - - -] monkey_patch_modules           = [] [00;33m{{(pid=2724720) log_opt_values /opt/stack/data/venv/lib/python3.12/site-packages/oslo_config/cfg.py:3549}}[00m
2026-10-06 20:01:02.204 2724720 DEBUG oslo_service.backend._eventlet.service [req-10c7c8fc-907a-4723-93e8-b2f4976bbdcc - - - - - -] my_ip                          = 172.25.92.210 [00;33m{{(pid=2724720) log_opt_values /opt/stack/data/venv/lib/python3.12/site-packages/oslo_config/cfg.py:3549}}[00m
2026-10-06 20:01:02.204 2724720 DEBUG oslo_service.backend._eventlet.service [req-10c7c8fc-907a-4723-93e8-b2f4976bbdcc - - - - - -] no_snapshot_gb_quota           = False [00;33m{{(pid=2724720) log_opt_values /opt/stack/data/venv/lib/python3.12/site-packages/oslo_config/cfg.py:3549}}[00m
2026-10-06 20:01:02.204 2724734 INFO cinder.volume.manager [req-e420e365-28f2-4585-8e2b-be9ec35825b2 - - - - - -] Starting volume driver HBSDISCSIDriver (2.7.2)
2026-10-06 20:01:02.205 2724720 DEBUG oslo_service.backend._eventlet.service [req-10c7c8fc-907a-4723-93e8-b2f4976bbdcc - - - - - -] num_iser_scan_tries            = 3 [00;33m{{(pid=2724720) log_opt_values /opt/stack/data/venv/lib/python3.12/site-packages/oslo_config/cfg.py:3549}}[00m
2026-10-06 20:01:02.205 2724734 DEBUG cinder.volume.drivers.hitachi.hbsd_iscsi [req-e420e365-28f2-4585-8e2b-be9ec35825b2 - - - - - -] ==> do_setup: call "{'self': <cinder.volume.drivers.hitachi.hbsd_iscsi.HBSDISCSIDriver object at 0x7d5a5c9cf9b0>, 'context': <cinder.context.RequestContext object at 0x7d5a5c3e89e0>}" [00;33m{{(pid=2724734) trace_logging_wrapper /opt/stack/cinder/cinder/volume/volume_utils.py:1497}}[00m
2026-10-06 20:01:02.205 2724720 DEBUG oslo_service.backend._eventlet.service [req-10c7c8fc-907a-4723-93e8-b2f4976bbdcc - - - - - -] num_shell_tries                = 3 [00;33m{{(pid=2724720) log_opt_values /opt/stack/data/venv/lib/python3.12/site-packages/oslo_config/cfg.py:3549}}[00m
2026-10-06 20:01:02.205 2724720 DEBUG oslo_service.backend._eventlet.service [req-10c7c8fc-907a-4723-93e8-b2f4976bbdcc - - - - - -] num_volume_device_scan_tries   = 100 [00;33m{{(pid=2724720) log_opt_values /opt/stack/data/venv/lib/python3.12/site-packages/oslo_config/cfg.py:3549}}[00m
2026-10-06 20:01:02.206 2724720 DEBUG oslo_service.backend._eventlet.service [req-10c7c8fc-907a-4723-93e8-b2f4976bbdcc - - - - - -] nvmeof_conn_info_version       = 1 [00;33m{{(pid=2724720) log_opt_values /opt/stack/data/venv/lib/python3.12/site-packages/oslo_config/cfg.py:3549}}[00m
2026-10-06 20:01:02.206 2724720 DEBUG oslo_service.backend._eventlet.service [req-10c7c8fc-907a-4723-93e8-b2f4976bbdcc - - - - - -] nvmet_ns_id                    = 10 [00;33m{{(pid=2724720) log_opt_values /opt/stack/data/venv/lib/python3.12/site-packages/oslo_config/cfg.py:3549}}[00m
2026-10-06 20:01:02.206 2724720 DEBUG oslo_service.backend._eventlet.service [req-10c7c8fc-907a-4723-93e8-b2f4976bbdcc - - - - - -] nvmet_port_id                  = 1 [00;33m{{(pid=2724720) log_opt_values /opt/stack/data/venv/lib/python3.12/site-packages/oslo_config/cfg.py:3549}}[00m
2026-10-06 20:01:02.206 2724720 DEBUG oslo_service.backend._eventlet.service [req-10c7c8fc-907a-4723-93e8-b2f4976bbdcc - - - - - -] osapi_max_limit                = 1000 [00;33m{{(pid=2724720) log_opt_values /opt/stack/data/venv/lib/python3.12/site-packages/oslo_config/cfg.py:3549}}[00m
2026-10-06 20:01:02.206 2724720 DEBUG oslo_service.backend._eventlet.service [req-10c7c8fc-907a-4723-93e8-b2f4976bbdcc - - - - - -] osapi_volume_ext_list          = [] [00;33m{{(pid=2724720) log_opt_values /opt/stack/data/venv/lib/python3.12/site-packages/oslo_config/cfg.py:3549}}[00m
2026-10-06 20:01:02.206 2724720 DEBUG oslo_service.backend._eventlet.service [req-10c7c8fc-907a-4723-93e8-b2f4976bbdcc - - - - - -] osapi_volume_extension         = ['cinder.api.contrib.standard_extensions'] [00;33m{{(pid=2724720) log_opt_values /opt/stack/data/venv/lib/python3.12/site-packages/oslo_config/cfg.py:3549}}[00m
2026-10-06 20:01:02.206 2724720 DEBUG oslo_service.backend._eventlet.service [req-10c7c8fc-907a-4723-93e8-b2f4976bbdcc - - - - - -] osapi_volume_listen            = 0.0.0.0 [00;33m{{(pid=2724720) log_opt_values /opt/stack/data/venv/lib/python3.12/site-packages/oslo_config/cfg.py:3549}}[00m
2026-10-06 20:01:02.206 2724720 DEBUG oslo_service.backend._eventlet.service [req-10c7c8fc-907a-4723-93e8-b2f4976bbdcc - - - - - -] osapi_volume_listen_port       = 8776 [00;33m{{(pid=2724720) log_opt_values /opt/stack/data/venv/lib/python3.12/site-packages/oslo_config/cfg.py:3549}}[00m
2026-10-06 20:01:02.206 2724720 DEBUG oslo_service.backend._eventlet.service [req-10c7c8fc-907a-4723-93e8-b2f4976bbdcc - - - - - -] osapi_volume_use_ssl           = False [00;33m{{(pid=2724720) log_opt_values /opt/stack/data/venv/lib/python3.12/site-packages/oslo_config/cfg.py:3549}}[00m
2026-10-06 20:01:02.206 2724720 DEBUG oslo_service.backend._eventlet.service [req-10c7c8fc-907a-4723-93e8-b2f4976bbdcc - - - - - -] osapi_volume_workers           = None [00;33m{{(pid=2724720) log_opt_values /opt/stack/data/venv/lib/python3.12/site-packages/oslo_config/cfg.py:3549}}[00m
2026-10-06 20:01:02.206 2724720 DEBUG oslo_service.backend._eventlet.service [req-10c7c8fc-907a-4723-93e8-b2f4976bbdcc - - - - - -] per_volume_size_limit          = -1 [00;33m{{(pid=2724720) log_opt_values /opt/stack/data/venv/lib/python3.12/site-packages/oslo_config/cfg.py:3549}}[00m
2026-10-06 20:01:02.206 2724720 DEBUG oslo_service.backend._eventlet.service [req-10c7c8fc-907a-4723-93e8-b2f4976bbdcc - - - - - -] periodic_fuzzy_delay           = 60 [00;33m{{(pid=2724720) log_opt_values /opt/stack/data/venv/lib/python3.12/site-packages/oslo_config/cfg.py:3549}}[00m
2026-10-06 20:01:02.207 2724720 DEBUG oslo_service.backend._eventlet.service [req-10c7c8fc-907a-4723-93e8-b2f4976bbdcc - - - - - -] periodic_interval              = 3600 [00;33m{{(pid=2724720) log_opt_values /opt/stack/data/venv/lib/python3.12/site-packages/oslo_config/cfg.py:3549}}[00m
2026-10-06 20:01:02.207 2724720 DEBUG oslo_service.backend._eventlet.service [req-10c7c8fc-907a-4723-93e8-b2f4976bbdcc - - - - - -] project_id_regex               = [0-9a-f\-]+ [00;33m{{(pid=2724720) log_opt_values /opt/stack/data/venv/lib/python3.12/site-packages/oslo_config/cfg.py:3549}}[00m
2026-10-06 20:01:02.207 2724720 DEBUG oslo_service.backend._eventlet.service [req-10c7c8fc-907a-4723-93e8-b2f4976bbdcc - - - - - -] public_endpoint                = None [00;33m{{(pid=2724720) log_opt_values /opt/stack/data/venv/lib/python3.12/site-packages/oslo_config/cfg.py:3549}}[00m
2026-10-06 20:01:02.207 2724720 DEBUG oslo_service.backend._eventlet.service [req-10c7c8fc-907a-4723-93e8-b2f4976bbdcc - - - - - -] publish_errors                 = False [00;33m{{(pid=2724720) log_opt_values /opt/stack/data/venv/lib/python3.12/site-packages/oslo_config/cfg.py:3549}}[00m
2026-10-06 20:01:02.207 2724720 DEBUG oslo_service.backend._eventlet.service [req-10c7c8fc-907a-4723-93e8-b2f4976bbdcc - - - - - -] quota_backup_gigabytes         = 1000 [00;33m{{(pid=2724720) log_opt_values /opt/stack/data/venv/lib/python3.12/site-packages/oslo_config/cfg.py:3549}}[00m
2026-10-06 20:01:02.207 2724720 DEBUG oslo_service.backend._eventlet.service [req-10c7c8fc-907a-4723-93e8-b2f4976bbdcc - - - - - -] quota_backups                  = 50 [00;33m{{(pid=2724720) log_opt_values /opt/stack/data/venv/lib/python3.12/site-packages/oslo_config/cfg.py:3549}}[00m
2026-10-06 20:01:02.207 2724734 DEBUG cinder.volume.drivers.hitachi.hbsd_rest [req-e420e365-28f2-4585-8e2b-be9ec35825b2 - - - - - -] Setting ldev_range: [22000, 29399] [00;33m{{(pid=2724734) check_param /opt/stack/cinder/cinder/volume/drivers/hitachi/hbsd_rest.py:826}}[00m
2026-10-06 20:01:02.207 2724720 DEBUG oslo_service.backend._eventlet.service [req-10c7c8fc-907a-4723-93e8-b2f4976bbdcc - - - - - -] quota_driver                   = cinder.quota.DbQuotaDriver [00;33m{{(pid=2724720) log_opt_values /opt/stack/data/venv/lib/python3.12/site-packages/oslo_config/cfg.py:3549}}[00m
2026-10-06 20:01:02.207 2724720 DEBUG oslo_service.backend._eventlet.service [req-10c7c8fc-907a-4723-93e8-b2f4976bbdcc - - - - - -] quota_gigabytes                = 1000 [00;33m{{(pid=2724720) log_opt_values /opt/stack/data/venv/lib/python3.12/site-packages/oslo_config/cfg.py:3549}}[00m
2026-10-06 20:01:02.207 2724720 DEBUG oslo_service.backend._eventlet.service [req-10c7c8fc-907a-4723-93e8-b2f4976bbdcc - - - - - -] quota_groups                   = 10 [00;33m{{(pid=2724720) log_opt_values /opt/stack/data/venv/lib/python3.12/site-packages/oslo_config/cfg.py:3549}}[00m
2026-10-06 20:01:02.208 2724734 DEBUG cinder.volume.drivers.hitachi.hbsd_rest_api [req-e420e365-28f2-4585-8e2b-be9ec35825b2 - - - - - -] Trying to login. [00;33m{{(pid=2724734) login /opt/stack/cinder/cinder/volume/drivers/hitachi/hbsd_rest_api.py:566}}[00m
2026-10-06 20:01:02.208 2724720 DEBUG oslo_service.backend._eventlet.service [req-10c7c8fc-907a-4723-93e8-b2f4976bbdcc - - - - - -] quota_snapshots                = 50 [00;33m{{(pid=2724720) log_opt_values /opt/stack/data/venv/lib/python3.12/site-packages/oslo_config/cfg.py:3549}}[00m
2026-10-06 20:01:02.208 2724720 DEBUG oslo_service.backend._eventlet.service [req-10c7c8fc-907a-4723-93e8-b2f4976bbdcc - - - - - -] quota_volumes                  = 50 [00;33m{{(pid=2724720) log_opt_values /opt/stack/data/venv/lib/python3.12/site-packages/oslo_config/cfg.py:3549}}[00m
2026-10-06 20:01:02.208 2724734 DEBUG cinder.volume.drivers.hitachi.hbsd_rest_api [req-e420e365-28f2-4585-8e2b-be9ec35825b2 - - - - - -] ==> _login: call "{'self': <cinder.volume.drivers.hitachi.hbsd_rest_api.RestApiClient object at 0x7d5a5c390500>, 'do_raise': True}" [00;33m{{(pid=2724734) trace_logging_wrapper /opt/stack/cinder/cinder/volume/volume_utils.py:1497}}[00m
2026-10-06 20:01:02.208 2724720 DEBUG oslo_service.backend._eventlet.service [req-10c7c8fc-907a-4723-93e8-b2f4976bbdcc - - - - - -] rate_limit_burst               = 0 [00;33m{{(pid=2724720) log_opt_values /opt/stack/data/venv/lib/python3.12/site-packages/oslo_config/cfg.py:3549}}[00m
2026-10-06 20:01:02.208 2724720 DEBUG oslo_service.backend._eventlet.service [req-10c7c8fc-907a-4723-93e8-b2f4976bbdcc - - - - - -] rate_limit_except_level        = CRITICAL [00;33m{{(pid=2724720) log_opt_values /opt/stack/data/venv/lib/python3.12/site-packages/oslo_config/cfg.py:3549}}[00m
2026-10-06 20:01:02.208 2724720 DEBUG oslo_service.backend._eventlet.service [req-10c7c8fc-907a-4723-93e8-b2f4976bbdcc - - - - - -] rate_limit_interval            = 0 [00;33m{{(pid=2724720) log_opt_values /opt/stack/data/venv/lib/python3.12/site-packages/oslo_config/cfg.py:3549}}[00m
2026-10-06 20:01:02.208 2724720 DEBUG oslo_service.backend._eventlet.service [req-10c7c8fc-907a-4723-93e8-b2f4976bbdcc - - - - - -] reinit_driver_count            = 3 [00;33m{{(pid=2724720) log_opt_values /opt/stack/data/venv/lib/python3.12/site-packages/oslo_config/cfg.py:3549}}[00m
2026-10-06 20:01:02.208 2724720 DEBUG oslo_service.backend._eventlet.service [req-10c7c8fc-907a-4723-93e8-b2f4976bbdcc - - - - - -] replication_device             = **** [00;33m{{(pid=2724720) log_opt_values /opt/stack/data/venv/lib/python3.12/site-packages/oslo_config/cfg.py:3549}}[00m
2026-10-06 20:01:02.208 2724720 DEBUG oslo_service.backend._eventlet.service [req-10c7c8fc-907a-4723-93e8-b2f4976bbdcc - - - - - -] report_discard_supported       = False [00;33m{{(pid=2724720) log_opt_values /opt/stack/data/venv/lib/python3.12/site-packages/oslo_config/cfg.py:3549}}[00m
2026-10-06 20:01:02.208 2724720 DEBUG oslo_service.backend._eventlet.service [req-10c7c8fc-907a-4723-93e8-b2f4976bbdcc - - - - - -] report_interval                = 120 [00;33m{{(pid=2724720) log_opt_values /opt/stack/data/venv/lib/python3.12/site-packages/oslo_config/cfg.py:3549}}[00m
2026-10-06 20:01:02.209 2724720 DEBUG oslo_service.backend._eventlet.service [req-10c7c8fc-907a-4723-93e8-b2f4976bbdcc - - - - - -] reservation_clean_interval     = 86400 [00;33m{{(pid=2724720) log_opt_values /opt/stack/data/venv/lib/python3.12/site-packages/oslo_config/cfg.py:3549}}[00m
2026-10-06 20:01:02.209 2724720 DEBUG oslo_service.backend._eventlet.service [req-10c7c8fc-907a-4723-93e8-b2f4976bbdcc - - - - - -] reservation_expire             = 86400 [00;33m{{(pid=2724720) log_opt_values /opt/stack/data/venv/lib/python3.12/site-packages/oslo_config/cfg.py:3549}}[00m
2026-10-06 20:01:02.209 2724720 DEBUG oslo_service.backend._eventlet.service [req-10c7c8fc-907a-4723-93e8-b2f4976bbdcc - - - - - -] reserved_image_namespaces      = [] [00;33m{{(pid=2724720) log_opt_values /opt/stack/data/venv/lib/python3.12/site-packages/oslo_config/cfg.py:3549}}[00m
2026-10-06 20:01:02.209 2724720 DEBUG oslo_service.backend._eventlet.service [req-10c7c8fc-907a-4723-93e8-b2f4976bbdcc - - - - - -] reserved_percentage            = 0 [00;33m{{(pid=2724720) log_opt_values /opt/stack/data/venv/lib/python3.12/site-packages/oslo_config/cfg.py:3549}}[00m
2026-10-06 20:01:02.209 2724720 DEBUG oslo_service.backend._eventlet.service [req-10c7c8fc-907a-4723-93e8-b2f4976bbdcc - - - - - -] resource_query_filters_file    = /etc/cinder/resource_filters.json [00;33m{{(pid=2724720) log_opt_values /opt/stack/data/venv/lib/python3.12/site-packages/oslo_config/cfg.py:3549}}[00m
2026-10-06 20:01:02.209 2724720 DEBUG oslo_service.backend._eventlet.service [req-10c7c8fc-907a-4723-93e8-b2f4976bbdcc - - - - - -] rootwrap_config                = /etc/cinder/rootwrap.conf [00;33m{{(pid=2724720) log_opt_values /opt/stack/data/venv/lib/python3.12/site-packages/oslo_config/cfg.py:3549}}[00m
2026-10-06 20:01:02.209 2724720 DEBUG oslo_service.backend._eventlet.service [req-10c7c8fc-907a-4723-93e8-b2f4976bbdcc - - - - - -] rpc_response_timeout           = 3600 [00;33m{{(pid=2724720) log_opt_values /opt/stack/data/venv/lib/python3.12/site-packages/oslo_config/cfg.py:3549}}[00m
2026-10-06 20:01:02.209 2724720 DEBUG oslo_service.backend._eventlet.service [req-10c7c8fc-907a-4723-93e8-b2f4976bbdcc - - - - - -] run_external_periodic_tasks    = True [00;33m{{(pid=2724720) log_opt_values /opt/stack/data/venv/lib/python3.12/site-packages/oslo_config/cfg.py:3549}}[00m
2026-10-06 20:01:02.209 2724720 DEBUG oslo_service.backend._eventlet.service [req-10c7c8fc-907a-4723-93e8-b2f4976bbdcc - - - - - -] scheduler_manager              = cinder.scheduler.manager.SchedulerManager [00;33m{{(pid=2724720) log_opt_values /opt/stack/data/venv/lib/python3.12/site-packages/oslo_config/cfg.py:3549}}[00m
2026-10-06 20:01:02.209 2724720 DEBUG oslo_service.backend._eventlet.service [req-10c7c8fc-907a-4723-93e8-b2f4976bbdcc - - - - - -] scst_target_driver             = iscsi [00;33m{{(pid=2724720) log_opt_values /opt/stack/data/venv/lib/python3.12/site-packages/oslo_config/cfg.py:3549}}[00m
2026-10-06 20:01:02.209 2724720 DEBUG oslo_service.backend._eventlet.service [req-10c7c8fc-907a-4723-93e8-b2f4976bbdcc - - - - - -] scst_target_iqn_name           = None [00;33m{{(pid=2724720) log_opt_values /opt/stack/data/venv/lib/python3.12/site-packages/oslo_config/cfg.py:3549}}[00m
2026-10-06 20:01:02.209 2724720 DEBUG oslo_service.backend._eventlet.service [req-10c7c8fc-907a-4723-93e8-b2f4976bbdcc - - - - - -] service_down_time              = 720 [00;33m{{(pid=2724720) log_opt_values /opt/stack/data/venv/lib/python3.12/site-packages/oslo_config/cfg.py:3549}}[00m
2026-10-06 20:01:02.209 2724720 DEBUG oslo_service.backend._eventlet.service [req-10c7c8fc-907a-4723-93e8-b2f4976bbdcc - - - - - -] shell_completion               = None [00;33m{{(pid=2724720) log_opt_values /opt/stack/data/venv/lib/python3.12/site-packages/oslo_config/cfg.py:3549}}[00m
2026-10-06 20:01:02.210 2724720 DEBUG oslo_service.backend._eventlet.service [req-10c7c8fc-907a-4723-93e8-b2f4976bbdcc - - - - - -] snapshot_name_template         = snapshot-%s [00;33m{{(pid=2724720) log_opt_values /opt/stack/data/venv/lib/python3.12/site-packages/oslo_config/cfg.py:3549}}[00m
2026-10-06 20:01:02.210 2724720 DEBUG oslo_service.backend._eventlet.service [req-10c7c8fc-907a-4723-93e8-b2f4976bbdcc - - - - - -] split_loggers                  = False [00;33m{{(pid=2724720) log_opt_values /opt/stack/data/venv/lib/python3.12/site-packages/oslo_config/cfg.py:3549}}[00m
2026-10-06 20:01:02.210 2724720 DEBUG oslo_service.backend._eventlet.service [req-10c7c8fc-907a-4723-93e8-b2f4976bbdcc - - - - - -] ssh_hosts_key_file             = /opt/stack/data/cinder/ssh_known_hosts [00;33m{{(pid=2724720) log_opt_values /opt/stack/data/venv/lib/python3.12/site-packages/oslo_config/cfg.py:3549}}[00m
2026-10-06 20:01:02.210 2724720 DEBUG oslo_service.backend._eventlet.service [req-10c7c8fc-907a-4723-93e8-b2f4976bbdcc - - - - - -] state_path                     = /opt/stack/data/cinder [00;33m{{(pid=2724720) log_opt_values /opt/stack/data/venv/lib/python3.12/site-packages/oslo_config/cfg.py:3549}}[00m
2026-10-06 20:01:02.210 2724720 DEBUG oslo_service.backend._eventlet.service [req-10c7c8fc-907a-4723-93e8-b2f4976bbdcc - - - - - -] storage_availability_zone      = nova [00;33m{{(pid=2724720) log_opt_values /opt/stack/data/venv/lib/python3.12/site-packages/oslo_config/cfg.py:3549}}[00m
2026-10-06 20:01:02.210 2724720 DEBUG oslo_service.backend._eventlet.service [req-10c7c8fc-907a-4723-93e8-b2f4976bbdcc - - - - - -] storage_protocol               = iSCSI [00;33m{{(pid=2724720) log_opt_values /opt/stack/data/venv/lib/python3.12/site-packages/oslo_config/cfg.py:3549}}[00m
2026-10-06 20:01:02.210 2724720 DEBUG oslo_service.backend._eventlet.service [req-10c7c8fc-907a-4723-93e8-b2f4976bbdcc - - - - - -] strict_ssh_host_key_policy     = False [00;33m{{(pid=2724720) log_opt_values /opt/stack/data/venv/lib/python3.12/site-packages/oslo_config/cfg.py:3549}}[00m
2026-10-06 20:01:02.210 2724720 DEBUG oslo_service.backend._eventlet.service [req-10c7c8fc-907a-4723-93e8-b2f4976bbdcc - - - - - -] syslog_log_facility            = LOG_USER [00;33m{{(pid=2724720) log_opt_values /opt/stack/data/venv/lib/python3.12/site-packages/oslo_config/cfg.py:3549}}[00m
2026-10-06 20:01:02.210 2724720 DEBUG oslo_service.backend._eventlet.service [req-10c7c8fc-907a-4723-93e8-b2f4976bbdcc - - - - - -] target_helper                  = lioadm [00;33m{{(pid=2724720) log_opt_values /opt/stack/data/venv/lib/python3.12/site-packages/oslo_config/cfg.py:3549}}[00m
2026-10-06 20:01:02.210 2724720 DEBUG oslo_service.backend._eventlet.service [req-10c7c8fc-907a-4723-93e8-b2f4976bbdcc - - - - - -] target_ip_address              = 172.25.92.210 [00;33m{{(pid=2724720) log_opt_values /opt/stack/data/venv/lib/python3.12/site-packages/oslo_config/cfg.py:3549}}[00m
2026-10-06 20:01:02.210 2724720 DEBUG oslo_service.backend._eventlet.service [req-10c7c8fc-907a-4723-93e8-b2f4976bbdcc - - - - - -] target_port                    = 3260 [00;33m{{(pid=2724720) log_opt_values /opt/stack/data/venv/lib/python3.12/site-packages/oslo_config/cfg.py:3549}}[00m
2026-10-06 20:01:02.211 2724720 DEBUG oslo_service.backend._eventlet.service [req-10c7c8fc-907a-4723-93e8-b2f4976bbdcc - - - - - -] target_prefix                  = iqn.2010-10.org.openstack: [00;33m{{(pid=2724720) log_opt_values /opt/stack/data/venv/lib/python3.12/site-packages/oslo_config/cfg.py:3549}}[00m
2026-10-06 20:01:02.211 2724720 DEBUG oslo_service.backend._eventlet.service [req-10c7c8fc-907a-4723-93e8-b2f4976bbdcc - - - - - -] target_protocol                = iscsi [00;33m{{(pid=2724720) log_opt_values /opt/stack/data/venv/lib/python3.12/site-packages/oslo_config/cfg.py:3549}}[00m
2026-10-06 20:01:02.211 2724720 DEBUG oslo_service.backend._eventlet.service [req-10c7c8fc-907a-4723-93e8-b2f4976bbdcc - - - - - -] target_secondary_ip_addresses  = [] [00;33m{{(pid=2724720) log_opt_values /opt/stack/data/venv/lib/python3.12/site-packages/oslo_config/cfg.py:3549}}[00m
2026-10-06 20:01:02.211 2724720 DEBUG oslo_service.backend._eventlet.service [req-10c7c8fc-907a-4723-93e8-b2f4976bbdcc - - - - - -] trace_flags                    = None [00;33m{{(pid=2724720) log_opt_values /opt/stack/data/venv/lib/python3.12/site-packages/oslo_config/cfg.py:3549}}[00m
2026-10-06 20:01:02.211 2724720 DEBUG oslo_service.backend._eventlet.service [req-10c7c8fc-907a-4723-93e8-b2f4976bbdcc - - - - - -] transfer_api_class             = cinder.transfer.api.API [00;33m{{(pid=2724720) log_opt_values /opt/stack/data/venv/lib/python3.12/site-packages/oslo_config/cfg.py:3549}}[00m
2026-10-06 20:01:02.211 2724720 DEBUG oslo_service.backend._eventlet.service [req-10c7c8fc-907a-4723-93e8-b2f4976bbdcc - - - - - -] transport_url                  = **** [00;33m{{(pid=2724720) log_opt_values /opt/stack/data/venv/lib/python3.12/site-packages/oslo_config/cfg.py:3549}}[00m
2026-10-06 20:01:02.211 2724720 DEBUG oslo_service.backend._eventlet.service [req-10c7c8fc-907a-4723-93e8-b2f4976bbdcc - - - - - -] until_refresh                  = 0 [00;33m{{(pid=2724720) log_opt_values /opt/stack/data/venv/lib/python3.12/site-packages/oslo_config/cfg.py:3549}}[00m
2026-10-06 20:01:02.211 2724720 DEBUG oslo_service.backend._eventlet.service [req-10c7c8fc-907a-4723-93e8-b2f4976bbdcc - - - - - -] use_chap_auth                  = False [00;33m{{(pid=2724720) log_opt_values /opt/stack/data/venv/lib/python3.12/site-packages/oslo_config/cfg.py:3549}}[00m
2026-10-06 20:01:02.211 2724720 DEBUG oslo_service.backend._eventlet.service [req-10c7c8fc-907a-4723-93e8-b2f4976bbdcc - - - - - -] use_default_quota_class        = True [00;33m{{(pid=2724720) log_opt_values /opt/stack/data/venv/lib/python3.12/site-packages/oslo_config/cfg.py:3549}}[00m
2026-10-06 20:01:02.211 2724720 DEBUG oslo_service.backend._eventlet.service [req-10c7c8fc-907a-4723-93e8-b2f4976bbdcc - - - - - -] use_journal                    = False [00;33m{{(pid=2724720) log_opt_values /opt/stack/data/venv/lib/python3.12/site-packages/oslo_config/cfg.py:3549}}[00m
2026-10-06 20:01:02.211 2724720 DEBUG oslo_service.backend._eventlet.service [req-10c7c8fc-907a-4723-93e8-b2f4976bbdcc - - - - - -] use_json                       = False [00;33m{{(pid=2724720) log_opt_values /opt/stack/data/venv/lib/python3.12/site-packages/oslo_config/cfg.py:3549}}[00m
2026-10-06 20:01:02.211 2724720 DEBUG oslo_service.backend._eventlet.service [req-10c7c8fc-907a-4723-93e8-b2f4976bbdcc - - - - - -] use_multipath_for_image_xfer   = False [00;33m{{(pid=2724720) log_opt_values /opt/stack/data/venv/lib/python3.12/site-packages/oslo_config/cfg.py:3549}}[00m
2026-10-06 20:01:02.212 2724720 DEBUG oslo_service.backend._eventlet.service [req-10c7c8fc-907a-4723-93e8-b2f4976bbdcc - - - - - -] use_stderr                     = False [00;33m{{(pid=2724720) log_opt_values /opt/stack/data/venv/lib/python3.12/site-packages/oslo_config/cfg.py:3549}}[00m
2026-10-06 20:01:02.212 2724720 DEBUG oslo_service.backend._eventlet.service [req-10c7c8fc-907a-4723-93e8-b2f4976bbdcc - - - - - -] use_syslog                     = False [00;33m{{(pid=2724720) log_opt_values /opt/stack/data/venv/lib/python3.12/site-packages/oslo_config/cfg.py:3549}}[00m
2026-10-06 20:01:02.212 2724720 DEBUG oslo_service.backend._eventlet.service [req-10c7c8fc-907a-4723-93e8-b2f4976bbdcc - - - - - -] verify_glance_signatures       = enabled [00;33m{{(pid=2724720) log_opt_values /opt/stack/data/venv/lib/python3.12/site-packages/oslo_config/cfg.py:3549}}[00m
2026-10-06 20:01:02.212 2724720 DEBUG oslo_service.backend._eventlet.service [req-10c7c8fc-907a-4723-93e8-b2f4976bbdcc - - - - - -] vmdk_allowed_types             = ['streamOptimized', 'monolithicSparse'] [00;33m{{(pid=2724720) log_opt_values /opt/stack/data/venv/lib/python3.12/site-packages/oslo_config/cfg.py:3549}}[00m
2026-10-06 20:01:02.212 2724720 DEBUG oslo_service.backend._eventlet.service [req-10c7c8fc-907a-4723-93e8-b2f4976bbdcc - - - - - -] volume_api_class               = cinder.volume.api.API [00;33m{{(pid=2724720) log_opt_values /opt/stack/data/venv/lib/python3.12/site-packages/oslo_config/cfg.py:3549}}[00m
2026-10-06 20:01:02.212 2724720 DEBUG oslo_service.backend._eventlet.service [req-10c7c8fc-907a-4723-93e8-b2f4976bbdcc - - - - - -] volume_backend_name            = None [00;33m{{(pid=2724720) log_opt_values /opt/stack/data/venv/lib/python3.12/site-packages/oslo_config/cfg.py:3549}}[00m
2026-10-06 20:01:02.212 2724720 DEBUG oslo_service.backend._eventlet.service [req-10c7c8fc-907a-4723-93e8-b2f4976bbdcc - - - - - -] volume_clear                   = zero [00;33m{{(pid=2724720) log_opt_values /opt/stack/data/venv/lib/python3.12/site-packages/oslo_config/cfg.py:3549}}[00m
2026-10-06 20:01:02.212 2724720 DEBUG oslo_service.backend._eventlet.service [req-10c7c8fc-907a-4723-93e8-b2f4976bbdcc - - - - - -] volume_clear_ionice            = None [00;33m{{(pid=2724720) log_opt_values /opt/stack/data/venv/lib/python3.12/site-packages/oslo_config/cfg.py:3549}}[00m
2026-10-06 20:01:02.212 2724720 DEBUG oslo_service.backend._eventlet.service [req-10c7c8fc-907a-4723-93e8-b2f4976bbdcc - - - - - -] volume_clear_size              = 0 [00;33m{{(pid=2724720) log_opt_values /opt/stack/data/venv/lib/python3.12/site-packages/oslo_config/cfg.py:3549}}[00m
2026-10-06 20:01:02.212 2724720 DEBUG oslo_service.backend._eventlet.service [req-10c7c8fc-907a-4723-93e8-b2f4976bbdcc - - - - - -] volume_copy_blkio_cgroup_name  = cinder-volume-copy [00;33m{{(pid=2724720) log_opt_values /opt/stack/data/venv/lib/python3.12/site-packages/oslo_config/cfg.py:3549}}[00m
2026-10-06 20:01:02.212 2724720 DEBUG oslo_service.backend._eventlet.service [req-10c7c8fc-907a-4723-93e8-b2f4976bbdcc - - - - - -] volume_copy_bps_limit          = 0 [00;33m{{(pid=2724720) log_opt_values /opt/stack/data/venv/lib/python3.12/site-packages/oslo_config/cfg.py:3549}}[00m
2026-10-06 20:01:02.212 2724720 DEBUG oslo_service.backend._eventlet.service [req-10c7c8fc-907a-4723-93e8-b2f4976bbdcc - - - - - -] volume_dd_blocksize            = 1M [00;33m{{(pid=2724720) log_opt_values /opt/stack/data/venv/lib/python3.12/site-packages/oslo_config/cfg.py:3549}}[00m
2026-10-06 20:01:02.213 2724720 DEBUG oslo_service.backend._eventlet.service [req-10c7c8fc-907a-4723-93e8-b2f4976bbdcc - - - - - -] volume_manager                 = cinder.volume.manager.VolumeManager [00;33m{{(pid=2724720) log_opt_values /opt/stack/data/venv/lib/python3.12/site-packages/oslo_config/cfg.py:3549}}[00m
2026-10-06 20:01:02.213 2724720 DEBUG oslo_service.backend._eventlet.service [req-10c7c8fc-907a-4723-93e8-b2f4976bbdcc - - - - - -] volume_name_template           = volume-%s [00;33m{{(pid=2724720) log_opt_values /opt/stack/data/venv/lib/python3.12/site-packages/oslo_config/cfg.py:3549}}[00m
2026-10-06 20:01:02.213 2724720 DEBUG oslo_service.backend._eventlet.service [req-10c7c8fc-907a-4723-93e8-b2f4976bbdcc - - - - - -] volume_service_inithost_offload = False [00;33m{{(pid=2724720) log_opt_values /opt/stack/data/venv/lib/python3.12/site-packages/oslo_config/cfg.py:3549}}[00m
2026-10-06 20:01:02.213 2724720 DEBUG oslo_service.backend._eventlet.service [req-10c7c8fc-907a-4723-93e8-b2f4976bbdcc - - - - - -] volume_usage_audit_period      = month [00;33m{{(pid=2724720) log_opt_values /opt/stack/data/venv/lib/python3.12/site-packages/oslo_config/cfg.py:3549}}[00m
2026-10-06 20:01:02.213 2724720 DEBUG oslo_service.backend._eventlet.service [req-10c7c8fc-907a-4723-93e8-b2f4976bbdcc - - - - - -] volumes_dir                    = /opt/stack/data/cinder/volumes [00;33m{{(pid=2724720) log_opt_values /opt/stack/data/venv/lib/python3.12/site-packages/oslo_config/cfg.py:3549}}[00m
2026-10-06 20:01:02.213 2724720 DEBUG oslo_service.backend._eventlet.service [req-10c7c8fc-907a-4723-93e8-b2f4976bbdcc - - - - - -] zoning_mode                    = None [00;33m{{(pid=2724720) log_opt_values /opt/stack/data/venv/lib/python3.12/site-packages/oslo_config/cfg.py:3549}}[00m
2026-10-06 20:01:02.213 2724720 DEBUG oslo_service.backend._eventlet.service [req-10c7c8fc-907a-4723-93e8-b2f4976bbdcc - - - - - -] oslo_concurrency.disable_process_locking = False [00;33m{{(pid=2724720) log_opt_values /opt/stack/data/venv/lib/python3.12/site-packages/oslo_config/cfg.py:3560}}[00m
2026-10-06 20:01:02.213 2724720 DEBUG oslo_service.backend._eventlet.service [req-10c7c8fc-907a-4723-93e8-b2f4976bbdcc - - - - - -] oslo_concurrency.lock_path     = /opt/stack/data/cinder [00;33m{{(pid=2724720) log_opt_values /opt/stack/data/venv/lib/python3.12/site-packages/oslo_config/cfg.py:3560}}[00m
2026-10-06 20:01:02.213 2724720 DEBUG oslo_service.backend._eventlet.service [req-10c7c8fc-907a-4723-93e8-b2f4976bbdcc - - - - - -] os_brick.lightos_discovery_client_address = localhost [00;33m{{(pid=2724720) log_opt_values /opt/stack/data/venv/lib/python3.12/site-packages/oslo_config/cfg.py:3560}}[00m
2026-10-06 20:01:02.213 2724720 DEBUG oslo_service.backend._eventlet.service [req-10c7c8fc-907a-4723-93e8-b2f4976bbdcc - - - - - -] os_brick.lightos_discovery_client_dir_path = /etc/discovery-client/discovery.d/ [00;33m{{(pid=2724720) log_opt_values /opt/stack/data/venv/lib/python3.12/site-packages/oslo_config/cfg.py:3560}}[00m
2026-10-06 20:01:02.214 2724720 DEBUG oslo_service.backend._eventlet.service [req-10c7c8fc-907a-4723-93e8-b2f4976bbdcc - - - - - -] os_brick.lightos_discovery_client_port = 6060 [00;33m{{(pid=2724720) log_opt_values /opt/stack/data/venv/lib/python3.12/site-packages/oslo_config/cfg.py:3560}}[00m
2026-10-06 20:01:02.214 2724720 DEBUG oslo_service.backend._eventlet.service [req-10c7c8fc-907a-4723-93e8-b2f4976bbdcc - - - - - -] os_brick.lock_path             = /opt/stack/data/os_brick [00;33m{{(pid=2724720) log_opt_values /opt/stack/data/venv/lib/python3.12/site-packages/oslo_config/cfg.py:3560}}[00m
2026-10-06 20:01:02.214 2724720 DEBUG oslo_service.backend._eventlet.service [req-10c7c8fc-907a-4723-93e8-b2f4976bbdcc - - - - - -] os_brick.wait_mpath_device_attempts = 4 [00;33m{{(pid=2724720) log_opt_values /opt/stack/data/venv/lib/python3.12/site-packages/oslo_config/cfg.py:3560}}[00m
2026-10-06 20:01:02.214 2724720 DEBUG oslo_service.backend._eventlet.service [req-10c7c8fc-907a-4723-93e8-b2f4976bbdcc - - - - - -] os_brick.wait_mpath_device_interval = 1 [00;33m{{(pid=2724720) log_opt_values /opt/stack/data/venv/lib/python3.12/site-packages/oslo_config/cfg.py:3560}}[00m
2026-10-06 20:01:02.214 2724720 DEBUG oslo_service.backend._eventlet.service [req-10c7c8fc-907a-4723-93e8-b2f4976bbdcc - - - - - -] oslo_middleware.http_basic_auth_user_file = /etc/htpasswd [00;33m{{(pid=2724720) log_opt_values /opt/stack/data/venv/lib/python3.12/site-packages/oslo_config/cfg.py:3560}}[00m
2026-10-06 20:01:02.214 2724720 DEBUG oslo_service.backend._eventlet.service [req-10c7c8fc-907a-4723-93e8-b2f4976bbdcc - - - - - -] oslo_versionedobjects.fatal_exception_format_errors = False [00;33m{{(pid=2724720) log_opt_values /opt/stack/data/venv/lib/python3.12/site-packages/oslo_config/cfg.py:3560}}[00m
2026-10-06 20:01:02.214 2724720 DEBUG oslo_service.backend._eventlet.service [req-10c7c8fc-907a-4723-93e8-b2f4976bbdcc - - - - - -] keystone_authtoken.auth_section = None [00;33m{{(pid=2724720) log_opt_values /opt/stack/data/venv/lib/python3.12/site-packages/oslo_config/cfg.py:3560}}[00m
2026-10-06 20:01:02.214 2724720 DEBUG oslo_service.backend._eventlet.service [req-10c7c8fc-907a-4723-93e8-b2f4976bbdcc - - - - - -] keystone_authtoken.auth_type   = password [00;33m{{(pid=2724720) log_opt_values /opt/stack/data/venv/lib/python3.12/site-packages/oslo_config/cfg.py:3560}}[00m
2026-10-06 20:01:02.214 2724720 DEBUG oslo_service.backend._eventlet.service [req-10c7c8fc-907a-4723-93e8-b2f4976bbdcc - - - - - -] keystone_authtoken.auth_version = None [00;33m{{(pid=2724720) log_opt_values /opt/stack/data/venv/lib/python3.12/site-packages/oslo_config/cfg.py:3560}}[00m
2026-10-06 20:01:02.214 2724720 DEBUG oslo_service.backend._eventlet.service [req-10c7c8fc-907a-4723-93e8-b2f4976bbdcc - - - - - -] keystone_authtoken.cache       = None [00;33m{{(pid=2724720) log_opt_values /opt/stack/data/venv/lib/python3.12/site-packages/oslo_config/cfg.py:3560}}[00m
2026-10-06 20:01:02.215 2724720 DEBUG oslo_service.backend._eventlet.service [req-10c7c8fc-907a-4723-93e8-b2f4976bbdcc - - - - - -] keystone_authtoken.cafile      = /opt/stack/data/ca-bundle.pem [00;33m{{(pid=2724720) log_opt_values /opt/stack/data/venv/lib/python3.12/site-packages/oslo_config/cfg.py:3560}}[00m
2026-10-06 20:01:02.215 2724720 DEBUG oslo_service.backend._eventlet.service [req-10c7c8fc-907a-4723-93e8-b2f4976bbdcc - - - - - -] keystone_authtoken.certfile    = None [00;33m{{(pid=2724720) log_opt_values /opt/stack/data/venv/lib/python3.12/site-packages/oslo_config/cfg.py:3560}}[00m
2026-10-06 20:01:02.215 2724720 DEBUG oslo_service.backend._eventlet.service [req-10c7c8fc-907a-4723-93e8-b2f4976bbdcc - - - - - -] keystone_authtoken.delay_auth_decision = False [00;33m{{(pid=2724720) log_opt_values /opt/stack/data/venv/lib/python3.12/site-packages/oslo_config/cfg.py:3560}}[00m
2026-10-06 20:01:02.215 2724720 DEBUG oslo_service.backend._eventlet.service [req-10c7c8fc-907a-4723-93e8-b2f4976bbdcc - - - - - -] keystone_authtoken.enforce_token_bind = permissive [00;33m{{(pid=2724720) log_opt_values /opt/stack/data/venv/lib/python3.12/site-packages/oslo_config/cfg.py:3560}}[00m
2026-10-06 20:01:02.215 2724720 DEBUG oslo_service.backend._eventlet.service [req-10c7c8fc-907a-4723-93e8-b2f4976bbdcc - - - - - -] keystone_authtoken.http_connect_timeout = None [00;33m{{(pid=2724720) log_opt_values /opt/stack/data/venv/lib/python3.12/site-packages/oslo_config/cfg.py:3560}}[00m
2026-10-06 20:01:02.215 2724720 DEBUG oslo_service.backend._eventlet.service [req-10c7c8fc-907a-4723-93e8-b2f4976bbdcc - - - - - -] keystone_authtoken.http_request_max_retries = 3 [00;33m{{(pid=2724720) log_opt_values /opt/stack/data/venv/lib/python3.12/site-packages/oslo_config/cfg.py:3560}}[00m
2026-10-06 20:01:02.215 2724720 DEBUG oslo_service.backend._eventlet.service [req-10c7c8fc-907a-4723-93e8-b2f4976bbdcc - - - - - -] keystone_authtoken.include_service_catalog = True [00;33m{{(pid=2724720) log_opt_values /opt/stack/data/venv/lib/python3.12/site-packages/oslo_config/cfg.py:3560}}[00m
2026-10-06 20:01:02.215 2724720 DEBUG oslo_service.backend._eventlet.service [req-10c7c8fc-907a-4723-93e8-b2f4976bbdcc - - - - - -] keystone_authtoken.insecure    = False [00;33m{{(pid=2724720) log_opt_values /opt/stack/data/venv/lib/python3.12/site-packages/oslo_config/cfg.py:3560}}[00m
2026-10-06 20:01:02.215 2724720 DEBUG oslo_service.backend._eventlet.service [req-10c7c8fc-907a-4723-93e8-b2f4976bbdcc - - - - - -] keystone_authtoken.interface   = public [00;33m{{(pid=2724720) log_opt_values /opt/stack/data/venv/lib/python3.12/site-packages/oslo_config/cfg.py:3560}}[00m
2026-10-06 20:01:02.215 2724720 DEBUG oslo_service.backend._eventlet.service [req-10c7c8fc-907a-4723-93e8-b2f4976bbdcc - - - - - -] keystone_authtoken.keyfile     = None [00;33m{{(pid=2724720) log_opt_values /opt/stack/data/venv/lib/python3.12/site-packages/oslo_config/cfg.py:3560}}[00m
2026-10-06 20:01:02.215 2724720 DEBUG oslo_service.backend._eventlet.service [req-10c7c8fc-907a-4723-93e8-b2f4976bbdcc - - - - - -] keystone_authtoken.memcache_password = **** [00;33m{{(pid=2724720) log_opt_values /opt/stack/data/venv/lib/python3.12/site-packages/oslo_config/cfg.py:3560}}[00m
2026-10-06 20:01:02.215 2724720 DEBUG oslo_service.backend._eventlet.service [req-10c7c8fc-907a-4723-93e8-b2f4976bbdcc - - - - - -] keystone_authtoken.memcache_pool_conn_get_timeout = 10 [00;33m{{(pid=2724720) log_opt_values /opt/stack/data/venv/lib/python3.12/site-packages/oslo_config/cfg.py:3560}}[00m
2026-10-06 20:01:02.215 2724720 DEBUG oslo_service.backend._eventlet.service [req-10c7c8fc-907a-4723-93e8-b2f4976bbdcc - - - - - -] keystone_authtoken.memcache_pool_dead_retry = 300 [00;33m{{(pid=2724720) log_opt_values /opt/stack/data/venv/lib/python3.12/site-packages/oslo_config/cfg.py:3560}}[00m
2026-10-06 20:01:02.216 2724720 DEBUG oslo_service.backend._eventlet.service [req-10c7c8fc-907a-4723-93e8-b2f4976bbdcc - - - - - -] keystone_authtoken.memcache_pool_maxsize = 10 [00;33m{{(pid=2724720) log_opt_values /opt/stack/data/venv/lib/python3.12/site-packages/oslo_config/cfg.py:3560}}[00m
2026-10-06 20:01:02.216 2724720 DEBUG oslo_service.backend._eventlet.service [req-10c7c8fc-907a-4723-93e8-b2f4976bbdcc - - - - - -] keystone_authtoken.memcache_pool_socket_timeout = 3 [00;33m{{(pid=2724720) log_opt_values /opt/stack/data/venv/lib/python3.12/site-packages/oslo_config/cfg.py:3560}}[00m
2026-10-06 20:01:02.216 2724720 DEBUG oslo_service.backend._eventlet.service [req-10c7c8fc-907a-4723-93e8-b2f4976bbdcc - - - - - -] keystone_authtoken.memcache_pool_unused_timeout = 60 [00;33m{{(pid=2724720) log_opt_values /opt/stack/data/venv/lib/python3.12/site-packages/oslo_config/cfg.py:3560}}[00m
2026-10-06 20:01:02.216 2724720 DEBUG oslo_service.backend._eventlet.service [req-10c7c8fc-907a-4723-93e8-b2f4976bbdcc - - - - - -] keystone_authtoken.memcache_sasl_enabled = False [00;33m{{(pid=2724720) log_opt_values /opt/stack/data/venv/lib/python3.12/site-packages/oslo_config/cfg.py:3560}}[00m
2026-10-06 20:01:02.216 2724720 DEBUG oslo_service.backend._eventlet.service [req-10c7c8fc-907a-4723-93e8-b2f4976bbdcc - - - - - -] keystone_authtoken.memcache_secret_key = **** [00;33m{{(pid=2724720) log_opt_values /opt/stack/data/venv/lib/python3.12/site-packages/oslo_config/cfg.py:3560}}[00m
2026-10-06 20:01:02.216 2724720 DEBUG oslo_service.backend._eventlet.service [req-10c7c8fc-907a-4723-93e8-b2f4976bbdcc - - - - - -] keystone_authtoken.memcache_security_strategy = None [00;33m{{(pid=2724720) log_opt_values /opt/stack/data/venv/lib/python3.12/site-packages/oslo_config/cfg.py:3560}}[00m
2026-10-06 20:01:02.216 2724720 DEBUG oslo_service.backend._eventlet.service [req-10c7c8fc-907a-4723-93e8-b2f4976bbdcc - - - - - -] keystone_authtoken.memcache_tls_allowed_ciphers = None [00;33m{{(pid=2724720) log_opt_values /opt/stack/data/venv/lib/python3.12/site-packages/oslo_config/cfg.py:3560}}[00m
2026-10-06 20:01:02.216 2724720 DEBUG oslo_service.backend._eventlet.service [req-10c7c8fc-907a-4723-93e8-b2f4976bbdcc - - - - - -] keystone_authtoken.memcache_tls_cafile = None [00;33m{{(pid=2724720) log_opt_values /opt/stack/data/venv/lib/python3.12/site-packages/oslo_config/cfg.py:3560}}[00m
2026-10-06 20:01:02.216 2724720 DEBUG oslo_service.backend._eventlet.service [req-10c7c8fc-907a-4723-93e8-b2f4976bbdcc - - - - - -] keystone_authtoken.memcache_tls_certfile = None [00;33m{{(pid=2724720) log_opt_values /opt/stack/data/venv/lib/python3.12/site-packages/oslo_config/cfg.py:3560}}[00m
2026-10-06 20:01:02.216 2724720 DEBUG oslo_service.backend._eventlet.service [req-10c7c8fc-907a-4723-93e8-b2f4976bbdcc - - - - - -] keystone_authtoken.memcache_tls_enabled = False [00;33m{{(pid=2724720) log_opt_values /opt/stack/data/venv/lib/python3.12/site-packages/oslo_config/cfg.py:3560}}[00m
2026-10-06 20:01:02.216 2724720 DEBUG oslo_service.backend._eventlet.service [req-10c7c8fc-907a-4723-93e8-b2f4976bbdcc - - - - - -] keystone_authtoken.memcache_tls_keyfile = None [00;33m{{(pid=2724720) log_opt_values /opt/stack/data/venv/lib/python3.12/site-packages/oslo_config/cfg.py:3560}}[00m
2026-10-06 20:01:02.216 2724720 DEBUG oslo_service.backend._eventlet.service [req-10c7c8fc-907a-4723-93e8-b2f4976bbdcc - - - - - -] keystone_authtoken.memcache_use_advanced_pool = True [00;33m{{(pid=2724720) log_opt_values /opt/stack/data/venv/lib/python3.12/site-packages/oslo_config/cfg.py:3560}}[00m
2026-10-06 20:01:02.217 2724720 DEBUG oslo_service.backend._eventlet.service [req-10c7c8fc-907a-4723-93e8-b2f4976bbdcc - - - - - -] keystone_authtoken.memcache_username = None [00;33m{{(pid=2724720) log_opt_values /opt/stack/data/venv/lib/python3.12/site-packages/oslo_config/cfg.py:3560}}[00m
2026-10-06 20:01:02.217 2724720 DEBUG oslo_service.backend._eventlet.service [req-10c7c8fc-907a-4723-93e8-b2f4976bbdcc - - - - - -] keystone_authtoken.memcached_servers = ['localhost:11211'] [00;33m{{(pid=2724720) log_opt_values /opt/stack/data/venv/lib/python3.12/site-packages/oslo_config/cfg.py:3560}}[00m
2026-10-06 20:01:02.217 2724720 DEBUG oslo_service.backend._eventlet.service [req-10c7c8fc-907a-4723-93e8-b2f4976bbdcc - - - - - -] keystone_authtoken.region_name = None [00;33m{{(pid=2724720) log_opt_values /opt/stack/data/venv/lib/python3.12/site-packages/oslo_config/cfg.py:3560}}[00m
2026-10-06 20:01:02.217 2724720 DEBUG oslo_service.backend._eventlet.service [req-10c7c8fc-907a-4723-93e8-b2f4976bbdcc - - - - - -] keystone_authtoken.service_token_roles = ['service'] [00;33m{{(pid=2724720) log_opt_values /opt/stack/data/venv/lib/python3.12/site-packages/oslo_config/cfg.py:3560}}[00m
2026-10-06 20:01:02.217 2724720 DEBUG oslo_service.backend._eventlet.service [req-10c7c8fc-907a-4723-93e8-b2f4976bbdcc - - - - - -] keystone_authtoken.service_token_roles_required = True [00;33m{{(pid=2724720) log_opt_values /opt/stack/data/venv/lib/python3.12/site-packages/oslo_config/cfg.py:3560}}[00m
2026-10-06 20:01:02.217 2724720 DEBUG oslo_service.backend._eventlet.service [req-10c7c8fc-907a-4723-93e8-b2f4976bbdcc - - - - - -] keystone_authtoken.service_type = None [00;33m{{(pid=2724720) log_opt_values /opt/stack/data/venv/lib/python3.12/site-packages/oslo_config/cfg.py:3560}}[00m
2026-10-06 20:01:02.217 2724720 DEBUG oslo_service.backend._eventlet.service [req-10c7c8fc-907a-4723-93e8-b2f4976bbdcc - - - - - -] keystone_authtoken.token_cache_time = 300 [00;33m{{(pid=2724720) log_opt_values /opt/stack/data/venv/lib/python3.12/site-packages/oslo_config/cfg.py:3560}}[00m
2026-10-06 20:01:02.217 2724720 DEBUG oslo_service.backend._eventlet.service [req-10c7c8fc-907a-4723-93e8-b2f4976bbdcc - - - - - -] keystone_authtoken.www_authenticate_uri = http://172.25.92.210/identity [00;33m{{(pid=2724720) log_opt_values /opt/stack/data/venv/lib/python3.12/site-packages/oslo_config/cfg.py:3560}}[00m
2026-10-06 20:01:02.217 2724720 DEBUG oslo_service.backend._eventlet.service [req-10c7c8fc-907a-4723-93e8-b2f4976bbdcc - - - - - -] cache.backend                  = dogpile.cache.null [00;33m{{(pid=2724720) log_opt_values /opt/stack/data/venv/lib/python3.12/site-packages/oslo_config/cfg.py:3560}}[00m
2026-10-06 20:01:02.217 2724720 DEBUG oslo_service.backend._eventlet.service [req-10c7c8fc-907a-4723-93e8-b2f4976bbdcc - - - - - -] cache.backend_argument         = **** [00;33m{{(pid=2724720) log_opt_values /opt/stack/data/venv/lib/python3.12/site-packages/oslo_config/cfg.py:3560}}[00m
2026-10-06 20:01:02.217 2724720 DEBUG oslo_service.backend._eventlet.service [req-10c7c8fc-907a-4723-93e8-b2f4976bbdcc - - - - - -] cache.backend_expiration_time  = None [00;33m{{(pid=2724720) log_opt_values /opt/stack/data/venv/lib/python3.12/site-packages/oslo_config/cfg.py:3560}}[00m
2026-10-06 20:01:02.217 2724720 DEBUG oslo_service.backend._eventlet.service [req-10c7c8fc-907a-4723-93e8-b2f4976bbdcc - - - - - -] cache.config_prefix            = cache.oslo [00;33m{{(pid=2724720) log_opt_values /opt/stack/data/venv/lib/python3.12/site-packages/oslo_config/cfg.py:3560}}[00m
2026-10-06 20:01:02.218 2724720 DEBUG oslo_service.backend._eventlet.service [req-10c7c8fc-907a-4723-93e8-b2f4976bbdcc - - - - - -] cache.debug_cache_backend      = False [00;33m{{(pid=2724720) log_opt_values /opt/stack/data/venv/lib/python3.12/site-packages/oslo_config/cfg.py:3560}}[00m
2026-10-06 20:01:02.218 2724720 DEBUG oslo_service.backend._eventlet.service [req-10c7c8fc-907a-4723-93e8-b2f4976bbdcc - - - - - -] cache.enable_retry_client      = False [00;33m{{(pid=2724720) log_opt_values /opt/stack/data/venv/lib/python3.12/site-packages/oslo_config/cfg.py:3560}}[00m
2026-10-06 20:01:02.218 2724720 DEBUG oslo_service.backend._eventlet.service [req-10c7c8fc-907a-4723-93e8-b2f4976bbdcc - - - - - -] cache.enable_socket_keepalive  = False [00;33m{{(pid=2724720) log_opt_values /opt/stack/data/venv/lib/python3.12/site-packages/oslo_config/cfg.py:3560}}[00m
2026-10-06 20:01:02.218 2724720 DEBUG oslo_service.backend._eventlet.service [req-10c7c8fc-907a-4723-93e8-b2f4976bbdcc - - - - - -] cache.enabled                  = False [00;33m{{(pid=2724720) log_opt_values /opt/stack/data/venv/lib/python3.12/site-packages/oslo_config/cfg.py:3560}}[00m
2026-10-06 20:01:02.218 2724720 DEBUG oslo_service.backend._eventlet.service [req-10c7c8fc-907a-4723-93e8-b2f4976bbdcc - - - - - -] cache.expiration_time          = 600 [00;33m{{(pid=2724720) log_opt_values /opt/stack/data/venv/lib/python3.12/site-packages/oslo_config/cfg.py:3560}}[00m
2026-10-06 20:01:02.218 2724720 DEBUG oslo_service.backend._eventlet.service [req-10c7c8fc-907a-4723-93e8-b2f4976bbdcc - - - - - -] cache.hashclient_dead_timeout  = 60.0 [00;33m{{(pid=2724720) log_opt_values /opt/stack/data/venv/lib/python3.12/site-packages/oslo_config/cfg.py:3560}}[00m
2026-10-06 20:01:02.218 2724720 DEBUG oslo_service.backend._eventlet.service [req-10c7c8fc-907a-4723-93e8-b2f4976bbdcc - - - - - -] cache.hashclient_retry_attempts = 2 [00;33m{{(pid=2724720) log_opt_values /opt/stack/data/venv/lib/python3.12/site-packages/oslo_config/cfg.py:3560}}[00m
2026-10-06 20:01:02.218 2724720 DEBUG oslo_service.backend._eventlet.service [req-10c7c8fc-907a-4723-93e8-b2f4976bbdcc - - - - - -] cache.hashclient_retry_timeout = 1.0 [00;33m{{(pid=2724720) log_opt_values /opt/stack/data/venv/lib/python3.12/site-packages/oslo_config/cfg.py:3560}}[00m
2026-10-06 20:01:02.218 2724720 DEBUG oslo_service.backend._eventlet.service [req-10c7c8fc-907a-4723-93e8-b2f4976bbdcc - - - - - -] cache.memcache_dead_retry      = 300 [00;33m{{(pid=2724720) log_opt_values /opt/stack/data/venv/lib/python3.12/site-packages/oslo_config/cfg.py:3560}}[00m
2026-10-06 20:01:02.218 2724720 DEBUG oslo_service.backend._eventlet.service [req-10c7c8fc-907a-4723-93e8-b2f4976bbdcc - - - - - -] cache.memcache_pool_connection_get_timeout = 10 [00;33m{{(pid=2724720) log_opt_values /opt/stack/data/venv/lib/python3.12/site-packages/oslo_config/cfg.py:3560}}[00m
2026-10-06 20:01:02.218 2724720 DEBUG oslo_service.backend._eventlet.service [req-10c7c8fc-907a-4723-93e8-b2f4976bbdcc - - - - - -] cache.memcache_pool_flush_on_reconnect = False [00;33m{{(pid=2724720) log_opt_values /opt/stack/data/venv/lib/python3.12/site-packages/oslo_config/cfg.py:3560}}[00m
2026-10-06 20:01:02.218 2724720 DEBUG oslo_service.backend._eventlet.service [req-10c7c8fc-907a-4723-93e8-b2f4976bbdcc - - - - - -] cache.memcache_pool_maxsize    = 10 [00;33m{{(pid=2724720) log_opt_values /opt/stack/data/venv/lib/python3.12/site-packages/oslo_config/cfg.py:3560}}[00m
2026-10-06 20:01:02.219 2724720 DEBUG oslo_service.backend._eventlet.service [req-10c7c8fc-907a-4723-93e8-b2f4976bbdcc - - - - - -] cache.memcache_pool_unused_timeout = 60 [00;33m{{(pid=2724720) log_opt_values /opt/stack/data/venv/lib/python3.12/site-packages/oslo_config/cfg.py:3560}}[00m
2026-10-06 20:01:02.219 2724720 DEBUG oslo_service.backend._eventlet.service [req-10c7c8fc-907a-4723-93e8-b2f4976bbdcc - - - - - -] cache.memcache_sasl_enabled    = False [00;33m{{(pid=2724720) log_opt_values /opt/stack/data/venv/lib/python3.12/site-packages/oslo_config/cfg.py:3560}}[00m
2026-10-06 20:01:02.219 2724720 DEBUG oslo_service.backend._eventlet.service [req-10c7c8fc-907a-4723-93e8-b2f4976bbdcc - - - - - -] cache.memcache_servers         = ['localhost:11211'] [00;33m{{(pid=2724720) log_opt_values /opt/stack/data/venv/lib/python3.12/site-packages/oslo_config/cfg.py:3560}}[00m
2026-10-06 20:01:02.219 2724720 DEBUG oslo_service.backend._eventlet.service [req-10c7c8fc-907a-4723-93e8-b2f4976bbdcc - - - - - -] cache.password                 = **** [00;33m{{(pid=2724720) log_opt_values /opt/stack/data/venv/lib/python3.12/site-packages/oslo_config/cfg.py:3560}}[00m
2026-10-06 20:01:02.219 2724720 DEBUG oslo_service.backend._eventlet.service [req-10c7c8fc-907a-4723-93e8-b2f4976bbdcc - - - - - -] cache.proxies                  = [] [00;33m{{(pid=2724720) log_opt_values /opt/stack/data/venv/lib/python3.12/site-packages/oslo_config/cfg.py:3560}}[00m
2026-10-06 20:01:02.219 2724720 DEBUG oslo_service.backend._eventlet.service [req-10c7c8fc-907a-4723-93e8-b2f4976bbdcc - - - - - -] cache.redis_db                 = 0 [00;33m{{(pid=2724720) log_opt_values /opt/stack/data/venv/lib/python3.12/site-packages/oslo_config/cfg.py:3560}}[00m
2026-10-06 20:01:02.219 2724720 DEBUG oslo_service.backend._eventlet.service [req-10c7c8fc-907a-4723-93e8-b2f4976bbdcc - - - - - -] cache.redis_sentinel_service_name = mymaster [00;33m{{(pid=2724720) log_opt_values /opt/stack/data/venv/lib/python3.12/site-packages/oslo_config/cfg.py:3560}}[00m
2026-10-06 20:01:02.219 2724720 DEBUG oslo_service.backend._eventlet.service [req-10c7c8fc-907a-4723-93e8-b2f4976bbdcc - - - - - -] cache.redis_sentinels          = ['localhost:26379'] [00;33m{{(pid=2724720) log_opt_values /opt/stack/data/venv/lib/python3.12/site-packages/oslo_config/cfg.py:3560}}[00m
2026-10-06 20:01:02.219 2724720 DEBUG oslo_service.backend._eventlet.service [req-10c7c8fc-907a-4723-93e8-b2f4976bbdcc - - - - - -] cache.redis_server             = localhost:6379 [00;33m{{(pid=2724720) log_opt_values /opt/stack/data/venv/lib/python3.12/site-packages/oslo_config/cfg.py:3560}}[00m
2026-10-06 20:01:02.219 2724720 DEBUG oslo_service.backend._eventlet.service [req-10c7c8fc-907a-4723-93e8-b2f4976bbdcc - - - - - -] cache.retry_attempts           = 2 [00;33m{{(pid=2724720) log_opt_values /opt/stack/data/venv/lib/python3.12/site-packages/oslo_config/cfg.py:3560}}[00m
2026-10-06 20:01:02.219 2724720 DEBUG oslo_service.backend._eventlet.service [req-10c7c8fc-907a-4723-93e8-b2f4976bbdcc - - - - - -] cache.retry_delay              = 0.0 [00;33m{{(pid=2724720) log_opt_values /opt/stack/data/venv/lib/python3.12/site-packages/oslo_config/cfg.py:3560}}[00m
2026-10-06 20:01:02.220 2724720 DEBUG oslo_service.backend._eventlet.service [req-10c7c8fc-907a-4723-93e8-b2f4976bbdcc - - - - - -] cache.socket_keepalive_count   = 1 [00;33m{{(pid=2724720) log_opt_values /opt/stack/data/venv/lib/python3.12/site-packages/oslo_config/cfg.py:3560}}[00m
2026-10-06 20:01:02.220 2724720 DEBUG oslo_service.backend._eventlet.service [req-10c7c8fc-907a-4723-93e8-b2f4976bbdcc - - - - - -] cache.socket_keepalive_idle    = 1 [00;33m{{(pid=2724720) log_opt_values /opt/stack/data/venv/lib/python3.12/site-packages/oslo_config/cfg.py:3560}}[00m
2026-10-06 20:01:02.220 2724720 DEBUG oslo_service.backend._eventlet.service [req-10c7c8fc-907a-4723-93e8-b2f4976bbdcc - - - - - -] cache.socket_keepalive_interval = 1 [00;33m{{(pid=2724720) log_opt_values /opt/stack/data/venv/lib/python3.12/site-packages/oslo_config/cfg.py:3560}}[00m
2026-10-06 20:01:02.220 2724720 DEBUG oslo_service.backend._eventlet.service [req-10c7c8fc-907a-4723-93e8-b2f4976bbdcc - - - - - -] cache.socket_timeout           = 1.0 [00;33m{{(pid=2724720) log_opt_values /opt/stack/data/venv/lib/python3.12/site-packages/oslo_config/cfg.py:3560}}[00m
2026-10-06 20:01:02.220 2724720 DEBUG oslo_service.backend._eventlet.service [req-10c7c8fc-907a-4723-93e8-b2f4976bbdcc - - - - - -] cache.tls_allowed_ciphers      = None [00;33m{{(pid=2724720) log_opt_values /opt/stack/data/venv/lib/python3.12/site-packages/oslo_config/cfg.py:3560}}[00m
2026-10-06 20:01:02.220 2724720 DEBUG oslo_service.backend._eventlet.service [req-10c7c8fc-907a-4723-93e8-b2f4976bbdcc - - - - - -] cache.tls_cafile               = None [00;33m{{(pid=2724720) log_opt_values /opt/stack/data/venv/lib/python3.12/site-packages/oslo_config/cfg.py:3560}}[00m
2026-10-06 20:01:02.220 2724720 DEBUG oslo_service.backend._eventlet.service [req-10c7c8fc-907a-4723-93e8-b2f4976bbdcc - - - - - -] cache.tls_certfile             = None [00;33m{{(pid=2724720) log_opt_values /opt/stack/data/venv/lib/python3.12/site-packages/oslo_config/cfg.py:3560}}[00m
2026-10-06 20:01:02.220 2724720 DEBUG oslo_service.backend._eventlet.service [req-10c7c8fc-907a-4723-93e8-b2f4976bbdcc - - - - - -] cache.tls_enabled              = False [00;33m{{(pid=2724720) log_opt_values /opt/stack/data/venv/lib/python3.12/site-packages/oslo_config/cfg.py:3560}}[00m
2026-10-06 20:01:02.220 2724720 DEBUG oslo_service.backend._eventlet.service [req-10c7c8fc-907a-4723-93e8-b2f4976bbdcc - - - - - -] cache.tls_keyfile              = None [00;33m{{(pid=2724720) log_opt_values /opt/stack/data/venv/lib/python3.12/site-packages/oslo_config/cfg.py:3560}}[00m
2026-10-06 20:01:02.220 2724720 DEBUG oslo_service.backend._eventlet.service [req-10c7c8fc-907a-4723-93e8-b2f4976bbdcc - - - - - -] cache.username                 = None [00;33m{{(pid=2724720) log_opt_values /opt/stack/data/venv/lib/python3.12/site-packages/oslo_config/cfg.py:3560}}[00m
2026-10-06 20:01:02.221 2724720 DEBUG oslo_service.backend._eventlet.service [req-10c7c8fc-907a-4723-93e8-b2f4976bbdcc - - - - - -] coordination.backend_url       = **** [00;33m{{(pid=2724720) log_opt_values /opt/stack/data/venv/lib/python3.12/site-packages/oslo_config/cfg.py:3560}}[00m
2026-10-06 20:01:02.221 2724720 DEBUG oslo_service.backend._eventlet.service [req-10c7c8fc-907a-4723-93e8-b2f4976bbdcc - - - - - -] database.asyncio_connection    = **** [00;33m{{(pid=2724720) log_opt_values /opt/stack/data/venv/lib/python3.12/site-packages/oslo_config/cfg.py:3560}}[00m
2026-10-06 20:01:02.221 2724720 DEBUG oslo_service.backend._eventlet.service [req-10c7c8fc-907a-4723-93e8-b2f4976bbdcc - - - - - -] database.asyncio_slave_connection = **** [00;33m{{(pid=2724720) log_opt_values /opt/stack/data/venv/lib/python3.12/site-packages/oslo_config/cfg.py:3560}}[00m
2026-10-06 20:01:02.221 2724720 DEBUG oslo_service.backend._eventlet.service [req-10c7c8fc-907a-4723-93e8-b2f4976bbdcc - - - - - -] database.backend               = sqlalchemy [00;33m{{(pid=2724720) log_opt_values /opt/stack/data/venv/lib/python3.12/site-packages/oslo_config/cfg.py:3560}}[00m
2026-10-06 20:01:02.221 2724720 DEBUG oslo_service.backend._eventlet.service [req-10c7c8fc-907a-4723-93e8-b2f4976bbdcc - - - - - -] database.connection            = **** [00;33m{{(pid=2724720) log_opt_values /opt/stack/data/venv/lib/python3.12/site-packages/oslo_config/cfg.py:3560}}[00m
2026-10-06 20:01:02.221 2724720 DEBUG oslo_service.backend._eventlet.service [req-10c7c8fc-907a-4723-93e8-b2f4976bbdcc - - - - - -] database.connection_debug      = 0 [00;33m{{(pid=2724720) log_opt_values /opt/stack/data/venv/lib/python3.12/site-packages/oslo_config/cfg.py:3560}}[00m
2026-10-06 20:01:02.221 2724720 DEBUG oslo_service.backend._eventlet.service [req-10c7c8fc-907a-4723-93e8-b2f4976bbdcc - - - - - -] database.connection_parameters =  [00;33m{{(pid=2724720) log_opt_values /opt/stack/data/venv/lib/python3.12/site-packages/oslo_config/cfg.py:3560}}[00m
2026-10-06 20:01:02.221 2724720 DEBUG oslo_service.backend._eventlet.service [req-10c7c8fc-907a-4723-93e8-b2f4976bbdcc - - - - - -] database.connection_recycle_time = 3600 [00;33m{{(pid=2724720) log_opt_values /opt/stack/data/venv/lib/python3.12/site-packages/oslo_config/cfg.py:3560}}[00m
2026-10-06 20:01:02.221 2724720 DEBUG oslo_service.backend._eventlet.service [req-10c7c8fc-907a-4723-93e8-b2f4976bbdcc - - - - - -] database.connection_trace      = False [00;33m{{(pid=2724720) log_opt_values /opt/stack/data/venv/lib/python3.12/site-packages/oslo_config/cfg.py:3560}}[00m
2026-10-06 20:01:02.221 2724720 DEBUG oslo_service.backend._eventlet.service [req-10c7c8fc-907a-4723-93e8-b2f4976bbdcc - - - - - -] database.db_inc_retry_interval = True [00;33m{{(pid=2724720) log_opt_values /opt/stack/data/venv/lib/python3.12/site-packages/oslo_config/cfg.py:3560}}[00m
2026-10-06 20:01:02.221 2724720 DEBUG oslo_service.backend._eventlet.service [req-10c7c8fc-907a-4723-93e8-b2f4976bbdcc - - - - - -] database.db_max_retries        = 20 [00;33m{{(pid=2724720) log_opt_values /opt/stack/data/venv/lib/python3.12/site-packages/oslo_config/cfg.py:3560}}[00m
2026-10-06 20:01:02.221 2724720 DEBUG oslo_service.backend._eventlet.service [req-10c7c8fc-907a-4723-93e8-b2f4976bbdcc - - - - - -] database.db_max_retry_interval = 10 [00;33m{{(pid=2724720) log_opt_values /opt/stack/data/venv/lib/python3.12/site-packages/oslo_config/cfg.py:3560}}[00m
2026-10-06 20:01:02.222 2724720 DEBUG oslo_service.backend._eventlet.service [req-10c7c8fc-907a-4723-93e8-b2f4976bbdcc - - - - - -] database.db_retry_interval     = 1 [00;33m{{(pid=2724720) log_opt_values /opt/stack/data/venv/lib/python3.12/site-packages/oslo_config/cfg.py:3560}}[00m
2026-10-06 20:01:02.222 2724720 DEBUG oslo_service.backend._eventlet.service [req-10c7c8fc-907a-4723-93e8-b2f4976bbdcc - - - - - -] database.max_overflow          = 50 [00;33m{{(pid=2724720) log_opt_values /opt/stack/data/venv/lib/python3.12/site-packages/oslo_config/cfg.py:3560}}[00m
2026-10-06 20:01:02.222 2724720 DEBUG oslo_service.backend._eventlet.service [req-10c7c8fc-907a-4723-93e8-b2f4976bbdcc - - - - - -] database.max_pool_size         = 5 [00;33m{{(pid=2724720) log_opt_values /opt/stack/data/venv/lib/python3.12/site-packages/oslo_config/cfg.py:3560}}[00m
2026-10-06 20:01:02.222 2724720 DEBUG oslo_service.backend._eventlet.service [req-10c7c8fc-907a-4723-93e8-b2f4976bbdcc - - - - - -] database.max_retries           = 10 [00;33m{{(pid=2724720) log_opt_values /opt/stack/data/venv/lib/python3.12/site-packages/oslo_config/cfg.py:3560}}[00m
2026-10-06 20:01:02.222 2724720 DEBUG oslo_service.backend._eventlet.service [req-10c7c8fc-907a-4723-93e8-b2f4976bbdcc - - - - - -] database.mysql_sql_mode        = TRADITIONAL [00;33m{{(pid=2724720) log_opt_values /opt/stack/data/venv/lib/python3.12/site-packages/oslo_config/cfg.py:3560}}[00m
2026-10-06 20:01:02.222 2724720 DEBUG oslo_service.backend._eventlet.service [req-10c7c8fc-907a-4723-93e8-b2f4976bbdcc - - - - - -] database.mysql_wsrep_sync_wait = None [00;33m{{(pid=2724720) log_opt_values /opt/stack/data/venv/lib/python3.12/site-packages/oslo_config/cfg.py:3560}}[00m
2026-10-06 20:01:02.222 2724720 DEBUG oslo_service.backend._eventlet.service [req-10c7c8fc-907a-4723-93e8-b2f4976bbdcc - - - - - -] database.pool_timeout          = None [00;33m{{(pid=2724720) log_opt_values /opt/stack/data/venv/lib/python3.12/site-packages/oslo_config/cfg.py:3560}}[00m
2026-10-06 20:01:02.222 2724720 DEBUG oslo_service.backend._eventlet.service [req-10c7c8fc-907a-4723-93e8-b2f4976bbdcc - - - - - -] database.retry_interval        = 10 [00;33m{{(pid=2724720) log_opt_values /opt/stack/data/venv/lib/python3.12/site-packages/oslo_config/cfg.py:3560}}[00m
2026-10-06 20:01:02.222 2724720 DEBUG oslo_service.backend._eventlet.service [req-10c7c8fc-907a-4723-93e8-b2f4976bbdcc - - - - - -] database.slave_connection      = **** [00;33m{{(pid=2724720) log_opt_values /opt/stack/data/venv/lib/python3.12/site-packages/oslo_config/cfg.py:3560}}[00m
2026-10-06 20:01:02.222 2724720 DEBUG oslo_service.backend._eventlet.service [req-10c7c8fc-907a-4723-93e8-b2f4976bbdcc - - - - - -] database.sqlite_synchronous    = True [00;33m{{(pid=2724720) log_opt_values /opt/stack/data/venv/lib/python3.12/site-packages/oslo_config/cfg.py:3560}}[00m
2026-10-06 20:01:02.222 2724720 DEBUG oslo_service.backend._eventlet.service [req-10c7c8fc-907a-4723-93e8-b2f4976bbdcc - - - - - -] database.synchronous_reader    = True [00;33m{{(pid=2724720) log_opt_values /opt/stack/data/venv/lib/python3.12/site-packages/oslo_config/cfg.py:3560}}[00m
2026-10-06 20:01:02.222 2724720 DEBUG oslo_service.backend._eventlet.service [req-10c7c8fc-907a-4723-93e8-b2f4976bbdcc - - - - - -] database.use_db_reconnect      = False [00;33m{{(pid=2724720) log_opt_values /opt/stack/data/venv/lib/python3.12/site-packages/oslo_config/cfg.py:3560}}[00m
2026-10-06 20:01:02.223 2724720 DEBUG oslo_service.backend._eventlet.service [req-10c7c8fc-907a-4723-93e8-b2f4976bbdcc - - - - - -] oslo_messaging_metrics.metrics_buffer_size = 1000 [00;33m{{(pid=2724720) log_opt_values /opt/stack/data/venv/lib/python3.12/site-packages/oslo_config/cfg.py:3560}}[00m
2026-10-06 20:01:02.223 2724720 DEBUG oslo_service.backend._eventlet.service [req-10c7c8fc-907a-4723-93e8-b2f4976bbdcc - - - - - -] oslo_messaging_metrics.metrics_enabled = False [00;33m{{(pid=2724720) log_opt_values /opt/stack/data/venv/lib/python3.12/site-packages/oslo_config/cfg.py:3560}}[00m
2026-10-06 20:01:02.223 2724720 DEBUG oslo_service.backend._eventlet.service [req-10c7c8fc-907a-4723-93e8-b2f4976bbdcc - - - - - -] oslo_messaging_metrics.metrics_process_name =  [00;33m{{(pid=2724720) log_opt_values /opt/stack/data/venv/lib/python3.12/site-packages/oslo_config/cfg.py:3560}}[00m
2026-10-06 20:01:02.223 2724720 DEBUG oslo_service.backend._eventlet.service [req-10c7c8fc-907a-4723-93e8-b2f4976bbdcc - - - - - -] oslo_messaging_metrics.metrics_socket_file = /var/tmp/metrics_collector.sock [00;33m{{(pid=2724720) log_opt_values /opt/stack/data/venv/lib/python3.12/site-packages/oslo_config/cfg.py:3560}}[00m
2026-10-06 20:01:02.223 2724720 DEBUG oslo_service.backend._eventlet.service [req-10c7c8fc-907a-4723-93e8-b2f4976bbdcc - - - - - -] oslo_messaging_metrics.metrics_thread_stop_timeout = 10 [00;33m{{(pid=2724720) log_opt_values /opt/stack/data/venv/lib/python3.12/site-packages/oslo_config/cfg.py:3560}}[00m
2026-10-06 20:01:02.223 2724720 DEBUG oslo_service.backend._eventlet.service [req-10c7c8fc-907a-4723-93e8-b2f4976bbdcc - - - - - -] oslo_messaging_tracing.insecure = False [00;33m{{(pid=2724720) log_opt_values /opt/stack/data/venv/lib/python3.12/site-packages/oslo_config/cfg.py:3560}}[00m
2026-10-06 20:01:02.223 2724720 DEBUG oslo_service.backend._eventlet.service [req-10c7c8fc-907a-4723-93e8-b2f4976bbdcc - - - - - -] oslo_messaging_tracing.otel_exporter_otlp_endpoint = http://localhost:4318 [00;33m{{(pid=2724720) log_opt_values /opt/stack/data/venv/lib/python3.12/site-packages/oslo_config/cfg.py:3560}}[00m
2026-10-06 20:01:02.223 2724720 DEBUG oslo_service.backend._eventlet.service [req-10c7c8fc-907a-4723-93e8-b2f4976bbdcc - - - - - -] oslo_messaging_tracing.otlp_protocol = http/protobuf [00;33m{{(pid=2724720) log_opt_values /opt/stack/data/venv/lib/python3.12/site-packages/oslo_config/cfg.py:3560}}[00m
2026-10-06 20:01:02.223 2724720 DEBUG oslo_service.backend._eventlet.service [req-10c7c8fc-907a-4723-93e8-b2f4976bbdcc - - - - - -] oslo_messaging_tracing.tracing_enabled = False [00;33m{{(pid=2724720) log_opt_values /opt/stack/data/venv/lib/python3.12/site-packages/oslo_config/cfg.py:3560}}[00m
2026-10-06 20:01:02.223 2724720 DEBUG oslo_service.backend._eventlet.service [req-10c7c8fc-907a-4723-93e8-b2f4976bbdcc - - - - - -] oslo_messaging_tracing.tracing_service_name = openstack [00;33m{{(pid=2724720) log_opt_values /opt/stack/data/venv/lib/python3.12/site-packages/oslo_config/cfg.py:3560}}[00m
2026-10-06 20:01:02.223 2724720 DEBUG oslo_service.backend._eventlet.service [req-10c7c8fc-907a-4723-93e8-b2f4976bbdcc - - - - - -] profiler.connection_string     = messaging:// [00;33m{{(pid=2724720) log_opt_values /opt/stack/data/venv/lib/python3.12/site-packages/oslo_config/cfg.py:3560}}[00m
2026-10-06 20:01:02.223 2724720 DEBUG oslo_service.backend._eventlet.service [req-10c7c8fc-907a-4723-93e8-b2f4976bbdcc - - - - - -] profiler.enabled               = False [00;33m{{(pid=2724720) log_opt_values /opt/stack/data/venv/lib/python3.12/site-packages/oslo_config/cfg.py:3560}}[00m
2026-10-06 20:01:02.224 2724720 DEBUG oslo_service.backend._eventlet.service [req-10c7c8fc-907a-4723-93e8-b2f4976bbdcc - - - - - -] profiler.es_doc_type           = notification [00;33m{{(pid=2724720) log_opt_values /opt/stack/data/venv/lib/python3.12/site-packages/oslo_config/cfg.py:3560}}[00m
2026-10-06 20:01:02.224 2724720 DEBUG oslo_service.backend._eventlet.service [req-10c7c8fc-907a-4723-93e8-b2f4976bbdcc - - - - - -] profiler.es_scroll_size        = 10000 [00;33m{{(pid=2724720) log_opt_values /opt/stack/data/venv/lib/python3.12/site-packages/oslo_config/cfg.py:3560}}[00m
2026-10-06 20:01:02.224 2724720 DEBUG oslo_service.backend._eventlet.service [req-10c7c8fc-907a-4723-93e8-b2f4976bbdcc - - - - - -] profiler.es_scroll_time        = 2m [00;33m{{(pid=2724720) log_opt_values /opt/stack/data/venv/lib/python3.12/site-packages/oslo_config/cfg.py:3560}}[00m
2026-10-06 20:01:02.224 2724720 DEBUG oslo_service.backend._eventlet.service [req-10c7c8fc-907a-4723-93e8-b2f4976bbdcc - - - - - -] profiler.filter_error_trace    = False [00;33m{{(pid=2724720) log_opt_values /opt/stack/data/venv/lib/python3.12/site-packages/oslo_config/cfg.py:3560}}[00m
2026-10-06 20:01:02.224 2724720 DEBUG oslo_service.backend._eventlet.service [req-10c7c8fc-907a-4723-93e8-b2f4976bbdcc - - - - - -] profiler.hmac_keys             = **** [00;33m{{(pid=2724720) log_opt_values /opt/stack/data/venv/lib/python3.12/site-packages/oslo_config/cfg.py:3560}}[00m
2026-10-06 20:01:02.224 2724720 DEBUG oslo_service.backend._eventlet.service [req-10c7c8fc-907a-4723-93e8-b2f4976bbdcc - - - - - -] profiler.sentinel_service_name = mymaster [00;33m{{(pid=2724720) log_opt_values /opt/stack/data/venv/lib/python3.12/site-packages/oslo_config/cfg.py:3560}}[00m
2026-10-06 20:01:02.224 2724720 DEBUG oslo_service.backend._eventlet.service [req-10c7c8fc-907a-4723-93e8-b2f4976bbdcc - - - - - -] profiler.socket_timeout        = 0.1 [00;33m{{(pid=2724720) log_opt_values /opt/stack/data/venv/lib/python3.12/site-packages/oslo_config/cfg.py:3560}}[00m
2026-10-06 20:01:02.224 2724720 DEBUG oslo_service.backend._eventlet.service [req-10c7c8fc-907a-4723-93e8-b2f4976bbdcc - - - - - -] profiler.trace_requests        = False [00;33m{{(pid=2724720) log_opt_values /opt/stack/data/venv/lib/python3.12/site-packages/oslo_config/cfg.py:3560}}[00m
2026-10-06 20:01:02.224 2724720 DEBUG oslo_service.backend._eventlet.service [req-10c7c8fc-907a-4723-93e8-b2f4976bbdcc - - - - - -] profiler.trace_sqlalchemy      = False [00;33m{{(pid=2724720) log_opt_values /opt/stack/data/venv/lib/python3.12/site-packages/oslo_config/cfg.py:3560}}[00m
2026-10-06 20:01:02.224 2724720 DEBUG oslo_service.backend._eventlet.service [req-10c7c8fc-907a-4723-93e8-b2f4976bbdcc - - - - - -] profiler_jaeger.process_tags   = {} [00;33m{{(pid=2724720) log_opt_values /opt/stack/data/venv/lib/python3.12/site-packages/oslo_config/cfg.py:3560}}[00m
2026-10-06 20:01:02.224 2724720 DEBUG oslo_service.backend._eventlet.service [req-10c7c8fc-907a-4723-93e8-b2f4976bbdcc - - - - - -] profiler_jaeger.service_name_prefix = None [00;33m{{(pid=2724720) log_opt_values /opt/stack/data/venv/lib/python3.12/site-packages/oslo_config/cfg.py:3560}}[00m
2026-10-06 20:01:02.224 2724720 DEBUG oslo_service.backend._eventlet.service [req-10c7c8fc-907a-4723-93e8-b2f4976bbdcc - - - - - -] profiler_otlp.service_name_prefix = None [00;33m{{(pid=2724720) log_opt_values /opt/stack/data/venv/lib/python3.12/site-packages/oslo_config/cfg.py:3560}}[00m
2026-10-06 20:01:02.225 2724720 DEBUG oslo_service.backend._eventlet.service [req-10c7c8fc-907a-4723-93e8-b2f4976bbdcc - - - - - -] oslo_policy.enforce_new_defaults = True [00;33m{{(pid=2724720) log_opt_values /opt/stack/data/venv/lib/python3.12/site-packages/oslo_config/cfg.py:3560}}[00m
2026-10-06 20:01:02.225 2724720 DEBUG oslo_service.backend._eventlet.service [req-10c7c8fc-907a-4723-93e8-b2f4976bbdcc - - - - - -] oslo_policy.policy_default_rule = default [00;33m{{(pid=2724720) log_opt_values /opt/stack/data/venv/lib/python3.12/site-packages/oslo_config/cfg.py:3560}}[00m
2026-10-06 20:01:02.225 2724720 DEBUG oslo_service.backend._eventlet.service [req-10c7c8fc-907a-4723-93e8-b2f4976bbdcc - - - - - -] oslo_policy.policy_dirs        = ['policy.d'] [00;33m{{(pid=2724720) log_opt_values /opt/stack/data/venv/lib/python3.12/site-packages/oslo_config/cfg.py:3560}}[00m
2026-10-06 20:01:02.225 2724720 DEBUG oslo_service.backend._eventlet.service [req-10c7c8fc-907a-4723-93e8-b2f4976bbdcc - - - - - -] oslo_policy.policy_file        = policy.yaml [00;33m{{(pid=2724720) log_opt_values /opt/stack/data/venv/lib/python3.12/site-packages/oslo_config/cfg.py:3560}}[00m
2026-10-06 20:01:02.225 2724720 DEBUG oslo_service.backend._eventlet.service [req-10c7c8fc-907a-4723-93e8-b2f4976bbdcc - - - - - -] oslo_policy.remote_content_type = application/x-www-form-urlencoded [00;33m{{(pid=2724720) log_opt_values /opt/stack/data/venv/lib/python3.12/site-packages/oslo_config/cfg.py:3560}}[00m
2026-10-06 20:01:02.225 2724720 DEBUG oslo_service.backend._eventlet.service [req-10c7c8fc-907a-4723-93e8-b2f4976bbdcc - - - - - -] oslo_policy.remote_ssl_ca_crt_file = None [00;33m{{(pid=2724720) log_opt_values /opt/stack/data/venv/lib/python3.12/site-packages/oslo_config/cfg.py:3560}}[00m
2026-10-06 20:01:02.225 2724720 DEBUG oslo_service.backend._eventlet.service [req-10c7c8fc-907a-4723-93e8-b2f4976bbdcc - - - - - -] oslo_policy.remote_ssl_client_crt_file = None [00;33m{{(pid=2724720) log_opt_values /opt/stack/data/venv/lib/python3.12/site-packages/oslo_config/cfg.py:3560}}[00m
2026-10-06 20:01:02.225 2724720 DEBUG oslo_service.backend._eventlet.service [req-10c7c8fc-907a-4723-93e8-b2f4976bbdcc - - - - - -] oslo_policy.remote_ssl_client_key_file = None [00;33m{{(pid=2724720) log_opt_values /opt/stack/data/venv/lib/python3.12/site-packages/oslo_config/cfg.py:3560}}[00m
2026-10-06 20:01:02.225 2724720 DEBUG oslo_service.backend._eventlet.service [req-10c7c8fc-907a-4723-93e8-b2f4976bbdcc - - - - - -] oslo_policy.remote_ssl_verify_server_crt = False [00;33m{{(pid=2724720) log_opt_values /opt/stack/data/venv/lib/python3.12/site-packages/oslo_config/cfg.py:3560}}[00m
2026-10-06 20:01:02.225 2724720 DEBUG oslo_service.backend._eventlet.service [req-10c7c8fc-907a-4723-93e8-b2f4976bbdcc - - - - - -] oslo_policy.remote_timeout     = 60.0 [00;33m{{(pid=2724720) log_opt_values /opt/stack/data/venv/lib/python3.12/site-packages/oslo_config/cfg.py:3560}}[00m
2026-10-06 20:01:02.225 2724720 DEBUG oslo_service.backend._eventlet.service [req-10c7c8fc-907a-4723-93e8-b2f4976bbdcc - - - - - -] privsep_osbrick.capabilities   = [21, 2] [00;33m{{(pid=2724720) log_opt_values /opt/stack/data/venv/lib/python3.12/site-packages/oslo_config/cfg.py:3560}}[00m
2026-10-06 20:01:02.226 2724720 DEBUG oslo_service.backend._eventlet.service [req-10c7c8fc-907a-4723-93e8-b2f4976bbdcc - - - - - -] privsep_osbrick.group          = None [00;33m{{(pid=2724720) log_opt_values /opt/stack/data/venv/lib/python3.12/site-packages/oslo_config/cfg.py:3560}}[00m
2026-10-06 20:01:02.226 2724720 DEBUG oslo_service.backend._eventlet.service [req-10c7c8fc-907a-4723-93e8-b2f4976bbdcc - - - - - -] privsep_osbrick.helper_command = None [00;33m{{(pid=2724720) log_opt_values /opt/stack/data/venv/lib/python3.12/site-packages/oslo_config/cfg.py:3560}}[00m
2026-10-06 20:01:02.226 2724720 DEBUG oslo_service.backend._eventlet.service [req-10c7c8fc-907a-4723-93e8-b2f4976bbdcc - - - - - -] privsep_osbrick.log_daemon_traceback = False [00;33m{{(pid=2724720) log_opt_values /opt/stack/data/venv/lib/python3.12/site-packages/oslo_config/cfg.py:3560}}[00m
2026-10-06 20:01:02.226 2724720 DEBUG oslo_service.backend._eventlet.service [req-10c7c8fc-907a-4723-93e8-b2f4976bbdcc - - - - - -] privsep_osbrick.logger_name    = brick_privsep_hide_output [00;33m{{(pid=2724720) log_opt_values /opt/stack/data/venv/lib/python3.12/site-packages/oslo_config/cfg.py:3560}}[00m
2026-10-06 20:01:02.226 2724720 DEBUG oslo_service.backend._eventlet.service [req-10c7c8fc-907a-4723-93e8-b2f4976bbdcc - - - - - -] privsep_osbrick.thread_pool_size = 128 [00;33m{{(pid=2724720) log_opt_values /opt/stack/data/venv/lib/python3.12/site-packages/oslo_config/cfg.py:3560}}[00m
2026-10-06 20:01:02.226 2724720 DEBUG oslo_service.backend._eventlet.service [req-10c7c8fc-907a-4723-93e8-b2f4976bbdcc - - - - - -] privsep_osbrick.user           = None [00;33m{{(pid=2724720) log_opt_values /opt/stack/data/venv/lib/python3.12/site-packages/oslo_config/cfg.py:3560}}[00m
2026-10-06 20:01:02.226 2724720 DEBUG oslo_service.backend._eventlet.service [req-10c7c8fc-907a-4723-93e8-b2f4976bbdcc - - - - - -] cinder_sys_admin.capabilities  = [0, 1, 2, 3, 12, 21] [00;33m{{(pid=2724720) log_opt_values /opt/stack/data/venv/lib/python3.12/site-packages/oslo_config/cfg.py:3560}}[00m
2026-10-06 20:01:02.226 2724720 DEBUG oslo_service.backend._eventlet.service [req-10c7c8fc-907a-4723-93e8-b2f4976bbdcc - - - - - -] cinder_sys_admin.group         = None [00;33m{{(pid=2724720) log_opt_values /opt/stack/data/venv/lib/python3.12/site-packages/oslo_config/cfg.py:3560}}[00m
2026-10-06 20:01:02.226 2724720 DEBUG oslo_service.backend._eventlet.service [req-10c7c8fc-907a-4723-93e8-b2f4976bbdcc - - - - - -] cinder_sys_admin.helper_command = None [00;33m{{(pid=2724720) log_opt_values /opt/stack/data/venv/lib/python3.12/site-packages/oslo_config/cfg.py:3560}}[00m
2026-10-06 20:01:02.226 2724720 DEBUG oslo_service.backend._eventlet.service [req-10c7c8fc-907a-4723-93e8-b2f4976bbdcc - - - - - -] cinder_sys_admin.log_daemon_traceback = False [00;33m{{(pid=2724720) log_opt_values /opt/stack/data/venv/lib/python3.12/site-packages/oslo_config/cfg.py:3560}}[00m
2026-10-06 20:01:02.226 2724720 DEBUG oslo_service.backend._eventlet.service [req-10c7c8fc-907a-4723-93e8-b2f4976bbdcc - - - - - -] cinder_sys_admin.logger_name   = oslo_privsep.daemon [00;33m{{(pid=2724720) log_opt_values /opt/stack/data/venv/lib/python3.12/site-packages/oslo_config/cfg.py:3560}}[00m
2026-10-06 20:01:02.226 2724720 DEBUG oslo_service.backend._eventlet.service [req-10c7c8fc-907a-4723-93e8-b2f4976bbdcc - - - - - -] cinder_sys_admin.thread_pool_size = 128 [00;33m{{(pid=2724720) log_opt_values /opt/stack/data/venv/lib/python3.12/site-packages/oslo_config/cfg.py:3560}}[00m
2026-10-06 20:01:02.227 2724720 DEBUG oslo_service.backend._eventlet.service [req-10c7c8fc-907a-4723-93e8-b2f4976bbdcc - - - - - -] cinder_sys_admin.user          = None [00;33m{{(pid=2724720) log_opt_values /opt/stack/data/venv/lib/python3.12/site-packages/oslo_config/cfg.py:3560}}[00m
2026-10-06 20:01:02.227 2724720 DEBUG oslo_service.backend._eventlet.service [req-10c7c8fc-907a-4723-93e8-b2f4976bbdcc - - - - - -] service_user.auth_section      = None [00;33m{{(pid=2724720) log_opt_values /opt/stack/data/venv/lib/python3.12/site-packages/oslo_config/cfg.py:3560}}[00m
2026-10-06 20:01:02.227 2724720 DEBUG oslo_service.backend._eventlet.service [req-10c7c8fc-907a-4723-93e8-b2f4976bbdcc - - - - - -] service_user.auth_type         = password [00;33m{{(pid=2724720) log_opt_values /opt/stack/data/venv/lib/python3.12/site-packages/oslo_config/cfg.py:3560}}[00m
2026-10-06 20:01:02.227 2724720 DEBUG oslo_service.backend._eventlet.service [req-10c7c8fc-907a-4723-93e8-b2f4976bbdcc - - - - - -] service_user.cafile            = None [00;33m{{(pid=2724720) log_opt_values /opt/stack/data/venv/lib/python3.12/site-packages/oslo_config/cfg.py:3560}}[00m
2026-10-06 20:01:02.227 2724720 DEBUG oslo_service.backend._eventlet.service [req-10c7c8fc-907a-4723-93e8-b2f4976bbdcc - - - - - -] service_user.certfile          = None [00;33m{{(pid=2724720) log_opt_values /opt/stack/data/venv/lib/python3.12/site-packages/oslo_config/cfg.py:3560}}[00m
2026-10-06 20:01:02.227 2724720 DEBUG oslo_service.backend._eventlet.service [req-10c7c8fc-907a-4723-93e8-b2f4976bbdcc - - - - - -] service_user.collect_timing    = False [00;33m{{(pid=2724720) log_opt_values /opt/stack/data/venv/lib/python3.12/site-packages/oslo_config/cfg.py:3560}}[00m
2026-10-06 20:01:02.227 2724720 DEBUG oslo_service.backend._eventlet.service [req-10c7c8fc-907a-4723-93e8-b2f4976bbdcc - - - - - -] service_user.insecure          = False [00;33m{{(pid=2724720) log_opt_values /opt/stack/data/venv/lib/python3.12/site-packages/oslo_config/cfg.py:3560}}[00m
2026-10-06 20:01:02.227 2724720 DEBUG oslo_service.backend._eventlet.service [req-10c7c8fc-907a-4723-93e8-b2f4976bbdcc - - - - - -] service_user.keyfile           = None [00;33m{{(pid=2724720) log_opt_values /opt/stack/data/venv/lib/python3.12/site-packages/oslo_config/cfg.py:3560}}[00m
2026-10-06 20:01:02.227 2724720 DEBUG oslo_service.backend._eventlet.service [req-10c7c8fc-907a-4723-93e8-b2f4976bbdcc - - - - - -] service_user.send_service_user_token = True [00;33m{{(pid=2724720) log_opt_values /opt/stack/data/venv/lib/python3.12/site-packages/oslo_config/cfg.py:3560}}[00m
2026-10-06 20:01:02.227 2724720 DEBUG oslo_service.backend._eventlet.service [req-10c7c8fc-907a-4723-93e8-b2f4976bbdcc - - - - - -] service_user.split_loggers     = False [00;33m{{(pid=2724720) log_opt_values /opt/stack/data/venv/lib/python3.12/site-packages/oslo_config/cfg.py:3560}}[00m
2026-10-06 20:01:02.227 2724720 DEBUG oslo_service.backend._eventlet.service [req-10c7c8fc-907a-4723-93e8-b2f4976bbdcc - - - - - -] service_user.timeout           = None [00;33m{{(pid=2724720) log_opt_values /opt/stack/data/venv/lib/python3.12/site-packages/oslo_config/cfg.py:3560}}[00m
2026-10-06 20:01:02.227 2724720 DEBUG oslo_service.backend._eventlet.service [req-10c7c8fc-907a-4723-93e8-b2f4976bbdcc - - - - - -] service_user.tls_ciphers       = None [00;33m{{(pid=2724720) log_opt_values /opt/stack/data/venv/lib/python3.12/site-packages/oslo_config/cfg.py:3560}}[00m
2026-10-06 20:01:02.228 2724720 DEBUG oslo_service.backend._eventlet.service [req-10c7c8fc-907a-4723-93e8-b2f4976bbdcc - - - - - -] service_user.tls_min_version   = None [00;33m{{(pid=2724720) log_opt_values /opt/stack/data/venv/lib/python3.12/site-packages/oslo_config/cfg.py:3560}}[00m
2026-10-06 20:01:02.228 2724720 DEBUG oslo_service.backend._eventlet.service [req-10c7c8fc-907a-4723-93e8-b2f4976bbdcc - - - - - -] glance.auth_section            = None [00;33m{{(pid=2724720) log_opt_values /opt/stack/data/venv/lib/python3.12/site-packages/oslo_config/cfg.py:3560}}[00m
2026-10-06 20:01:02.228 2724720 DEBUG oslo_service.backend._eventlet.service [req-10c7c8fc-907a-4723-93e8-b2f4976bbdcc - - - - - -] glance.auth_type               = password [00;33m{{(pid=2724720) log_opt_values /opt/stack/data/venv/lib/python3.12/site-packages/oslo_config/cfg.py:3560}}[00m
2026-10-06 20:01:02.228 2724720 DEBUG oslo_service.backend._eventlet.service [req-10c7c8fc-907a-4723-93e8-b2f4976bbdcc - - - - - -] glance.cafile                  = /opt/stack/data/ca-bundle.pem [00;33m{{(pid=2724720) log_opt_values /opt/stack/data/venv/lib/python3.12/site-packages/oslo_config/cfg.py:3560}}[00m
2026-10-06 20:01:02.228 2724720 DEBUG oslo_service.backend._eventlet.service [req-10c7c8fc-907a-4723-93e8-b2f4976bbdcc - - - - - -] glance.certfile                = None [00;33m{{(pid=2724720) log_opt_values /opt/stack/data/venv/lib/python3.12/site-packages/oslo_config/cfg.py:3560}}[00m
2026-10-06 20:01:02.228 2724720 DEBUG oslo_service.backend._eventlet.service [req-10c7c8fc-907a-4723-93e8-b2f4976bbdcc - - - - - -] glance.collect_timing          = False [00;33m{{(pid=2724720) log_opt_values /opt/stack/data/venv/lib/python3.12/site-packages/oslo_config/cfg.py:3560}}[00m
2026-10-06 20:01:02.228 2724720 DEBUG oslo_service.backend._eventlet.service [req-10c7c8fc-907a-4723-93e8-b2f4976bbdcc - - - - - -] glance.insecure                = False [00;33m{{(pid=2724720) log_opt_values /opt/stack/data/venv/lib/python3.12/site-packages/oslo_config/cfg.py:3560}}[00m
2026-10-06 20:01:02.228 2724720 DEBUG oslo_service.backend._eventlet.service [req-10c7c8fc-907a-4723-93e8-b2f4976bbdcc - - - - - -] glance.keyfile                 = None [00;33m{{(pid=2724720) log_opt_values /opt/stack/data/venv/lib/python3.12/site-packages/oslo_config/cfg.py:3560}}[00m
2026-10-06 20:01:02.228 2724720 DEBUG oslo_service.backend._eventlet.service [req-10c7c8fc-907a-4723-93e8-b2f4976bbdcc - - - - - -] glance.region_name             = None [00;33m{{(pid=2724720) log_opt_values /opt/stack/data/venv/lib/python3.12/site-packages/oslo_config/cfg.py:3560}}[00m
2026-10-06 20:01:02.228 2724720 DEBUG oslo_service.backend._eventlet.service [req-10c7c8fc-907a-4723-93e8-b2f4976bbdcc - - - - - -] glance.split_loggers           = False [00;33m{{(pid=2724720) log_opt_values /opt/stack/data/venv/lib/python3.12/site-packages/oslo_config/cfg.py:3560}}[00m
2026-10-06 20:01:02.228 2724720 DEBUG oslo_service.backend._eventlet.service [req-10c7c8fc-907a-4723-93e8-b2f4976bbdcc - - - - - -] glance.timeout                 = None [00;33m{{(pid=2724720) log_opt_values /opt/stack/data/venv/lib/python3.12/site-packages/oslo_config/cfg.py:3560}}[00m
2026-10-06 20:01:02.228 2724720 DEBUG oslo_service.backend._eventlet.service [req-10c7c8fc-907a-4723-93e8-b2f4976bbdcc - - - - - -] glance.tls_ciphers             = None [00;33m{{(pid=2724720) log_opt_values /opt/stack/data/venv/lib/python3.12/site-packages/oslo_config/cfg.py:3560}}[00m
2026-10-06 20:01:02.229 2724720 DEBUG oslo_service.backend._eventlet.service [req-10c7c8fc-907a-4723-93e8-b2f4976bbdcc - - - - - -] glance.tls_min_version         = None [00;33m{{(pid=2724720) log_opt_values /opt/stack/data/venv/lib/python3.12/site-packages/oslo_config/cfg.py:3560}}[00m
2026-10-06 20:01:02.229 2724720 DEBUG oslo_service.backend._eventlet.service [req-10c7c8fc-907a-4723-93e8-b2f4976bbdcc - - - - - -] backend_defaults.backend_availability_zone = None [00;33m{{(pid=2724720) log_opt_values /opt/stack/data/venv/lib/python3.12/site-packages/oslo_config/cfg.py:3560}}[00m
2026-10-06 20:01:02.229 2724720 DEBUG oslo_service.backend._eventlet.service [req-10c7c8fc-907a-4723-93e8-b2f4976bbdcc - - - - - -] backend_defaults.backend_native_threads_pool_size = 20 [00;33m{{(pid=2724720) log_opt_values /opt/stack/data/venv/lib/python3.12/site-packages/oslo_config/cfg.py:3560}}[00m
2026-10-06 20:01:02.229 2724720 DEBUG oslo_service.backend._eventlet.service [req-10c7c8fc-907a-4723-93e8-b2f4976bbdcc - - - - - -] backend_defaults.backup_use_temp_snapshot = False [00;33m{{(pid=2724720) log_opt_values /opt/stack/data/venv/lib/python3.12/site-packages/oslo_config/cfg.py:3560}}[00m
2026-10-06 20:01:02.229 2724720 DEBUG oslo_service.backend._eventlet.service [req-10c7c8fc-907a-4723-93e8-b2f4976bbdcc - - - - - -] backend_defaults.chap_password = **** [00;33m{{(pid=2724720) log_opt_values /opt/stack/data/venv/lib/python3.12/site-packages/oslo_config/cfg.py:3560}}[00m
2026-10-06 20:01:02.229 2724720 DEBUG oslo_service.backend._eventlet.service [req-10c7c8fc-907a-4723-93e8-b2f4976bbdcc - - - - - -] backend_defaults.chap_username =  [00;33m{{(pid=2724720) log_opt_values /opt/stack/data/venv/lib/python3.12/site-packages/oslo_config/cfg.py:3560}}[00m
2026-10-06 20:01:02.229 2724720 DEBUG oslo_service.backend._eventlet.service [req-10c7c8fc-907a-4723-93e8-b2f4976bbdcc - - - - - -] backend_defaults.chiscsi_conf  = /etc/chelsio-iscsi/chiscsi.conf [00;33m{{(pid=2724720) log_opt_values /opt/stack/data/venv/lib/python3.12/site-packages/oslo_config/cfg.py:3560}}[00m
2026-10-06 20:01:02.229 2724720 DEBUG oslo_service.backend._eventlet.service [req-10c7c8fc-907a-4723-93e8-b2f4976bbdcc - - - - - -] backend_defaults.disk_geometry = None [00;33m{{(pid=2724720) log_opt_values /opt/stack/data/venv/lib/python3.12/site-packages/oslo_config/cfg.py:3560}}[00m
2026-10-06 20:01:02.229 2724720 DEBUG oslo_service.backend._eventlet.service [req-10c7c8fc-907a-4723-93e8-b2f4976bbdcc - - - - - -] backend_defaults.driver_client_cert = None [00;33m{{(pid=2724720) log_opt_values /opt/stack/data/venv/lib/python3.12/site-packages/oslo_config/cfg.py:3560}}[00m
2026-10-06 20:01:02.229 2724720 DEBUG oslo_service.backend._eventlet.service [req-10c7c8fc-907a-4723-93e8-b2f4976bbdcc - - - - - -] backend_defaults.driver_client_cert_key = None [00;33m{{(pid=2724720) log_opt_values /opt/stack/data/venv/lib/python3.12/site-packages/oslo_config/cfg.py:3560}}[00m
2026-10-06 20:01:02.229 2724720 DEBUG oslo_service.backend._eventlet.service [req-10c7c8fc-907a-4723-93e8-b2f4976bbdcc - - - - - -] backend_defaults.driver_data_namespace = None [00;33m{{(pid=2724720) log_opt_values /opt/stack/data/venv/lib/python3.12/site-packages/oslo_config/cfg.py:3560}}[00m
2026-10-06 20:01:02.229 2724720 DEBUG oslo_service.backend._eventlet.service [req-10c7c8fc-907a-4723-93e8-b2f4976bbdcc - - - - - -] backend_defaults.driver_ssl_cert_path = None [00;33m{{(pid=2724720) log_opt_values /opt/stack/data/venv/lib/python3.12/site-packages/oslo_config/cfg.py:3560}}[00m
2026-10-06 20:01:02.229 2724720 DEBUG oslo_service.backend._eventlet.service [req-10c7c8fc-907a-4723-93e8-b2f4976bbdcc - - - - - -] backend_defaults.driver_ssl_cert_verify = False [00;33m{{(pid=2724720) log_opt_values /opt/stack/data/venv/lib/python3.12/site-packages/oslo_config/cfg.py:3560}}[00m
2026-10-06 20:01:02.230 2724720 DEBUG oslo_service.backend._eventlet.service [req-10c7c8fc-907a-4723-93e8-b2f4976bbdcc - - - - - -] backend_defaults.driver_use_ssl = False [00;33m{{(pid=2724720) log_opt_values /opt/stack/data/venv/lib/python3.12/site-packages/oslo_config/cfg.py:3560}}[00m
2026-10-06 20:01:02.230 2724720 DEBUG oslo_service.backend._eventlet.service [req-10c7c8fc-907a-4723-93e8-b2f4976bbdcc - - - - - -] backend_defaults.enable_unsupported_driver = False [00;33m{{(pid=2724720) log_opt_values /opt/stack/data/venv/lib/python3.12/site-packages/oslo_config/cfg.py:3560}}[00m
2026-10-06 20:01:02.230 2724720 DEBUG oslo_service.backend._eventlet.service [req-10c7c8fc-907a-4723-93e8-b2f4976bbdcc - - - - - -] backend_defaults.enforce_multipath_for_image_xfer = False [00;33m{{(pid=2724720) log_opt_values /opt/stack/data/venv/lib/python3.12/site-packages/oslo_config/cfg.py:3560}}[00m
2026-10-06 20:01:02.230 2724720 DEBUG oslo_service.backend._eventlet.service [req-10c7c8fc-907a-4723-93e8-b2f4976bbdcc - - - - - -] backend_defaults.extra_capabilities = {} [00;33m{{(pid=2724720) log_opt_values /opt/stack/data/venv/lib/python3.12/site-packages/oslo_config/cfg.py:3560}}[00m
2026-10-06 20:01:02.230 2724720 DEBUG oslo_service.backend._eventlet.service [req-10c7c8fc-907a-4723-93e8-b2f4976bbdcc - - - - - -] backend_defaults.filter_function = None [00;33m{{(pid=2724720) log_opt_values /opt/stack/data/venv/lib/python3.12/site-packages/oslo_config/cfg.py:3560}}[00m
2026-10-06 20:01:02.230 2724720 DEBUG oslo_service.backend._eventlet.service [req-10c7c8fc-907a-4723-93e8-b2f4976bbdcc - - - - - -] backend_defaults.goodness_function = None [00;33m{{(pid=2724720) log_opt_values /opt/stack/data/venv/lib/python3.12/site-packages/oslo_config/cfg.py:3560}}[00m
2026-10-06 20:01:02.230 2724720 DEBUG oslo_service.backend._eventlet.service [req-10c7c8fc-907a-4723-93e8-b2f4976bbdcc - - - - - -] backend_defaults.hitachi_async_copy_check_interval = 10 [00;33m{{(pid=2724720) log_opt_values /opt/stack/data/venv/lib/python3.12/site-packages/oslo_config/cfg.py:3560}}[00m
2026-10-06 20:01:02.230 2724720 DEBUG oslo_service.backend._eventlet.service [req-10c7c8fc-907a-4723-93e8-b2f4976bbdcc - - - - - -] backend_defaults.hitachi_compute_target_ports = [] [00;33m{{(pid=2724720) log_opt_values /opt/stack/data/venv/lib/python3.12/site-packages/oslo_config/cfg.py:3560}}[00m
2026-10-06 20:01:02.230 2724720 DEBUG oslo_service.backend._eventlet.service [req-10c7c8fc-907a-4723-93e8-b2f4976bbdcc - - - - - -] backend_defaults.hitachi_copy_check_interval = 3 [00;33m{{(pid=2724720) log_opt_values /opt/stack/data/venv/lib/python3.12/site-packages/oslo_config/cfg.py:3560}}[00m
2026-10-06 20:01:02.230 2724720 DEBUG oslo_service.backend._eventlet.service [req-10c7c8fc-907a-4723-93e8-b2f4976bbdcc - - - - - -] backend_defaults.hitachi_copy_speed = 3 [00;33m{{(pid=2724720) log_opt_values /opt/stack/data/venv/lib/python3.12/site-packages/oslo_config/cfg.py:3560}}[00m
2026-10-06 20:01:02.230 2724720 DEBUG oslo_service.backend._eventlet.service [req-10c7c8fc-907a-4723-93e8-b2f4976bbdcc - - - - - -] backend_defaults.hitachi_discard_zero_page = True [00;33m{{(pid=2724720) log_opt_values /opt/stack/data/venv/lib/python3.12/site-packages/oslo_config/cfg.py:3560}}[00m
2026-10-06 20:01:02.230 2724720 DEBUG oslo_service.backend._eventlet.service [req-10c7c8fc-907a-4723-93e8-b2f4976bbdcc - - - - - -] backend_defaults.hitachi_exec_retry_interval = 5 [00;33m{{(pid=2724720) log_opt_values /opt/stack/data/venv/lib/python3.12/site-packages/oslo_config/cfg.py:3560}}[00m
2026-10-06 20:01:02.231 2724720 DEBUG oslo_service.backend._eventlet.service [req-10c7c8fc-907a-4723-93e8-b2f4976bbdcc - - - - - -] backend_defaults.hitachi_extend_snapshot_volumes = False [00;33m{{(pid=2724720) log_opt_values /opt/stack/data/venv/lib/python3.12/site-packages/oslo_config/cfg.py:3560}}[00m
2026-10-06 20:01:02.231 2724720 DEBUG oslo_service.backend._eventlet.service [req-10c7c8fc-907a-4723-93e8-b2f4976bbdcc - - - - - -] backend_defaults.hitachi_extend_timeout = 600 [00;33m{{(pid=2724720) log_opt_values /opt/stack/data/venv/lib/python3.12/site-packages/oslo_config/cfg.py:3560}}[00m
2026-10-06 20:01:02.231 2724720 DEBUG oslo_service.backend._eventlet.service [req-10c7c8fc-907a-4723-93e8-b2f4976bbdcc - - - - - -] backend_defaults.hitachi_group_create = False [00;33m{{(pid=2724720) log_opt_values /opt/stack/data/venv/lib/python3.12/site-packages/oslo_config/cfg.py:3560}}[00m
2026-10-06 20:01:02.231 2724720 DEBUG oslo_service.backend._eventlet.service [req-10c7c8fc-907a-4723-93e8-b2f4976bbdcc - - - - - -] backend_defaults.hitachi_group_delete = False [00;33m{{(pid=2724720) log_opt_values /opt/stack/data/venv/lib/python3.12/site-packages/oslo_config/cfg.py:3560}}[00m
2026-10-06 20:01:02.231 2724720 DEBUG oslo_service.backend._eventlet.service [req-10c7c8fc-907a-4723-93e8-b2f4976bbdcc - - - - - -] backend_defaults.hitachi_group_name_format = None [00;33m{{(pid=2724720) log_opt_values /opt/stack/data/venv/lib/python3.12/site-packages/oslo_config/cfg.py:3560}}[00m
2026-10-06 20:01:02.231 2724720 DEBUG oslo_service.backend._eventlet.service [req-10c7c8fc-907a-4723-93e8-b2f4976bbdcc - - - - - -] backend_defaults.hitachi_host_mode_options = [] [00;33m{{(pid=2724720) log_opt_values /opt/stack/data/venv/lib/python3.12/site-packages/oslo_config/cfg.py:3560}}[00m
2026-10-06 20:01:02.231 2724720 DEBUG oslo_service.backend._eventlet.service [req-10c7c8fc-907a-4723-93e8-b2f4976bbdcc - - - - - -] backend_defaults.hitachi_ldev_range = None [00;33m{{(pid=2724720) log_opt_values /opt/stack/data/venv/lib/python3.12/site-packages/oslo_config/cfg.py:3560}}[00m
2026-10-06 20:01:02.231 2724720 DEBUG oslo_service.backend._eventlet.service [req-10c7c8fc-907a-4723-93e8-b2f4976bbdcc - - - - - -] backend_defaults.hitachi_lock_timeout = 7200 [00;33m{{(pid=2724720) log_opt_values /opt/stack/data/venv/lib/python3.12/site-packages/oslo_config/cfg.py:3560}}[00m
2026-10-06 20:01:02.231 2724720 DEBUG oslo_service.backend._eventlet.service [req-10c7c8fc-907a-4723-93e8-b2f4976bbdcc - - - - - -] backend_defaults.hitachi_lun_retry_interval = 1 [00;33m{{(pid=2724720) log_opt_values /opt/stack/data/venv/lib/python3.12/site-packages/oslo_config/cfg.py:3560}}[00m
2026-10-06 20:01:02.231 2724720 DEBUG oslo_service.backend._eventlet.service [req-10c7c8fc-907a-4723-93e8-b2f4976bbdcc - - - - - -] backend_defaults.hitachi_lun_timeout = 50 [00;33m{{(pid=2724720) log_opt_values /opt/stack/data/venv/lib/python3.12/site-packages/oslo_config/cfg.py:3560}}[00m
2026-10-06 20:01:02.231 2724720 DEBUG oslo_service.backend._eventlet.service [req-10c7c8fc-907a-4723-93e8-b2f4976bbdcc - - - - - -] backend_defaults.hitachi_manage_drs_volumes = False [00;33m{{(pid=2724720) log_opt_values /opt/stack/data/venv/lib/python3.12/site-packages/oslo_config/cfg.py:3560}}[00m
2026-10-06 20:01:02.231 2724720 DEBUG oslo_service.backend._eventlet.service [req-10c7c8fc-907a-4723-93e8-b2f4976bbdcc - - - - - -] backend_defaults.hitachi_mirror_compute_target_ports = [] [00;33m{{(pid=2724720) log_opt_values /opt/stack/data/venv/lib/python3.12/site-packages/oslo_config/cfg.py:3560}}[00m
2026-10-06 20:01:02.232 2724720 DEBUG oslo_service.backend._eventlet.service [req-10c7c8fc-907a-4723-93e8-b2f4976bbdcc - - - - - -] backend_defaults.hitachi_mirror_ldev_range = None [00;33m{{(pid=2724720) log_opt_values /opt/stack/data/venv/lib/python3.12/site-packages/oslo_config/cfg.py:3560}}[00m
2026-10-06 20:01:02.232 2724720 DEBUG oslo_service.backend._eventlet.service [req-10c7c8fc-907a-4723-93e8-b2f4976bbdcc - - - - - -] backend_defaults.hitachi_mirror_pair_target_number = 0 [00;33m{{(pid=2724720) log_opt_values /opt/stack/data/venv/lib/python3.12/site-packages/oslo_config/cfg.py:3560}}[00m
2026-10-06 20:01:02.232 2724720 DEBUG oslo_service.backend._eventlet.service [req-10c7c8fc-907a-4723-93e8-b2f4976bbdcc - - - - - -] backend_defaults.hitachi_mirror_pool = None [00;33m{{(pid=2724720) log_opt_values /opt/stack/data/venv/lib/python3.12/site-packages/oslo_config/cfg.py:3560}}[00m
2026-10-06 20:01:02.232 2724720 DEBUG oslo_service.backend._eventlet.service [req-10c7c8fc-907a-4723-93e8-b2f4976bbdcc - - - - - -] backend_defaults.hitachi_mirror_snap_pool = None [00;33m{{(pid=2724720) log_opt_values /opt/stack/data/venv/lib/python3.12/site-packages/oslo_config/cfg.py:3560}}[00m
2026-10-06 20:01:02.232 2724720 DEBUG oslo_service.backend._eventlet.service [req-10c7c8fc-907a-4723-93e8-b2f4976bbdcc - - - - - -] backend_defaults.hitachi_mirror_storage_id = None [00;33m{{(pid=2724720) log_opt_values /opt/stack/data/venv/lib/python3.12/site-packages/oslo_config/cfg.py:3560}}[00m
2026-10-06 20:01:02.232 2724720 DEBUG oslo_service.backend._eventlet.service [req-10c7c8fc-907a-4723-93e8-b2f4976bbdcc - - - - - -] backend_defaults.hitachi_mirror_target_ports = [] [00;33m{{(pid=2724720) log_opt_values /opt/stack/data/venv/lib/python3.12/site-packages/oslo_config/cfg.py:3560}}[00m
2026-10-06 20:01:02.232 2724720 DEBUG oslo_service.backend._eventlet.service [req-10c7c8fc-907a-4723-93e8-b2f4976bbdcc - - - - - -] backend_defaults.hitachi_pair_target_number = 0 [00;33m{{(pid=2724720) log_opt_values /opt/stack/data/venv/lib/python3.12/site-packages/oslo_config/cfg.py:3560}}[00m
2026-10-06 20:01:02.232 2724720 DEBUG oslo_service.backend._eventlet.service [req-10c7c8fc-907a-4723-93e8-b2f4976bbdcc - - - - - -] backend_defaults.hitachi_pools = [] [00;33m{{(pid=2724720) log_opt_values /opt/stack/data/venv/lib/python3.12/site-packages/oslo_config/cfg.py:3560}}[00m
2026-10-06 20:01:02.232 2724720 DEBUG oslo_service.backend._eventlet.service [req-10c7c8fc-907a-4723-93e8-b2f4976bbdcc - - - - - -] backend_defaults.hitachi_port_scheduler = False [00;33m{{(pid=2724720) log_opt_values /opt/stack/data/venv/lib/python3.12/site-packages/oslo_config/cfg.py:3560}}[00m
2026-10-06 20:01:02.232 2724720 DEBUG oslo_service.backend._eventlet.service [req-10c7c8fc-907a-4723-93e8-b2f4976bbdcc - - - - - -] backend_defaults.hitachi_rest_another_ldev_mapped_retry_timeout = 600 [00;33m{{(pid=2724720) log_opt_values /opt/stack/data/venv/lib/python3.12/site-packages/oslo_config/cfg.py:3560}}[00m
2026-10-06 20:01:02.232 2724720 DEBUG oslo_service.backend._eventlet.service [req-10c7c8fc-907a-4723-93e8-b2f4976bbdcc - - - - - -] backend_defaults.hitachi_rest_connect_timeout = 30 [00;33m{{(pid=2724720) log_opt_values /opt/stack/data/venv/lib/python3.12/site-packages/oslo_config/cfg.py:3560}}[00m
2026-10-06 20:01:02.232 2724720 DEBUG oslo_service.backend._eventlet.service [req-10c7c8fc-907a-4723-93e8-b2f4976bbdcc - - - - - -] backend_defaults.hitachi_rest_disable_io_wait = True [00;33m{{(pid=2724720) log_opt_values /opt/stack/data/venv/lib/python3.12/site-packages/oslo_config/cfg.py:3560}}[00m
2026-10-06 20:01:02.232 2724720 DEBUG oslo_service.backend._eventlet.service [req-10c7c8fc-907a-4723-93e8-b2f4976bbdcc - - - - - -] backend_defaults.hitachi_rest_get_api_response_timeout = 1800 [00;33m{{(pid=2724720) log_opt_values /opt/stack/data/venv/lib/python3.12/site-packages/oslo_config/cfg.py:3560}}[00m
2026-10-06 20:01:02.233 2724720 DEBUG oslo_service.backend._eventlet.service [req-10c7c8fc-907a-4723-93e8-b2f4976bbdcc - - - - - -] backend_defaults.hitachi_rest_job_api_response_timeout = 1800 [00;33m{{(pid=2724720) log_opt_values /opt/stack/data/venv/lib/python3.12/site-packages/oslo_config/cfg.py:3560}}[00m
2026-10-06 20:01:02.233 2724720 DEBUG oslo_service.backend._eventlet.service [req-10c7c8fc-907a-4723-93e8-b2f4976bbdcc - - - - - -] backend_defaults.hitachi_rest_keep_session_loop_interval = 180 [00;33m{{(pid=2724720) log_opt_values /opt/stack/data/venv/lib/python3.12/site-packages/oslo_config/cfg.py:3560}}[00m
2026-10-06 20:01:02.233 2724720 DEBUG oslo_service.backend._eventlet.service [req-10c7c8fc-907a-4723-93e8-b2f4976bbdcc - - - - - -] backend_defaults.hitachi_rest_max_request_workers = 8 [00;33m{{(pid=2724720) log_opt_values /opt/stack/data/venv/lib/python3.12/site-packages/oslo_config/cfg.py:3560}}[00m
2026-10-06 20:01:02.233 2724720 DEBUG oslo_service.backend._eventlet.service [req-10c7c8fc-907a-4723-93e8-b2f4976bbdcc - - - - - -] backend_defaults.hitachi_rest_pair_target_ports = [] [00;33m{{(pid=2724720) log_opt_values /opt/stack/data/venv/lib/python3.12/site-packages/oslo_config/cfg.py:3560}}[00m
2026-10-06 20:01:02.233 2724720 DEBUG oslo_service.backend._eventlet.service [req-10c7c8fc-907a-4723-93e8-b2f4976bbdcc - - - - - -] backend_defaults.hitachi_rest_server_busy_timeout = 7200 [00;33m{{(pid=2724720) log_opt_values /opt/stack/data/venv/lib/python3.12/site-packages/oslo_config/cfg.py:3560}}[00m
2026-10-06 20:01:02.233 2724720 DEBUG oslo_service.backend._eventlet.service [req-10c7c8fc-907a-4723-93e8-b2f4976bbdcc - - - - - -] backend_defaults.hitachi_rest_tcp_keepalive = True [00;33m{{(pid=2724720) log_opt_values /opt/stack/data/venv/lib/python3.12/site-packages/oslo_config/cfg.py:3560}}[00m
2026-10-06 20:01:02.233 2724720 DEBUG oslo_service.backend._eventlet.service [req-10c7c8fc-907a-4723-93e8-b2f4976bbdcc - - - - - -] backend_defaults.hitachi_rest_tcp_keepcnt = 4 [00;33m{{(pid=2724720) log_opt_values /opt/stack/data/venv/lib/python3.12/site-packages/oslo_config/cfg.py:3560}}[00m
2026-10-06 20:01:02.233 2724720 DEBUG oslo_service.backend._eventlet.service [req-10c7c8fc-907a-4723-93e8-b2f4976bbdcc - - - - - -] backend_defaults.hitachi_rest_tcp_keepidle = 60 [00;33m{{(pid=2724720) log_opt_values /opt/stack/data/venv/lib/python3.12/site-packages/oslo_config/cfg.py:3560}}[00m
2026-10-06 20:01:02.233 2724720 DEBUG oslo_service.backend._eventlet.service [req-10c7c8fc-907a-4723-93e8-b2f4976bbdcc - - - - - -] backend_defaults.hitachi_rest_tcp_keepintvl = 15 [00;33m{{(pid=2724720) log_opt_values /opt/stack/data/venv/lib/python3.12/site-packages/oslo_config/cfg.py:3560}}[00m
2026-10-06 20:01:02.233 2724720 DEBUG oslo_service.backend._eventlet.service [req-10c7c8fc-907a-4723-93e8-b2f4976bbdcc - - - - - -] backend_defaults.hitachi_rest_timeout = 30 [00;33m{{(pid=2724720) log_opt_values /opt/stack/data/venv/lib/python3.12/site-packages/oslo_config/cfg.py:3560}}[00m
2026-10-06 20:01:02.233 2724720 DEBUG oslo_service.backend._eventlet.service [req-10c7c8fc-907a-4723-93e8-b2f4976bbdcc - - - - - -] backend_defaults.hitachi_rest_use_object_caching = True [00;33m{{(pid=2724720) log_opt_values /opt/stack/data/venv/lib/python3.12/site-packages/oslo_config/cfg.py:3560}}[00m
2026-10-06 20:01:02.233 2724720 DEBUG oslo_service.backend._eventlet.service [req-10c7c8fc-907a-4723-93e8-b2f4976bbdcc - - - - - -] backend_defaults.hitachi_restore_timeout = 86400 [00;33m{{(pid=2724720) log_opt_values /opt/stack/data/venv/lib/python3.12/site-packages/oslo_config/cfg.py:3560}}[00m
2026-10-06 20:01:02.233 2724720 DEBUG oslo_service.backend._eventlet.service [req-10c7c8fc-907a-4723-93e8-b2f4976bbdcc - - - - - -] backend_defaults.hitachi_snap_pool = None [00;33m{{(pid=2724720) log_opt_values /opt/stack/data/venv/lib/python3.12/site-packages/oslo_config/cfg.py:3560}}[00m
2026-10-06 20:01:02.234 2724720 DEBUG oslo_service.backend._eventlet.service [req-10c7c8fc-907a-4723-93e8-b2f4976bbdcc - - - - - -] backend_defaults.hitachi_state_transition_timeout = 900 [00;33m{{(pid=2724720) log_opt_values /opt/stack/data/venv/lib/python3.12/site-packages/oslo_config/cfg.py:3560}}[00m
2026-10-06 20:01:02.234 2724720 DEBUG oslo_service.backend._eventlet.service [req-10c7c8fc-907a-4723-93e8-b2f4976bbdcc - - - - - -] backend_defaults.hitachi_storage_id = None [00;33m{{(pid=2724720) log_opt_values /opt/stack/data/venv/lib/python3.12/site-packages/oslo_config/cfg.py:3560}}[00m
2026-10-06 20:01:02.234 2724720 DEBUG oslo_service.backend._eventlet.service [req-10c7c8fc-907a-4723-93e8-b2f4976bbdcc - - - - - -] backend_defaults.hitachi_target_ports = [] [00;33m{{(pid=2724720) log_opt_values /opt/stack/data/venv/lib/python3.12/site-packages/oslo_config/cfg.py:3560}}[00m
2026-10-06 20:01:02.234 2724720 DEBUG oslo_service.backend._eventlet.service [req-10c7c8fc-907a-4723-93e8-b2f4976bbdcc - - - - - -] backend_defaults.image_upload_use_cinder_backend = False [00;33m{{(pid=2724720) log_opt_values /opt/stack/data/venv/lib/python3.12/site-packages/oslo_config/cfg.py:3560}}[00m
2026-10-06 20:01:02.234 2724720 DEBUG oslo_service.backend._eventlet.service [req-10c7c8fc-907a-4723-93e8-b2f4976bbdcc - - - - - -] backend_defaults.image_upload_use_internal_tenant = False [00;33m{{(pid=2724720) log_opt_values /opt/stack/data/venv/lib/python3.12/site-packages/oslo_config/cfg.py:3560}}[00m
2026-10-06 20:01:02.234 2724720 DEBUG oslo_service.backend._eventlet.service [req-10c7c8fc-907a-4723-93e8-b2f4976bbdcc - - - - - -] backend_defaults.image_volume_cache_enabled = False [00;33m{{(pid=2724720) log_opt_values /opt/stack/data/venv/lib/python3.12/site-packages/oslo_config/cfg.py:3560}}[00m
2026-10-06 20:01:02.234 2724720 DEBUG oslo_service.backend._eventlet.service [req-10c7c8fc-907a-4723-93e8-b2f4976bbdcc - - - - - -] backend_defaults.image_volume_cache_max_count = 0 [00;33m{{(pid=2724720) log_opt_values /opt/stack/data/venv/lib/python3.12/site-packages/oslo_config/cfg.py:3560}}[00m
2026-10-06 20:01:02.234 2724720 DEBUG oslo_service.backend._eventlet.service [req-10c7c8fc-907a-4723-93e8-b2f4976bbdcc - - - - - -] backend_defaults.image_volume_cache_max_size_gb = 0 [00;33m{{(pid=2724720) log_opt_values /opt/stack/data/venv/lib/python3.12/site-packages/oslo_config/cfg.py:3560}}[00m
2026-10-06 20:01:02.234 2724720 DEBUG oslo_service.backend._eventlet.service [req-10c7c8fc-907a-4723-93e8-b2f4976bbdcc - - - - - -] backend_defaults.iscsi_target_flags =  [00;33m{{(pid=2724720) log_opt_values /opt/stack/data/venv/lib/python3.12/site-packages/oslo_config/cfg.py:3560}}[00m
2026-10-06 20:01:02.234 2724720 DEBUG oslo_service.backend._eventlet.service [req-10c7c8fc-907a-4723-93e8-b2f4976bbdcc - - - - - -] backend_defaults.iscsi_write_cache = on [00;33m{{(pid=2724720) log_opt_values /opt/stack/data/venv/lib/python3.12/site-packages/oslo_config/cfg.py:3560}}[00m
2026-10-06 20:01:02.234 2724720 DEBUG oslo_service.backend._eventlet.service [req-10c7c8fc-907a-4723-93e8-b2f4976bbdcc - - - - - -] backend_defaults.iser_helper   = tgtadm [00;33m{{(pid=2724720) log_opt_values /opt/stack/data/venv/lib/python3.12/site-packages/oslo_config/cfg.py:3560}}[00m
2026-10-06 20:01:02.235 2724720 DEBUG oslo_service.backend._eventlet.service [req-10c7c8fc-907a-4723-93e8-b2f4976bbdcc - - - - - -] backend_defaults.iser_ip_address = 172.25.92.210 [00;33m{{(pid=2724720) log_opt_values /opt/stack/data/venv/lib/python3.12/site-packages/oslo_config/cfg.py:3560}}[00m
2026-10-06 20:01:02.235 2724720 DEBUG oslo_service.backend._eventlet.service [req-10c7c8fc-907a-4723-93e8-b2f4976bbdcc - - - - - -] backend_defaults.iser_port     = 3260 [00;33m{{(pid=2724720) log_opt_values /opt/stack/data/venv/lib/python3.12/site-packages/oslo_config/cfg.py:3560}}[00m
2026-10-06 20:01:02.235 2724720 DEBUG oslo_service.backend._eventlet.service [req-10c7c8fc-907a-4723-93e8-b2f4976bbdcc - - - - - -] backend_defaults.iser_target_prefix = iqn.2010-10.org.openstack: [00;33m{{(pid=2724720) log_opt_values /opt/stack/data/venv/lib/python3.12/site-packages/oslo_config/cfg.py:3560}}[00m
2026-10-06 20:01:02.235 2724720 DEBUG oslo_service.backend._eventlet.service [req-10c7c8fc-907a-4723-93e8-b2f4976bbdcc - - - - - -] backend_defaults.max_over_subscription_ratio = 20.0 [00;33m{{(pid=2724720) log_opt_values /opt/stack/data/venv/lib/python3.12/site-packages/oslo_config/cfg.py:3560}}[00m
2026-10-06 20:01:02.235 2724720 DEBUG oslo_service.backend._eventlet.service [req-10c7c8fc-907a-4723-93e8-b2f4976bbdcc - - - - - -] backend_defaults.num_iser_scan_tries = 3 [00;33m{{(pid=2724720) log_opt_values /opt/stack/data/venv/lib/python3.12/site-packages/oslo_config/cfg.py:3560}}[00m
2026-10-06 20:01:02.235 2724720 DEBUG oslo_service.backend._eventlet.service [req-10c7c8fc-907a-4723-93e8-b2f4976bbdcc - - - - - -] backend_defaults.num_shell_tries = 3 [00;33m{{(pid=2724720) log_opt_values /opt/stack/data/venv/lib/python3.12/site-packages/oslo_config/cfg.py:3560}}[00m
2026-10-06 20:01:02.235 2724720 DEBUG oslo_service.backend._eventlet.service [req-10c7c8fc-907a-4723-93e8-b2f4976bbdcc - - - - - -] backend_defaults.num_volume_device_scan_tries = 3 [00;33m{{(pid=2724720) log_opt_values /opt/stack/data/venv/lib/python3.12/site-packages/oslo_config/cfg.py:3560}}[00m
2026-10-06 20:01:02.235 2724720 DEBUG oslo_service.backend._eventlet.service [req-10c7c8fc-907a-4723-93e8-b2f4976bbdcc - - - - - -] backend_defaults.nvmeof_conn_info_version = 1 [00;33m{{(pid=2724720) log_opt_values /opt/stack/data/venv/lib/python3.12/site-packages/oslo_config/cfg.py:3560}}[00m
2026-10-06 20:01:02.235 2724720 DEBUG oslo_service.backend._eventlet.service [req-10c7c8fc-907a-4723-93e8-b2f4976bbdcc - - - - - -] backend_defaults.nvmet_ns_id   = 10 [00;33m{{(pid=2724720) log_opt_values /opt/stack/data/venv/lib/python3.12/site-packages/oslo_config/cfg.py:3560}}[00m
2026-10-06 20:01:02.235 2724720 DEBUG oslo_service.backend._eventlet.service [req-10c7c8fc-907a-4723-93e8-b2f4976bbdcc - - - - - -] backend_defaults.nvmet_port_id = 1 [00;33m{{(pid=2724720) log_opt_values /opt/stack/data/venv/lib/python3.12/site-packages/oslo_config/cfg.py:3560}}[00m
2026-10-06 20:01:02.235 2724720 DEBUG oslo_service.backend._eventlet.service [req-10c7c8fc-907a-4723-93e8-b2f4976bbdcc - - - - - -] backend_defaults.replication_device = **** [00;33m{{(pid=2724720) log_opt_values /opt/stack/data/venv/lib/python3.12/site-packages/oslo_config/cfg.py:3560}}[00m
2026-10-06 20:01:02.236 2724720 DEBUG oslo_service.backend._eventlet.service [req-10c7c8fc-907a-4723-93e8-b2f4976bbdcc - - - - - -] backend_defaults.report_discard_supported = False [00;33m{{(pid=2724720) log_opt_values /opt/stack/data/venv/lib/python3.12/site-packages/oslo_config/cfg.py:3560}}[00m
2026-10-06 20:01:02.236 2724720 DEBUG oslo_service.backend._eventlet.service [req-10c7c8fc-907a-4723-93e8-b2f4976bbdcc - - - - - -] backend_defaults.reserved_percentage = 0 [00;33m{{(pid=2724720) log_opt_values /opt/stack/data/venv/lib/python3.12/site-packages/oslo_config/cfg.py:3560}}[00m
2026-10-06 20:01:02.236 2724720 DEBUG oslo_service.backend._eventlet.service [req-10c7c8fc-907a-4723-93e8-b2f4976bbdcc - - - - - -] backend_defaults.san_api_port  = None [00;33m{{(pid=2724720) log_opt_values /opt/stack/data/venv/lib/python3.12/site-packages/oslo_config/cfg.py:3560}}[00m
2026-10-06 20:01:02.236 2724720 DEBUG oslo_service.backend._eventlet.service [req-10c7c8fc-907a-4723-93e8-b2f4976bbdcc - - - - - -] backend_defaults.san_clustername =  [00;33m{{(pid=2724720) log_opt_values /opt/stack/data/venv/lib/python3.12/site-packages/oslo_config/cfg.py:3560}}[00m
2026-10-06 20:01:02.236 2724720 DEBUG oslo_service.backend._eventlet.service [req-10c7c8fc-907a-4723-93e8-b2f4976bbdcc - - - - - -] backend_defaults.san_ip        =  [00;33m{{(pid=2724720) log_opt_values /opt/stack/data/venv/lib/python3.12/site-packages/oslo_config/cfg.py:3560}}[00m
2026-10-06 20:01:02.236 2724720 DEBUG oslo_service.backend._eventlet.service [req-10c7c8fc-907a-4723-93e8-b2f4976bbdcc - - - - - -] backend_defaults.san_is_local  = False [00;33m{{(pid=2724720) log_opt_values /opt/stack/data/venv/lib/python3.12/site-packages/oslo_config/cfg.py:3560}}[00m
2026-10-06 20:01:02.236 2724720 DEBUG oslo_service.backend._eventlet.service [req-10c7c8fc-907a-4723-93e8-b2f4976bbdcc - - - - - -] backend_defaults.san_login     = admin [00;33m{{(pid=2724720) log_opt_values /opt/stack/data/venv/lib/python3.12/site-packages/oslo_config/cfg.py:3560}}[00m
2026-10-06 20:01:02.236 2724720 DEBUG oslo_service.backend._eventlet.service [req-10c7c8fc-907a-4723-93e8-b2f4976bbdcc - - - - - -] backend_defaults.san_password  = **** [00;33m{{(pid=2724720) log_opt_values /opt/stack/data/venv/lib/python3.12/site-packages/oslo_config/cfg.py:3560}}[00m
2026-10-06 20:01:02.236 2724720 DEBUG oslo_service.backend._eventlet.service [req-10c7c8fc-907a-4723-93e8-b2f4976bbdcc - - - - - -] backend_defaults.san_private_key =  [00;33m{{(pid=2724720) log_opt_values /opt/stack/data/venv/lib/python3.12/site-packages/oslo_config/cfg.py:3560}}[00m
2026-10-06 20:01:02.236 2724720 DEBUG oslo_service.backend._eventlet.service [req-10c7c8fc-907a-4723-93e8-b2f4976bbdcc - - - - - -] backend_defaults.san_ssh_port  = 22 [00;33m{{(pid=2724720) log_opt_values /opt/stack/data/venv/lib/python3.12/site-packages/oslo_config/cfg.py:3560}}[00m
2026-10-06 20:01:02.237 2724720 DEBUG oslo_service.backend._eventlet.service [req-10c7c8fc-907a-4723-93e8-b2f4976bbdcc - - - - - -] backend_defaults.san_thin_provision = True [00;33m{{(pid=2724720) log_opt_values /opt/stack/data/venv/lib/python3.12/site-packages/oslo_config/cfg.py:3560}}[00m
2026-10-06 20:01:02.237 2724720 DEBUG oslo_service.backend._eventlet.service [req-10c7c8fc-907a-4723-93e8-b2f4976bbdcc - - - - - -] backend_defaults.scst_target_driver = iscsi [00;33m{{(pid=2724720) log_opt_values /opt/stack/data/venv/lib/python3.12/site-packages/oslo_config/cfg.py:3560}}[00m
2026-10-06 20:01:02.237 2724720 DEBUG oslo_service.backend._eventlet.service [req-10c7c8fc-907a-4723-93e8-b2f4976bbdcc - - - - - -] backend_defaults.scst_target_iqn_name = None [00;33m{{(pid=2724720) log_opt_values /opt/stack/data/venv/lib/python3.12/site-packages/oslo_config/cfg.py:3560}}[00m
2026-10-06 20:01:02.237 2724720 DEBUG oslo_service.backend._eventlet.service [req-10c7c8fc-907a-4723-93e8-b2f4976bbdcc - - - - - -] backend_defaults.ssh_conn_timeout = 30 [00;33m{{(pid=2724720) log_opt_values /opt/stack/data/venv/lib/python3.12/site-packages/oslo_config/cfg.py:3560}}[00m
2026-10-06 20:01:02.237 2724720 DEBUG oslo_service.backend._eventlet.service [req-10c7c8fc-907a-4723-93e8-b2f4976bbdcc - - - - - -] backend_defaults.ssh_max_pool_conn = 5 [00;33m{{(pid=2724720) log_opt_values /opt/stack/data/venv/lib/python3.12/site-packages/oslo_config/cfg.py:3560}}[00m
2026-10-06 20:01:02.237 2724720 DEBUG oslo_service.backend._eventlet.service [req-10c7c8fc-907a-4723-93e8-b2f4976bbdcc - - - - - -] backend_defaults.ssh_min_pool_conn = 1 [00;33m{{(pid=2724720) log_opt_values /opt/stack/data/venv/lib/python3.12/site-packages/oslo_config/cfg.py:3560}}[00m
2026-10-06 20:01:02.237 2724720 DEBUG oslo_service.backend._eventlet.service [req-10c7c8fc-907a-4723-93e8-b2f4976bbdcc - - - - - -] backend_defaults.storage_protocol = iSCSI [00;33m{{(pid=2724720) log_opt_values /opt/stack/data/venv/lib/python3.12/site-packages/oslo_config/cfg.py:3560}}[00m
2026-10-06 20:01:02.237 2724720 DEBUG oslo_service.backend._eventlet.service [req-10c7c8fc-907a-4723-93e8-b2f4976bbdcc - - - - - -] backend_defaults.suppress_requests_ssl_warnings = False [00;33m{{(pid=2724720) log_opt_values /opt/stack/data/venv/lib/python3.12/site-packages/oslo_config/cfg.py:3560}}[00m
2026-10-06 20:01:02.237 2724720 DEBUG oslo_service.backend._eventlet.service [req-10c7c8fc-907a-4723-93e8-b2f4976bbdcc - - - - - -] backend_defaults.target_helper = tgtadm [00;33m{{(pid=2724720) log_opt_values /opt/stack/data/venv/lib/python3.12/site-packages/oslo_config/cfg.py:3560}}[00m
2026-10-06 20:01:02.237 2724720 DEBUG oslo_service.backend._eventlet.service [req-10c7c8fc-907a-4723-93e8-b2f4976bbdcc - - - - - -] backend_defaults.target_ip_address = 172.25.92.210 [00;33m{{(pid=2724720) log_opt_values /opt/stack/data/venv/lib/python3.12/site-packages/oslo_config/cfg.py:3560}}[00m
2026-10-06 20:01:02.237 2724720 DEBUG oslo_service.backend._eventlet.service [req-10c7c8fc-907a-4723-93e8-b2f4976bbdcc - - - - - -] backend_defaults.target_port   = 3260 [00;33m{{(pid=2724720) log_opt_values /opt/stack/data/venv/lib/python3.12/site-packages/oslo_config/cfg.py:3560}}[00m
2026-10-06 20:01:02.238 2724720 DEBUG oslo_service.backend._eventlet.service [req-10c7c8fc-907a-4723-93e8-b2f4976bbdcc - - - - - -] backend_defaults.target_prefix = iqn.2010-10.org.openstack: [00;33m{{(pid=2724720) log_opt_values /opt/stack/data/venv/lib/python3.12/site-packages/oslo_config/cfg.py:3560}}[00m
2026-10-06 20:01:02.238 2724720 DEBUG oslo_service.backend._eventlet.service [req-10c7c8fc-907a-4723-93e8-b2f4976bbdcc - - - - - -] backend_defaults.target_protocol = iscsi [00;33m{{(pid=2724720) log_opt_values /opt/stack/data/venv/lib/python3.12/site-packages/oslo_config/cfg.py:3560}}[00m
2026-10-06 20:01:02.238 2724720 DEBUG oslo_service.backend._eventlet.service [req-10c7c8fc-907a-4723-93e8-b2f4976bbdcc - - - - - -] backend_defaults.target_secondary_ip_addresses = [] [00;33m{{(pid=2724720) log_opt_values /opt/stack/data/venv/lib/python3.12/site-packages/oslo_config/cfg.py:3560}}[00m
2026-10-06 20:01:02.238 2724720 DEBUG oslo_service.backend._eventlet.service [req-10c7c8fc-907a-4723-93e8-b2f4976bbdcc - - - - - -] backend_defaults.trace_flags   = None [00;33m{{(pid=2724720) log_opt_values /opt/stack/data/venv/lib/python3.12/site-packages/oslo_config/cfg.py:3560}}[00m
2026-10-06 20:01:02.238 2724720 DEBUG oslo_service.backend._eventlet.service [req-10c7c8fc-907a-4723-93e8-b2f4976bbdcc - - - - - -] backend_defaults.unique_fqdn_network = True [00;33m{{(pid=2724720) log_opt_values /opt/stack/data/venv/lib/python3.12/site-packages/oslo_config/cfg.py:3560}}[00m
2026-10-06 20:01:02.238 2724720 DEBUG oslo_service.backend._eventlet.service [req-10c7c8fc-907a-4723-93e8-b2f4976bbdcc - - - - - -] backend_defaults.use_chap_auth = False [00;33m{{(pid=2724720) log_opt_values /opt/stack/data/venv/lib/python3.12/site-packages/oslo_config/cfg.py:3560}}[00m
2026-10-06 20:01:02.238 2724720 DEBUG oslo_service.backend._eventlet.service [req-10c7c8fc-907a-4723-93e8-b2f4976bbdcc - - - - - -] backend_defaults.use_multipath_for_image_xfer = False [00;33m{{(pid=2724720) log_opt_values /opt/stack/data/venv/lib/python3.12/site-packages/oslo_config/cfg.py:3560}}[00m
2026-10-06 20:01:02.238 2724720 DEBUG oslo_service.backend._eventlet.service [req-10c7c8fc-907a-4723-93e8-b2f4976bbdcc - - - - - -] backend_defaults.volume_backend_name = None [00;33m{{(pid=2724720) log_opt_values /opt/stack/data/venv/lib/python3.12/site-packages/oslo_config/cfg.py:3560}}[00m
2026-10-06 20:01:02.238 2724720 DEBUG oslo_service.backend._eventlet.service [req-10c7c8fc-907a-4723-93e8-b2f4976bbdcc - - - - - -] backend_defaults.volume_clear  = zero [00;33m{{(pid=2724720) log_opt_values /opt/stack/data/venv/lib/python3.12/site-packages/oslo_config/cfg.py:3560}}[00m
2026-10-06 20:01:02.238 2724720 DEBUG oslo_service.backend._eventlet.service [req-10c7c8fc-907a-4723-93e8-b2f4976bbdcc - - - - - -] backend_defaults.volume_clear_ionice = None [00;33m{{(pid=2724720) log_opt_values /opt/stack/data/venv/lib/python3.12/site-packages/oslo_config/cfg.py:3560}}[00m
2026-10-06 20:01:02.238 2724720 DEBUG oslo_service.backend._eventlet.service [req-10c7c8fc-907a-4723-93e8-b2f4976bbdcc - - - - - -] backend_defaults.volume_clear_size = 0 [00;33m{{(pid=2724720) log_opt_values /opt/stack/data/venv/lib/python3.12/site-packages/oslo_config/cfg.py:3560}}[00m
2026-10-06 20:01:02.238 2724720 DEBUG oslo_service.backend._eventlet.service [req-10c7c8fc-907a-4723-93e8-b2f4976bbdcc - - - - - -] backend_defaults.volume_copy_blkio_cgroup_name = cinder-volume-copy [00;33m{{(pid=2724720) log_opt_values /opt/stack/data/venv/lib/python3.12/site-packages/oslo_config/cfg.py:3560}}[00m
2026-10-06 20:01:02.239 2724720 DEBUG oslo_service.backend._eventlet.service [req-10c7c8fc-907a-4723-93e8-b2f4976bbdcc - - - - - -] backend_defaults.volume_copy_bps_limit = 0 [00;33m{{(pid=2724720) log_opt_values /opt/stack/data/venv/lib/python3.12/site-packages/oslo_config/cfg.py:3560}}[00m
2026-10-06 20:01:02.239 2724720 DEBUG oslo_service.backend._eventlet.service [req-10c7c8fc-907a-4723-93e8-b2f4976bbdcc - - - - - -] backend_defaults.volume_dd_blocksize = 1M [00;33m{{(pid=2724720) log_opt_values /opt/stack/data/venv/lib/python3.12/site-packages/oslo_config/cfg.py:3560}}[00m
2026-10-06 20:01:02.239 2724720 DEBUG oslo_service.backend._eventlet.service [req-10c7c8fc-907a-4723-93e8-b2f4976bbdcc - - - - - -] backend_defaults.volume_driver = cinder.volume.drivers.lvm.LVMVolumeDriver [00;33m{{(pid=2724720) log_opt_values /opt/stack/data/venv/lib/python3.12/site-packages/oslo_config/cfg.py:3560}}[00m
2026-10-06 20:01:02.239 2724720 DEBUG oslo_service.backend._eventlet.service [req-10c7c8fc-907a-4723-93e8-b2f4976bbdcc - - - - - -] backend_defaults.volumes_dir   = /opt/stack/data/cinder/volumes [00;33m{{(pid=2724720) log_opt_values /opt/stack/data/venv/lib/python3.12/site-packages/oslo_config/cfg.py:3560}}[00m
2026-10-06 20:01:02.239 2724720 DEBUG oslo_service.backend._eventlet.service [req-10c7c8fc-907a-4723-93e8-b2f4976bbdcc - - - - - -] oslo_reports.file_event_handler = None [00;33m{{(pid=2724720) log_opt_values /opt/stack/data/venv/lib/python3.12/site-packages/oslo_config/cfg.py:3560}}[00m
2026-10-06 20:01:02.239 2724720 DEBUG oslo_service.backend._eventlet.service [req-10c7c8fc-907a-4723-93e8-b2f4976bbdcc - - - - - -] oslo_reports.file_event_handler_interval = 1 [00;33m{{(pid=2724720) log_opt_values /opt/stack/data/venv/lib/python3.12/site-packages/oslo_config/cfg.py:3560}}[00m
2026-10-06 20:01:02.239 2724720 DEBUG oslo_service.backend._eventlet.service [req-10c7c8fc-907a-4723-93e8-b2f4976bbdcc - - - - - -] oslo_reports.log_dir           = None [00;33m{{(pid=2724720) log_opt_values /opt/stack/data/venv/lib/python3.12/site-packages/oslo_config/cfg.py:3560}}[00m
2026-10-06 20:01:02.239 2724720 DEBUG oslo_service.backend._eventlet.service [req-10c7c8fc-907a-4723-93e8-b2f4976bbdcc - - - - - -] hitachi.backend_availability_zone = None [00;33m{{(pid=2724720) log_opt_values /opt/stack/data/venv/lib/python3.12/site-packages/oslo_config/cfg.py:3560}}[00m
2026-10-06 20:01:02.239 2724720 DEBUG oslo_service.backend._eventlet.service [req-10c7c8fc-907a-4723-93e8-b2f4976bbdcc - - - - - -] hitachi.backend_host           = None [00;33m{{(pid=2724720) log_opt_values /opt/stack/data/venv/lib/python3.12/site-packages/oslo_config/cfg.py:3560}}[00m
2026-10-06 20:01:02.239 2724720 DEBUG oslo_service.backend._eventlet.service [req-10c7c8fc-907a-4723-93e8-b2f4976bbdcc - - - - - -] hitachi.backend_native_threads_pool_size = None [00;33m{{(pid=2724720) log_opt_values /opt/stack/data/venv/lib/python3.12/site-packages/oslo_config/cfg.py:3560}}[00m
2026-10-06 20:01:02.239 2724720 DEBUG oslo_service.backend._eventlet.service [req-10c7c8fc-907a-4723-93e8-b2f4976bbdcc - - - - - -] hitachi.backup_use_temp_snapshot = None [00;33m{{(pid=2724720) log_opt_values /opt/stack/data/venv/lib/python3.12/site-packages/oslo_config/cfg.py:3560}}[00m
2026-10-06 20:01:02.239 2724720 DEBUG oslo_service.backend._eventlet.service [req-10c7c8fc-907a-4723-93e8-b2f4976bbdcc - - - - - -] hitachi.chap_password          = **** [00;33m{{(pid=2724720) log_opt_values /opt/stack/data/venv/lib/python3.12/site-packages/oslo_config/cfg.py:3560}}[00m
2026-10-06 20:01:02.240 2724720 DEBUG oslo_service.backend._eventlet.service [req-10c7c8fc-907a-4723-93e8-b2f4976bbdcc - - - - - -] hitachi.chap_username          = None [00;33m{{(pid=2724720) log_opt_values /opt/stack/data/venv/lib/python3.12/site-packages/oslo_config/cfg.py:3560}}[00m
2026-10-06 20:01:02.240 2724720 DEBUG oslo_service.backend._eventlet.service [req-10c7c8fc-907a-4723-93e8-b2f4976bbdcc - - - - - -] hitachi.chiscsi_conf           = None [00;33m{{(pid=2724720) log_opt_values /opt/stack/data/venv/lib/python3.12/site-packages/oslo_config/cfg.py:3560}}[00m
2026-10-06 20:01:02.240 2724720 DEBUG oslo_service.backend._eventlet.service [req-10c7c8fc-907a-4723-93e8-b2f4976bbdcc - - - - - -] hitachi.disk_geometry          = None [00;33m{{(pid=2724720) log_opt_values /opt/stack/data/venv/lib/python3.12/site-packages/oslo_config/cfg.py:3560}}[00m
2026-10-06 20:01:02.240 2724720 DEBUG oslo_service.backend._eventlet.service [req-10c7c8fc-907a-4723-93e8-b2f4976bbdcc - - - - - -] hitachi.driver_client_cert     = None [00;33m{{(pid=2724720) log_opt_values /opt/stack/data/venv/lib/python3.12/site-packages/oslo_config/cfg.py:3560}}[00m
2026-10-06 20:01:02.240 2724720 DEBUG oslo_service.backend._eventlet.service [req-10c7c8fc-907a-4723-93e8-b2f4976bbdcc - - - - - -] hitachi.driver_client_cert_key = None [00;33m{{(pid=2724720) log_opt_values /opt/stack/data/venv/lib/python3.12/site-packages/oslo_config/cfg.py:3560}}[00m
2026-10-06 20:01:02.240 2724720 DEBUG oslo_service.backend._eventlet.service [req-10c7c8fc-907a-4723-93e8-b2f4976bbdcc - - - - - -] hitachi.driver_data_namespace  = None [00;33m{{(pid=2724720) log_opt_values /opt/stack/data/venv/lib/python3.12/site-packages/oslo_config/cfg.py:3560}}[00m
2026-10-06 20:01:02.240 2724720 DEBUG oslo_service.backend._eventlet.service [req-10c7c8fc-907a-4723-93e8-b2f4976bbdcc - - - - - -] hitachi.driver_ssl_cert_path   = None [00;33m{{(pid=2724720) log_opt_values /opt/stack/data/venv/lib/python3.12/site-packages/oslo_config/cfg.py:3560}}[00m
2026-10-06 20:01:02.240 2724720 DEBUG oslo_service.backend._eventlet.service [req-10c7c8fc-907a-4723-93e8-b2f4976bbdcc - - - - - -] hitachi.driver_ssl_cert_verify = None [00;33m{{(pid=2724720) log_opt_values /opt/stack/data/venv/lib/python3.12/site-packages/oslo_config/cfg.py:3560}}[00m
2026-10-06 20:01:02.240 2724720 DEBUG oslo_service.backend._eventlet.service [req-10c7c8fc-907a-4723-93e8-b2f4976bbdcc - - - - - -] hitachi.driver_use_ssl         = None [00;33m{{(pid=2724720) log_opt_values /opt/stack/data/venv/lib/python3.12/site-packages/oslo_config/cfg.py:3560}}[00m
2026-10-06 20:01:02.240 2724720 DEBUG oslo_service.backend._eventlet.service [req-10c7c8fc-907a-4723-93e8-b2f4976bbdcc - - - - - -] hitachi.enable_unsupported_driver = None [00;33m{{(pid=2724720) log_opt_values /opt/stack/data/venv/lib/python3.12/site-packages/oslo_config/cfg.py:3560}}[00m
2026-10-06 20:01:02.240 2724720 DEBUG oslo_service.backend._eventlet.service [req-10c7c8fc-907a-4723-93e8-b2f4976bbdcc - - - - - -] hitachi.enforce_multipath_for_image_xfer = False [00;33m{{(pid=2724720) log_opt_values /opt/stack/data/venv/lib/python3.12/site-packages/oslo_config/cfg.py:3560}}[00m
2026-10-06 20:01:02.240 2724720 DEBUG oslo_service.backend._eventlet.service [req-10c7c8fc-907a-4723-93e8-b2f4976bbdcc - - - - - -] hitachi.extra_capabilities     = None [00;33m{{(pid=2724720) log_opt_values /opt/stack/data/venv/lib/python3.12/site-packages/oslo_config/cfg.py:3560}}[00m
2026-10-06 20:01:02.241 2724720 DEBUG oslo_service.backend._eventlet.service [req-10c7c8fc-907a-4723-93e8-b2f4976bbdcc - - - - - -] hitachi.filter_function        = None [00;33m{{(pid=2724720) log_opt_values /opt/stack/data/venv/lib/python3.12/site-packages/oslo_config/cfg.py:3560}}[00m
2026-10-06 20:01:02.241 2724720 DEBUG oslo_service.backend._eventlet.service [req-10c7c8fc-907a-4723-93e8-b2f4976bbdcc - - - - - -] hitachi.goodness_function      = None [00;33m{{(pid=2724720) log_opt_values /opt/stack/data/venv/lib/python3.12/site-packages/oslo_config/cfg.py:3560}}[00m
2026-10-06 20:01:02.241 2724720 DEBUG oslo_service.backend._eventlet.service [req-10c7c8fc-907a-4723-93e8-b2f4976bbdcc - - - - - -] hitachi.hitachi_async_copy_check_interval = None [00;33m{{(pid=2724720) log_opt_values /opt/stack/data/venv/lib/python3.12/site-packages/oslo_config/cfg.py:3560}}[00m
2026-10-06 20:01:02.241 2724720 DEBUG oslo_service.backend._eventlet.service [req-10c7c8fc-907a-4723-93e8-b2f4976bbdcc - - - - - -] hitachi.hitachi_compute_target_ports = None [00;33m{{(pid=2724720) log_opt_values /opt/stack/data/venv/lib/python3.12/site-packages/oslo_config/cfg.py:3560}}[00m
2026-10-06 20:01:02.241 2724720 DEBUG oslo_service.backend._eventlet.service [req-10c7c8fc-907a-4723-93e8-b2f4976bbdcc - - - - - -] hitachi.hitachi_copy_check_interval = None [00;33m{{(pid=2724720) log_opt_values /opt/stack/data/venv/lib/python3.12/site-packages/oslo_config/cfg.py:3560}}[00m
2026-10-06 20:01:02.241 2724720 DEBUG oslo_service.backend._eventlet.service [req-10c7c8fc-907a-4723-93e8-b2f4976bbdcc - - - - - -] hitachi.hitachi_copy_speed     = 15 [00;33m{{(pid=2724720) log_opt_values /opt/stack/data/venv/lib/python3.12/site-packages/oslo_config/cfg.py:3560}}[00m
2026-10-06 20:01:02.241 2724720 DEBUG oslo_service.backend._eventlet.service [req-10c7c8fc-907a-4723-93e8-b2f4976bbdcc - - - - - -] hitachi.hitachi_discard_zero_page = None [00;33m{{(pid=2724720) log_opt_values /opt/stack/data/venv/lib/python3.12/site-packages/oslo_config/cfg.py:3560}}[00m
2026-10-06 20:01:02.241 2724720 DEBUG oslo_service.backend._eventlet.service [req-10c7c8fc-907a-4723-93e8-b2f4976bbdcc - - - - - -] hitachi.hitachi_exec_retry_interval = None [00;33m{{(pid=2724720) log_opt_values /opt/stack/data/venv/lib/python3.12/site-packages/oslo_config/cfg.py:3560}}[00m
2026-10-06 20:01:02.241 2724720 DEBUG oslo_service.backend._eventlet.service [req-10c7c8fc-907a-4723-93e8-b2f4976bbdcc - - - - - -] hitachi.hitachi_extend_snapshot_volumes = True [00;33m{{(pid=2724720) log_opt_values /opt/stack/data/venv/lib/python3.12/site-packages/oslo_config/cfg.py:3560}}[00m
2026-10-06 20:01:02.241 2724720 DEBUG oslo_service.backend._eventlet.service [req-10c7c8fc-907a-4723-93e8-b2f4976bbdcc - - - - - -] hitachi.hitachi_extend_timeout = None [00;33m{{(pid=2724720) log_opt_values /opt/stack/data/venv/lib/python3.12/site-packages/oslo_config/cfg.py:3560}}[00m
2026-10-06 20:01:02.241 2724720 DEBUG oslo_service.backend._eventlet.service [req-10c7c8fc-907a-4723-93e8-b2f4976bbdcc - - - - - -] hitachi.hitachi_group_create   = True [00;33m{{(pid=2724720) log_opt_values /opt/stack/data/venv/lib/python3.12/site-packages/oslo_config/cfg.py:3560}}[00m
2026-10-06 20:01:02.241 2724720 DEBUG oslo_service.backend._eventlet.service [req-10c7c8fc-907a-4723-93e8-b2f4976bbdcc - - - - - -] hitachi.hitachi_group_delete   = None [00;33m{{(pid=2724720) log_opt_values /opt/stack/data/venv/lib/python3.12/site-packages/oslo_config/cfg.py:3560}}[00m
2026-10-06 20:01:02.241 2724720 DEBUG oslo_service.backend._eventlet.service [req-10c7c8fc-907a-4723-93e8-b2f4976bbdcc - - - - - -] hitachi.hitachi_group_name_format = None [00;33m{{(pid=2724720) log_opt_values /opt/stack/data/venv/lib/python3.12/site-packages/oslo_config/cfg.py:3560}}[00m
2026-10-06 20:01:02.242 2724720 DEBUG oslo_service.backend._eventlet.service [req-10c7c8fc-907a-4723-93e8-b2f4976bbdcc - - - - - -] hitachi.hitachi_host_mode_options = [91, 68, 88, 122, 131, 7, 54, 63] [00;33m{{(pid=2724720) log_opt_values /opt/stack/data/venv/lib/python3.12/site-packages/oslo_config/cfg.py:3560}}[00m
2026-10-06 20:01:02.242 2724720 DEBUG oslo_service.backend._eventlet.service [req-10c7c8fc-907a-4723-93e8-b2f4976bbdcc - - - - - -] hitachi.hitachi_ldev_range     = 22000-29399 [00;33m{{(pid=2724720) log_opt_values /opt/stack/data/venv/lib/python3.12/site-packages/oslo_config/cfg.py:3560}}[00m
2026-10-06 20:01:02.242 2724720 DEBUG oslo_service.backend._eventlet.service [req-10c7c8fc-907a-4723-93e8-b2f4976bbdcc - - - - - -] hitachi.hitachi_lock_timeout   = None [00;33m{{(pid=2724720) log_opt_values /opt/stack/data/venv/lib/python3.12/site-packages/oslo_config/cfg.py:3560}}[00m
2026-10-06 20:01:02.242 2724720 DEBUG oslo_service.backend._eventlet.service [req-10c7c8fc-907a-4723-93e8-b2f4976bbdcc - - - - - -] hitachi.hitachi_lun_retry_interval = None [00;33m{{(pid=2724720) log_opt_values /opt/stack/data/venv/lib/python3.12/site-packages/oslo_config/cfg.py:3560}}[00m
2026-10-06 20:01:02.242 2724720 DEBUG oslo_service.backend._eventlet.service [req-10c7c8fc-907a-4723-93e8-b2f4976bbdcc - - - - - -] hitachi.hitachi_lun_timeout    = None [00;33m{{(pid=2724720) log_opt_values /opt/stack/data/venv/lib/python3.12/site-packages/oslo_config/cfg.py:3560}}[00m
2026-10-06 20:01:02.242 2724720 DEBUG oslo_service.backend._eventlet.service [req-10c7c8fc-907a-4723-93e8-b2f4976bbdcc - - - - - -] hitachi.hitachi_manage_drs_volumes = None [00;33m{{(pid=2724720) log_opt_values /opt/stack/data/venv/lib/python3.12/site-packages/oslo_config/cfg.py:3560}}[00m
2026-10-06 20:01:02.242 2724720 DEBUG oslo_service.backend._eventlet.service [req-10c7c8fc-907a-4723-93e8-b2f4976bbdcc - - - - - -] hitachi.hitachi_mirror_compute_target_ports = None [00;33m{{(pid=2724720) log_opt_values /opt/stack/data/venv/lib/python3.12/site-packages/oslo_config/cfg.py:3560}}[00m
2026-10-06 20:01:02.242 2724720 DEBUG oslo_service.backend._eventlet.service [req-10c7c8fc-907a-4723-93e8-b2f4976bbdcc - - - - - -] hitachi.hitachi_mirror_ldev_range = None [00;33m{{(pid=2724720) log_opt_values /opt/stack/data/venv/lib/python3.12/site-packages/oslo_config/cfg.py:3560}}[00m
2026-10-06 20:01:02.242 2724720 DEBUG oslo_service.backend._eventlet.service [req-10c7c8fc-907a-4723-93e8-b2f4976bbdcc - - - - - -] hitachi.hitachi_mirror_pair_target_number = None [00;33m{{(pid=2724720) log_opt_values /opt/stack/data/venv/lib/python3.12/site-packages/oslo_config/cfg.py:3560}}[00m
2026-10-06 20:01:02.242 2724720 DEBUG oslo_service.backend._eventlet.service [req-10c7c8fc-907a-4723-93e8-b2f4976bbdcc - - - - - -] hitachi.hitachi_mirror_pool    = None [00;33m{{(pid=2724720) log_opt_values /opt/stack/data/venv/lib/python3.12/site-packages/oslo_config/cfg.py:3560}}[00m
2026-10-06 20:01:02.242 2724720 DEBUG oslo_service.backend._eventlet.service [req-10c7c8fc-907a-4723-93e8-b2f4976bbdcc - - - - - -] hitachi.hitachi_mirror_snap_pool = None [00;33m{{(pid=2724720) log_opt_values /opt/stack/data/venv/lib/python3.12/site-packages/oslo_config/cfg.py:3560}}[00m
2026-10-06 20:01:02.243 2724720 DEBUG oslo_service.backend._eventlet.service [req-10c7c8fc-907a-4723-93e8-b2f4976bbdcc - - - - - -] hitachi.hitachi_mirror_storage_id = None [00;33m{{(pid=2724720) log_opt_values /opt/stack/data/venv/lib/python3.12/site-packages/oslo_config/cfg.py:3560}}[00m
2026-10-06 20:01:02.243 2724720 DEBUG oslo_service.backend._eventlet.service [req-10c7c8fc-907a-4723-93e8-b2f4976bbdcc - - - - - -] hitachi.hitachi_mirror_target_ports = None [00;33m{{(pid=2724720) log_opt_values /opt/stack/data/venv/lib/python3.12/site-packages/oslo_config/cfg.py:3560}}[00m
2026-10-06 20:01:02.243 2724720 DEBUG oslo_service.backend._eventlet.service [req-10c7c8fc-907a-4723-93e8-b2f4976bbdcc - - - - - -] hitachi.hitachi_pair_target_number = None [00;33m{{(pid=2724720) log_opt_values /opt/stack/data/venv/lib/python3.12/site-packages/oslo_config/cfg.py:3560}}[00m
2026-10-06 20:01:02.243 2724720 DEBUG oslo_service.backend._eventlet.service [req-10c7c8fc-907a-4723-93e8-b2f4976bbdcc - - - - - -] hitachi.hitachi_pools          = ['snewar_hdp_01'] [00;33m{{(pid=2724720) log_opt_values /opt/stack/data/venv/lib/python3.12/site-packages/oslo_config/cfg.py:3560}}[00m
2026-10-06 20:01:02.243 2724720 DEBUG oslo_service.backend._eventlet.service [req-10c7c8fc-907a-4723-93e8-b2f4976bbdcc - - - - - -] hitachi.hitachi_rest_another_ldev_mapped_retry_timeout = None [00;33m{{(pid=2724720) log_opt_values /opt/stack/data/venv/lib/python3.12/site-packages/oslo_config/cfg.py:3560}}[00m
2026-10-06 20:01:02.243 2724720 DEBUG oslo_service.backend._eventlet.service [req-10c7c8fc-907a-4723-93e8-b2f4976bbdcc - - - - - -] hitachi.hitachi_rest_connect_timeout = None [00;33m{{(pid=2724720) log_opt_values /opt/stack/data/venv/lib/python3.12/site-packages/oslo_config/cfg.py:3560}}[00m
2026-10-06 20:01:02.243 2724720 DEBUG oslo_service.backend._eventlet.service [req-10c7c8fc-907a-4723-93e8-b2f4976bbdcc - - - - - -] hitachi.hitachi_rest_disable_io_wait = None [00;33m{{(pid=2724720) log_opt_values /opt/stack/data/venv/lib/python3.12/site-packages/oslo_config/cfg.py:3560}}[00m
2026-10-06 20:01:02.243 2724720 DEBUG oslo_service.backend._eventlet.service [req-10c7c8fc-907a-4723-93e8-b2f4976bbdcc - - - - - -] hitachi.hitachi_rest_get_api_response_timeout = None [00;33m{{(pid=2724720) log_opt_values /opt/stack/data/venv/lib/python3.12/site-packages/oslo_config/cfg.py:3560}}[00m
2026-10-06 20:01:02.243 2724720 DEBUG oslo_service.backend._eventlet.service [req-10c7c8fc-907a-4723-93e8-b2f4976bbdcc - - - - - -] hitachi.hitachi_rest_job_api_response_timeout = None [00;33m{{(pid=2724720) log_opt_values /opt/stack/data/venv/lib/python3.12/site-packages/oslo_config/cfg.py:3560}}[00m
2026-10-06 20:01:02.243 2724720 DEBUG oslo_service.backend._eventlet.service [req-10c7c8fc-907a-4723-93e8-b2f4976bbdcc - - - - - -] hitachi.hitachi_rest_keep_session_loop_interval = None [00;33m{{(pid=2724720) log_opt_values /opt/stack/data/venv/lib/python3.12/site-packages/oslo_config/cfg.py:3560}}[00m
2026-10-06 20:01:02.243 2724720 DEBUG oslo_service.backend._eventlet.service [req-10c7c8fc-907a-4723-93e8-b2f4976bbdcc - - - - - -] hitachi.hitachi_rest_max_request_workers = None [00;33m{{(pid=2724720) log_opt_values /opt/stack/data/venv/lib/python3.12/site-packages/oslo_config/cfg.py:3560}}[00m
2026-10-06 20:01:02.243 2724720 DEBUG oslo_service.backend._eventlet.service [req-10c7c8fc-907a-4723-93e8-b2f4976bbdcc - - - - - -] hitachi.hitachi_rest_pair_target_ports = None [00;33m{{(pid=2724720) log_opt_values /opt/stack/data/venv/lib/python3.12/site-packages/oslo_config/cfg.py:3560}}[00m
2026-10-06 20:01:02.243 2724720 DEBUG oslo_service.backend._eventlet.service [req-10c7c8fc-907a-4723-93e8-b2f4976bbdcc - - - - - -] hitachi.hitachi_rest_server_busy_timeout = None [00;33m{{(pid=2724720) log_opt_values /opt/stack/data/venv/lib/python3.12/site-packages/oslo_config/cfg.py:3560}}[00m
2026-10-06 20:01:02.244 2724720 DEBUG oslo_service.backend._eventlet.service [req-10c7c8fc-907a-4723-93e8-b2f4976bbdcc - - - - - -] hitachi.hitachi_rest_tcp_keepalive = None [00;33m{{(pid=2724720) log_opt_values /opt/stack/data/venv/lib/python3.12/site-packages/oslo_config/cfg.py:3560}}[00m
2026-10-06 20:01:02.244 2724720 DEBUG oslo_service.backend._eventlet.service [req-10c7c8fc-907a-4723-93e8-b2f4976bbdcc - - - - - -] hitachi.hitachi_rest_tcp_keepcnt = None [00;33m{{(pid=2724720) log_opt_values /opt/stack/data/venv/lib/python3.12/site-packages/oslo_config/cfg.py:3560}}[00m
2026-10-06 20:01:02.244 2724720 DEBUG oslo_service.backend._eventlet.service [req-10c7c8fc-907a-4723-93e8-b2f4976bbdcc - - - - - -] hitachi.hitachi_rest_tcp_keepidle = None [00;33m{{(pid=2724720) log_opt_values /opt/stack/data/venv/lib/python3.12/site-packages/oslo_config/cfg.py:3560}}[00m
2026-10-06 20:01:02.244 2724720 DEBUG oslo_service.backend._eventlet.service [req-10c7c8fc-907a-4723-93e8-b2f4976bbdcc - - - - - -] hitachi.hitachi_rest_tcp_keepintvl = None [00;33m{{(pid=2724720) log_opt_values /opt/stack/data/venv/lib/python3.12/site-packages/oslo_config/cfg.py:3560}}[00m
2026-10-06 20:01:02.244 2724720 DEBUG oslo_service.backend._eventlet.service [req-10c7c8fc-907a-4723-93e8-b2f4976bbdcc - - - - - -] hitachi.hitachi_rest_timeout   = None [00;33m{{(pid=2724720) log_opt_values /opt/stack/data/venv/lib/python3.12/site-packages/oslo_config/cfg.py:3560}}[00m
2026-10-06 20:01:02.244 2724720 DEBUG oslo_service.backend._eventlet.service [req-10c7c8fc-907a-4723-93e8-b2f4976bbdcc - - - - - -] hitachi.hitachi_rest_use_object_caching = None [00;33m{{(pid=2724720) log_opt_values /opt/stack/data/venv/lib/python3.12/site-packages/oslo_config/cfg.py:3560}}[00m
2026-10-06 20:01:02.244 2724720 DEBUG oslo_service.backend._eventlet.service [req-10c7c8fc-907a-4723-93e8-b2f4976bbdcc - - - - - -] hitachi.hitachi_restore_timeout = None [00;33m{{(pid=2724720) log_opt_values /opt/stack/data/venv/lib/python3.12/site-packages/oslo_config/cfg.py:3560}}[00m
2026-10-06 20:01:02.244 2724720 DEBUG oslo_service.backend._eventlet.service [req-10c7c8fc-907a-4723-93e8-b2f4976bbdcc - - - - - -] hitachi.hitachi_snap_pool      = None [00;33m{{(pid=2724720) log_opt_values /opt/stack/data/venv/lib/python3.12/site-packages/oslo_config/cfg.py:3560}}[00m
2026-10-06 20:01:02.244 2724720 DEBUG oslo_service.backend._eventlet.service [req-10c7c8fc-907a-4723-93e8-b2f4976bbdcc - - - - - -] hitachi.hitachi_state_transition_timeout = 1800 [00;33m{{(pid=2724720) log_opt_values /opt/stack/data/venv/lib/python3.12/site-packages/oslo_config/cfg.py:3560}}[00m
2026-10-06 20:01:02.244 2724720 DEBUG oslo_service.backend._eventlet.service [req-10c7c8fc-907a-4723-93e8-b2f4976bbdcc - - - - - -] hitachi.hitachi_storage_id     = 938000715036 [00;33m{{(pid=2724720) log_opt_values /opt/stack/data/venv/lib/python3.12/site-packages/oslo_config/cfg.py:3560}}[00m
2026-10-06 20:01:02.244 2724720 DEBUG oslo_service.backend._eventlet.service [req-10c7c8fc-907a-4723-93e8-b2f4976bbdcc - - - - - -] hitachi.hitachi_target_ports   = ['CL1-C'] [00;33m{{(pid=2724720) log_opt_values /opt/stack/data/venv/lib/python3.12/site-packages/oslo_config/cfg.py:3560}}[00m
2026-10-06 20:01:02.244 2724720 DEBUG oslo_service.backend._eventlet.service [req-10c7c8fc-907a-4723-93e8-b2f4976bbdcc - - - - - -] hitachi.image_upload_use_cinder_backend = None [00;33m{{(pid=2724720) log_opt_values /opt/stack/data/venv/lib/python3.12/site-packages/oslo_config/cfg.py:3560}}[00m
2026-10-06 20:01:02.244 2724720 DEBUG oslo_service.backend._eventlet.service [req-10c7c8fc-907a-4723-93e8-b2f4976bbdcc - - - - - -] hitachi.image_upload_use_internal_tenant = None [00;33m{{(pid=2724720) log_opt_values /opt/stack/data/venv/lib/python3.12/site-packages/oslo_config/cfg.py:3560}}[00m
2026-10-06 20:01:02.245 2724720 DEBUG oslo_service.backend._eventlet.service [req-10c7c8fc-907a-4723-93e8-b2f4976bbdcc - - - - - -] hitachi.image_volume_cache_enabled = False [00;33m{{(pid=2724720) log_opt_values /opt/stack/data/venv/lib/python3.12/site-packages/oslo_config/cfg.py:3560}}[00m
2026-10-06 20:01:02.245 2724720 DEBUG oslo_service.backend._eventlet.service [req-10c7c8fc-907a-4723-93e8-b2f4976bbdcc - - - - - -] hitachi.image_volume_cache_max_count = None [00;33m{{(pid=2724720) log_opt_values /opt/stack/data/venv/lib/python3.12/site-packages/oslo_config/cfg.py:3560}}[00m
2026-10-06 20:01:02.245 2724720 DEBUG oslo_service.backend._eventlet.service [req-10c7c8fc-907a-4723-93e8-b2f4976bbdcc - - - - - -] hitachi.image_volume_cache_max_size_gb = None [00;33m{{(pid=2724720) log_opt_values /opt/stack/data/venv/lib/python3.12/site-packages/oslo_config/cfg.py:3560}}[00m
2026-10-06 20:01:02.245 2724720 DEBUG oslo_service.backend._eventlet.service [req-10c7c8fc-907a-4723-93e8-b2f4976bbdcc - - - - - -] hitachi.iscsi_target_flags     = None [00;33m{{(pid=2724720) log_opt_values /opt/stack/data/venv/lib/python3.12/site-packages/oslo_config/cfg.py:3560}}[00m
2026-10-06 20:01:02.245 2724720 DEBUG oslo_service.backend._eventlet.service [req-10c7c8fc-907a-4723-93e8-b2f4976bbdcc - - - - - -] hitachi.iscsi_write_cache      = None [00;33m{{(pid=2724720) log_opt_values /opt/stack/data/venv/lib/python3.12/site-packages/oslo_config/cfg.py:3560}}[00m
2026-10-06 20:01:02.245 2724720 DEBUG oslo_service.backend._eventlet.service [req-10c7c8fc-907a-4723-93e8-b2f4976bbdcc - - - - - -] hitachi.iser_helper            = None [00;33m{{(pid=2724720) log_opt_values /opt/stack/data/venv/lib/python3.12/site-packages/oslo_config/cfg.py:3560}}[00m
2026-10-06 20:01:02.245 2724720 DEBUG oslo_service.backend._eventlet.service [req-10c7c8fc-907a-4723-93e8-b2f4976bbdcc - - - - - -] hitachi.iser_ip_address        = None [00;33m{{(pid=2724720) log_opt_values /opt/stack/data/venv/lib/python3.12/site-packages/oslo_config/cfg.py:3560}}[00m
2026-10-06 20:01:02.245 2724720 DEBUG oslo_service.backend._eventlet.service [req-10c7c8fc-907a-4723-93e8-b2f4976bbdcc - - - - - -] hitachi.iser_port              = None [00;33m{{(pid=2724720) log_opt_values /opt/stack/data/venv/lib/python3.12/site-packages/oslo_config/cfg.py:3560}}[00m
2026-10-06 20:01:02.245 2724720 DEBUG oslo_service.backend._eventlet.service [req-10c7c8fc-907a-4723-93e8-b2f4976bbdcc - - - - - -] hitachi.iser_target_prefix     = None [00;33m{{(pid=2724720) log_opt_values /opt/stack/data/venv/lib/python3.12/site-packages/oslo_config/cfg.py:3560}}[00m
2026-10-06 20:01:02.245 2724720 DEBUG oslo_service.backend._eventlet.service [req-10c7c8fc-907a-4723-93e8-b2f4976bbdcc - - - - - -] hitachi.max_over_subscription_ratio = 2147483647 [00;33m{{(pid=2724720) log_opt_values /opt/stack/data/venv/lib/python3.12/site-packages/oslo_config/cfg.py:3560}}[00m
2026-10-06 20:01:02.245 2724720 DEBUG oslo_service.backend._eventlet.service [req-10c7c8fc-907a-4723-93e8-b2f4976bbdcc - - - - - -] hitachi.num_iser_scan_tries    = None [00;33m{{(pid=2724720) log_opt_values /opt/stack/data/venv/lib/python3.12/site-packages/oslo_config/cfg.py:3560}}[00m
2026-10-06 20:01:02.245 2724720 DEBUG oslo_service.backend._eventlet.service [req-10c7c8fc-907a-4723-93e8-b2f4976bbdcc - - - - - -] hitachi.num_shell_tries        = None [00;33m{{(pid=2724720) log_opt_values /opt/stack/data/venv/lib/python3.12/site-packages/oslo_config/cfg.py:3560}}[00m
2026-10-06 20:01:02.245 2724720 DEBUG oslo_service.backend._eventlet.service [req-10c7c8fc-907a-4723-93e8-b2f4976bbdcc - - - - - -] hitachi.num_volume_device_scan_tries = 5 [00;33m{{(pid=2724720) log_opt_values /opt/stack/data/venv/lib/python3.12/site-packages/oslo_config/cfg.py:3560}}[00m
2026-10-06 20:01:02.246 2724720 DEBUG oslo_service.backend._eventlet.service [req-10c7c8fc-907a-4723-93e8-b2f4976bbdcc - - - - - -] hitachi.nvmeof_conn_info_version = None [00;33m{{(pid=2724720) log_opt_values /opt/stack/data/venv/lib/python3.12/site-packages/oslo_config/cfg.py:3560}}[00m
2026-10-06 20:01:02.246 2724720 DEBUG oslo_service.backend._eventlet.service [req-10c7c8fc-907a-4723-93e8-b2f4976bbdcc - - - - - -] hitachi.nvmet_ns_id            = None [00;33m{{(pid=2724720) log_opt_values /opt/stack/data/venv/lib/python3.12/site-packages/oslo_config/cfg.py:3560}}[00m
2026-10-06 20:01:02.246 2724720 DEBUG oslo_service.backend._eventlet.service [req-10c7c8fc-907a-4723-93e8-b2f4976bbdcc - - - - - -] hitachi.nvmet_port_id          = None [00;33m{{(pid=2724720) log_opt_values /opt/stack/data/venv/lib/python3.12/site-packages/oslo_config/cfg.py:3560}}[00m
2026-10-06 20:01:02.246 2724720 DEBUG oslo_service.backend._eventlet.service [req-10c7c8fc-907a-4723-93e8-b2f4976bbdcc - - - - - -] hitachi.replication_device     = **** [00;33m{{(pid=2724720) log_opt_values /opt/stack/data/venv/lib/python3.12/site-packages/oslo_config/cfg.py:3560}}[00m
2026-10-06 20:01:02.246 2724720 DEBUG oslo_service.backend._eventlet.service [req-10c7c8fc-907a-4723-93e8-b2f4976bbdcc - - - - - -] hitachi.report_discard_supported = None [00;33m{{(pid=2724720) log_opt_values /opt/stack/data/venv/lib/python3.12/site-packages/oslo_config/cfg.py:3560}}[00m
2026-10-06 20:01:02.246 2724720 DEBUG oslo_service.backend._eventlet.service [req-10c7c8fc-907a-4723-93e8-b2f4976bbdcc - - - - - -] hitachi.reserved_percentage    = None [00;33m{{(pid=2724720) log_opt_values /opt/stack/data/venv/lib/python3.12/site-packages/oslo_config/cfg.py:3560}}[00m
2026-10-06 20:01:02.246 2724720 DEBUG oslo_service.backend._eventlet.service [req-10c7c8fc-907a-4723-93e8-b2f4976bbdcc - - - - - -] hitachi.san_api_port           = 443 [00;33m{{(pid=2724720) log_opt_values /opt/stack/data/venv/lib/python3.12/site-packages/oslo_config/cfg.py:3560}}[00m
2026-10-06 20:01:02.246 2724720 DEBUG oslo_service.backend._eventlet.service [req-10c7c8fc-907a-4723-93e8-b2f4976bbdcc - - - - - -] hitachi.san_clustername        = None [00;33m{{(pid=2724720) log_opt_values /opt/stack/data/venv/lib/python3.12/site-packages/oslo_config/cfg.py:3560}}[00m
2026-10-06 20:01:02.246 2724720 DEBUG oslo_service.backend._eventlet.service [req-10c7c8fc-907a-4723-93e8-b2f4976bbdcc - - - - - -] hitachi.san_ip                 = 172.25.44.127 [00;33m{{(pid=2724720) log_opt_values /opt/stack/data/venv/lib/python3.12/site-packages/oslo_config/cfg.py:3560}}[00m
2026-10-06 20:01:02.246 2724720 DEBUG oslo_service.backend._eventlet.service [req-10c7c8fc-907a-4723-93e8-b2f4976bbdcc - - - - - -] hitachi.san_is_local           = None [00;33m{{(pid=2724720) log_opt_values /opt/stack/data/venv/lib/python3.12/site-packages/oslo_config/cfg.py:3560}}[00m
2026-10-06 20:01:02.246 2724720 DEBUG oslo_service.backend._eventlet.service [req-10c7c8fc-907a-4723-93e8-b2f4976bbdcc - - - - - -] hitachi.san_login              = ucpa [00;33m{{(pid=2724720) log_opt_values /opt/stack/data/venv/lib/python3.12/site-packages/oslo_config/cfg.py:3560}}[00m
2026-10-06 20:01:02.246 2724720 DEBUG oslo_service.backend._eventlet.service [req-10c7c8fc-907a-4723-93e8-b2f4976bbdcc - - - - - -] hitachi.san_password           = **** [00;33m{{(pid=2724720) log_opt_values /opt/stack/data/venv/lib/python3.12/site-packages/oslo_config/cfg.py:3560}}[00m
2026-10-06 20:01:02.247 2724720 DEBUG oslo_service.backend._eventlet.service [req-10c7c8fc-907a-4723-93e8-b2f4976bbdcc - - - - - -] hitachi.san_private_key        = None [00;33m{{(pid=2724720) log_opt_values /opt/stack/data/venv/lib/python3.12/site-packages/oslo_config/cfg.py:3560}}[00m
2026-10-06 20:01:02.247 2724720 DEBUG oslo_service.backend._eventlet.service [req-10c7c8fc-907a-4723-93e8-b2f4976bbdcc - - - - - -] hitachi.san_ssh_port           = None [00;33m{{(pid=2724720) log_opt_values /opt/stack/data/venv/lib/python3.12/site-packages/oslo_config/cfg.py:3560}}[00m
2026-10-06 20:01:02.247 2724720 DEBUG oslo_service.backend._eventlet.service [req-10c7c8fc-907a-4723-93e8-b2f4976bbdcc - - - - - -] hitachi.san_thin_provision     = None [00;33m{{(pid=2724720) log_opt_values /opt/stack/data/venv/lib/python3.12/site-packages/oslo_config/cfg.py:3560}}[00m
2026-10-06 20:01:02.247 2724720 DEBUG oslo_service.backend._eventlet.service [req-10c7c8fc-907a-4723-93e8-b2f4976bbdcc - - - - - -] hitachi.scst_target_driver     = None [00;33m{{(pid=2724720) log_opt_values /opt/stack/data/venv/lib/python3.12/site-packages/oslo_config/cfg.py:3560}}[00m
2026-10-06 20:01:02.247 2724720 DEBUG oslo_service.backend._eventlet.service [req-10c7c8fc-907a-4723-93e8-b2f4976bbdcc - - - - - -] hitachi.scst_target_iqn_name   = None [00;33m{{(pid=2724720) log_opt_values /opt/stack/data/venv/lib/python3.12/site-packages/oslo_config/cfg.py:3560}}[00m
2026-10-06 20:01:02.247 2724720 DEBUG oslo_service.backend._eventlet.service [req-10c7c8fc-907a-4723-93e8-b2f4976bbdcc - - - - - -] hitachi.ssh_conn_timeout       = None [00;33m{{(pid=2724720) log_opt_values /opt/stack/data/venv/lib/python3.12/site-packages/oslo_config/cfg.py:3560}}[00m
2026-10-06 20:01:02.247 2724720 DEBUG oslo_service.backend._eventlet.service [req-10c7c8fc-907a-4723-93e8-b2f4976bbdcc - - - - - -] hitachi.ssh_max_pool_conn      = None [00;33m{{(pid=2724720) log_opt_values /opt/stack/data/venv/lib/python3.12/site-packages/oslo_config/cfg.py:3560}}[00m
2026-10-06 20:01:02.247 2724720 DEBUG oslo_service.backend._eventlet.service [req-10c7c8fc-907a-4723-93e8-b2f4976bbdcc - - - - - -] hitachi.ssh_min_pool_conn      = None [00;33m{{(pid=2724720) log_opt_values /opt/stack/data/venv/lib/python3.12/site-packages/oslo_config/cfg.py:3560}}[00m
2026-10-06 20:01:02.247 2724720 DEBUG oslo_service.backend._eventlet.service [req-10c7c8fc-907a-4723-93e8-b2f4976bbdcc - - - - - -] hitachi.storage_protocol       = None [00;33m{{(pid=2724720) log_opt_values /opt/stack/data/venv/lib/python3.12/site-packages/oslo_config/cfg.py:3560}}[00m
2026-10-06 20:01:02.247 2724720 DEBUG oslo_service.backend._eventlet.service [req-10c7c8fc-907a-4723-93e8-b2f4976bbdcc - - - - - -] hitachi.suppress_requests_ssl_warnings = True [00;33m{{(pid=2724720) log_opt_values /opt/stack/data/venv/lib/python3.12/site-packages/oslo_config/cfg.py:3560}}[00m
2026-10-06 20:01:02.247 2724720 DEBUG oslo_service.backend._eventlet.service [req-10c7c8fc-907a-4723-93e8-b2f4976bbdcc - - - - - -] hitachi.target_helper          = None [00;33m{{(pid=2724720) log_opt_values /opt/stack/data/venv/lib/python3.12/site-packages/oslo_config/cfg.py:3560}}[00m
2026-10-06 20:01:02.247 2724720 DEBUG oslo_service.backend._eventlet.service [req-10c7c8fc-907a-4723-93e8-b2f4976bbdcc - - - - - -] hitachi.target_ip_address      = None [00;33m{{(pid=2724720) log_opt_values /opt/stack/data/venv/lib/python3.12/site-packages/oslo_config/cfg.py:3560}}[00m
2026-10-06 20:01:02.247 2724720 DEBUG oslo_service.backend._eventlet.service [req-10c7c8fc-907a-4723-93e8-b2f4976bbdcc - - - - - -] hitachi.target_port            = None [00;33m{{(pid=2724720) log_opt_values /opt/stack/data/venv/lib/python3.12/site-packages/oslo_config/cfg.py:3560}}[00m
2026-10-06 20:01:02.248 2724720 DEBUG oslo_service.backend._eventlet.service [req-10c7c8fc-907a-4723-93e8-b2f4976bbdcc - - - - - -] hitachi.target_prefix          = None [00;33m{{(pid=2724720) log_opt_values /opt/stack/data/venv/lib/python3.12/site-packages/oslo_config/cfg.py:3560}}[00m
2026-10-06 20:01:02.248 2724720 DEBUG oslo_service.backend._eventlet.service [req-10c7c8fc-907a-4723-93e8-b2f4976bbdcc - - - - - -] hitachi.target_protocol        = None [00;33m{{(pid=2724720) log_opt_values /opt/stack/data/venv/lib/python3.12/site-packages/oslo_config/cfg.py:3560}}[00m
2026-10-06 20:01:02.248 2724720 DEBUG oslo_service.backend._eventlet.service [req-10c7c8fc-907a-4723-93e8-b2f4976bbdcc - - - - - -] hitachi.target_secondary_ip_addresses = None [00;33m{{(pid=2724720) log_opt_values /opt/stack/data/venv/lib/python3.12/site-packages/oslo_config/cfg.py:3560}}[00m
2026-10-06 20:01:02.248 2724720 DEBUG oslo_service.backend._eventlet.service [req-10c7c8fc-907a-4723-93e8-b2f4976bbdcc - - - - - -] hitachi.trace_flags            = None [00;33m{{(pid=2724720) log_opt_values /opt/stack/data/venv/lib/python3.12/site-packages/oslo_config/cfg.py:3560}}[00m
2026-10-06 20:01:02.248 2724720 DEBUG oslo_service.backend._eventlet.service [req-10c7c8fc-907a-4723-93e8-b2f4976bbdcc - - - - - -] hitachi.unique_fqdn_network    = None [00;33m{{(pid=2724720) log_opt_values /opt/stack/data/venv/lib/python3.12/site-packages/oslo_config/cfg.py:3560}}[00m
2026-10-06 20:01:02.248 2724720 DEBUG oslo_service.backend._eventlet.service [req-10c7c8fc-907a-4723-93e8-b2f4976bbdcc - - - - - -] hitachi.use_chap_auth          = None [00;33m{{(pid=2724720) log_opt_values /opt/stack/data/venv/lib/python3.12/site-packages/oslo_config/cfg.py:3560}}[00m
2026-10-06 20:01:02.248 2724720 DEBUG oslo_service.backend._eventlet.service [req-10c7c8fc-907a-4723-93e8-b2f4976bbdcc - - - - - -] hitachi.use_multipath_for_image_xfer = False [00;33m{{(pid=2724720) log_opt_values /opt/stack/data/venv/lib/python3.12/site-packages/oslo_config/cfg.py:3560}}[00m
2026-10-06 20:01:02.248 2724720 DEBUG oslo_service.backend._eventlet.service [req-10c7c8fc-907a-4723-93e8-b2f4976bbdcc - - - - - -] hitachi.volume_backend_name    = hitachi [00;33m{{(pid=2724720) log_opt_values /opt/stack/data/venv/lib/python3.12/site-packages/oslo_config/cfg.py:3560}}[00m
2026-10-06 20:01:02.248 2724720 DEBUG oslo_service.backend._eventlet.service [req-10c7c8fc-907a-4723-93e8-b2f4976bbdcc - - - - - -] hitachi.volume_clear           = None [00;33m{{(pid=2724720) log_opt_values /opt/stack/data/venv/lib/python3.12/site-packages/oslo_config/cfg.py:3560}}[00m
2026-10-06 20:01:02.248 2724720 DEBUG oslo_service.backend._eventlet.service [req-10c7c8fc-907a-4723-93e8-b2f4976bbdcc - - - - - -] hitachi.volume_clear_ionice    = None [00;33m{{(pid=2724720) log_opt_values /opt/stack/data/venv/lib/python3.12/site-packages/oslo_config/cfg.py:3560}}[00m
2026-10-06 20:01:02.248 2724720 DEBUG oslo_service.backend._eventlet.service [req-10c7c8fc-907a-4723-93e8-b2f4976bbdcc - - - - - -] hitachi.volume_clear_size      = None [00;33m{{(pid=2724720) log_opt_values /opt/stack/data/venv/lib/python3.12/site-packages/oslo_config/cfg.py:3560}}[00m
2026-10-06 20:01:02.248 2724720 DEBUG oslo_service.backend._eventlet.service [req-10c7c8fc-907a-4723-93e8-b2f4976bbdcc - - - - - -] hitachi.volume_copy_blkio_cgroup_name = None [00;33m{{(pid=2724720) log_opt_values /opt/stack/data/venv/lib/python3.12/site-packages/oslo_config/cfg.py:3560}}[00m
2026-10-06 20:01:02.248 2724720 DEBUG oslo_service.backend._eventlet.service [req-10c7c8fc-907a-4723-93e8-b2f4976bbdcc - - - - - -] hitachi.volume_copy_bps_limit  = None [00;33m{{(pid=2724720) log_opt_values /opt/stack/data/venv/lib/python3.12/site-packages/oslo_config/cfg.py:3560}}[00m
2026-10-06 20:01:02.249 2724720 DEBUG oslo_service.backend._eventlet.service [req-10c7c8fc-907a-4723-93e8-b2f4976bbdcc - - - - - -] hitachi.volume_dd_blocksize    = None [00;33m{{(pid=2724720) log_opt_values /opt/stack/data/venv/lib/python3.12/site-packages/oslo_config/cfg.py:3560}}[00m
2026-10-06 20:01:02.249 2724720 DEBUG oslo_service.backend._eventlet.service [req-10c7c8fc-907a-4723-93e8-b2f4976bbdcc - - - - - -] hitachi.volume_driver          = cinder.volume.drivers.hitachi.hbsd_iscsi.HBSDISCSIDriver [00;33m{{(pid=2724720) log_opt_values /opt/stack/data/venv/lib/python3.12/site-packages/oslo_config/cfg.py:3560}}[00m
2026-10-06 20:01:02.249 2724720 DEBUG oslo_service.backend._eventlet.service [req-10c7c8fc-907a-4723-93e8-b2f4976bbdcc - - - - - -] hitachi.volumes_dir            = None [00;33m{{(pid=2724720) log_opt_values /opt/stack/data/venv/lib/python3.12/site-packages/oslo_config/cfg.py:3560}}[00m
2026-10-06 20:01:02.249 2724720 DEBUG oslo_service.backend._eventlet.service [req-10c7c8fc-907a-4723-93e8-b2f4976bbdcc - - - - - -] oslo_messaging_rabbit.amqp_auto_delete = False [00;33m{{(pid=2724720) log_opt_values /opt/stack/data/venv/lib/python3.12/site-packages/oslo_config/cfg.py:3560}}[00m
2026-10-06 20:01:02.249 2724720 DEBUG oslo_service.backend._eventlet.service [req-10c7c8fc-907a-4723-93e8-b2f4976bbdcc - - - - - -] oslo_messaging_rabbit.amqp_durable_queues = False [00;33m{{(pid=2724720) log_opt_values /opt/stack/data/venv/lib/python3.12/site-packages/oslo_config/cfg.py:3560}}[00m
2026-10-06 20:01:02.249 2724720 DEBUG oslo_service.backend._eventlet.service [req-10c7c8fc-907a-4723-93e8-b2f4976bbdcc - - - - - -] oslo_messaging_rabbit.conn_pool_min_size = 2 [00;33m{{(pid=2724720) log_opt_values /opt/stack/data/venv/lib/python3.12/site-packages/oslo_config/cfg.py:3560}}[00m
2026-10-06 20:01:02.249 2724720 DEBUG oslo_service.backend._eventlet.service [req-10c7c8fc-907a-4723-93e8-b2f4976bbdcc - - - - - -] oslo_messaging_rabbit.conn_pool_ttl = 1200 [00;33m{{(pid=2724720) log_opt_values /opt/stack/data/venv/lib/python3.12/site-packages/oslo_config/cfg.py:3560}}[00m
2026-10-06 20:01:02.249 2724720 DEBUG oslo_service.backend._eventlet.service [req-10c7c8fc-907a-4723-93e8-b2f4976bbdcc - - - - - -] oslo_messaging_rabbit.direct_mandatory_flag = True [00;33m{{(pid=2724720) log_opt_values /opt/stack/data/venv/lib/python3.12/site-packages/oslo_config/cfg.py:3560}}[00m
2026-10-06 20:01:02.249 2724720 DEBUG oslo_service.backend._eventlet.service [req-10c7c8fc-907a-4723-93e8-b2f4976bbdcc - - - - - -] oslo_messaging_rabbit.enable_cancel_on_failover = False [00;33m{{(pid=2724720) log_opt_values /opt/stack/data/venv/lib/python3.12/site-packages/oslo_config/cfg.py:3560}}[00m
2026-10-06 20:01:02.249 2724720 DEBUG oslo_service.backend._eventlet.service [req-10c7c8fc-907a-4723-93e8-b2f4976bbdcc - - - - - -] oslo_messaging_rabbit.heartbeat_rate = 3 [00;33m{{(pid=2724720) log_opt_values /opt/stack/data/venv/lib/python3.12/site-packages/oslo_config/cfg.py:3560}}[00m
2026-10-06 20:01:02.249 2724720 DEBUG oslo_service.backend._eventlet.service [req-10c7c8fc-907a-4723-93e8-b2f4976bbdcc - - - - - -] oslo_messaging_rabbit.heartbeat_timeout_threshold = 60 [00;33m{{(pid=2724720) log_opt_values /opt/stack/data/venv/lib/python3.12/site-packages/oslo_config/cfg.py:3560}}[00m
2026-10-06 20:01:02.250 2724720 DEBUG oslo_service.backend._eventlet.service [req-10c7c8fc-907a-4723-93e8-b2f4976bbdcc - - - - - -] oslo_messaging_rabbit.hostname = devstack-92-210 [00;33m{{(pid=2724720) log_opt_values /opt/stack/data/venv/lib/python3.12/site-packages/oslo_config/cfg.py:3560}}[00m
2026-10-06 20:01:02.250 2724720 DEBUG oslo_service.backend._eventlet.service [req-10c7c8fc-907a-4723-93e8-b2f4976bbdcc - - - - - -] oslo_messaging_rabbit.kombu_compression = None [00;33m{{(pid=2724720) log_opt_values /opt/stack/data/venv/lib/python3.12/site-packages/oslo_config/cfg.py:3560}}[00m
2026-10-06 20:01:02.250 2724720 DEBUG oslo_service.backend._eventlet.service [req-10c7c8fc-907a-4723-93e8-b2f4976bbdcc - - - - - -] oslo_messaging_rabbit.kombu_failover_strategy = round-robin [00;33m{{(pid=2724720) log_opt_values /opt/stack/data/venv/lib/python3.12/site-packages/oslo_config/cfg.py:3560}}[00m
2026-10-06 20:01:02.250 2724720 DEBUG oslo_service.backend._eventlet.service [req-10c7c8fc-907a-4723-93e8-b2f4976bbdcc - - - - - -] oslo_messaging_rabbit.kombu_missing_consumer_retry_timeout = 60 [00;33m{{(pid=2724720) log_opt_values /opt/stack/data/venv/lib/python3.12/site-packages/oslo_config/cfg.py:3560}}[00m
2026-10-06 20:01:02.250 2724720 DEBUG oslo_service.backend._eventlet.service [req-10c7c8fc-907a-4723-93e8-b2f4976bbdcc - - - - - -] oslo_messaging_rabbit.kombu_reconnect_delay = 1.0 [00;33m{{(pid=2724720) log_opt_values /opt/stack/data/venv/lib/python3.12/site-packages/oslo_config/cfg.py:3560}}[00m
2026-10-06 20:01:02.250 2724720 DEBUG oslo_service.backend._eventlet.service [req-10c7c8fc-907a-4723-93e8-b2f4976bbdcc - - - - - -] oslo_messaging_rabbit.kombu_reconnect_splay = 0.0 [00;33m{{(pid=2724720) log_opt_values /opt/stack/data/venv/lib/python3.12/site-packages/oslo_config/cfg.py:3560}}[00m
2026-10-06 20:01:02.250 2724720 DEBUG oslo_service.backend._eventlet.service [req-10c7c8fc-907a-4723-93e8-b2f4976bbdcc - - - - - -] oslo_messaging_rabbit.processname = cinder-volume [00;33m{{(pid=2724720) log_opt_values /opt/stack/data/venv/lib/python3.12/site-packages/oslo_config/cfg.py:3560}}[00m
2026-10-06 20:01:02.250 2724720 DEBUG oslo_service.backend._eventlet.service [req-10c7c8fc-907a-4723-93e8-b2f4976bbdcc - - - - - -] oslo_messaging_rabbit.rabbit_ha_queues = False [00;33m{{(pid=2724720) log_opt_values /opt/stack/data/venv/lib/python3.12/site-packages/oslo_config/cfg.py:3560}}[00m
2026-10-06 20:01:02.250 2724720 DEBUG oslo_service.backend._eventlet.service [req-10c7c8fc-907a-4723-93e8-b2f4976bbdcc - - - - - -] oslo_messaging_rabbit.rabbit_interval_max = 30 [00;33m{{(pid=2724720) log_opt_values /opt/stack/data/venv/lib/python3.12/site-packages/oslo_config/cfg.py:3560}}[00m
2026-10-06 20:01:02.250 2724720 DEBUG oslo_service.backend._eventlet.service [req-10c7c8fc-907a-4723-93e8-b2f4976bbdcc - - - - - -] oslo_messaging_rabbit.rabbit_login_method = AMQPLAIN [00;33m{{(pid=2724720) log_opt_values /opt/stack/data/venv/lib/python3.12/site-packages/oslo_config/cfg.py:3560}}[00m
2026-10-06 20:01:02.250 2724720 DEBUG oslo_service.backend._eventlet.service [req-10c7c8fc-907a-4723-93e8-b2f4976bbdcc - - - - - -] oslo_messaging_rabbit.rabbit_qos_prefetch_count = 0 [00;33m{{(pid=2724720) log_opt_values /opt/stack/data/venv/lib/python3.12/site-packages/oslo_config/cfg.py:3560}}[00m
2026-10-06 20:01:02.250 2724720 DEBUG oslo_service.backend._eventlet.service [req-10c7c8fc-907a-4723-93e8-b2f4976bbdcc - - - - - -] oslo_messaging_rabbit.rabbit_quorum_delivery_limit = 0 [00;33m{{(pid=2724720) log_opt_values /opt/stack/data/venv/lib/python3.12/site-packages/oslo_config/cfg.py:3560}}[00m
2026-10-06 20:01:02.251 2724720 DEBUG oslo_service.backend._eventlet.service [req-10c7c8fc-907a-4723-93e8-b2f4976bbdcc - - - - - -] oslo_messaging_rabbit.rabbit_quorum_max_memory_bytes = 0 [00;33m{{(pid=2724720) log_opt_values /opt/stack/data/venv/lib/python3.12/site-packages/oslo_config/cfg.py:3560}}[00m
2026-10-06 20:01:02.251 2724720 DEBUG oslo_service.backend._eventlet.service [req-10c7c8fc-907a-4723-93e8-b2f4976bbdcc - - - - - -] oslo_messaging_rabbit.rabbit_quorum_max_memory_length = 0 [00;33m{{(pid=2724720) log_opt_values /opt/stack/data/venv/lib/python3.12/site-packages/oslo_config/cfg.py:3560}}[00m
2026-10-06 20:01:02.251 2724720 DEBUG oslo_service.backend._eventlet.service [req-10c7c8fc-907a-4723-93e8-b2f4976bbdcc - - - - - -] oslo_messaging_rabbit.rabbit_quorum_queue = False [00;33m{{(pid=2724720) log_opt_values /opt/stack/data/venv/lib/python3.12/site-packages/oslo_config/cfg.py:3560}}[00m
2026-10-06 20:01:02.251 2724720 DEBUG oslo_service.backend._eventlet.service [req-10c7c8fc-907a-4723-93e8-b2f4976bbdcc - - - - - -] oslo_messaging_rabbit.rabbit_retry_backoff = 2 [00;33m{{(pid=2724720) log_opt_values /opt/stack/data/venv/lib/python3.12/site-packages/oslo_config/cfg.py:3560}}[00m
2026-10-06 20:01:02.251 2724720 DEBUG oslo_service.backend._eventlet.service [req-10c7c8fc-907a-4723-93e8-b2f4976bbdcc - - - - - -] oslo_messaging_rabbit.rabbit_retry_interval = 1 [00;33m{{(pid=2724720) log_opt_values /opt/stack/data/venv/lib/python3.12/site-packages/oslo_config/cfg.py:3560}}[00m
2026-10-06 20:01:02.251 2724720 DEBUG oslo_service.backend._eventlet.service [req-10c7c8fc-907a-4723-93e8-b2f4976bbdcc - - - - - -] oslo_messaging_rabbit.rabbit_stream_fanout = False [00;33m{{(pid=2724720) log_opt_values /opt/stack/data/venv/lib/python3.12/site-packages/oslo_config/cfg.py:3560}}[00m
2026-10-06 20:01:02.251 2724720 DEBUG oslo_service.backend._eventlet.service [req-10c7c8fc-907a-4723-93e8-b2f4976bbdcc - - - - - -] oslo_messaging_rabbit.rabbit_transient_queues_ttl = 1800 [00;33m{{(pid=2724720) log_opt_values /opt/stack/data/venv/lib/python3.12/site-packages/oslo_config/cfg.py:3560}}[00m
2026-10-06 20:01:02.251 2724720 DEBUG oslo_service.backend._eventlet.service [req-10c7c8fc-907a-4723-93e8-b2f4976bbdcc - - - - - -] oslo_messaging_rabbit.rabbit_transient_quorum_queue = False [00;33m{{(pid=2724720) log_opt_values /opt/stack/data/venv/lib/python3.12/site-packages/oslo_config/cfg.py:3560}}[00m
2026-10-06 20:01:02.251 2724720 DEBUG oslo_service.backend._eventlet.service [req-10c7c8fc-907a-4723-93e8-b2f4976bbdcc - - - - - -] oslo_messaging_rabbit.rpc_conn_pool_size = 30 [00;33m{{(pid=2724720) log_opt_values /opt/stack/data/venv/lib/python3.12/site-packages/oslo_config/cfg.py:3560}}[00m
2026-10-06 20:01:02.251 2724720 DEBUG oslo_service.backend._eventlet.service [req-10c7c8fc-907a-4723-93e8-b2f4976bbdcc - - - - - -] oslo_messaging_rabbit.ssl      = False [00;33m{{(pid=2724720) log_opt_values /opt/stack/data/venv/lib/python3.12/site-packages/oslo_config/cfg.py:3560}}[00m
2026-10-06 20:01:02.251 2724720 DEBUG oslo_service.backend._eventlet.service [req-10c7c8fc-907a-4723-93e8-b2f4976bbdcc - - - - - -] oslo_messaging_rabbit.ssl_ca_file =  [00;33m{{(pid=2724720) log_opt_values /opt/stack/data/venv/lib/python3.12/site-packages/oslo_config/cfg.py:3560}}[00m
2026-10-06 20:01:02.251 2724720 DEBUG oslo_service.backend._eventlet.service [req-10c7c8fc-907a-4723-93e8-b2f4976bbdcc - - - - - -] oslo_messaging_rabbit.ssl_cert_file =  [00;33m{{(pid=2724720) log_opt_values /opt/stack/data/venv/lib/python3.12/site-packages/oslo_config/cfg.py:3560}}[00m
2026-10-06 20:01:02.252 2724720 DEBUG oslo_service.backend._eventlet.service [req-10c7c8fc-907a-4723-93e8-b2f4976bbdcc - - - - - -] oslo_messaging_rabbit.ssl_enforce_fips_mode = False [00;33m{{(pid=2724720) log_opt_values /opt/stack/data/venv/lib/python3.12/site-packages/oslo_config/cfg.py:3560}}[00m
2026-10-06 20:01:02.252 2724720 DEBUG oslo_service.backend._eventlet.service [req-10c7c8fc-907a-4723-93e8-b2f4976bbdcc - - - - - -] oslo_messaging_rabbit.ssl_enforce_hostname_verification = True [00;33m{{(pid=2724720) log_opt_values /opt/stack/data/venv/lib/python3.12/site-packages/oslo_config/cfg.py:3560}}[00m
2026-10-06 20:01:02.252 2724720 DEBUG oslo_service.backend._eventlet.service [req-10c7c8fc-907a-4723-93e8-b2f4976bbdcc - - - - - -] oslo_messaging_rabbit.ssl_key_file =  [00;33m{{(pid=2724720) log_opt_values /opt/stack/data/venv/lib/python3.12/site-packages/oslo_config/cfg.py:3560}}[00m
2026-10-06 20:01:02.252 2724720 DEBUG oslo_service.backend._eventlet.service [req-10c7c8fc-907a-4723-93e8-b2f4976bbdcc - - - - - -] oslo_messaging_rabbit.ssl_version =  [00;33m{{(pid=2724720) log_opt_values /opt/stack/data/venv/lib/python3.12/site-packages/oslo_config/cfg.py:3560}}[00m
2026-10-06 20:01:02.252 2724720 DEBUG oslo_service.backend._eventlet.service [req-10c7c8fc-907a-4723-93e8-b2f4976bbdcc - - - - - -] oslo_messaging_rabbit.use_queue_manager = False [00;33m{{(pid=2724720) log_opt_values /opt/stack/data/venv/lib/python3.12/site-packages/oslo_config/cfg.py:3560}}[00m
2026-10-06 20:01:02.252 2724720 DEBUG oslo_service.backend._eventlet.service [req-10c7c8fc-907a-4723-93e8-b2f4976bbdcc - - - - - -] oslo_messaging_notifications.driver = [] [00;33m{{(pid=2724720) log_opt_values /opt/stack/data/venv/lib/python3.12/site-packages/oslo_config/cfg.py:3560}}[00m
2026-10-06 20:01:02.252 2724720 DEBUG oslo_service.backend._eventlet.service [req-10c7c8fc-907a-4723-93e8-b2f4976bbdcc - - - - - -] oslo_messaging_notifications.retry = -1 [00;33m{{(pid=2724720) log_opt_values /opt/stack/data/venv/lib/python3.12/site-packages/oslo_config/cfg.py:3560}}[00m
2026-10-06 20:01:02.252 2724720 DEBUG oslo_service.backend._eventlet.service [req-10c7c8fc-907a-4723-93e8-b2f4976bbdcc - - - - - -] oslo_messaging_notifications.topics = ['notifications'] [00;33m{{(pid=2724720) log_opt_values /opt/stack/data/venv/lib/python3.12/site-packages/oslo_config/cfg.py:3560}}[00m
2026-10-06 20:01:02.252 2724720 DEBUG oslo_service.backend._eventlet.service [req-10c7c8fc-907a-4723-93e8-b2f4976bbdcc - - - - - -] oslo_messaging_notifications.transport_url = **** [00;33m{{(pid=2724720) log_opt_values /opt/stack/data/venv/lib/python3.12/site-packages/oslo_config/cfg.py:3560}}[00m
2026-10-06 20:01:02.252 2724720 DEBUG oslo_service.backend._eventlet.service [req-10c7c8fc-907a-4723-93e8-b2f4976bbdcc - - - - - -] key_manager.backend            = cinder.keymgr.conf_key_mgr.ConfKeyManager [00;33m{{(pid=2724720) log_opt_values /opt/stack/data/venv/lib/python3.12/site-packages/oslo_config/cfg.py:3560}}[00m
2026-10-06 20:01:02.252 2724720 DEBUG oslo_service.backend._eventlet.service [req-10c7c8fc-907a-4723-93e8-b2f4976bbdcc - - - - - -] key_manager.fixed_key          = **** [00;33m{{(pid=2724720) log_opt_values /opt/stack/data/venv/lib/python3.12/site-packages/oslo_config/cfg.py:3560}}[00m
2026-10-06 20:01:02.253 2724720 DEBUG oslo_service.backend._eventlet.service [req-10c7c8fc-907a-4723-93e8-b2f4976bbdcc - - - - - -] barbican.auth_endpoint         = http://localhost/identity/v3 [00;33m{{(pid=2724720) log_opt_values /opt/stack/data/venv/lib/python3.12/site-packages/oslo_config/cfg.py:3560}}[00m
2026-10-06 20:01:02.253 2724720 DEBUG oslo_service.backend._eventlet.service [req-10c7c8fc-907a-4723-93e8-b2f4976bbdcc - - - - - -] barbican.barbican_api_version  = None [00;33m{{(pid=2724720) log_opt_values /opt/stack/data/venv/lib/python3.12/site-packages/oslo_config/cfg.py:3560}}[00m
2026-10-06 20:01:02.253 2724720 DEBUG oslo_service.backend._eventlet.service [req-10c7c8fc-907a-4723-93e8-b2f4976bbdcc - - - - - -] barbican.barbican_endpoint     = None [00;33m{{(pid=2724720) log_opt_values /opt/stack/data/venv/lib/python3.12/site-packages/oslo_config/cfg.py:3560}}[00m
2026-10-06 20:01:02.253 2724720 DEBUG oslo_service.backend._eventlet.service [req-10c7c8fc-907a-4723-93e8-b2f4976bbdcc - - - - - -] barbican.barbican_endpoint_type = public [00;33m{{(pid=2724720) log_opt_values /opt/stack/data/venv/lib/python3.12/site-packages/oslo_config/cfg.py:3560}}[00m
2026-10-06 20:01:02.253 2724720 DEBUG oslo_service.backend._eventlet.service [req-10c7c8fc-907a-4723-93e8-b2f4976bbdcc - - - - - -] barbican.barbican_region_name  = None [00;33m{{(pid=2724720) log_opt_values /opt/stack/data/venv/lib/python3.12/site-packages/oslo_config/cfg.py:3560}}[00m
2026-10-06 20:01:02.253 2724720 DEBUG oslo_service.backend._eventlet.service [req-10c7c8fc-907a-4723-93e8-b2f4976bbdcc - - - - - -] barbican.cafile                = None [00;33m{{(pid=2724720) log_opt_values /opt/stack/data/venv/lib/python3.12/site-packages/oslo_config/cfg.py:3560}}[00m
2026-10-06 20:01:02.253 2724720 DEBUG oslo_service.backend._eventlet.service [req-10c7c8fc-907a-4723-93e8-b2f4976bbdcc - - - - - -] barbican.certfile              = None [00;33m{{(pid=2724720) log_opt_values /opt/stack/data/venv/lib/python3.12/site-packages/oslo_config/cfg.py:3560}}[00m
2026-10-06 20:01:02.253 2724720 DEBUG oslo_service.backend._eventlet.service [req-10c7c8fc-907a-4723-93e8-b2f4976bbdcc - - - - - -] barbican.collect_timing        = False [00;33m{{(pid=2724720) log_opt_values /opt/stack/data/venv/lib/python3.12/site-packages/oslo_config/cfg.py:3560}}[00m
2026-10-06 20:01:02.253 2724720 DEBUG oslo_service.backend._eventlet.service [req-10c7c8fc-907a-4723-93e8-b2f4976bbdcc - - - - - -] barbican.insecure              = False [00;33m{{(pid=2724720) log_opt_values /opt/stack/data/venv/lib/python3.12/site-packages/oslo_config/cfg.py:3560}}[00m
2026-10-06 20:01:02.254 2724720 DEBUG oslo_service.backend._eventlet.service [req-10c7c8fc-907a-4723-93e8-b2f4976bbdcc - - - - - -] barbican.keyfile               = None [00;33m{{(pid=2724720) log_opt_values /opt/stack/data/venv/lib/python3.12/site-packages/oslo_config/cfg.py:3560}}[00m
2026-10-06 20:01:02.254 2724720 DEBUG oslo_service.backend._eventlet.service [req-10c7c8fc-907a-4723-93e8-b2f4976bbdcc - - - - - -] barbican.number_of_retries     = 60 [00;33m{{(pid=2724720) log_opt_values /opt/stack/data/venv/lib/python3.12/site-packages/oslo_config/cfg.py:3560}}[00m
2026-10-06 20:01:02.254 2724720 DEBUG oslo_service.backend._eventlet.service [req-10c7c8fc-907a-4723-93e8-b2f4976bbdcc - - - - - -] barbican.retry_delay           = 1 [00;33m{{(pid=2724720) log_opt_values /opt/stack/data/venv/lib/python3.12/site-packages/oslo_config/cfg.py:3560}}[00m
2026-10-06 20:01:02.254 2724720 DEBUG oslo_service.backend._eventlet.service [req-10c7c8fc-907a-4723-93e8-b2f4976bbdcc - - - - - -] barbican.send_service_user_token = False [00;33m{{(pid=2724720) log_opt_values /opt/stack/data/venv/lib/python3.12/site-packages/oslo_config/cfg.py:3560}}[00m
2026-10-06 20:01:02.254 2724720 DEBUG oslo_service.backend._eventlet.service [req-10c7c8fc-907a-4723-93e8-b2f4976bbdcc - - - - - -] barbican.split_loggers         = False [00;33m{{(pid=2724720) log_opt_values /opt/stack/data/venv/lib/python3.12/site-packages/oslo_config/cfg.py:3560}}[00m
2026-10-06 20:01:02.254 2724720 DEBUG oslo_service.backend._eventlet.service [req-10c7c8fc-907a-4723-93e8-b2f4976bbdcc - - - - - -] barbican.timeout               = None [00;33m{{(pid=2724720) log_opt_values /opt/stack/data/venv/lib/python3.12/site-packages/oslo_config/cfg.py:3560}}[00m
2026-10-06 20:01:02.254 2724720 DEBUG oslo_service.backend._eventlet.service [req-10c7c8fc-907a-4723-93e8-b2f4976bbdcc - - - - - -] barbican.tls_ciphers           = None [00;33m{{(pid=2724720) log_opt_values /opt/stack/data/venv/lib/python3.12/site-packages/oslo_config/cfg.py:3560}}[00m
2026-10-06 20:01:02.254 2724720 DEBUG oslo_service.backend._eventlet.service [req-10c7c8fc-907a-4723-93e8-b2f4976bbdcc - - - - - -] barbican.tls_min_version       = None [00;33m{{(pid=2724720) log_opt_values /opt/stack/data/venv/lib/python3.12/site-packages/oslo_config/cfg.py:3560}}[00m
2026-10-06 20:01:02.254 2724720 DEBUG oslo_service.backend._eventlet.service [req-10c7c8fc-907a-4723-93e8-b2f4976bbdcc - - - - - -] barbican.verify_ssl            = True [00;33m{{(pid=2724720) log_opt_values /opt/stack/data/venv/lib/python3.12/site-packages/oslo_config/cfg.py:3560}}[00m
2026-10-06 20:01:02.254 2724720 DEBUG oslo_service.backend._eventlet.service [req-10c7c8fc-907a-4723-93e8-b2f4976bbdcc - - - - - -] barbican.verify_ssl_path       = None [00;33m{{(pid=2724720) log_opt_values /opt/stack/data/venv/lib/python3.12/site-packages/oslo_config/cfg.py:3560}}[00m
2026-10-06 20:01:02.254 2724720 DEBUG oslo_service.backend._eventlet.service [req-10c7c8fc-907a-4723-93e8-b2f4976bbdcc - - - - - -] barbican_service_user.auth_section = None [00;33m{{(pid=2724720) log_opt_values /opt/stack/data/venv/lib/python3.12/site-packages/oslo_config/cfg.py:3560}}[00m
2026-10-06 20:01:02.254 2724720 DEBUG oslo_service.backend._eventlet.service [req-10c7c8fc-907a-4723-93e8-b2f4976bbdcc - - - - - -] barbican_service_user.auth_type = None [00;33m{{(pid=2724720) log_opt_values /opt/stack/data/venv/lib/python3.12/site-packages/oslo_config/cfg.py:3560}}[00m
2026-10-06 20:01:02.255 2724720 DEBUG oslo_service.backend._eventlet.service [req-10c7c8fc-907a-4723-93e8-b2f4976bbdcc - - - - - -] barbican_service_user.cafile   = None [00;33m{{(pid=2724720) log_opt_values /opt/stack/data/venv/lib/python3.12/site-packages/oslo_config/cfg.py:3560}}[00m
2026-10-06 20:01:02.255 2724720 DEBUG oslo_service.backend._eventlet.service [req-10c7c8fc-907a-4723-93e8-b2f4976bbdcc - - - - - -] barbican_service_user.certfile = None [00;33m{{(pid=2724720) log_opt_values /opt/stack/data/venv/lib/python3.12/site-packages/oslo_config/cfg.py:3560}}[00m
2026-10-06 20:01:02.255 2724720 DEBUG oslo_service.backend._eventlet.service [req-10c7c8fc-907a-4723-93e8-b2f4976bbdcc - - - - - -] barbican_service_user.collect_timing = False [00;33m{{(pid=2724720) log_opt_values /opt/stack/data/venv/lib/python3.12/site-packages/oslo_config/cfg.py:3560}}[00m
2026-10-06 20:01:02.255 2724720 DEBUG oslo_service.backend._eventlet.service [req-10c7c8fc-907a-4723-93e8-b2f4976bbdcc - - - - - -] barbican_service_user.insecure = False [00;33m{{(pid=2724720) log_opt_values /opt/stack/data/venv/lib/python3.12/site-packages/oslo_config/cfg.py:3560}}[00m
2026-10-06 20:01:02.255 2724720 DEBUG oslo_service.backend._eventlet.service [req-10c7c8fc-907a-4723-93e8-b2f4976bbdcc - - - - - -] barbican_service_user.keyfile  = None [00;33m{{(pid=2724720) log_opt_values /opt/stack/data/venv/lib/python3.12/site-packages/oslo_config/cfg.py:3560}}[00m
2026-10-06 20:01:02.255 2724720 DEBUG oslo_service.backend._eventlet.service [req-10c7c8fc-907a-4723-93e8-b2f4976bbdcc - - - - - -] barbican_service_user.split_loggers = False [00;33m{{(pid=2724720) log_opt_values /opt/stack/data/venv/lib/python3.12/site-packages/oslo_config/cfg.py:3560}}[00m
2026-10-06 20:01:02.255 2724720 DEBUG oslo_service.backend._eventlet.service [req-10c7c8fc-907a-4723-93e8-b2f4976bbdcc - - - - - -] barbican_service_user.timeout  = None [00;33m{{(pid=2724720) log_opt_values /opt/stack/data/venv/lib/python3.12/site-packages/oslo_config/cfg.py:3560}}[00m
2026-10-06 20:01:02.255 2724720 DEBUG oslo_service.backend._eventlet.service [req-10c7c8fc-907a-4723-93e8-b2f4976bbdcc - - - - - -] barbican_service_user.tls_ciphers = None [00;33m{{(pid=2724720) log_opt_values /opt/stack/data/venv/lib/python3.12/site-packages/oslo_config/cfg.py:3560}}[00m
2026-10-06 20:01:02.255 2724720 DEBUG oslo_service.backend._eventlet.service [req-10c7c8fc-907a-4723-93e8-b2f4976bbdcc - - - - - -] barbican_service_user.tls_min_version = None [00;33m{{(pid=2724720) log_opt_values /opt/stack/data/venv/lib/python3.12/site-packages/oslo_config/cfg.py:3560}}[00m
2026-10-06 20:01:02.255 2724720 DEBUG oslo_service.backend._eventlet.service [req-10c7c8fc-907a-4723-93e8-b2f4976bbdcc - - - - - -] vault.approle_role_id          = **** [00;33m{{(pid=2724720) log_opt_values /opt/stack/data/venv/lib/python3.12/site-packages/oslo_config/cfg.py:3560}}[00m
2026-10-06 20:01:02.255 2724720 DEBUG oslo_service.backend._eventlet.service [req-10c7c8fc-907a-4723-93e8-b2f4976bbdcc - - - - - -] vault.approle_secret_id        = **** [00;33m{{(pid=2724720) log_opt_values /opt/stack/data/venv/lib/python3.12/site-packages/oslo_config/cfg.py:3560}}[00m
2026-10-06 20:01:02.255 2724720 DEBUG oslo_service.backend._eventlet.service [req-10c7c8fc-907a-4723-93e8-b2f4976bbdcc - - - - - -] vault.auth_method              = approle [00;33m{{(pid=2724720) log_opt_values /opt/stack/data/venv/lib/python3.12/site-packages/oslo_config/cfg.py:3560}}[00m
2026-10-06 20:01:02.256 2724720 DEBUG oslo_service.backend._eventlet.service [req-10c7c8fc-907a-4723-93e8-b2f4976bbdcc - - - - - -] vault.auth_path                = None [00;33m{{(pid=2724720) log_opt_values /opt/stack/data/venv/lib/python3.12/site-packages/oslo_config/cfg.py:3560}}[00m
2026-10-06 20:01:02.256 2724720 DEBUG oslo_service.backend._eventlet.service [req-10c7c8fc-907a-4723-93e8-b2f4976bbdcc - - - - - -] vault.kv_mountpoint            = secret [00;33m{{(pid=2724720) log_opt_values /opt/stack/data/venv/lib/python3.12/site-packages/oslo_config/cfg.py:3560}}[00m
2026-10-06 20:01:02.256 2724720 DEBUG oslo_service.backend._eventlet.service [req-10c7c8fc-907a-4723-93e8-b2f4976bbdcc - - - - - -] vault.kv_path                  = None [00;33m{{(pid=2724720) log_opt_values /opt/stack/data/venv/lib/python3.12/site-packages/oslo_config/cfg.py:3560}}[00m
2026-10-06 20:01:02.256 2724720 DEBUG oslo_service.backend._eventlet.service [req-10c7c8fc-907a-4723-93e8-b2f4976bbdcc - - - - - -] vault.kv_version               = 2 [00;33m{{(pid=2724720) log_opt_values /opt/stack/data/venv/lib/python3.12/site-packages/oslo_config/cfg.py:3560}}[00m
2026-10-06 20:01:02.256 2724720 DEBUG oslo_service.backend._eventlet.service [req-10c7c8fc-907a-4723-93e8-b2f4976bbdcc - - - - - -] vault.namespace                = None [00;33m{{(pid=2724720) log_opt_values /opt/stack/data/venv/lib/python3.12/site-packages/oslo_config/cfg.py:3560}}[00m
2026-10-06 20:01:02.256 2724720 DEBUG oslo_service.backend._eventlet.service [req-10c7c8fc-907a-4723-93e8-b2f4976bbdcc - - - - - -] vault.root_token_id            = **** [00;33m{{(pid=2724720) log_opt_values /opt/stack/data/venv/lib/python3.12/site-packages/oslo_config/cfg.py:3560}}[00m
2026-10-06 20:01:02.256 2724720 DEBUG oslo_service.backend._eventlet.service [req-10c7c8fc-907a-4723-93e8-b2f4976bbdcc - - - - - -] vault.ssl_ca_crt_file          = None [00;33m{{(pid=2724720) log_opt_values /opt/stack/data/venv/lib/python3.12/site-packages/oslo_config/cfg.py:3560}}[00m
2026-10-06 20:01:02.256 2724720 DEBUG oslo_service.backend._eventlet.service [req-10c7c8fc-907a-4723-93e8-b2f4976bbdcc - - - - - -] vault.timeout                  = 60.0 [00;33m{{(pid=2724720) log_opt_values /opt/stack/data/venv/lib/python3.12/site-packages/oslo_config/cfg.py:3560}}[00m
2026-10-06 20:01:02.256 2724720 DEBUG oslo_service.backend._eventlet.service [req-10c7c8fc-907a-4723-93e8-b2f4976bbdcc - - - - - -] vault.token_file               = None [00;33m{{(pid=2724720) log_opt_values /opt/stack/data/venv/lib/python3.12/site-packages/oslo_config/cfg.py:3560}}[00m
2026-10-06 20:01:02.256 2724720 DEBUG oslo_service.backend._eventlet.service [req-10c7c8fc-907a-4723-93e8-b2f4976bbdcc - - - - - -] vault.token_role               = None [00;33m{{(pid=2724720) log_opt_values /opt/stack/data/venv/lib/python3.12/site-packages/oslo_config/cfg.py:3560}}[00m
2026-10-06 20:01:02.256 2724720 DEBUG oslo_service.backend._eventlet.service [req-10c7c8fc-907a-4723-93e8-b2f4976bbdcc - - - - - -] vault.use_ssl                  = False [00;33m{{(pid=2724720) log_opt_values /opt/stack/data/venv/lib/python3.12/site-packages/oslo_config/cfg.py:3560}}[00m
2026-10-06 20:01:02.256 2724720 DEBUG oslo_service.backend._eventlet.service [req-10c7c8fc-907a-4723-93e8-b2f4976bbdcc - - - - - -] vault.vault_url                = http://127.0.0.1:8200 [00;33m{{(pid=2724720) log_opt_values /opt/stack/data/venv/lib/python3.12/site-packages/oslo_config/cfg.py:3560}}[00m
2026-10-06 20:01:02.257 2724720 DEBUG oslo_service.backend._eventlet.service [req-10c7c8fc-907a-4723-93e8-b2f4976bbdcc - - - - - -] fc-zone-manager.enable_unsupported_driver = False [00;33m{{(pid=2724720) log_opt_values /opt/stack/data/venv/lib/python3.12/site-packages/oslo_config/cfg.py:3560}}[00m
2026-10-06 20:01:02.257 2724720 DEBUG oslo_service.backend._eventlet.service [req-10c7c8fc-907a-4723-93e8-b2f4976bbdcc - - - - - -] fc-zone-manager.fc_fabric_names = None [00;33m{{(pid=2724720) log_opt_values /opt/stack/data/venv/lib/python3.12/site-packages/oslo_config/cfg.py:3560}}[00m
2026-10-06 20:01:02.257 2724720 DEBUG oslo_service.backend._eventlet.service [req-10c7c8fc-907a-4723-93e8-b2f4976bbdcc - - - - - -] fc-zone-manager.fc_san_lookup_service = cinder.zonemanager.drivers.brocade.brcd_fc_san_lookup_service.BrcdFCSanLookupService [00;33m{{(pid=2724720) log_opt_values /opt/stack/data/venv/lib/python3.12/site-packages/oslo_config/cfg.py:3560}}[00m
2026-10-06 20:01:02.257 2724720 DEBUG oslo_service.backend._eventlet.service [req-10c7c8fc-907a-4723-93e8-b2f4976bbdcc - - - - - -] fc-zone-manager.zone_driver    = cinder.zonemanager.drivers.brocade.brcd_fc_zone_driver.BrcdFCZoneDriver [00;33m{{(pid=2724720) log_opt_values /opt/stack/data/venv/lib/python3.12/site-packages/oslo_config/cfg.py:3560}}[00m
2026-10-06 20:01:02.257 2724720 DEBUG oslo_service.backend._eventlet.service [req-10c7c8fc-907a-4723-93e8-b2f4976bbdcc - - - - - -] fc-zone-manager.zoning_policy  = initiator-target [00;33m{{(pid=2724720) log_opt_values /opt/stack/data/venv/lib/python3.12/site-packages/oslo_config/cfg.py:3560}}[00m
2026-10-06 20:01:02.257 2724720 DEBUG oslo_service.backend._eventlet.service [req-10c7c8fc-907a-4723-93e8-b2f4976bbdcc - - - - - -] ******************************************************************************** [00;33m{{(pid=2724720) log_opt_values /opt/stack/data/venv/lib/python3.12/site-packages/oslo_config/cfg.py:3567}}[00m
2026-10-06 20:01:02.322 2724734 DEBUG cinder.volume.drivers.hitachi.hbsd_rest_api [req-e420e365-28f2-4585-8e2b-be9ec35825b2 - - - - - -] ERROR <?xml version="1.0" encoding="iso-8859-1"?> <!DOCTYPE html PUBLIC "-//W3C//DTD XHTML 1.0 Transitional//EN"          "http://www.w3.org/TR/xhtml1/DTD/xhtml1-transitional.dtd"> <html xmlns="http://www.w3.org/1999/xhtml" xml:lang="en" lang="en">  <head>   <title>503 Service Not Available</title>  </head>  <body>   <h1>503 Service Not Available</h1>  </body> </html> [00;33m{{(pid=2724734) _check_rest_api_response /opt/stack/cinder/cinder/volume/drivers/hitachi/hbsd_rest_api.py:481}}[00m
2026-10-06 20:01:07.319 2724734 DEBUG cinder.volume.drivers.hitachi.hbsd_rest_api [req-e420e365-28f2-4585-8e2b-be9ec35825b2 - - - - - -] ERROR <?xml version="1.0" encoding="iso-8859-1"?> <!DOCTYPE html PUBLIC "-//W3C//DTD XHTML 1.0 Transitional//EN"          "http://www.w3.org/TR/xhtml1/DTD/xhtml1-transitional.dtd"> <html xmlns="http://www.w3.org/1999/xhtml" xml:lang="en" lang="en">  <head>   <title>503 Service Not Available</title>  </head>  <body>   <h1>503 Service Not Available</h1>  </body> </html> [00;33m{{(pid=2724734) _check_rest_api_response /opt/stack/cinder/cinder/volume/drivers/hitachi/hbsd_rest_api.py:481}}[00m
2026-10-06 20:01:12.183 2724720 DEBUG dbcounter [-] [2724720] Writing DB stats cinder:SELECT=5,cinder:UPDATE=1 [00;33m{{(pid=2724720) stat_writer /opt/stack/data/venv/lib/python3.12/site-packages/dbcounter.py:115}}[00m
2026-10-06 20:01:12.346 2724734 DEBUG cinder.volume.drivers.hitachi.hbsd_rest_api [req-e420e365-28f2-4585-8e2b-be9ec35825b2 - - - - - -] ERROR <?xml version="1.0" encoding="iso-8859-1"?> <!DOCTYPE html PUBLIC "-//W3C//DTD XHTML 1.0 Transitional//EN"          "http://www.w3.org/TR/xhtml1/DTD/xhtml1-transitional.dtd"> <html xmlns="http://www.w3.org/1999/xhtml" xml:lang="en" lang="en">  <head>   <title>503 Service Not Available</title>  </head>  <body>   <h1>503 Service Not Available</h1>  </body> </html> [00;33m{{(pid=2724734) _check_rest_api_response /opt/stack/cinder/cinder/volume/drivers/hitachi/hbsd_rest_api.py:481}}[00m
2026-10-06 20:01:17.331 2724734 DEBUG cinder.volume.drivers.hitachi.hbsd_rest_api [req-e420e365-28f2-4585-8e2b-be9ec35825b2 - - - - - -] ERROR <?xml version="1.0" encoding="iso-8859-1"?> <!DOCTYPE html PUBLIC "-//W3C//DTD XHTML 1.0 Transitional//EN"          "http://www.w3.org/TR/xhtml1/DTD/xhtml1-transitional.dtd"> <html xmlns="http://www.w3.org/1999/xhtml" xml:lang="en" lang="en">  <head>   <title>503 Service Not Available</title>  </head>  <body>   <h1>503 Service Not Available</h1>  </body> </html> [00;33m{{(pid=2724734) _check_rest_api_response /opt/stack/cinder/cinder/volume/drivers/hitachi/hbsd_rest_api.py:481}}[00m
2026-10-06 20:01:22.346 2724734 DEBUG cinder.volume.drivers.hitachi.hbsd_rest_api [req-e420e365-28f2-4585-8e2b-be9ec35825b2 - - - - - -] ERROR <?xml version="1.0" encoding="iso-8859-1"?> <!DOCTYPE html PUBLIC "-//W3C//DTD XHTML 1.0 Transitional//EN"          "http://www.w3.org/TR/xhtml1/DTD/xhtml1-transitional.dtd"> <html xmlns="http://www.w3.org/1999/xhtml" xml:lang="en" lang="en">  <head>   <title>503 Service Not Available</title>  </head>  <body>   <h1>503 Service Not Available</h1>  </body> </html> [00;33m{{(pid=2724734) _check_rest_api_response /opt/stack/cinder/cinder/volume/drivers/hitachi/hbsd_rest_api.py:481}}[00m
2026-10-06 20:01:27.343 2724734 DEBUG cinder.volume.drivers.hitachi.hbsd_rest_api [req-e420e365-28f2-4585-8e2b-be9ec35825b2 - - - - - -] ERROR <?xml version="1.0" encoding="iso-8859-1"?> <!DOCTYPE html PUBLIC "-//W3C//DTD XHTML 1.0 Transitional//EN"          "http://www.w3.org/TR/xhtml1/DTD/xhtml1-transitional.dtd"> <html xmlns="http://www.w3.org/1999/xhtml" xml:lang="en" lang="en">  <head>   <title>503 Service Not Available</title>  </head>  <body>   <h1>503 Service Not Available</h1>  </body> </html> [00;33m{{(pid=2724734) _check_rest_api_response /opt/stack/cinder/cinder/volume/drivers/hitachi/hbsd_rest_api.py:481}}[00m
2026-10-06 20:01:32.344 2724734 DEBUG cinder.volume.drivers.hitachi.hbsd_rest_api [req-e420e365-28f2-4585-8e2b-be9ec35825b2 - - - - - -] ERROR <?xml version="1.0" encoding="iso-8859-1"?> <!DOCTYPE html PUBLIC "-//W3C//DTD XHTML 1.0 Transitional//EN"          "http://www.w3.org/TR/xhtml1/DTD/xhtml1-transitional.dtd"> <html xmlns="http://www.w3.org/1999/xhtml" xml:lang="en" lang="en">  <head>   <title>503 Service Not Available</title>  </head>  <body>   <h1>503 Service Not Available</h1>  </body> </html> [00;33m{{(pid=2724734) _check_rest_api_response /opt/stack/cinder/cinder/volume/drivers/hitachi/hbsd_rest_api.py:481}}[00m
2026-10-06 20:01:37.345 2724734 DEBUG cinder.volume.drivers.hitachi.hbsd_rest_api [req-e420e365-28f2-4585-8e2b-be9ec35825b2 - - - - - -] ERROR <?xml version="1.0" encoding="iso-8859-1"?> <!DOCTYPE html PUBLIC "-//W3C//DTD XHTML 1.0 Transitional//EN"          "http://www.w3.org/TR/xhtml1/DTD/xhtml1-transitional.dtd"> <html xmlns="http://www.w3.org/1999/xhtml" xml:lang="en" lang="en">  <head>   <title>503 Service Not Available</title>  </head>  <body>   <h1>503 Service Not Available</h1>  </body> </html> [00;33m{{(pid=2724734) _check_rest_api_response /opt/stack/cinder/cinder/volume/drivers/hitachi/hbsd_rest_api.py:481}}[00m
2026-10-06 20:01:42.345 2724734 DEBUG cinder.volume.drivers.hitachi.hbsd_rest_api [req-e420e365-28f2-4585-8e2b-be9ec35825b2 - - - - - -] ERROR <?xml version="1.0" encoding="iso-8859-1"?> <!DOCTYPE html PUBLIC "-//W3C//DTD XHTML 1.0 Transitional//EN"          "http://www.w3.org/TR/xhtml1/DTD/xhtml1-transitional.dtd"> <html xmlns="http://www.w3.org/1999/xhtml" xml:lang="en" lang="en">  <head>   <title>503 Service Not Available</title>  </head>  <body>   <h1>503 Service Not Available</h1>  </body> </html> [00;33m{{(pid=2724734) _check_rest_api_response /opt/stack/cinder/cinder/volume/drivers/hitachi/hbsd_rest_api.py:481}}[00m
2026-10-06 20:01:47.350 2724734 DEBUG cinder.volume.drivers.hitachi.hbsd_rest_api [req-e420e365-28f2-4585-8e2b-be9ec35825b2 - - - - - -] ERROR <?xml version="1.0" encoding="iso-8859-1"?> <!DOCTYPE html PUBLIC "-//W3C//DTD XHTML 1.0 Transitional//EN"          "http://www.w3.org/TR/xhtml1/DTD/xhtml1-transitional.dtd"> <html xmlns="http://www.w3.org/1999/xhtml" xml:lang="en" lang="en">  <head>   <title>503 Service Not Available</title>  </head>  <body>   <h1>503 Service Not Available</h1>  </body> </html> [00;33m{{(pid=2724734) _check_rest_api_response /opt/stack/cinder/cinder/volume/drivers/hitachi/hbsd_rest_api.py:481}}[00m
2026-10-06 20:01:52.346 2724734 DEBUG cinder.volume.drivers.hitachi.hbsd_rest_api [req-e420e365-28f2-4585-8e2b-be9ec35825b2 - - - - - -] ERROR <?xml version="1.0" encoding="iso-8859-1"?> <!DOCTYPE html PUBLIC "-//W3C//DTD XHTML 1.0 Transitional//EN"          "http://www.w3.org/TR/xhtml1/DTD/xhtml1-transitional.dtd"> <html xmlns="http://www.w3.org/1999/xhtml" xml:lang="en" lang="en">  <head>   <title>503 Service Not Available</title>  </head>  <body>   <h1>503 Service Not Available</h1>  </body> </html> [00;33m{{(pid=2724734) _check_rest_api_response /opt/stack/cinder/cinder/volume/drivers/hitachi/hbsd_rest_api.py:481}}[00m
2026-10-06 20:01:57.386 2724734 DEBUG cinder.volume.drivers.hitachi.hbsd_rest_api [req-e420e365-28f2-4585-8e2b-be9ec35825b2 - - - - - -] ERROR <?xml version="1.0" encoding="iso-8859-1"?> <!DOCTYPE html PUBLIC "-//W3C//DTD XHTML 1.0 Transitional//EN"          "http://www.w3.org/TR/xhtml1/DTD/xhtml1-transitional.dtd"> <html xmlns="http://www.w3.org/1999/xhtml" xml:lang="en" lang="en">  <head>   <title>503 Service Not Available</title>  </head>  <body>   <h1>503 Service Not Available</h1>  </body> </html> [00;33m{{(pid=2724734) _check_rest_api_response /opt/stack/cinder/cinder/volume/drivers/hitachi/hbsd_rest_api.py:481}}[00m
2026-10-06 20:02:02.351 2724734 DEBUG cinder.volume.drivers.hitachi.hbsd_rest_api [req-e420e365-28f2-4585-8e2b-be9ec35825b2 - - - - - -] ERROR <?xml version="1.0" encoding="iso-8859-1"?> <!DOCTYPE html PUBLIC "-//W3C//DTD XHTML 1.0 Transitional//EN"          "http://www.w3.org/TR/xhtml1/DTD/xhtml1-transitional.dtd"> <html xmlns="http://www.w3.org/1999/xhtml" xml:lang="en" lang="en">  <head>   <title>503 Service Not Available</title>  </head>  <body>   <h1>503 Service Not Available</h1>  </body> </html> [00;33m{{(pid=2724734) _check_rest_api_response /opt/stack/cinder/cinder/volume/drivers/hitachi/hbsd_rest_api.py:481}}[00m
2026-10-06 20:02:07.359 2724734 DEBUG cinder.volume.drivers.hitachi.hbsd_rest_api [req-e420e365-28f2-4585-8e2b-be9ec35825b2 - - - - - -] ERROR <?xml version="1.0" encoding="iso-8859-1"?> <!DOCTYPE html PUBLIC "-//W3C//DTD XHTML 1.0 Transitional//EN"          "http://www.w3.org/TR/xhtml1/DTD/xhtml1-transitional.dtd"> <html xmlns="http://www.w3.org/1999/xhtml" xml:lang="en" lang="en">  <head>   <title>503 Service Not Available</title>  </head>  <body>   <h1>503 Service Not Available</h1>  </body> </html> [00;33m{{(pid=2724734) _check_rest_api_response /opt/stack/cinder/cinder/volume/drivers/hitachi/hbsd_rest_api.py:481}}[00m
2026-10-06 20:02:12.358 2724734 DEBUG cinder.volume.drivers.hitachi.hbsd_rest_api [req-e420e365-28f2-4585-8e2b-be9ec35825b2 - - - - - -] ERROR <?xml version="1.0" encoding="iso-8859-1"?> <!DOCTYPE html PUBLIC "-//W3C//DTD XHTML 1.0 Transitional//EN"          "http://www.w3.org/TR/xhtml1/DTD/xhtml1-transitional.dtd"> <html xmlns="http://www.w3.org/1999/xhtml" xml:lang="en" lang="en">  <head>   <title>503 Service Not Available</title>  </head>  <body>   <h1>503 Service Not Available</h1>  </body> </html> [00;33m{{(pid=2724734) _check_rest_api_response /opt/stack/cinder/cinder/volume/drivers/hitachi/hbsd_rest_api.py:481}}[00m
2026-10-06 20:02:17.352 2724734 DEBUG cinder.volume.drivers.hitachi.hbsd_rest_api [req-e420e365-28f2-4585-8e2b-be9ec35825b2 - - - - - -] ERROR <?xml version="1.0" encoding="iso-8859-1"?> <!DOCTYPE html PUBLIC "-//W3C//DTD XHTML 1.0 Transitional//EN"          "http://www.w3.org/TR/xhtml1/DTD/xhtml1-transitional.dtd"> <html xmlns="http://www.w3.org/1999/xhtml" xml:lang="en" lang="en">  <head>   <title>503 Service Not Available</title>  </head>  <body>   <h1>503 Service Not Available</h1>  </body> </html> [00;33m{{(pid=2724734) _check_rest_api_response /opt/stack/cinder/cinder/volume/drivers/hitachi/hbsd_rest_api.py:481}}[00m
2026-10-06 20:02:22.370 2724734 DEBUG cinder.volume.drivers.hitachi.hbsd_rest_api [req-e420e365-28f2-4585-8e2b-be9ec35825b2 - - - - - -] ERROR <?xml version="1.0" encoding="iso-8859-1"?> <!DOCTYPE html PUBLIC "-//W3C//DTD XHTML 1.0 Transitional//EN"          "http://www.w3.org/TR/xhtml1/DTD/xhtml1-transitional.dtd"> <html xmlns="http://www.w3.org/1999/xhtml" xml:lang="en" lang="en">  <head>   <title>503 Service Not Available</title>  </head>  <body>   <h1>503 Service Not Available</h1>  </body> </html> [00;33m{{(pid=2724734) _check_rest_api_response /opt/stack/cinder/cinder/volume/drivers/hitachi/hbsd_rest_api.py:481}}[00m
2026-10-06 20:02:27.370 2724734 DEBUG cinder.volume.drivers.hitachi.hbsd_rest_api [req-e420e365-28f2-4585-8e2b-be9ec35825b2 - - - - - -] ERROR <?xml version="1.0" encoding="iso-8859-1"?> <!DOCTYPE html PUBLIC "-//W3C//DTD XHTML 1.0 Transitional//EN"          "http://www.w3.org/TR/xhtml1/DTD/xhtml1-transitional.dtd"> <html xmlns="http://www.w3.org/1999/xhtml" xml:lang="en" lang="en">  <head>   <title>503 Service Not Available</title>  </head>  <body>   <h1>503 Service Not Available</h1>  </body> </html> [00;33m{{(pid=2724734) _check_rest_api_response /opt/stack/cinder/cinder/volume/drivers/hitachi/hbsd_rest_api.py:481}}[00m
2026-10-06 20:02:32.365 2724734 DEBUG cinder.volume.drivers.hitachi.hbsd_rest_api [req-e420e365-28f2-4585-8e2b-be9ec35825b2 - - - - - -] ERROR <?xml version="1.0" encoding="iso-8859-1"?> <!DOCTYPE html PUBLIC "-//W3C//DTD XHTML 1.0 Transitional//EN"          "http://www.w3.org/TR/xhtml1/DTD/xhtml1-transitional.dtd"> <html xmlns="http://www.w3.org/1999/xhtml" xml:lang="en" lang="en">  <head>   <title>503 Service Not Available</title>  </head>  <body>   <h1>503 Service Not Available</h1>  </body> </html> [00;33m{{(pid=2724734) _check_rest_api_response /opt/stack/cinder/cinder/volume/drivers/hitachi/hbsd_rest_api.py:481}}[00m
2026-10-06 20:02:37.359 2724734 DEBUG cinder.volume.drivers.hitachi.hbsd_rest_api [req-e420e365-28f2-4585-8e2b-be9ec35825b2 - - - - - -] ERROR <?xml version="1.0" encoding="iso-8859-1"?> <!DOCTYPE html PUBLIC "-//W3C//DTD XHTML 1.0 Transitional//EN"          "http://www.w3.org/TR/xhtml1/DTD/xhtml1-transitional.dtd"> <html xmlns="http://www.w3.org/1999/xhtml" xml:lang="en" lang="en">  <head>   <title>503 Service Not Available</title>  </head>  <body>   <h1>503 Service Not Available</h1>  </body> </html> [00;33m{{(pid=2724734) _check_rest_api_response /opt/stack/cinder/cinder/volume/drivers/hitachi/hbsd_rest_api.py:481}}[00m
2026-10-06 20:02:42.360 2724734 DEBUG cinder.volume.drivers.hitachi.hbsd_rest_api [req-e420e365-28f2-4585-8e2b-be9ec35825b2 - - - - - -] ERROR <?xml version="1.0" encoding="iso-8859-1"?> <!DOCTYPE html PUBLIC "-//W3C//DTD XHTML 1.0 Transitional//EN"          "http://www.w3.org/TR/xhtml1/DTD/xhtml1-transitional.dtd"> <html xmlns="http://www.w3.org/1999/xhtml" xml:lang="en" lang="en">  <head>   <title>503 Service Not Available</title>  </head>  <body>   <h1>503 Service Not Available</h1>  </body> </html> [00;33m{{(pid=2724734) _check_rest_api_response /opt/stack/cinder/cinder/volume/drivers/hitachi/hbsd_rest_api.py:481}}[00m
2026-10-06 20:02:47.360 2724734 DEBUG cinder.volume.drivers.hitachi.hbsd_rest_api [req-e420e365-28f2-4585-8e2b-be9ec35825b2 - - - - - -] ERROR <?xml version="1.0" encoding="iso-8859-1"?> <!DOCTYPE html PUBLIC "-//W3C//DTD XHTML 1.0 Transitional//EN"          "http://www.w3.org/TR/xhtml1/DTD/xhtml1-transitional.dtd"> <html xmlns="http://www.w3.org/1999/xhtml" xml:lang="en" lang="en">  <head>   <title>503 Service Not Available</title>  </head>  <body>   <h1>503 Service Not Available</h1>  </body> </html> [00;33m{{(pid=2724734) _check_rest_api_response /opt/stack/cinder/cinder/volume/drivers/hitachi/hbsd_rest_api.py:481}}[00m
2026-10-06 20:02:52.363 2724734 DEBUG cinder.volume.drivers.hitachi.hbsd_rest_api [req-e420e365-28f2-4585-8e2b-be9ec35825b2 - - - - - -] ERROR <?xml version="1.0" encoding="iso-8859-1"?> <!DOCTYPE html PUBLIC "-//W3C//DTD XHTML 1.0 Transitional//EN"          "http://www.w3.org/TR/xhtml1/DTD/xhtml1-transitional.dtd"> <html xmlns="http://www.w3.org/1999/xhtml" xml:lang="en" lang="en">  <head>   <title>503 Service Not Available</title>  </head>  <body>   <h1>503 Service Not Available</h1>  </body> </html> [00;33m{{(pid=2724734) _check_rest_api_response /opt/stack/cinder/cinder/volume/drivers/hitachi/hbsd_rest_api.py:481}}[00m
2026-10-06 20:02:57.375 2724734 DEBUG cinder.volume.drivers.hitachi.hbsd_rest_api [req-e420e365-28f2-4585-8e2b-be9ec35825b2 - - - - - -] ERROR <?xml version="1.0" encoding="iso-8859-1"?> <!DOCTYPE html PUBLIC "-//W3C//DTD XHTML 1.0 Transitional//EN"          "http://www.w3.org/TR/xhtml1/DTD/xhtml1-transitional.dtd"> <html xmlns="http://www.w3.org/1999/xhtml" xml:lang="en" lang="en">  <head>   <title>503 Service Not Available</title>  </head>  <body>   <h1>503 Service Not Available</h1>  </body> </html> [00;33m{{(pid=2724734) _check_rest_api_response /opt/stack/cinder/cinder/volume/drivers/hitachi/hbsd_rest_api.py:481}}[00m
2026-10-06 20:03:02.369 2724734 DEBUG cinder.volume.drivers.hitachi.hbsd_rest_api [req-e420e365-28f2-4585-8e2b-be9ec35825b2 - - - - - -] ERROR <?xml version="1.0" encoding="iso-8859-1"?> <!DOCTYPE html PUBLIC "-//W3C//DTD XHTML 1.0 Transitional//EN"          "http://www.w3.org/TR/xhtml1/DTD/xhtml1-transitional.dtd"> <html xmlns="http://www.w3.org/1999/xhtml" xml:lang="en" lang="en">  <head>   <title>503 Service Not Available</title>  </head>  <body>   <h1>503 Service Not Available</h1>  </body> </html> [00;33m{{(pid=2724734) _check_rest_api_response /opt/stack/cinder/cinder/volume/drivers/hitachi/hbsd_rest_api.py:481}}[00m
2026-10-06 20:03:07.373 2724734 DEBUG cinder.volume.drivers.hitachi.hbsd_rest_api [req-e420e365-28f2-4585-8e2b-be9ec35825b2 - - - - - -] ERROR <?xml version="1.0" encoding="iso-8859-1"?> <!DOCTYPE html PUBLIC "-//W3C//DTD XHTML 1.0 Transitional//EN"          "http://www.w3.org/TR/xhtml1/DTD/xhtml1-transitional.dtd"> <html xmlns="http://www.w3.org/1999/xhtml" xml:lang="en" lang="en">  <head>   <title>503 Service Not Available</title>  </head>  <body>   <h1>503 Service Not Available</h1>  </body> </html> [00;33m{{(pid=2724734) _check_rest_api_response /opt/stack/cinder/cinder/volume/drivers/hitachi/hbsd_rest_api.py:481}}[00m
2026-10-06 20:03:12.415 2724734 DEBUG cinder.volume.drivers.hitachi.hbsd_rest_api [req-e420e365-28f2-4585-8e2b-be9ec35825b2 - - - - - -] ERROR <?xml version="1.0" encoding="iso-8859-1"?> <!DOCTYPE html PUBLIC "-//W3C//DTD XHTML 1.0 Transitional//EN"          "http://www.w3.org/TR/xhtml1/DTD/xhtml1-transitional.dtd"> <html xmlns="http://www.w3.org/1999/xhtml" xml:lang="en" lang="en">  <head>   <title>503 Service Not Available</title>  </head>  <body>   <h1>503 Service Not Available</h1>  </body> </html> [00;33m{{(pid=2724734) _check_rest_api_response /opt/stack/cinder/cinder/volume/drivers/hitachi/hbsd_rest_api.py:481}}[00m
2026-10-06 20:03:17.399 2724734 DEBUG cinder.volume.drivers.hitachi.hbsd_rest_api [req-e420e365-28f2-4585-8e2b-be9ec35825b2 - - - - - -] ERROR <?xml version="1.0" encoding="iso-8859-1"?> <!DOCTYPE html PUBLIC "-//W3C//DTD XHTML 1.0 Transitional//EN"          "http://www.w3.org/TR/xhtml1/DTD/xhtml1-transitional.dtd"> <html xmlns="http://www.w3.org/1999/xhtml" xml:lang="en" lang="en">  <head>   <title>503 Service Not Available</title>  </head>  <body>   <h1>503 Service Not Available</h1>  </body> </html> [00;33m{{(pid=2724734) _check_rest_api_response /opt/stack/cinder/cinder/volume/drivers/hitachi/hbsd_rest_api.py:481}}[00m
2026-10-06 20:03:22.407 2724734 DEBUG cinder.volume.drivers.hitachi.hbsd_rest_api [req-e420e365-28f2-4585-8e2b-be9ec35825b2 - - - - - -] ERROR <?xml version="1.0" encoding="iso-8859-1"?> <!DOCTYPE html PUBLIC "-//W3C//DTD XHTML 1.0 Transitional//EN"          "http://www.w3.org/TR/xhtml1/DTD/xhtml1-transitional.dtd"> <html xmlns="http://www.w3.org/1999/xhtml" xml:lang="en" lang="en">  <head>   <title>503 Service Not Available</title>  </head>  <body>   <h1>503 Service Not Available</h1>  </body> </html> [00;33m{{(pid=2724734) _check_rest_api_response /opt/stack/cinder/cinder/volume/drivers/hitachi/hbsd_rest_api.py:481}}[00m
2026-10-06 20:03:27.388 2724734 DEBUG cinder.volume.drivers.hitachi.hbsd_rest_api [req-e420e365-28f2-4585-8e2b-be9ec35825b2 - - - - - -] ERROR <?xml version="1.0" encoding="iso-8859-1"?> <!DOCTYPE html PUBLIC "-//W3C//DTD XHTML 1.0 Transitional//EN"          "http://www.w3.org/TR/xhtml1/DTD/xhtml1-transitional.dtd"> <html xmlns="http://www.w3.org/1999/xhtml" xml:lang="en" lang="en">  <head>   <title>503 Service Not Available</title>  </head>  <body>   <h1>503 Service Not Available</h1>  </body> </html> [00;33m{{(pid=2724734) _check_rest_api_response /opt/stack/cinder/cinder/volume/drivers/hitachi/hbsd_rest_api.py:481}}[00m
2026-10-06 20:03:32.374 2724734 DEBUG cinder.volume.drivers.hitachi.hbsd_rest_api [req-e420e365-28f2-4585-8e2b-be9ec35825b2 - - - - - -] ERROR <?xml version="1.0" encoding="iso-8859-1"?> <!DOCTYPE html PUBLIC "-//W3C//DTD XHTML 1.0 Transitional//EN"          "http://www.w3.org/TR/xhtml1/DTD/xhtml1-transitional.dtd"> <html xmlns="http://www.w3.org/1999/xhtml" xml:lang="en" lang="en">  <head>   <title>503 Service Not Available</title>  </head>  <body>   <h1>503 Service Not Available</h1>  </body> </html> [00;33m{{(pid=2724734) _check_rest_api_response /opt/stack/cinder/cinder/volume/drivers/hitachi/hbsd_rest_api.py:481}}[00m
2026-10-06 20:03:37.391 2724734 DEBUG cinder.volume.drivers.hitachi.hbsd_rest_api [req-e420e365-28f2-4585-8e2b-be9ec35825b2 - - - - - -] ERROR <?xml version="1.0" encoding="iso-8859-1"?> <!DOCTYPE html PUBLIC "-//W3C//DTD XHTML 1.0 Transitional//EN"          "http://www.w3.org/TR/xhtml1/DTD/xhtml1-transitional.dtd"> <html xmlns="http://www.w3.org/1999/xhtml" xml:lang="en" lang="en">  <head>   <title>503 Service Not Available</title>  </head>  <body>   <h1>503 Service Not Available</h1>  </body> </html> [00;33m{{(pid=2724734) _check_rest_api_response /opt/stack/cinder/cinder/volume/drivers/hitachi/hbsd_rest_api.py:481}}[00m
2026-10-06 20:03:42.389 2724734 DEBUG cinder.volume.drivers.hitachi.hbsd_rest_api [req-e420e365-28f2-4585-8e2b-be9ec35825b2 - - - - - -] ERROR <?xml version="1.0" encoding="iso-8859-1"?> <!DOCTYPE html PUBLIC "-//W3C//DTD XHTML 1.0 Transitional//EN"          "http://www.w3.org/TR/xhtml1/DTD/xhtml1-transitional.dtd"> <html xmlns="http://www.w3.org/1999/xhtml" xml:lang="en" lang="en">  <head>   <title>503 Service Not Available</title>  </head>  <body>   <h1>503 Service Not Available</h1>  </body> </html> [00;33m{{(pid=2724734) _check_rest_api_response /opt/stack/cinder/cinder/volume/drivers/hitachi/hbsd_rest_api.py:481}}[00m
2026-10-06 20:03:47.375 2724734 DEBUG cinder.volume.drivers.hitachi.hbsd_rest_api [req-e420e365-28f2-4585-8e2b-be9ec35825b2 - - - - - -] ERROR <?xml version="1.0" encoding="iso-8859-1"?> <!DOCTYPE html PUBLIC "-//W3C//DTD XHTML 1.0 Transitional//EN"          "http://www.w3.org/TR/xhtml1/DTD/xhtml1-transitional.dtd"> <html xmlns="http://www.w3.org/1999/xhtml" xml:lang="en" lang="en">  <head>   <title>503 Service Not Available</title>  </head>  <body>   <h1>503 Service Not Available</h1>  </body> </html> [00;33m{{(pid=2724734) _check_rest_api_response /opt/stack/cinder/cinder/volume/drivers/hitachi/hbsd_rest_api.py:481}}[00m
2026-10-06 20:03:52.401 2724734 DEBUG cinder.volume.drivers.hitachi.hbsd_rest_api [req-e420e365-28f2-4585-8e2b-be9ec35825b2 - - - - - -] ERROR <?xml version="1.0" encoding="iso-8859-1"?> <!DOCTYPE html PUBLIC "-//W3C//DTD XHTML 1.0 Transitional//EN"          "http://www.w3.org/TR/xhtml1/DTD/xhtml1-transitional.dtd"> <html xmlns="http://www.w3.org/1999/xhtml" xml:lang="en" lang="en">  <head>   <title>503 Service Not Available</title>  </head>  <body>   <h1>503 Service Not Available</h1>  </body> </html> [00;33m{{(pid=2724734) _check_rest_api_response /opt/stack/cinder/cinder/volume/drivers/hitachi/hbsd_rest_api.py:481}}[00m
2026-10-06 20:03:57.376 2724734 DEBUG cinder.volume.drivers.hitachi.hbsd_rest_api [req-e420e365-28f2-4585-8e2b-be9ec35825b2 - - - - - -] ERROR <?xml version="1.0" encoding="iso-8859-1"?> <!DOCTYPE html PUBLIC "-//W3C//DTD XHTML 1.0 Transitional//EN"          "http://www.w3.org/TR/xhtml1/DTD/xhtml1-transitional.dtd"> <html xmlns="http://www.w3.org/1999/xhtml" xml:lang="en" lang="en">  <head>   <title>503 Service Not Available</title>  </head>  <body>   <h1>503 Service Not Available</h1>  </body> </html> [00;33m{{(pid=2724734) _check_rest_api_response /opt/stack/cinder/cinder/volume/drivers/hitachi/hbsd_rest_api.py:481}}[00m
2026-10-06 20:04:02.393 2724734 DEBUG cinder.volume.drivers.hitachi.hbsd_rest_api [req-e420e365-28f2-4585-8e2b-be9ec35825b2 - - - - - -] ERROR <?xml version="1.0" encoding="iso-8859-1"?> <!DOCTYPE html PUBLIC "-//W3C//DTD XHTML 1.0 Transitional//EN"          "http://www.w3.org/TR/xhtml1/DTD/xhtml1-transitional.dtd"> <html xmlns="http://www.w3.org/1999/xhtml" xml:lang="en" lang="en">  <head>   <title>503 Service Not Available</title>  </head>  <body>   <h1>503 Service Not Available</h1>  </body> </html> [00;33m{{(pid=2724734) _check_rest_api_response /opt/stack/cinder/cinder/volume/drivers/hitachi/hbsd_rest_api.py:481}}[00m
2026-10-06 20:04:07.380 2724734 DEBUG cinder.volume.drivers.hitachi.hbsd_rest_api [req-e420e365-28f2-4585-8e2b-be9ec35825b2 - - - - - -] ERROR <?xml version="1.0" encoding="iso-8859-1"?> <!DOCTYPE html PUBLIC "-//W3C//DTD XHTML 1.0 Transitional//EN"          "http://www.w3.org/TR/xhtml1/DTD/xhtml1-transitional.dtd"> <html xmlns="http://www.w3.org/1999/xhtml" xml:lang="en" lang="en">  <head>   <title>503 Service Not Available</title>  </head>  <body>   <h1>503 Service Not Available</h1>  </body> </html> [00;33m{{(pid=2724734) _check_rest_api_response /opt/stack/cinder/cinder/volume/drivers/hitachi/hbsd_rest_api.py:481}}[00m
2026-10-06 20:04:12.408 2724734 DEBUG cinder.volume.drivers.hitachi.hbsd_rest_api [req-e420e365-28f2-4585-8e2b-be9ec35825b2 - - - - - -] ERROR <?xml version="1.0" encoding="iso-8859-1"?> <!DOCTYPE html PUBLIC "-//W3C//DTD XHTML 1.0 Transitional//EN"          "http://www.w3.org/TR/xhtml1/DTD/xhtml1-transitional.dtd"> <html xmlns="http://www.w3.org/1999/xhtml" xml:lang="en" lang="en">  <head>   <title>503 Service Not Available</title>  </head>  <body>   <h1>503 Service Not Available</h1>  </body> </html> [00;33m{{(pid=2724734) _check_rest_api_response /opt/stack/cinder/cinder/volume/drivers/hitachi/hbsd_rest_api.py:481}}[00m
2026-10-06 20:04:17.387 2724734 DEBUG cinder.volume.drivers.hitachi.hbsd_rest_api [req-e420e365-28f2-4585-8e2b-be9ec35825b2 - - - - - -] ERROR <?xml version="1.0" encoding="iso-8859-1"?> <!DOCTYPE html PUBLIC "-//W3C//DTD XHTML 1.0 Transitional//EN"          "http://www.w3.org/TR/xhtml1/DTD/xhtml1-transitional.dtd"> <html xmlns="http://www.w3.org/1999/xhtml" xml:lang="en" lang="en">  <head>   <title>503 Service Not Available</title>  </head>  <body>   <h1>503 Service Not Available</h1>  </body> </html> [00;33m{{(pid=2724734) _check_rest_api_response /opt/stack/cinder/cinder/volume/drivers/hitachi/hbsd_rest_api.py:481}}[00m
2026-10-06 20:04:22.384 2724734 DEBUG cinder.volume.drivers.hitachi.hbsd_rest_api [req-e420e365-28f2-4585-8e2b-be9ec35825b2 - - - - - -] ERROR <?xml version="1.0" encoding="iso-8859-1"?> <!DOCTYPE html PUBLIC "-//W3C//DTD XHTML 1.0 Transitional//EN"          "http://www.w3.org/TR/xhtml1/DTD/xhtml1-transitional.dtd"> <html xmlns="http://www.w3.org/1999/xhtml" xml:lang="en" lang="en">  <head>   <title>503 Service Not Available</title>  </head>  <body>   <h1>503 Service Not Available</h1>  </body> </html> [00;33m{{(pid=2724734) _check_rest_api_response /opt/stack/cinder/cinder/volume/drivers/hitachi/hbsd_rest_api.py:481}}[00m
2026-10-06 20:04:27.385 2724734 DEBUG cinder.volume.drivers.hitachi.hbsd_rest_api [req-e420e365-28f2-4585-8e2b-be9ec35825b2 - - - - - -] ERROR <?xml version="1.0" encoding="iso-8859-1"?> <!DOCTYPE html PUBLIC "-//W3C//DTD XHTML 1.0 Transitional//EN"          "http://www.w3.org/TR/xhtml1/DTD/xhtml1-transitional.dtd"> <html xmlns="http://www.w3.org/1999/xhtml" xml:lang="en" lang="en">  <head>   <title>503 Service Not Available</title>  </head>  <body>   <h1>503 Service Not Available</h1>  </body> </html> [00;33m{{(pid=2724734) _check_rest_api_response /opt/stack/cinder/cinder/volume/drivers/hitachi/hbsd_rest_api.py:481}}[00m
2026-10-06 20:04:32.395 2724734 DEBUG cinder.volume.drivers.hitachi.hbsd_rest_api [req-e420e365-28f2-4585-8e2b-be9ec35825b2 - - - - - -] ERROR <?xml version="1.0" encoding="iso-8859-1"?> <!DOCTYPE html PUBLIC "-//W3C//DTD XHTML 1.0 Transitional//EN"          "http://www.w3.org/TR/xhtml1/DTD/xhtml1-transitional.dtd"> <html xmlns="http://www.w3.org/1999/xhtml" xml:lang="en" lang="en">  <head>   <title>503 Service Not Available</title>  </head>  <body>   <h1>503 Service Not Available</h1>  </body> </html> [00;33m{{(pid=2724734) _check_rest_api_response /opt/stack/cinder/cinder/volume/drivers/hitachi/hbsd_rest_api.py:481}}[00m
2026-10-06 20:04:37.453 2724734 DEBUG cinder.volume.drivers.hitachi.hbsd_rest_api [req-e420e365-28f2-4585-8e2b-be9ec35825b2 - - - - - -] ERROR <?xml version="1.0" encoding="iso-8859-1"?> <!DOCTYPE html PUBLIC "-//W3C//DTD XHTML 1.0 Transitional//EN"          "http://www.w3.org/TR/xhtml1/DTD/xhtml1-transitional.dtd"> <html xmlns="http://www.w3.org/1999/xhtml" xml:lang="en" lang="en">  <head>   <title>503 Service Not Available</title>  </head>  <body>   <h1>503 Service Not Available</h1>  </body> </html> [00;33m{{(pid=2724734) _check_rest_api_response /opt/stack/cinder/cinder/volume/drivers/hitachi/hbsd_rest_api.py:481}}[00m
2026-10-06 20:04:42.388 2724734 DEBUG cinder.volume.drivers.hitachi.hbsd_rest_api [req-e420e365-28f2-4585-8e2b-be9ec35825b2 - - - - - -] ERROR <?xml version="1.0" encoding="iso-8859-1"?> <!DOCTYPE html PUBLIC "-//W3C//DTD XHTML 1.0 Transitional//EN"          "http://www.w3.org/TR/xhtml1/DTD/xhtml1-transitional.dtd"> <html xmlns="http://www.w3.org/1999/xhtml" xml:lang="en" lang="en">  <head>   <title>503 Service Not Available</title>  </head>  <body>   <h1>503 Service Not Available</h1>  </body> </html> [00;33m{{(pid=2724734) _check_rest_api_response /opt/stack/cinder/cinder/volume/drivers/hitachi/hbsd_rest_api.py:481}}[00m
2026-10-06 20:04:47.393 2724734 DEBUG cinder.volume.drivers.hitachi.hbsd_rest_api [req-e420e365-28f2-4585-8e2b-be9ec35825b2 - - - - - -] ERROR <?xml version="1.0" encoding="iso-8859-1"?> <!DOCTYPE html PUBLIC "-//W3C//DTD XHTML 1.0 Transitional//EN"          "http://www.w3.org/TR/xhtml1/DTD/xhtml1-transitional.dtd"> <html xmlns="http://www.w3.org/1999/xhtml" xml:lang="en" lang="en">  <head>   <title>503 Service Not Available</title>  </head>  <body>   <h1>503 Service Not Available</h1>  </body> </html> [00;33m{{(pid=2724734) _check_rest_api_response /opt/stack/cinder/cinder/volume/drivers/hitachi/hbsd_rest_api.py:481}}[00m
2026-10-06 20:04:52.402 2724734 DEBUG cinder.volume.drivers.hitachi.hbsd_rest_api [req-e420e365-28f2-4585-8e2b-be9ec35825b2 - - - - - -] ERROR <?xml version="1.0" encoding="iso-8859-1"?> <!DOCTYPE html PUBLIC "-//W3C//DTD XHTML 1.0 Transitional//EN"          "http://www.w3.org/TR/xhtml1/DTD/xhtml1-transitional.dtd"> <html xmlns="http://www.w3.org/1999/xhtml" xml:lang="en" lang="en">  <head>   <title>503 Service Not Available</title>  </head>  <body>   <h1>503 Service Not Available</h1>  </body> </html> [00;33m{{(pid=2724734) _check_rest_api_response /opt/stack/cinder/cinder/volume/drivers/hitachi/hbsd_rest_api.py:481}}[00m
2026-10-06 20:04:57.393 2724734 DEBUG cinder.volume.drivers.hitachi.hbsd_rest_api [req-e420e365-28f2-4585-8e2b-be9ec35825b2 - - - - - -] ERROR <?xml version="1.0" encoding="iso-8859-1"?> <!DOCTYPE html PUBLIC "-//W3C//DTD XHTML 1.0 Transitional//EN"          "http://www.w3.org/TR/xhtml1/DTD/xhtml1-transitional.dtd"> <html xmlns="http://www.w3.org/1999/xhtml" xml:lang="en" lang="en">  <head>   <title>503 Service Not Available</title>  </head>  <body>   <h1>503 Service Not Available</h1>  </body> </html> [00;33m{{(pid=2724734) _check_rest_api_response /opt/stack/cinder/cinder/volume/drivers/hitachi/hbsd_rest_api.py:481}}[00m
2026-10-06 20:05:02.395 2724734 DEBUG cinder.volume.drivers.hitachi.hbsd_rest_api [req-e420e365-28f2-4585-8e2b-be9ec35825b2 - - - - - -] ERROR <?xml version="1.0" encoding="iso-8859-1"?> <!DOCTYPE html PUBLIC "-//W3C//DTD XHTML 1.0 Transitional//EN"          "http://www.w3.org/TR/xhtml1/DTD/xhtml1-transitional.dtd"> <html xmlns="http://www.w3.org/1999/xhtml" xml:lang="en" lang="en">  <head>   <title>503 Service Not Available</title>  </head>  <body>   <h1>503 Service Not Available</h1>  </body> </html> [00;33m{{(pid=2724734) _check_rest_api_response /opt/stack/cinder/cinder/volume/drivers/hitachi/hbsd_rest_api.py:481}}[00m
2026-10-06 20:05:07.398 2724734 DEBUG cinder.volume.drivers.hitachi.hbsd_rest_api [req-e420e365-28f2-4585-8e2b-be9ec35825b2 - - - - - -] ERROR <?xml version="1.0" encoding="iso-8859-1"?> <!DOCTYPE html PUBLIC "-//W3C//DTD XHTML 1.0 Transitional//EN"          "http://www.w3.org/TR/xhtml1/DTD/xhtml1-transitional.dtd"> <html xmlns="http://www.w3.org/1999/xhtml" xml:lang="en" lang="en">  <head>   <title>503 Service Not Available</title>  </head>  <body>   <h1>503 Service Not Available</h1>  </body> </html> [00;33m{{(pid=2724734) _check_rest_api_response /opt/stack/cinder/cinder/volume/drivers/hitachi/hbsd_rest_api.py:481}}[00m
2026-10-06 20:05:12.404 2724734 DEBUG cinder.volume.drivers.hitachi.hbsd_rest_api [req-e420e365-28f2-4585-8e2b-be9ec35825b2 - - - - - -] ERROR <?xml version="1.0" encoding="iso-8859-1"?> <!DOCTYPE html PUBLIC "-//W3C//DTD XHTML 1.0 Transitional//EN"          "http://www.w3.org/TR/xhtml1/DTD/xhtml1-transitional.dtd"> <html xmlns="http://www.w3.org/1999/xhtml" xml:lang="en" lang="en">  <head>   <title>503 Service Not Available</title>  </head>  <body>   <h1>503 Service Not Available</h1>  </body> </html> [00;33m{{(pid=2724734) _check_rest_api_response /opt/stack/cinder/cinder/volume/drivers/hitachi/hbsd_rest_api.py:481}}[00m
2026-10-06 20:05:17.424 2724734 DEBUG cinder.volume.drivers.hitachi.hbsd_rest_api [req-e420e365-28f2-4585-8e2b-be9ec35825b2 - - - - - -] ERROR <?xml version="1.0" encoding="iso-8859-1"?> <!DOCTYPE html PUBLIC "-//W3C//DTD XHTML 1.0 Transitional//EN"          "http://www.w3.org/TR/xhtml1/DTD/xhtml1-transitional.dtd"> <html xmlns="http://www.w3.org/1999/xhtml" xml:lang="en" lang="en">  <head>   <title>503 Service Not Available</title>  </head>  <body>   <h1>503 Service Not Available</h1>  </body> </html> [00;33m{{(pid=2724734) _check_rest_api_response /opt/stack/cinder/cinder/volume/drivers/hitachi/hbsd_rest_api.py:481}}[00m
2026-10-06 20:05:22.400 2724734 DEBUG cinder.volume.drivers.hitachi.hbsd_rest_api [req-e420e365-28f2-4585-8e2b-be9ec35825b2 - - - - - -] ERROR <?xml version="1.0" encoding="iso-8859-1"?> <!DOCTYPE html PUBLIC "-//W3C//DTD XHTML 1.0 Transitional//EN"          "http://www.w3.org/TR/xhtml1/DTD/xhtml1-transitional.dtd"> <html xmlns="http://www.w3.org/1999/xhtml" xml:lang="en" lang="en">  <head>   <title>503 Service Not Available</title>  </head>  <body>   <h1>503 Service Not Available</h1>  </body> </html> [00;33m{{(pid=2724734) _check_rest_api_response /opt/stack/cinder/cinder/volume/drivers/hitachi/hbsd_rest_api.py:481}}[00m
2026-10-06 20:05:27.402 2724734 DEBUG cinder.volume.drivers.hitachi.hbsd_rest_api [req-e420e365-28f2-4585-8e2b-be9ec35825b2 - - - - - -] ERROR <?xml version="1.0" encoding="iso-8859-1"?> <!DOCTYPE html PUBLIC "-//W3C//DTD XHTML 1.0 Transitional//EN"          "http://www.w3.org/TR/xhtml1/DTD/xhtml1-transitional.dtd"> <html xmlns="http://www.w3.org/1999/xhtml" xml:lang="en" lang="en">  <head>   <title>503 Service Not Available</title>  </head>  <body>   <h1>503 Service Not Available</h1>  </body> </html> [00;33m{{(pid=2724734) _check_rest_api_response /opt/stack/cinder/cinder/volume/drivers/hitachi/hbsd_rest_api.py:481}}[00m
2026-10-06 20:05:32.402 2724734 DEBUG cinder.volume.drivers.hitachi.hbsd_rest_api [req-e420e365-28f2-4585-8e2b-be9ec35825b2 - - - - - -] ERROR <?xml version="1.0" encoding="iso-8859-1"?> <!DOCTYPE html PUBLIC "-//W3C//DTD XHTML 1.0 Transitional//EN"          "http://www.w3.org/TR/xhtml1/DTD/xhtml1-transitional.dtd"> <html xmlns="http://www.w3.org/1999/xhtml" xml:lang="en" lang="en">  <head>   <title>503 Service Not Available</title>  </head>  <body>   <h1>503 Service Not Available</h1>  </body> </html> [00;33m{{(pid=2724734) _check_rest_api_response /opt/stack/cinder/cinder/volume/drivers/hitachi/hbsd_rest_api.py:481}}[00m
2026-10-06 20:05:37.404 2724734 DEBUG cinder.volume.drivers.hitachi.hbsd_rest_api [req-e420e365-28f2-4585-8e2b-be9ec35825b2 - - - - - -] ERROR <?xml version="1.0" encoding="iso-8859-1"?> <!DOCTYPE html PUBLIC "-//W3C//DTD XHTML 1.0 Transitional//EN"          "http://www.w3.org/TR/xhtml1/DTD/xhtml1-transitional.dtd"> <html xmlns="http://www.w3.org/1999/xhtml" xml:lang="en" lang="en">  <head>   <title>503 Service Not Available</title>  </head>  <body>   <h1>503 Service Not Available</h1>  </body> </html> [00;33m{{(pid=2724734) _check_rest_api_response /opt/stack/cinder/cinder/volume/drivers/hitachi/hbsd_rest_api.py:481}}[00m
2026-10-06 20:05:42.425 2724734 DEBUG cinder.volume.drivers.hitachi.hbsd_rest_api [req-e420e365-28f2-4585-8e2b-be9ec35825b2 - - - - - -] ERROR <?xml version="1.0" encoding="iso-8859-1"?> <!DOCTYPE html PUBLIC "-//W3C//DTD XHTML 1.0 Transitional//EN"          "http://www.w3.org/TR/xhtml1/DTD/xhtml1-transitional.dtd"> <html xmlns="http://www.w3.org/1999/xhtml" xml:lang="en" lang="en">  <head>   <title>503 Service Not Available</title>  </head>  <body>   <h1>503 Service Not Available</h1>  </body> </html> [00;33m{{(pid=2724734) _check_rest_api_response /opt/stack/cinder/cinder/volume/drivers/hitachi/hbsd_rest_api.py:481}}[00m
2026-10-06 20:05:47.416 2724734 DEBUG cinder.volume.drivers.hitachi.hbsd_rest_api [req-e420e365-28f2-4585-8e2b-be9ec35825b2 - - - - - -] ERROR <?xml version="1.0" encoding="iso-8859-1"?> <!DOCTYPE html PUBLIC "-//W3C//DTD XHTML 1.0 Transitional//EN"          "http://www.w3.org/TR/xhtml1/DTD/xhtml1-transitional.dtd"> <html xmlns="http://www.w3.org/1999/xhtml" xml:lang="en" lang="en">  <head>   <title>503 Service Not Available</title>  </head>  <body>   <h1>503 Service Not Available</h1>  </body> </html> [00;33m{{(pid=2724734) _check_rest_api_response /opt/stack/cinder/cinder/volume/drivers/hitachi/hbsd_rest_api.py:481}}[00m
2026-10-06 20:05:52.417 2724734 DEBUG cinder.volume.drivers.hitachi.hbsd_rest_api [req-e420e365-28f2-4585-8e2b-be9ec35825b2 - - - - - -] ERROR <?xml version="1.0" encoding="iso-8859-1"?> <!DOCTYPE html PUBLIC "-//W3C//DTD XHTML 1.0 Transitional//EN"          "http://www.w3.org/TR/xhtml1/DTD/xhtml1-transitional.dtd"> <html xmlns="http://www.w3.org/1999/xhtml" xml:lang="en" lang="en">  <head>   <title>503 Service Not Available</title>  </head>  <body>   <h1>503 Service Not Available</h1>  </body> </html> [00;33m{{(pid=2724734) _check_rest_api_response /opt/stack/cinder/cinder/volume/drivers/hitachi/hbsd_rest_api.py:481}}[00m
2026-10-06 20:05:57.410 2724734 DEBUG cinder.volume.drivers.hitachi.hbsd_rest_api [req-e420e365-28f2-4585-8e2b-be9ec35825b2 - - - - - -] ERROR <?xml version="1.0" encoding="iso-8859-1"?> <!DOCTYPE html PUBLIC "-//W3C//DTD XHTML 1.0 Transitional//EN"          "http://www.w3.org/TR/xhtml1/DTD/xhtml1-transitional.dtd"> <html xmlns="http://www.w3.org/1999/xhtml" xml:lang="en" lang="en">  <head>   <title>503 Service Not Available</title>  </head>  <body>   <h1>503 Service Not Available</h1>  </body> </html> [00;33m{{(pid=2724734) _check_rest_api_response /opt/stack/cinder/cinder/volume/drivers/hitachi/hbsd_rest_api.py:481}}[00m
2026-10-06 20:06:02.417 2724734 DEBUG cinder.volume.drivers.hitachi.hbsd_rest_api [req-e420e365-28f2-4585-8e2b-be9ec35825b2 - - - - - -] ERROR <?xml version="1.0" encoding="iso-8859-1"?> <!DOCTYPE html PUBLIC "-//W3C//DTD XHTML 1.0 Transitional//EN"          "http://www.w3.org/TR/xhtml1/DTD/xhtml1-transitional.dtd"> <html xmlns="http://www.w3.org/1999/xhtml" xml:lang="en" lang="en">  <head>   <title>503 Service Not Available</title>  </head>  <body>   <h1>503 Service Not Available</h1>  </body> </html> [00;33m{{(pid=2724734) _check_rest_api_response /opt/stack/cinder/cinder/volume/drivers/hitachi/hbsd_rest_api.py:481}}[00m
2026-10-06 20:06:07.425 2724734 DEBUG cinder.volume.drivers.hitachi.hbsd_rest_api [req-e420e365-28f2-4585-8e2b-be9ec35825b2 - - - - - -] ERROR <?xml version="1.0" encoding="iso-8859-1"?> <!DOCTYPE html PUBLIC "-//W3C//DTD XHTML 1.0 Transitional//EN"          "http://www.w3.org/TR/xhtml1/DTD/xhtml1-transitional.dtd"> <html xmlns="http://www.w3.org/1999/xhtml" xml:lang="en" lang="en">  <head>   <title>503 Service Not Available</title>  </head>  <body>   <h1>503 Service Not Available</h1>  </body> </html> [00;33m{{(pid=2724734) _check_rest_api_response /opt/stack/cinder/cinder/volume/drivers/hitachi/hbsd_rest_api.py:481}}[00m
2026-10-06 20:06:12.416 2724734 DEBUG cinder.volume.drivers.hitachi.hbsd_rest_api [req-e420e365-28f2-4585-8e2b-be9ec35825b2 - - - - - -] ERROR <?xml version="1.0" encoding="iso-8859-1"?> <!DOCTYPE html PUBLIC "-//W3C//DTD XHTML 1.0 Transitional//EN"          "http://www.w3.org/TR/xhtml1/DTD/xhtml1-transitional.dtd"> <html xmlns="http://www.w3.org/1999/xhtml" xml:lang="en" lang="en">  <head>   <title>503 Service Not Available</title>  </head>  <body>   <h1>503 Service Not Available</h1>  </body> </html> [00;33m{{(pid=2724734) _check_rest_api_response /opt/stack/cinder/cinder/volume/drivers/hitachi/hbsd_rest_api.py:481}}[00m
2026-10-06 20:06:17.413 2724734 DEBUG cinder.volume.drivers.hitachi.hbsd_rest_api [req-e420e365-28f2-4585-8e2b-be9ec35825b2 - - - - - -] ERROR <?xml version="1.0" encoding="iso-8859-1"?> <!DOCTYPE html PUBLIC "-//W3C//DTD XHTML 1.0 Transitional//EN"          "http://www.w3.org/TR/xhtml1/DTD/xhtml1-transitional.dtd"> <html xmlns="http://www.w3.org/1999/xhtml" xml:lang="en" lang="en">  <head>   <title>503 Service Not Available</title>  </head>  <body>   <h1>503 Service Not Available</h1>  </body> </html> [00;33m{{(pid=2724734) _check_rest_api_response /opt/stack/cinder/cinder/volume/drivers/hitachi/hbsd_rest_api.py:481}}[00m
2026-10-06 20:06:22.423 2724734 DEBUG cinder.volume.drivers.hitachi.hbsd_rest_api [req-e420e365-28f2-4585-8e2b-be9ec35825b2 - - - - - -] ERROR <?xml version="1.0" encoding="iso-8859-1"?> <!DOCTYPE html PUBLIC "-//W3C//DTD XHTML 1.0 Transitional//EN"          "http://www.w3.org/TR/xhtml1/DTD/xhtml1-transitional.dtd"> <html xmlns="http://www.w3.org/1999/xhtml" xml:lang="en" lang="en">  <head>   <title>503 Service Not Available</title>  </head>  <body>   <h1>503 Service Not Available</h1>  </body> </html> [00;33m{{(pid=2724734) _check_rest_api_response /opt/stack/cinder/cinder/volume/drivers/hitachi/hbsd_rest_api.py:481}}[00m
2026-10-06 20:06:27.415 2724734 DEBUG cinder.volume.drivers.hitachi.hbsd_rest_api [req-e420e365-28f2-4585-8e2b-be9ec35825b2 - - - - - -] ERROR <?xml version="1.0" encoding="iso-8859-1"?> <!DOCTYPE html PUBLIC "-//W3C//DTD XHTML 1.0 Transitional//EN"          "http://www.w3.org/TR/xhtml1/DTD/xhtml1-transitional.dtd"> <html xmlns="http://www.w3.org/1999/xhtml" xml:lang="en" lang="en">  <head>   <title>503 Service Not Available</title>  </head>  <body>   <h1>503 Service Not Available</h1>  </body> </html> [00;33m{{(pid=2724734) _check_rest_api_response /opt/stack/cinder/cinder/volume/drivers/hitachi/hbsd_rest_api.py:481}}[00m
2026-10-06 20:06:32.419 2724734 DEBUG cinder.volume.drivers.hitachi.hbsd_rest_api [req-e420e365-28f2-4585-8e2b-be9ec35825b2 - - - - - -] ERROR <?xml version="1.0" encoding="iso-8859-1"?> <!DOCTYPE html PUBLIC "-//W3C//DTD XHTML 1.0 Transitional//EN"          "http://www.w3.org/TR/xhtml1/DTD/xhtml1-transitional.dtd"> <html xmlns="http://www.w3.org/1999/xhtml" xml:lang="en" lang="en">  <head>   <title>503 Service Not Available</title>  </head>  <body>   <h1>503 Service Not Available</h1>  </body> </html> [00;33m{{(pid=2724734) _check_rest_api_response /opt/stack/cinder/cinder/volume/drivers/hitachi/hbsd_rest_api.py:481}}[00m
2026-10-06 20:06:37.418 2724734 DEBUG cinder.volume.drivers.hitachi.hbsd_rest_api [req-e420e365-28f2-4585-8e2b-be9ec35825b2 - - - - - -] ERROR <?xml version="1.0" encoding="iso-8859-1"?> <!DOCTYPE html PUBLIC "-//W3C//DTD XHTML 1.0 Transitional//EN"          "http://www.w3.org/TR/xhtml1/DTD/xhtml1-transitional.dtd"> <html xmlns="http://www.w3.org/1999/xhtml" xml:lang="en" lang="en">  <head>   <title>503 Service Not Available</title>  </head>  <body>   <h1>503 Service Not Available</h1>  </body> </html> [00;33m{{(pid=2724734) _check_rest_api_response /opt/stack/cinder/cinder/volume/drivers/hitachi/hbsd_rest_api.py:481}}[00m
2026-10-06 20:06:42.421 2724734 DEBUG cinder.volume.drivers.hitachi.hbsd_rest_api [req-e420e365-28f2-4585-8e2b-be9ec35825b2 - - - - - -] ERROR <?xml version="1.0" encoding="iso-8859-1"?> <!DOCTYPE html PUBLIC "-//W3C//DTD XHTML 1.0 Transitional//EN"          "http://www.w3.org/TR/xhtml1/DTD/xhtml1-transitional.dtd"> <html xmlns="http://www.w3.org/1999/xhtml" xml:lang="en" lang="en">  <head>   <title>503 Service Not Available</title>  </head>  <body>   <h1>503 Service Not Available</h1>  </body> </html> [00;33m{{(pid=2724734) _check_rest_api_response /opt/stack/cinder/cinder/volume/drivers/hitachi/hbsd_rest_api.py:481}}[00m
2026-10-06 20:06:47.421 2724734 DEBUG cinder.volume.drivers.hitachi.hbsd_rest_api [req-e420e365-28f2-4585-8e2b-be9ec35825b2 - - - - - -] ERROR <?xml version="1.0" encoding="iso-8859-1"?> <!DOCTYPE html PUBLIC "-//W3C//DTD XHTML 1.0 Transitional//EN"          "http://www.w3.org/TR/xhtml1/DTD/xhtml1-transitional.dtd"> <html xmlns="http://www.w3.org/1999/xhtml" xml:lang="en" lang="en">  <head>   <title>503 Service Not Available</title>  </head>  <body>   <h1>503 Service Not Available</h1>  </body> </html> [00;33m{{(pid=2724734) _check_rest_api_response /opt/stack/cinder/cinder/volume/drivers/hitachi/hbsd_rest_api.py:481}}[00m
2026-10-06 20:06:52.430 2724734 DEBUG cinder.volume.drivers.hitachi.hbsd_rest_api [req-e420e365-28f2-4585-8e2b-be9ec35825b2 - - - - - -] ERROR <?xml version="1.0" encoding="iso-8859-1"?> <!DOCTYPE html PUBLIC "-//W3C//DTD XHTML 1.0 Transitional//EN"          "http://www.w3.org/TR/xhtml1/DTD/xhtml1-transitional.dtd"> <html xmlns="http://www.w3.org/1999/xhtml" xml:lang="en" lang="en">  <head>   <title>503 Service Not Available</title>  </head>  <body>   <h1>503 Service Not Available</h1>  </body> </html> [00;33m{{(pid=2724734) _check_rest_api_response /opt/stack/cinder/cinder/volume/drivers/hitachi/hbsd_rest_api.py:481}}[00m
2026-10-06 20:06:57.449 2724734 DEBUG cinder.volume.drivers.hitachi.hbsd_rest_api [req-e420e365-28f2-4585-8e2b-be9ec35825b2 - - - - - -] ERROR <?xml version="1.0" encoding="iso-8859-1"?> <!DOCTYPE html PUBLIC "-//W3C//DTD XHTML 1.0 Transitional//EN"          "http://www.w3.org/TR/xhtml1/DTD/xhtml1-transitional.dtd"> <html xmlns="http://www.w3.org/1999/xhtml" xml:lang="en" lang="en">  <head>   <title>503 Service Not Available</title>  </head>  <body>   <h1>503 Service Not Available</h1>  </body> </html> [00;33m{{(pid=2724734) _check_rest_api_response /opt/stack/cinder/cinder/volume/drivers/hitachi/hbsd_rest_api.py:481}}[00m
2026-10-06 20:07:02.426 2724734 DEBUG cinder.volume.drivers.hitachi.hbsd_rest_api [req-e420e365-28f2-4585-8e2b-be9ec35825b2 - - - - - -] ERROR <?xml version="1.0" encoding="iso-8859-1"?> <!DOCTYPE html PUBLIC "-//W3C//DTD XHTML 1.0 Transitional//EN"          "http://www.w3.org/TR/xhtml1/DTD/xhtml1-transitional.dtd"> <html xmlns="http://www.w3.org/1999/xhtml" xml:lang="en" lang="en">  <head>   <title>503 Service Not Available</title>  </head>  <body>   <h1>503 Service Not Available</h1>  </body> </html> [00;33m{{(pid=2724734) _check_rest_api_response /opt/stack/cinder/cinder/volume/drivers/hitachi/hbsd_rest_api.py:481}}[00m
2026-10-06 20:07:07.426 2724734 DEBUG cinder.volume.drivers.hitachi.hbsd_rest_api [req-e420e365-28f2-4585-8e2b-be9ec35825b2 - - - - - -] ERROR <?xml version="1.0" encoding="iso-8859-1"?> <!DOCTYPE html PUBLIC "-//W3C//DTD XHTML 1.0 Transitional//EN"          "http://www.w3.org/TR/xhtml1/DTD/xhtml1-transitional.dtd"> <html xmlns="http://www.w3.org/1999/xhtml" xml:lang="en" lang="en">  <head>   <title>503 Service Not Available</title>  </head>  <body>   <h1>503 Service Not Available</h1>  </body> </html> [00;33m{{(pid=2724734) _check_rest_api_response /opt/stack/cinder/cinder/volume/drivers/hitachi/hbsd_rest_api.py:481}}[00m
2026-10-06 20:07:12.433 2724734 DEBUG cinder.volume.drivers.hitachi.hbsd_rest_api [req-e420e365-28f2-4585-8e2b-be9ec35825b2 - - - - - -] ERROR <?xml version="1.0" encoding="iso-8859-1"?> <!DOCTYPE html PUBLIC "-//W3C//DTD XHTML 1.0 Transitional//EN"          "http://www.w3.org/TR/xhtml1/DTD/xhtml1-transitional.dtd"> <html xmlns="http://www.w3.org/1999/xhtml" xml:lang="en" lang="en">  <head>   <title>503 Service Not Available</title>  </head>  <body>   <h1>503 Service Not Available</h1>  </body> </html> [00;33m{{(pid=2724734) _check_rest_api_response /opt/stack/cinder/cinder/volume/drivers/hitachi/hbsd_rest_api.py:481}}[00m
2026-10-06 20:07:17.480 2724734 DEBUG cinder.volume.drivers.hitachi.hbsd_rest_api [req-e420e365-28f2-4585-8e2b-be9ec35825b2 - - - - - -] ERROR <?xml version="1.0" encoding="iso-8859-1"?> <!DOCTYPE html PUBLIC "-//W3C//DTD XHTML 1.0 Transitional//EN"          "http://www.w3.org/TR/xhtml1/DTD/xhtml1-transitional.dtd"> <html xmlns="http://www.w3.org/1999/xhtml" xml:lang="en" lang="en">  <head>   <title>503 Service Not Available</title>  </head>  <body>   <h1>503 Service Not Available</h1>  </body> </html> [00;33m{{(pid=2724734) _check_rest_api_response /opt/stack/cinder/cinder/volume/drivers/hitachi/hbsd_rest_api.py:481}}[00m
2026-10-06 20:07:22.467 2724734 DEBUG cinder.volume.drivers.hitachi.hbsd_rest_api [req-e420e365-28f2-4585-8e2b-be9ec35825b2 - - - - - -] ERROR <?xml version="1.0" encoding="iso-8859-1"?> <!DOCTYPE html PUBLIC "-//W3C//DTD XHTML 1.0 Transitional//EN"          "http://www.w3.org/TR/xhtml1/DTD/xhtml1-transitional.dtd"> <html xmlns="http://www.w3.org/1999/xhtml" xml:lang="en" lang="en">  <head>   <title>503 Service Not Available</title>  </head>  <body>   <h1>503 Service Not Available</h1>  </body> </html> [00;33m{{(pid=2724734) _check_rest_api_response /opt/stack/cinder/cinder/volume/drivers/hitachi/hbsd_rest_api.py:481}}[00m
2026-10-06 20:07:27.432 2724734 DEBUG cinder.volume.drivers.hitachi.hbsd_rest_api [req-e420e365-28f2-4585-8e2b-be9ec35825b2 - - - - - -] ERROR <?xml version="1.0" encoding="iso-8859-1"?> <!DOCTYPE html PUBLIC "-//W3C//DTD XHTML 1.0 Transitional//EN"          "http://www.w3.org/TR/xhtml1/DTD/xhtml1-transitional.dtd"> <html xmlns="http://www.w3.org/1999/xhtml" xml:lang="en" lang="en">  <head>   <title>503 Service Not Available</title>  </head>  <body>   <h1>503 Service Not Available</h1>  </body> </html> [00;33m{{(pid=2724734) _check_rest_api_response /opt/stack/cinder/cinder/volume/drivers/hitachi/hbsd_rest_api.py:481}}[00m
2026-10-06 20:07:32.433 2724734 DEBUG cinder.volume.drivers.hitachi.hbsd_rest_api [req-e420e365-28f2-4585-8e2b-be9ec35825b2 - - - - - -] ERROR <?xml version="1.0" encoding="iso-8859-1"?> <!DOCTYPE html PUBLIC "-//W3C//DTD XHTML 1.0 Transitional//EN"          "http://www.w3.org/TR/xhtml1/DTD/xhtml1-transitional.dtd"> <html xmlns="http://www.w3.org/1999/xhtml" xml:lang="en" lang="en">  <head>   <title>503 Service Not Available</title>  </head>  <body>   <h1>503 Service Not Available</h1>  </body> </html> [00;33m{{(pid=2724734) _check_rest_api_response /opt/stack/cinder/cinder/volume/drivers/hitachi/hbsd_rest_api.py:481}}[00m
2026-10-06 20:07:37.439 2724734 DEBUG cinder.volume.drivers.hitachi.hbsd_rest_api [req-e420e365-28f2-4585-8e2b-be9ec35825b2 - - - - - -] ERROR <?xml version="1.0" encoding="iso-8859-1"?> <!DOCTYPE html PUBLIC "-//W3C//DTD XHTML 1.0 Transitional//EN"          "http://www.w3.org/TR/xhtml1/DTD/xhtml1-transitional.dtd"> <html xmlns="http://www.w3.org/1999/xhtml" xml:lang="en" lang="en">  <head>   <title>503 Service Not Available</title>  </head>  <body>   <h1>503 Service Not Available</h1>  </body> </html> [00;33m{{(pid=2724734) _check_rest_api_response /opt/stack/cinder/cinder/volume/drivers/hitachi/hbsd_rest_api.py:481}}[00m
2026-10-06 20:07:42.433 2724734 DEBUG cinder.volume.drivers.hitachi.hbsd_rest_api [req-e420e365-28f2-4585-8e2b-be9ec35825b2 - - - - - -] ERROR <?xml version="1.0" encoding="iso-8859-1"?> <!DOCTYPE html PUBLIC "-//W3C//DTD XHTML 1.0 Transitional//EN"          "http://www.w3.org/TR/xhtml1/DTD/xhtml1-transitional.dtd"> <html xmlns="http://www.w3.org/1999/xhtml" xml:lang="en" lang="en">  <head>   <title>503 Service Not Available</title>  </head>  <body>   <h1>503 Service Not Available</h1>  </body> </html> [00;33m{{(pid=2724734) _check_rest_api_response /opt/stack/cinder/cinder/volume/drivers/hitachi/hbsd_rest_api.py:481}}[00m
2026-10-06 20:07:47.434 2724734 DEBUG cinder.volume.drivers.hitachi.hbsd_rest_api [req-e420e365-28f2-4585-8e2b-be9ec35825b2 - - - - - -] ERROR <?xml version="1.0" encoding="iso-8859-1"?> <!DOCTYPE html PUBLIC "-//W3C//DTD XHTML 1.0 Transitional//EN"          "http://www.w3.org/TR/xhtml1/DTD/xhtml1-transitional.dtd"> <html xmlns="http://www.w3.org/1999/xhtml" xml:lang="en" lang="en">  <head>   <title>503 Service Not Available</title>  </head>  <body>   <h1>503 Service Not Available</h1>  </body> </html> [00;33m{{(pid=2724734) _check_rest_api_response /opt/stack/cinder/cinder/volume/drivers/hitachi/hbsd_rest_api.py:481}}[00m
2026-10-06 20:07:52.451 2724734 DEBUG cinder.volume.drivers.hitachi.hbsd_rest_api [req-e420e365-28f2-4585-8e2b-be9ec35825b2 - - - - - -] ERROR <?xml version="1.0" encoding="iso-8859-1"?> <!DOCTYPE html PUBLIC "-//W3C//DTD XHTML 1.0 Transitional//EN"          "http://www.w3.org/TR/xhtml1/DTD/xhtml1-transitional.dtd"> <html xmlns="http://www.w3.org/1999/xhtml" xml:lang="en" lang="en">  <head>   <title>503 Service Not Available</title>  </head>  <body>   <h1>503 Service Not Available</h1>  </body> </html> [00;33m{{(pid=2724734) _check_rest_api_response /opt/stack/cinder/cinder/volume/drivers/hitachi/hbsd_rest_api.py:481}}[00m
2026-10-06 20:07:57.436 2724734 DEBUG cinder.volume.drivers.hitachi.hbsd_rest_api [req-e420e365-28f2-4585-8e2b-be9ec35825b2 - - - - - -] ERROR <?xml version="1.0" encoding="iso-8859-1"?> <!DOCTYPE html PUBLIC "-//W3C//DTD XHTML 1.0 Transitional//EN"          "http://www.w3.org/TR/xhtml1/DTD/xhtml1-transitional.dtd"> <html xmlns="http://www.w3.org/1999/xhtml" xml:lang="en" lang="en">  <head>   <title>503 Service Not Available</title>  </head>  <body>   <h1>503 Service Not Available</h1>  </body> </html> [00;33m{{(pid=2724734) _check_rest_api_response /opt/stack/cinder/cinder/volume/drivers/hitachi/hbsd_rest_api.py:481}}[00m
2026-10-06 20:08:02.443 2724734 DEBUG cinder.volume.drivers.hitachi.hbsd_rest_api [req-e420e365-28f2-4585-8e2b-be9ec35825b2 - - - - - -] ERROR <?xml version="1.0" encoding="iso-8859-1"?> <!DOCTYPE html PUBLIC "-//W3C//DTD XHTML 1.0 Transitional//EN"          "http://www.w3.org/TR/xhtml1/DTD/xhtml1-transitional.dtd"> <html xmlns="http://www.w3.org/1999/xhtml" xml:lang="en" lang="en">  <head>   <title>503 Service Not Available</title>  </head>  <body>   <h1>503 Service Not Available</h1>  </body> </html> [00;33m{{(pid=2724734) _check_rest_api_response /opt/stack/cinder/cinder/volume/drivers/hitachi/hbsd_rest_api.py:481}}[00m
2026-10-06 20:08:07.452 2724734 DEBUG cinder.volume.drivers.hitachi.hbsd_rest_api [req-e420e365-28f2-4585-8e2b-be9ec35825b2 - - - - - -] ERROR <?xml version="1.0" encoding="iso-8859-1"?> <!DOCTYPE html PUBLIC "-//W3C//DTD XHTML 1.0 Transitional//EN"          "http://www.w3.org/TR/xhtml1/DTD/xhtml1-transitional.dtd"> <html xmlns="http://www.w3.org/1999/xhtml" xml:lang="en" lang="en">  <head>   <title>503 Service Not Available</title>  </head>  <body>   <h1>503 Service Not Available</h1>  </body> </html> [00;33m{{(pid=2724734) _check_rest_api_response /opt/stack/cinder/cinder/volume/drivers/hitachi/hbsd_rest_api.py:481}}[00m
2026-10-06 20:08:12.485 2724734 DEBUG cinder.volume.drivers.hitachi.hbsd_rest_api [req-e420e365-28f2-4585-8e2b-be9ec35825b2 - - - - - -] ERROR <?xml version="1.0" encoding="iso-8859-1"?> <!DOCTYPE html PUBLIC "-//W3C//DTD XHTML 1.0 Transitional//EN"          "http://www.w3.org/TR/xhtml1/DTD/xhtml1-transitional.dtd"> <html xmlns="http://www.w3.org/1999/xhtml" xml:lang="en" lang="en">  <head>   <title>503 Service Not Available</title>  </head>  <body>   <h1>503 Service Not Available</h1>  </body> </html> [00;33m{{(pid=2724734) _check_rest_api_response /opt/stack/cinder/cinder/volume/drivers/hitachi/hbsd_rest_api.py:481}}[00m
2026-10-06 20:08:17.439 2724734 DEBUG cinder.volume.drivers.hitachi.hbsd_rest_api [req-e420e365-28f2-4585-8e2b-be9ec35825b2 - - - - - -] ERROR <?xml version="1.0" encoding="iso-8859-1"?> <!DOCTYPE html PUBLIC "-//W3C//DTD XHTML 1.0 Transitional//EN"          "http://www.w3.org/TR/xhtml1/DTD/xhtml1-transitional.dtd"> <html xmlns="http://www.w3.org/1999/xhtml" xml:lang="en" lang="en">  <head>   <title>503 Service Not Available</title>  </head>  <body>   <h1>503 Service Not Available</h1>  </body> </html> [00;33m{{(pid=2724734) _check_rest_api_response /opt/stack/cinder/cinder/volume/drivers/hitachi/hbsd_rest_api.py:481}}[00m
2026-10-06 20:08:22.444 2724734 DEBUG cinder.volume.drivers.hitachi.hbsd_rest_api [req-e420e365-28f2-4585-8e2b-be9ec35825b2 - - - - - -] ERROR <?xml version="1.0" encoding="iso-8859-1"?> <!DOCTYPE html PUBLIC "-//W3C//DTD XHTML 1.0 Transitional//EN"          "http://www.w3.org/TR/xhtml1/DTD/xhtml1-transitional.dtd"> <html xmlns="http://www.w3.org/1999/xhtml" xml:lang="en" lang="en">  <head>   <title>503 Service Not Available</title>  </head>  <body>   <h1>503 Service Not Available</h1>  </body> </html> [00;33m{{(pid=2724734) _check_rest_api_response /opt/stack/cinder/cinder/volume/drivers/hitachi/hbsd_rest_api.py:481}}[00m
2026-10-06 20:08:27.455 2724734 DEBUG cinder.volume.drivers.hitachi.hbsd_rest_api [req-e420e365-28f2-4585-8e2b-be9ec35825b2 - - - - - -] ERROR <?xml version="1.0" encoding="iso-8859-1"?> <!DOCTYPE html PUBLIC "-//W3C//DTD XHTML 1.0 Transitional//EN"          "http://www.w3.org/TR/xhtml1/DTD/xhtml1-transitional.dtd"> <html xmlns="http://www.w3.org/1999/xhtml" xml:lang="en" lang="en">  <head>   <title>503 Service Not Available</title>  </head>  <body>   <h1>503 Service Not Available</h1>  </body> </html> [00;33m{{(pid=2724734) _check_rest_api_response /opt/stack/cinder/cinder/volume/drivers/hitachi/hbsd_rest_api.py:481}}[00m
2026-10-06 20:08:32.470 2724734 DEBUG cinder.volume.drivers.hitachi.hbsd_rest_api [req-e420e365-28f2-4585-8e2b-be9ec35825b2 - - - - - -] ERROR <?xml version="1.0" encoding="iso-8859-1"?> <!DOCTYPE html PUBLIC "-//W3C//DTD XHTML 1.0 Transitional//EN"          "http://www.w3.org/TR/xhtml1/DTD/xhtml1-transitional.dtd"> <html xmlns="http://www.w3.org/1999/xhtml" xml:lang="en" lang="en">  <head>   <title>503 Service Not Available</title>  </head>  <body>   <h1>503 Service Not Available</h1>  </body> </html> [00;33m{{(pid=2724734) _check_rest_api_response /opt/stack/cinder/cinder/volume/drivers/hitachi/hbsd_rest_api.py:481}}[00m
2026-10-06 20:08:37.448 2724734 DEBUG cinder.volume.drivers.hitachi.hbsd_rest_api [req-e420e365-28f2-4585-8e2b-be9ec35825b2 - - - - - -] ERROR <?xml version="1.0" encoding="iso-8859-1"?> <!DOCTYPE html PUBLIC "-//W3C//DTD XHTML 1.0 Transitional//EN"          "http://www.w3.org/TR/xhtml1/DTD/xhtml1-transitional.dtd"> <html xmlns="http://www.w3.org/1999/xhtml" xml:lang="en" lang="en">  <head>   <title>503 Service Not Available</title>  </head>  <body>   <h1>503 Service Not Available</h1>  </body> </html> [00;33m{{(pid=2724734) _check_rest_api_response /opt/stack/cinder/cinder/volume/drivers/hitachi/hbsd_rest_api.py:481}}[00m
2026-10-06 20:08:42.461 2724734 DEBUG cinder.volume.drivers.hitachi.hbsd_rest_api [req-e420e365-28f2-4585-8e2b-be9ec35825b2 - - - - - -] ERROR <?xml version="1.0" encoding="iso-8859-1"?> <!DOCTYPE html PUBLIC "-//W3C//DTD XHTML 1.0 Transitional//EN"          "http://www.w3.org/TR/xhtml1/DTD/xhtml1-transitional.dtd"> <html xmlns="http://www.w3.org/1999/xhtml" xml:lang="en" lang="en">  <head>   <title>503 Service Not Available</title>  </head>  <body>   <h1>503 Service Not Available</h1>  </body> </html> [00;33m{{(pid=2724734) _check_rest_api_response /opt/stack/cinder/cinder/volume/drivers/hitachi/hbsd_rest_api.py:481}}[00m
2026-10-06 20:08:47.451 2724734 DEBUG cinder.volume.drivers.hitachi.hbsd_rest_api [req-e420e365-28f2-4585-8e2b-be9ec35825b2 - - - - - -] ERROR <?xml version="1.0" encoding="iso-8859-1"?> <!DOCTYPE html PUBLIC "-//W3C//DTD XHTML 1.0 Transitional//EN"          "http://www.w3.org/TR/xhtml1/DTD/xhtml1-transitional.dtd"> <html xmlns="http://www.w3.org/1999/xhtml" xml:lang="en" lang="en">  <head>   <title>503 Service Not Available</title>  </head>  <body>   <h1>503 Service Not Available</h1>  </body> </html> [00;33m{{(pid=2724734) _check_rest_api_response /opt/stack/cinder/cinder/volume/drivers/hitachi/hbsd_rest_api.py:481}}[00m
2026-10-06 20:08:52.450 2724734 DEBUG cinder.volume.drivers.hitachi.hbsd_rest_api [req-e420e365-28f2-4585-8e2b-be9ec35825b2 - - - - - -] ERROR <?xml version="1.0" encoding="iso-8859-1"?> <!DOCTYPE html PUBLIC "-//W3C//DTD XHTML 1.0 Transitional//EN"          "http://www.w3.org/TR/xhtml1/DTD/xhtml1-transitional.dtd"> <html xmlns="http://www.w3.org/1999/xhtml" xml:lang="en" lang="en">  <head>   <title>503 Service Not Available</title>  </head>  <body>   <h1>503 Service Not Available</h1>  </body> </html> [00;33m{{(pid=2724734) _check_rest_api_response /opt/stack/cinder/cinder/volume/drivers/hitachi/hbsd_rest_api.py:481}}[00m
2026-10-06 20:08:57.451 2724734 DEBUG cinder.volume.drivers.hitachi.hbsd_rest_api [req-e420e365-28f2-4585-8e2b-be9ec35825b2 - - - - - -] ERROR <?xml version="1.0" encoding="iso-8859-1"?> <!DOCTYPE html PUBLIC "-//W3C//DTD XHTML 1.0 Transitional//EN"          "http://www.w3.org/TR/xhtml1/DTD/xhtml1-transitional.dtd"> <html xmlns="http://www.w3.org/1999/xhtml" xml:lang="en" lang="en">  <head>   <title>503 Service Not Available</title>  </head>  <body>   <h1>503 Service Not Available</h1>  </body> </html> [00;33m{{(pid=2724734) _check_rest_api_response /opt/stack/cinder/cinder/volume/drivers/hitachi/hbsd_rest_api.py:481}}[00m
2026-10-06 20:09:02.455 2724734 DEBUG cinder.volume.drivers.hitachi.hbsd_rest_api [req-e420e365-28f2-4585-8e2b-be9ec35825b2 - - - - - -] ERROR <?xml version="1.0" encoding="iso-8859-1"?> <!DOCTYPE html PUBLIC "-//W3C//DTD XHTML 1.0 Transitional//EN"          "http://www.w3.org/TR/xhtml1/DTD/xhtml1-transitional.dtd"> <html xmlns="http://www.w3.org/1999/xhtml" xml:lang="en" lang="en">  <head>   <title>503 Service Not Available</title>  </head>  <body>   <h1>503 Service Not Available</h1>  </body> </html> [00;33m{{(pid=2724734) _check_rest_api_response /opt/stack/cinder/cinder/volume/drivers/hitachi/hbsd_rest_api.py:481}}[00m
2026-10-06 20:09:07.464 2724734 DEBUG cinder.volume.drivers.hitachi.hbsd_rest_api [req-e420e365-28f2-4585-8e2b-be9ec35825b2 - - - - - -] ERROR <?xml version="1.0" encoding="iso-8859-1"?> <!DOCTYPE html PUBLIC "-//W3C//DTD XHTML 1.0 Transitional//EN"          "http://www.w3.org/TR/xhtml1/DTD/xhtml1-transitional.dtd"> <html xmlns="http://www.w3.org/1999/xhtml" xml:lang="en" lang="en">  <head>   <title>503 Service Not Available</title>  </head>  <body>   <h1>503 Service Not Available</h1>  </body> </html> [00;33m{{(pid=2724734) _check_rest_api_response /opt/stack/cinder/cinder/volume/drivers/hitachi/hbsd_rest_api.py:481}}[00m
2026-10-06 20:09:12.461 2724734 DEBUG cinder.volume.drivers.hitachi.hbsd_rest_api [req-e420e365-28f2-4585-8e2b-be9ec35825b2 - - - - - -] ERROR <?xml version="1.0" encoding="iso-8859-1"?> <!DOCTYPE html PUBLIC "-//W3C//DTD XHTML 1.0 Transitional//EN"          "http://www.w3.org/TR/xhtml1/DTD/xhtml1-transitional.dtd"> <html xmlns="http://www.w3.org/1999/xhtml" xml:lang="en" lang="en">  <head>   <title>503 Service Not Available</title>  </head>  <body>   <h1>503 Service Not Available</h1>  </body> </html> [00;33m{{(pid=2724734) _check_rest_api_response /opt/stack/cinder/cinder/volume/drivers/hitachi/hbsd_rest_api.py:481}}[00m
2026-10-06 20:09:17.493 2724734 DEBUG cinder.volume.drivers.hitachi.hbsd_rest_api [req-e420e365-28f2-4585-8e2b-be9ec35825b2 - - - - - -] ERROR <?xml version="1.0" encoding="iso-8859-1"?> <!DOCTYPE html PUBLIC "-//W3C//DTD XHTML 1.0 Transitional//EN"          "http://www.w3.org/TR/xhtml1/DTD/xhtml1-transitional.dtd"> <html xmlns="http://www.w3.org/1999/xhtml" xml:lang="en" lang="en">  <head>   <title>503 Service Not Available</title>  </head>  <body>   <h1>503 Service Not Available</h1>  </body> </html> [00;33m{{(pid=2724734) _check_rest_api_response /opt/stack/cinder/cinder/volume/drivers/hitachi/hbsd_rest_api.py:481}}[00m
2026-10-06 20:09:22.472 2724734 DEBUG cinder.volume.drivers.hitachi.hbsd_rest_api [req-e420e365-28f2-4585-8e2b-be9ec35825b2 - - - - - -] ERROR <?xml version="1.0" encoding="iso-8859-1"?> <!DOCTYPE html PUBLIC "-//W3C//DTD XHTML 1.0 Transitional//EN"          "http://www.w3.org/TR/xhtml1/DTD/xhtml1-transitional.dtd"> <html xmlns="http://www.w3.org/1999/xhtml" xml:lang="en" lang="en">  <head>   <title>503 Service Not Available</title>  </head>  <body>   <h1>503 Service Not Available</h1>  </body> </html> [00;33m{{(pid=2724734) _check_rest_api_response /opt/stack/cinder/cinder/volume/drivers/hitachi/hbsd_rest_api.py:481}}[00m
2026-10-06 20:09:27.463 2724734 DEBUG cinder.volume.drivers.hitachi.hbsd_rest_api [req-e420e365-28f2-4585-8e2b-be9ec35825b2 - - - - - -] ERROR <?xml version="1.0" encoding="iso-8859-1"?> <!DOCTYPE html PUBLIC "-//W3C//DTD XHTML 1.0 Transitional//EN"          "http://www.w3.org/TR/xhtml1/DTD/xhtml1-transitional.dtd"> <html xmlns="http://www.w3.org/1999/xhtml" xml:lang="en" lang="en">  <head>   <title>503 Service Not Available</title>  </head>  <body>   <h1>503 Service Not Available</h1>  </body> </html> [00;33m{{(pid=2724734) _check_rest_api_response /opt/stack/cinder/cinder/volume/drivers/hitachi/hbsd_rest_api.py:481}}[00m
2026-10-06 20:09:32.466 2724734 DEBUG cinder.volume.drivers.hitachi.hbsd_rest_api [req-e420e365-28f2-4585-8e2b-be9ec35825b2 - - - - - -] ERROR <?xml version="1.0" encoding="iso-8859-1"?> <!DOCTYPE html PUBLIC "-//W3C//DTD XHTML 1.0 Transitional//EN"          "http://www.w3.org/TR/xhtml1/DTD/xhtml1-transitional.dtd"> <html xmlns="http://www.w3.org/1999/xhtml" xml:lang="en" lang="en">  <head>   <title>503 Service Not Available</title>  </head>  <body>   <h1>503 Service Not Available</h1>  </body> </html> [00;33m{{(pid=2724734) _check_rest_api_response /opt/stack/cinder/cinder/volume/drivers/hitachi/hbsd_rest_api.py:481}}[00m
2026-10-06 20:09:37.463 2724734 DEBUG cinder.volume.drivers.hitachi.hbsd_rest_api [req-e420e365-28f2-4585-8e2b-be9ec35825b2 - - - - - -] ERROR <?xml version="1.0" encoding="iso-8859-1"?> <!DOCTYPE html PUBLIC "-//W3C//DTD XHTML 1.0 Transitional//EN"          "http://www.w3.org/TR/xhtml1/DTD/xhtml1-transitional.dtd"> <html xmlns="http://www.w3.org/1999/xhtml" xml:lang="en" lang="en">  <head>   <title>503 Service Not Available</title>  </head>  <body>   <h1>503 Service Not Available</h1>  </body> </html> [00;33m{{(pid=2724734) _check_rest_api_response /opt/stack/cinder/cinder/volume/drivers/hitachi/hbsd_rest_api.py:481}}[00m
2026-10-06 20:09:42.463 2724734 DEBUG cinder.volume.drivers.hitachi.hbsd_rest_api [req-e420e365-28f2-4585-8e2b-be9ec35825b2 - - - - - -] ERROR <?xml version="1.0" encoding="iso-8859-1"?> <!DOCTYPE html PUBLIC "-//W3C//DTD XHTML 1.0 Transitional//EN"          "http://www.w3.org/TR/xhtml1/DTD/xhtml1-transitional.dtd"> <html xmlns="http://www.w3.org/1999/xhtml" xml:lang="en" lang="en">  <head>   <title>503 Service Not Available</title>  </head>  <body>   <h1>503 Service Not Available</h1>  </body> </html> [00;33m{{(pid=2724734) _check_rest_api_response /opt/stack/cinder/cinder/volume/drivers/hitachi/hbsd_rest_api.py:481}}[00m
2026-10-06 20:09:47.463 2724734 DEBUG cinder.volume.drivers.hitachi.hbsd_rest_api [req-e420e365-28f2-4585-8e2b-be9ec35825b2 - - - - - -] ERROR <?xml version="1.0" encoding="iso-8859-1"?> <!DOCTYPE html PUBLIC "-//W3C//DTD XHTML 1.0 Transitional//EN"          "http://www.w3.org/TR/xhtml1/DTD/xhtml1-transitional.dtd"> <html xmlns="http://www.w3.org/1999/xhtml" xml:lang="en" lang="en">  <head>   <title>503 Service Not Available</title>  </head>  <body>   <h1>503 Service Not Available</h1>  </body> </html> [00;33m{{(pid=2724734) _check_rest_api_response /opt/stack/cinder/cinder/volume/drivers/hitachi/hbsd_rest_api.py:481}}[00m
2026-10-06 20:09:52.464 2724734 DEBUG cinder.volume.drivers.hitachi.hbsd_rest_api [req-e420e365-28f2-4585-8e2b-be9ec35825b2 - - - - - -] ERROR <?xml version="1.0" encoding="iso-8859-1"?> <!DOCTYPE html PUBLIC "-//W3C//DTD XHTML 1.0 Transitional//EN"          "http://www.w3.org/TR/xhtml1/DTD/xhtml1-transitional.dtd"> <html xmlns="http://www.w3.org/1999/xhtml" xml:lang="en" lang="en">  <head>   <title>503 Service Not Available</title>  </head>  <body>   <h1>503 Service Not Available</h1>  </body> </html> [00;33m{{(pid=2724734) _check_rest_api_response /opt/stack/cinder/cinder/volume/drivers/hitachi/hbsd_rest_api.py:481}}[00m
2026-10-06 20:09:57.499 2724734 DEBUG cinder.volume.drivers.hitachi.hbsd_rest_api [req-e420e365-28f2-4585-8e2b-be9ec35825b2 - - - - - -] ERROR <?xml version="1.0" encoding="iso-8859-1"?> <!DOCTYPE html PUBLIC "-//W3C//DTD XHTML 1.0 Transitional//EN"          "http://www.w3.org/TR/xhtml1/DTD/xhtml1-transitional.dtd"> <html xmlns="http://www.w3.org/1999/xhtml" xml:lang="en" lang="en">  <head>   <title>503 Service Not Available</title>  </head>  <body>   <h1>503 Service Not Available</h1>  </body> </html> [00;33m{{(pid=2724734) _check_rest_api_response /opt/stack/cinder/cinder/volume/drivers/hitachi/hbsd_rest_api.py:481}}[00m
2026-10-06 20:10:02.471 2724734 DEBUG cinder.volume.drivers.hitachi.hbsd_rest_api [req-e420e365-28f2-4585-8e2b-be9ec35825b2 - - - - - -] ERROR <?xml version="1.0" encoding="iso-8859-1"?> <!DOCTYPE html PUBLIC "-//W3C//DTD XHTML 1.0 Transitional//EN"          "http://www.w3.org/TR/xhtml1/DTD/xhtml1-transitional.dtd"> <html xmlns="http://www.w3.org/1999/xhtml" xml:lang="en" lang="en">  <head>   <title>503 Service Not Available</title>  </head>  <body>   <h1>503 Service Not Available</h1>  </body> </html> [00;33m{{(pid=2724734) _check_rest_api_response /opt/stack/cinder/cinder/volume/drivers/hitachi/hbsd_rest_api.py:481}}[00m
2026-10-06 20:10:07.471 2724734 DEBUG cinder.volume.drivers.hitachi.hbsd_rest_api [req-e420e365-28f2-4585-8e2b-be9ec35825b2 - - - - - -] ERROR <?xml version="1.0" encoding="iso-8859-1"?> <!DOCTYPE html PUBLIC "-//W3C//DTD XHTML 1.0 Transitional//EN"          "http://www.w3.org/TR/xhtml1/DTD/xhtml1-transitional.dtd"> <html xmlns="http://www.w3.org/1999/xhtml" xml:lang="en" lang="en">  <head>   <title>503 Service Not Available</title>  </head>  <body>   <h1>503 Service Not Available</h1>  </body> </html> [00;33m{{(pid=2724734) _check_rest_api_response /opt/stack/cinder/cinder/volume/drivers/hitachi/hbsd_rest_api.py:481}}[00m
2026-10-06 20:10:12.489 2724734 DEBUG cinder.volume.drivers.hitachi.hbsd_rest_api [req-e420e365-28f2-4585-8e2b-be9ec35825b2 - - - - - -] ERROR <?xml version="1.0" encoding="iso-8859-1"?> <!DOCTYPE html PUBLIC "-//W3C//DTD XHTML 1.0 Transitional//EN"          "http://www.w3.org/TR/xhtml1/DTD/xhtml1-transitional.dtd"> <html xmlns="http://www.w3.org/1999/xhtml" xml:lang="en" lang="en">  <head>   <title>503 Service Not Available</title>  </head>  <body>   <h1>503 Service Not Available</h1>  </body> </html> [00;33m{{(pid=2724734) _check_rest_api_response /opt/stack/cinder/cinder/volume/drivers/hitachi/hbsd_rest_api.py:481}}[00m
2026-10-06 20:10:17.476 2724734 DEBUG cinder.volume.drivers.hitachi.hbsd_rest_api [req-e420e365-28f2-4585-8e2b-be9ec35825b2 - - - - - -] ERROR <?xml version="1.0" encoding="iso-8859-1"?> <!DOCTYPE html PUBLIC "-//W3C//DTD XHTML 1.0 Transitional//EN"          "http://www.w3.org/TR/xhtml1/DTD/xhtml1-transitional.dtd"> <html xmlns="http://www.w3.org/1999/xhtml" xml:lang="en" lang="en">  <head>   <title>503 Service Not Available</title>  </head>  <body>   <h1>503 Service Not Available</h1>  </body> </html> [00;33m{{(pid=2724734) _check_rest_api_response /opt/stack/cinder/cinder/volume/drivers/hitachi/hbsd_rest_api.py:481}}[00m
2026-10-06 20:10:22.483 2724734 DEBUG cinder.volume.drivers.hitachi.hbsd_rest_api [req-e420e365-28f2-4585-8e2b-be9ec35825b2 - - - - - -] ERROR <?xml version="1.0" encoding="iso-8859-1"?> <!DOCTYPE html PUBLIC "-//W3C//DTD XHTML 1.0 Transitional//EN"          "http://www.w3.org/TR/xhtml1/DTD/xhtml1-transitional.dtd"> <html xmlns="http://www.w3.org/1999/xhtml" xml:lang="en" lang="en">  <head>   <title>503 Service Not Available</title>  </head>  <body>   <h1>503 Service Not Available</h1>  </body> </html> [00;33m{{(pid=2724734) _check_rest_api_response /opt/stack/cinder/cinder/volume/drivers/hitachi/hbsd_rest_api.py:481}}[00m
2026-10-06 20:10:27.487 2724734 DEBUG cinder.volume.drivers.hitachi.hbsd_rest_api [req-e420e365-28f2-4585-8e2b-be9ec35825b2 - - - - - -] ERROR <?xml version="1.0" encoding="iso-8859-1"?> <!DOCTYPE html PUBLIC "-//W3C//DTD XHTML 1.0 Transitional//EN"          "http://www.w3.org/TR/xhtml1/DTD/xhtml1-transitional.dtd"> <html xmlns="http://www.w3.org/1999/xhtml" xml:lang="en" lang="en">  <head>   <title>503 Service Not Available</title>  </head>  <body>   <h1>503 Service Not Available</h1>  </body> </html> [00;33m{{(pid=2724734) _check_rest_api_response /opt/stack/cinder/cinder/volume/drivers/hitachi/hbsd_rest_api.py:481}}[00m
2026-10-06 20:10:32.478 2724734 DEBUG cinder.volume.drivers.hitachi.hbsd_rest_api [req-e420e365-28f2-4585-8e2b-be9ec35825b2 - - - - - -] ERROR <?xml version="1.0" encoding="iso-8859-1"?> <!DOCTYPE html PUBLIC "-//W3C//DTD XHTML 1.0 Transitional//EN"          "http://www.w3.org/TR/xhtml1/DTD/xhtml1-transitional.dtd"> <html xmlns="http://www.w3.org/1999/xhtml" xml:lang="en" lang="en">  <head>   <title>503 Service Not Available</title>  </head>  <body>   <h1>503 Service Not Available</h1>  </body> </html> [00;33m{{(pid=2724734) _check_rest_api_response /opt/stack/cinder/cinder/volume/drivers/hitachi/hbsd_rest_api.py:481}}[00m
2026-10-06 20:10:37.520 2724734 DEBUG cinder.volume.drivers.hitachi.hbsd_rest_api [req-e420e365-28f2-4585-8e2b-be9ec35825b2 - - - - - -] ERROR <?xml version="1.0" encoding="iso-8859-1"?> <!DOCTYPE html PUBLIC "-//W3C//DTD XHTML 1.0 Transitional//EN"          "http://www.w3.org/TR/xhtml1/DTD/xhtml1-transitional.dtd"> <html xmlns="http://www.w3.org/1999/xhtml" xml:lang="en" lang="en">  <head>   <title>503 Service Not Available</title>  </head>  <body>   <h1>503 Service Not Available</h1>  </body> </html> [00;33m{{(pid=2724734) _check_rest_api_response /opt/stack/cinder/cinder/volume/drivers/hitachi/hbsd_rest_api.py:481}}[00m
2026-10-06 20:10:42.483 2724734 DEBUG cinder.volume.drivers.hitachi.hbsd_rest_api [req-e420e365-28f2-4585-8e2b-be9ec35825b2 - - - - - -] ERROR <?xml version="1.0" encoding="iso-8859-1"?> <!DOCTYPE html PUBLIC "-//W3C//DTD XHTML 1.0 Transitional//EN"          "http://www.w3.org/TR/xhtml1/DTD/xhtml1-transitional.dtd"> <html xmlns="http://www.w3.org/1999/xhtml" xml:lang="en" lang="en">  <head>   <title>503 Service Not Available</title>  </head>  <body>   <h1>503 Service Not Available</h1>  </body> </html> [00;33m{{(pid=2724734) _check_rest_api_response /opt/stack/cinder/cinder/volume/drivers/hitachi/hbsd_rest_api.py:481}}[00m
2026-10-06 20:10:47.482 2724734 DEBUG cinder.volume.drivers.hitachi.hbsd_rest_api [req-e420e365-28f2-4585-8e2b-be9ec35825b2 - - - - - -] ERROR <?xml version="1.0" encoding="iso-8859-1"?> <!DOCTYPE html PUBLIC "-//W3C//DTD XHTML 1.0 Transitional//EN"          "http://www.w3.org/TR/xhtml1/DTD/xhtml1-transitional.dtd"> <html xmlns="http://www.w3.org/1999/xhtml" xml:lang="en" lang="en">  <head>   <title>503 Service Not Available</title>  </head>  <body>   <h1>503 Service Not Available</h1>  </body> </html> [00;33m{{(pid=2724734) _check_rest_api_response /opt/stack/cinder/cinder/volume/drivers/hitachi/hbsd_rest_api.py:481}}[00m
2026-10-06 20:10:52.484 2724734 DEBUG cinder.volume.drivers.hitachi.hbsd_rest_api [req-e420e365-28f2-4585-8e2b-be9ec35825b2 - - - - - -] ERROR <?xml version="1.0" encoding="iso-8859-1"?> <!DOCTYPE html PUBLIC "-//W3C//DTD XHTML 1.0 Transitional//EN"          "http://www.w3.org/TR/xhtml1/DTD/xhtml1-transitional.dtd"> <html xmlns="http://www.w3.org/1999/xhtml" xml:lang="en" lang="en">  <head>   <title>503 Service Not Available</title>  </head>  <body>   <h1>503 Service Not Available</h1>  </body> </html> [00;33m{{(pid=2724734) _check_rest_api_response /opt/stack/cinder/cinder/volume/drivers/hitachi/hbsd_rest_api.py:481}}[00m
2026-10-06 20:10:57.491 2724734 DEBUG cinder.volume.drivers.hitachi.hbsd_rest_api [req-e420e365-28f2-4585-8e2b-be9ec35825b2 - - - - - -] ERROR <?xml version="1.0" encoding="iso-8859-1"?> <!DOCTYPE html PUBLIC "-//W3C//DTD XHTML 1.0 Transitional//EN"          "http://www.w3.org/TR/xhtml1/DTD/xhtml1-transitional.dtd"> <html xmlns="http://www.w3.org/1999/xhtml" xml:lang="en" lang="en">  <head>   <title>503 Service Not Available</title>  </head>  <body>   <h1>503 Service Not Available</h1>  </body> </html> [00;33m{{(pid=2724734) _check_rest_api_response /opt/stack/cinder/cinder/volume/drivers/hitachi/hbsd_rest_api.py:481}}[00m
2026-10-06 20:11:02.487 2724734 DEBUG cinder.volume.drivers.hitachi.hbsd_rest_api [req-e420e365-28f2-4585-8e2b-be9ec35825b2 - - - - - -] ERROR <?xml version="1.0" encoding="iso-8859-1"?> <!DOCTYPE html PUBLIC "-//W3C//DTD XHTML 1.0 Transitional//EN"          "http://www.w3.org/TR/xhtml1/DTD/xhtml1-transitional.dtd"> <html xmlns="http://www.w3.org/1999/xhtml" xml:lang="en" lang="en">  <head>   <title>503 Service Not Available</title>  </head>  <body>   <h1>503 Service Not Available</h1>  </body> </html> [00;33m{{(pid=2724734) _check_rest_api_response /opt/stack/cinder/cinder/volume/drivers/hitachi/hbsd_rest_api.py:481}}[00m
2026-10-06 20:11:07.483 2724734 DEBUG cinder.volume.drivers.hitachi.hbsd_rest_api [req-e420e365-28f2-4585-8e2b-be9ec35825b2 - - - - - -] ERROR <?xml version="1.0" encoding="iso-8859-1"?> <!DOCTYPE html PUBLIC "-//W3C//DTD XHTML 1.0 Transitional//EN"          "http://www.w3.org/TR/xhtml1/DTD/xhtml1-transitional.dtd"> <html xmlns="http://www.w3.org/1999/xhtml" xml:lang="en" lang="en">  <head>   <title>503 Service Not Available</title>  </head>  <body>   <h1>503 Service Not Available</h1>  </body> </html> [00;33m{{(pid=2724734) _check_rest_api_response /opt/stack/cinder/cinder/volume/drivers/hitachi/hbsd_rest_api.py:481}}[00m
2026-10-06 20:11:12.487 2724734 DEBUG cinder.volume.drivers.hitachi.hbsd_rest_api [req-e420e365-28f2-4585-8e2b-be9ec35825b2 - - - - - -] ERROR <?xml version="1.0" encoding="iso-8859-1"?> <!DOCTYPE html PUBLIC "-//W3C//DTD XHTML 1.0 Transitional//EN"          "http://www.w3.org/TR/xhtml1/DTD/xhtml1-transitional.dtd"> <html xmlns="http://www.w3.org/1999/xhtml" xml:lang="en" lang="en">  <head>   <title>503 Service Not Available</title>  </head>  <body>   <h1>503 Service Not Available</h1>  </body> </html> [00;33m{{(pid=2724734) _check_rest_api_response /opt/stack/cinder/cinder/volume/drivers/hitachi/hbsd_rest_api.py:481}}[00m
2026-10-06 20:11:17.497 2724734 DEBUG cinder.volume.drivers.hitachi.hbsd_rest_api [req-e420e365-28f2-4585-8e2b-be9ec35825b2 - - - - - -] ERROR <?xml version="1.0" encoding="iso-8859-1"?> <!DOCTYPE html PUBLIC "-//W3C//DTD XHTML 1.0 Transitional//EN"          "http://www.w3.org/TR/xhtml1/DTD/xhtml1-transitional.dtd"> <html xmlns="http://www.w3.org/1999/xhtml" xml:lang="en" lang="en">  <head>   <title>503 Service Not Available</title>  </head>  <body>   <h1>503 Service Not Available</h1>  </body> </html> [00;33m{{(pid=2724734) _check_rest_api_response /opt/stack/cinder/cinder/volume/drivers/hitachi/hbsd_rest_api.py:481}}[00m
2026-10-06 20:11:22.508 2724734 DEBUG cinder.volume.drivers.hitachi.hbsd_rest_api [req-e420e365-28f2-4585-8e2b-be9ec35825b2 - - - - - -] ERROR <?xml version="1.0" encoding="iso-8859-1"?> <!DOCTYPE html PUBLIC "-//W3C//DTD XHTML 1.0 Transitional//EN"          "http://www.w3.org/TR/xhtml1/DTD/xhtml1-transitional.dtd"> <html xmlns="http://www.w3.org/1999/xhtml" xml:lang="en" lang="en">  <head>   <title>503 Service Not Available</title>  </head>  <body>   <h1>503 Service Not Available</h1>  </body> </html> [00;33m{{(pid=2724734) _check_rest_api_response /opt/stack/cinder/cinder/volume/drivers/hitachi/hbsd_rest_api.py:481}}[00m
2026-10-06 20:11:27.499 2724734 DEBUG cinder.volume.drivers.hitachi.hbsd_rest_api [req-e420e365-28f2-4585-8e2b-be9ec35825b2 - - - - - -] ERROR <?xml version="1.0" encoding="iso-8859-1"?> <!DOCTYPE html PUBLIC "-//W3C//DTD XHTML 1.0 Transitional//EN"          "http://www.w3.org/TR/xhtml1/DTD/xhtml1-transitional.dtd"> <html xmlns="http://www.w3.org/1999/xhtml" xml:lang="en" lang="en">  <head>   <title>503 Service Not Available</title>  </head>  <body>   <h1>503 Service Not Available</h1>  </body> </html> [00;33m{{(pid=2724734) _check_rest_api_response /opt/stack/cinder/cinder/volume/drivers/hitachi/hbsd_rest_api.py:481}}[00m
2026-10-06 20:11:32.508 2724734 DEBUG cinder.volume.drivers.hitachi.hbsd_rest_api [req-e420e365-28f2-4585-8e2b-be9ec35825b2 - - - - - -] ERROR <?xml version="1.0" encoding="iso-8859-1"?> <!DOCTYPE html PUBLIC "-//W3C//DTD XHTML 1.0 Transitional//EN"          "http://www.w3.org/TR/xhtml1/DTD/xhtml1-transitional.dtd"> <html xmlns="http://www.w3.org/1999/xhtml" xml:lang="en" lang="en">  <head>   <title>503 Service Not Available</title>  </head>  <body>   <h1>503 Service Not Available</h1>  </body> </html> [00;33m{{(pid=2724734) _check_rest_api_response /opt/stack/cinder/cinder/volume/drivers/hitachi/hbsd_rest_api.py:481}}[00m
2026-10-06 20:11:37.491 2724734 DEBUG cinder.volume.drivers.hitachi.hbsd_rest_api [req-e420e365-28f2-4585-8e2b-be9ec35825b2 - - - - - -] ERROR <?xml version="1.0" encoding="iso-8859-1"?> <!DOCTYPE html PUBLIC "-//W3C//DTD XHTML 1.0 Transitional//EN"          "http://www.w3.org/TR/xhtml1/DTD/xhtml1-transitional.dtd"> <html xmlns="http://www.w3.org/1999/xhtml" xml:lang="en" lang="en">  <head>   <title>503 Service Not Available</title>  </head>  <body>   <h1>503 Service Not Available</h1>  </body> </html> [00;33m{{(pid=2724734) _check_rest_api_response /opt/stack/cinder/cinder/volume/drivers/hitachi/hbsd_rest_api.py:481}}[00m
2026-10-06 20:11:42.495 2724734 DEBUG cinder.volume.drivers.hitachi.hbsd_rest_api [req-e420e365-28f2-4585-8e2b-be9ec35825b2 - - - - - -] ERROR <?xml version="1.0" encoding="iso-8859-1"?> <!DOCTYPE html PUBLIC "-//W3C//DTD XHTML 1.0 Transitional//EN"          "http://www.w3.org/TR/xhtml1/DTD/xhtml1-transitional.dtd"> <html xmlns="http://www.w3.org/1999/xhtml" xml:lang="en" lang="en">  <head>   <title>503 Service Not Available</title>  </head>  <body>   <h1>503 Service Not Available</h1>  </body> </html> [00;33m{{(pid=2724734) _check_rest_api_response /opt/stack/cinder/cinder/volume/drivers/hitachi/hbsd_rest_api.py:481}}[00m
2026-10-06 20:11:47.495 2724734 DEBUG cinder.volume.drivers.hitachi.hbsd_rest_api [req-e420e365-28f2-4585-8e2b-be9ec35825b2 - - - - - -] ERROR <?xml version="1.0" encoding="iso-8859-1"?> <!DOCTYPE html PUBLIC "-//W3C//DTD XHTML 1.0 Transitional//EN"          "http://www.w3.org/TR/xhtml1/DTD/xhtml1-transitional.dtd"> <html xmlns="http://www.w3.org/1999/xhtml" xml:lang="en" lang="en">  <head>   <title>503 Service Not Available</title>  </head>  <body>   <h1>503 Service Not Available</h1>  </body> </html> [00;33m{{(pid=2724734) _check_rest_api_response /opt/stack/cinder/cinder/volume/drivers/hitachi/hbsd_rest_api.py:481}}[00m
2026-10-06 20:11:52.509 2724734 DEBUG cinder.volume.drivers.hitachi.hbsd_rest_api [req-e420e365-28f2-4585-8e2b-be9ec35825b2 - - - - - -] ERROR <?xml version="1.0" encoding="iso-8859-1"?> <!DOCTYPE html PUBLIC "-//W3C//DTD XHTML 1.0 Transitional//EN"          "http://www.w3.org/TR/xhtml1/DTD/xhtml1-transitional.dtd"> <html xmlns="http://www.w3.org/1999/xhtml" xml:lang="en" lang="en">  <head>   <title>503 Service Not Available</title>  </head>  <body>   <h1>503 Service Not Available</h1>  </body> </html> [00;33m{{(pid=2724734) _check_rest_api_response /opt/stack/cinder/cinder/volume/drivers/hitachi/hbsd_rest_api.py:481}}[00m
2026-10-06 20:11:57.499 2724734 DEBUG cinder.volume.drivers.hitachi.hbsd_rest_api [req-e420e365-28f2-4585-8e2b-be9ec35825b2 - - - - - -] ERROR <?xml version="1.0" encoding="iso-8859-1"?> <!DOCTYPE html PUBLIC "-//W3C//DTD XHTML 1.0 Transitional//EN"          "http://www.w3.org/TR/xhtml1/DTD/xhtml1-transitional.dtd"> <html xmlns="http://www.w3.org/1999/xhtml" xml:lang="en" lang="en">  <head>   <title>503 Service Not Available</title>  </head>  <body>   <h1>503 Service Not Available</h1>  </body> </html> [00;33m{{(pid=2724734) _check_rest_api_response /opt/stack/cinder/cinder/volume/drivers/hitachi/hbsd_rest_api.py:481}}[00m
2026-10-06 20:12:02.502 2724734 DEBUG cinder.volume.drivers.hitachi.hbsd_rest_api [req-e420e365-28f2-4585-8e2b-be9ec35825b2 - - - - - -] ERROR <?xml version="1.0" encoding="iso-8859-1"?> <!DOCTYPE html PUBLIC "-//W3C//DTD XHTML 1.0 Transitional//EN"          "http://www.w3.org/TR/xhtml1/DTD/xhtml1-transitional.dtd"> <html xmlns="http://www.w3.org/1999/xhtml" xml:lang="en" lang="en">  <head>   <title>503 Service Not Available</title>  </head>  <body>   <h1>503 Service Not Available</h1>  </body> </html> [00;33m{{(pid=2724734) _check_rest_api_response /opt/stack/cinder/cinder/volume/drivers/hitachi/hbsd_rest_api.py:481}}[00m
2026-10-06 20:12:07.503 2724734 DEBUG cinder.volume.drivers.hitachi.hbsd_rest_api [req-e420e365-28f2-4585-8e2b-be9ec35825b2 - - - - - -] ERROR <?xml version="1.0" encoding="iso-8859-1"?> <!DOCTYPE html PUBLIC "-//W3C//DTD XHTML 1.0 Transitional//EN"          "http://www.w3.org/TR/xhtml1/DTD/xhtml1-transitional.dtd"> <html xmlns="http://www.w3.org/1999/xhtml" xml:lang="en" lang="en">  <head>   <title>503 Service Not Available</title>  </head>  <body>   <h1>503 Service Not Available</h1>  </body> </html> [00;33m{{(pid=2724734) _check_rest_api_response /opt/stack/cinder/cinder/volume/drivers/hitachi/hbsd_rest_api.py:481}}[00m
2026-10-06 20:12:12.526 2724734 DEBUG cinder.volume.drivers.hitachi.hbsd_rest_api [req-e420e365-28f2-4585-8e2b-be9ec35825b2 - - - - - -] ERROR <?xml version="1.0" encoding="iso-8859-1"?> <!DOCTYPE html PUBLIC "-//W3C//DTD XHTML 1.0 Transitional//EN"          "http://www.w3.org/TR/xhtml1/DTD/xhtml1-transitional.dtd"> <html xmlns="http://www.w3.org/1999/xhtml" xml:lang="en" lang="en">  <head>   <title>503 Service Not Available</title>  </head>  <body>   <h1>503 Service Not Available</h1>  </body> </html> [00;33m{{(pid=2724734) _check_rest_api_response /opt/stack/cinder/cinder/volume/drivers/hitachi/hbsd_rest_api.py:481}}[00m
2026-10-06 20:12:17.508 2724734 DEBUG cinder.volume.drivers.hitachi.hbsd_rest_api [req-e420e365-28f2-4585-8e2b-be9ec35825b2 - - - - - -] ERROR <?xml version="1.0" encoding="iso-8859-1"?> <!DOCTYPE html PUBLIC "-//W3C//DTD XHTML 1.0 Transitional//EN"          "http://www.w3.org/TR/xhtml1/DTD/xhtml1-transitional.dtd"> <html xmlns="http://www.w3.org/1999/xhtml" xml:lang="en" lang="en">  <head>   <title>503 Service Not Available</title>  </head>  <body>   <h1>503 Service Not Available</h1>  </body> </html> [00;33m{{(pid=2724734) _check_rest_api_response /opt/stack/cinder/cinder/volume/drivers/hitachi/hbsd_rest_api.py:481}}[00m
2026-10-06 20:12:22.519 2724734 DEBUG cinder.volume.drivers.hitachi.hbsd_rest_api [req-e420e365-28f2-4585-8e2b-be9ec35825b2 - - - - - -] ERROR <?xml version="1.0" encoding="iso-8859-1"?> <!DOCTYPE html PUBLIC "-//W3C//DTD XHTML 1.0 Transitional//EN"          "http://www.w3.org/TR/xhtml1/DTD/xhtml1-transitional.dtd"> <html xmlns="http://www.w3.org/1999/xhtml" xml:lang="en" lang="en">  <head>   <title>503 Service Not Available</title>  </head>  <body>   <h1>503 Service Not Available</h1>  </body> </html> [00;33m{{(pid=2724734) _check_rest_api_response /opt/stack/cinder/cinder/volume/drivers/hitachi/hbsd_rest_api.py:481}}[00m
2026-10-06 20:12:27.543 2724734 DEBUG cinder.volume.drivers.hitachi.hbsd_rest_api [req-e420e365-28f2-4585-8e2b-be9ec35825b2 - - - - - -] ERROR <?xml version="1.0" encoding="iso-8859-1"?> <!DOCTYPE html PUBLIC "-//W3C//DTD XHTML 1.0 Transitional//EN"          "http://www.w3.org/TR/xhtml1/DTD/xhtml1-transitional.dtd"> <html xmlns="http://www.w3.org/1999/xhtml" xml:lang="en" lang="en">  <head>   <title>503 Service Not Available</title>  </head>  <body>   <h1>503 Service Not Available</h1>  </body> </html> [00;33m{{(pid=2724734) _check_rest_api_response /opt/stack/cinder/cinder/volume/drivers/hitachi/hbsd_rest_api.py:481}}[00m
2026-10-06 20:12:32.510 2724734 DEBUG cinder.volume.drivers.hitachi.hbsd_rest_api [req-e420e365-28f2-4585-8e2b-be9ec35825b2 - - - - - -] ERROR <?xml version="1.0" encoding="iso-8859-1"?> <!DOCTYPE html PUBLIC "-//W3C//DTD XHTML 1.0 Transitional//EN"          "http://www.w3.org/TR/xhtml1/DTD/xhtml1-transitional.dtd"> <html xmlns="http://www.w3.org/1999/xhtml" xml:lang="en" lang="en">  <head>   <title>503 Service Not Available</title>  </head>  <body>   <h1>503 Service Not Available</h1>  </body> </html> [00;33m{{(pid=2724734) _check_rest_api_response /opt/stack/cinder/cinder/volume/drivers/hitachi/hbsd_rest_api.py:481}}[00m
2026-10-06 20:12:37.506 2724734 DEBUG cinder.volume.drivers.hitachi.hbsd_rest_api [req-e420e365-28f2-4585-8e2b-be9ec35825b2 - - - - - -] ERROR <?xml version="1.0" encoding="iso-8859-1"?> <!DOCTYPE html PUBLIC "-//W3C//DTD XHTML 1.0 Transitional//EN"          "http://www.w3.org/TR/xhtml1/DTD/xhtml1-transitional.dtd"> <html xmlns="http://www.w3.org/1999/xhtml" xml:lang="en" lang="en">  <head>   <title>503 Service Not Available</title>  </head>  <body>   <h1>503 Service Not Available</h1>  </body> </html> [00;33m{{(pid=2724734) _check_rest_api_response /opt/stack/cinder/cinder/volume/drivers/hitachi/hbsd_rest_api.py:481}}[00m
2026-10-06 20:12:42.510 2724734 DEBUG cinder.volume.drivers.hitachi.hbsd_rest_api [req-e420e365-28f2-4585-8e2b-be9ec35825b2 - - - - - -] ERROR <?xml version="1.0" encoding="iso-8859-1"?> <!DOCTYPE html PUBLIC "-//W3C//DTD XHTML 1.0 Transitional//EN"          "http://www.w3.org/TR/xhtml1/DTD/xhtml1-transitional.dtd"> <html xmlns="http://www.w3.org/1999/xhtml" xml:lang="en" lang="en">  <head>   <title>503 Service Not Available</title>  </head>  <body>   <h1>503 Service Not Available</h1>  </body> </html> [00;33m{{(pid=2724734) _check_rest_api_response /opt/stack/cinder/cinder/volume/drivers/hitachi/hbsd_rest_api.py:481}}[00m
2026-10-06 20:12:47.514 2724734 DEBUG cinder.volume.drivers.hitachi.hbsd_rest_api [req-e420e365-28f2-4585-8e2b-be9ec35825b2 - - - - - -] ERROR <?xml version="1.0" encoding="iso-8859-1"?> <!DOCTYPE html PUBLIC "-//W3C//DTD XHTML 1.0 Transitional//EN"          "http://www.w3.org/TR/xhtml1/DTD/xhtml1-transitional.dtd"> <html xmlns="http://www.w3.org/1999/xhtml" xml:lang="en" lang="en">  <head>   <title>503 Service Not Available</title>  </head>  <body>   <h1>503 Service Not Available</h1>  </body> </html> [00;33m{{(pid=2724734) _check_rest_api_response /opt/stack/cinder/cinder/volume/drivers/hitachi/hbsd_rest_api.py:481}}[00m
2026-10-06 20:12:52.514 2724734 DEBUG cinder.volume.drivers.hitachi.hbsd_rest_api [req-e420e365-28f2-4585-8e2b-be9ec35825b2 - - - - - -] ERROR <?xml version="1.0" encoding="iso-8859-1"?> <!DOCTYPE html PUBLIC "-//W3C//DTD XHTML 1.0 Transitional//EN"          "http://www.w3.org/TR/xhtml1/DTD/xhtml1-transitional.dtd"> <html xmlns="http://www.w3.org/1999/xhtml" xml:lang="en" lang="en">  <head>   <title>503 Service Not Available</title>  </head>  <body>   <h1>503 Service Not Available</h1>  </body> </html> [00;33m{{(pid=2724734) _check_rest_api_response /opt/stack/cinder/cinder/volume/drivers/hitachi/hbsd_rest_api.py:481}}[00m
2026-10-06 20:12:57.513 2724734 DEBUG cinder.volume.drivers.hitachi.hbsd_rest_api [req-e420e365-28f2-4585-8e2b-be9ec35825b2 - - - - - -] ERROR <?xml version="1.0" encoding="iso-8859-1"?> <!DOCTYPE html PUBLIC "-//W3C//DTD XHTML 1.0 Transitional//EN"          "http://www.w3.org/TR/xhtml1/DTD/xhtml1-transitional.dtd"> <html xmlns="http://www.w3.org/1999/xhtml" xml:lang="en" lang="en">  <head>   <title>503 Service Not Available</title>  </head>  <body>   <h1>503 Service Not Available</h1>  </body> </html> [00;33m{{(pid=2724734) _check_rest_api_response /opt/stack/cinder/cinder/volume/drivers/hitachi/hbsd_rest_api.py:481}}[00m
2026-10-06 20:13:02.539 2724734 DEBUG cinder.volume.drivers.hitachi.hbsd_rest_api [req-e420e365-28f2-4585-8e2b-be9ec35825b2 - - - - - -] ERROR <?xml version="1.0" encoding="iso-8859-1"?> <!DOCTYPE html PUBLIC "-//W3C//DTD XHTML 1.0 Transitional//EN"          "http://www.w3.org/TR/xhtml1/DTD/xhtml1-transitional.dtd"> <html xmlns="http://www.w3.org/1999/xhtml" xml:lang="en" lang="en">  <head>   <title>503 Service Not Available</title>  </head>  <body>   <h1>503 Service Not Available</h1>  </body> </html> [00;33m{{(pid=2724734) _check_rest_api_response /opt/stack/cinder/cinder/volume/drivers/hitachi/hbsd_rest_api.py:481}}[00m
2026-10-06 20:13:07.517 2724734 DEBUG cinder.volume.drivers.hitachi.hbsd_rest_api [req-e420e365-28f2-4585-8e2b-be9ec35825b2 - - - - - -] ERROR <?xml version="1.0" encoding="iso-8859-1"?> <!DOCTYPE html PUBLIC "-//W3C//DTD XHTML 1.0 Transitional//EN"          "http://www.w3.org/TR/xhtml1/DTD/xhtml1-transitional.dtd"> <html xmlns="http://www.w3.org/1999/xhtml" xml:lang="en" lang="en">  <head>   <title>503 Service Not Available</title>  </head>  <body>   <h1>503 Service Not Available</h1>  </body> </html> [00;33m{{(pid=2724734) _check_rest_api_response /opt/stack/cinder/cinder/volume/drivers/hitachi/hbsd_rest_api.py:481}}[00m
2026-10-06 20:13:12.560 2724734 DEBUG cinder.volume.drivers.hitachi.hbsd_rest_api [req-e420e365-28f2-4585-8e2b-be9ec35825b2 - - - - - -] ERROR <?xml version="1.0" encoding="iso-8859-1"?> <!DOCTYPE html PUBLIC "-//W3C//DTD XHTML 1.0 Transitional//EN"          "http://www.w3.org/TR/xhtml1/DTD/xhtml1-transitional.dtd"> <html xmlns="http://www.w3.org/1999/xhtml" xml:lang="en" lang="en">  <head>   <title>503 Service Not Available</title>  </head>  <body>   <h1>503 Service Not Available</h1>  </body> </html> [00;33m{{(pid=2724734) _check_rest_api_response /opt/stack/cinder/cinder/volume/drivers/hitachi/hbsd_rest_api.py:481}}[00m
2026-10-06 20:13:17.522 2724734 DEBUG cinder.volume.drivers.hitachi.hbsd_rest_api [req-e420e365-28f2-4585-8e2b-be9ec35825b2 - - - - - -] ERROR <?xml version="1.0" encoding="iso-8859-1"?> <!DOCTYPE html PUBLIC "-//W3C//DTD XHTML 1.0 Transitional//EN"          "http://www.w3.org/TR/xhtml1/DTD/xhtml1-transitional.dtd"> <html xmlns="http://www.w3.org/1999/xhtml" xml:lang="en" lang="en">  <head>   <title>503 Service Not Available</title>  </head>  <body>   <h1>503 Service Not Available</h1>  </body> </html> [00;33m{{(pid=2724734) _check_rest_api_response /opt/stack/cinder/cinder/volume/drivers/hitachi/hbsd_rest_api.py:481}}[00m
2026-10-06 20:13:22.561 2724734 DEBUG cinder.volume.drivers.hitachi.hbsd_rest_api [req-e420e365-28f2-4585-8e2b-be9ec35825b2 - - - - - -] ERROR <?xml version="1.0" encoding="iso-8859-1"?> <!DOCTYPE html PUBLIC "-//W3C//DTD XHTML 1.0 Transitional//EN"          "http://www.w3.org/TR/xhtml1/DTD/xhtml1-transitional.dtd"> <html xmlns="http://www.w3.org/1999/xhtml" xml:lang="en" lang="en">  <head>   <title>503 Service Not Available</title>  </head>  <body>   <h1>503 Service Not Available</h1>  </body> </html> [00;33m{{(pid=2724734) _check_rest_api_response /opt/stack/cinder/cinder/volume/drivers/hitachi/hbsd_rest_api.py:481}}[00m
2026-10-06 20:13:27.531 2724734 DEBUG cinder.volume.drivers.hitachi.hbsd_rest_api [req-e420e365-28f2-4585-8e2b-be9ec35825b2 - - - - - -] ERROR <?xml version="1.0" encoding="iso-8859-1"?> <!DOCTYPE html PUBLIC "-//W3C//DTD XHTML 1.0 Transitional//EN"          "http://www.w3.org/TR/xhtml1/DTD/xhtml1-transitional.dtd"> <html xmlns="http://www.w3.org/1999/xhtml" xml:lang="en" lang="en">  <head>   <title>503 Service Not Available</title>  </head>  <body>   <h1>503 Service Not Available</h1>  </body> </html> [00;33m{{(pid=2724734) _check_rest_api_response /opt/stack/cinder/cinder/volume/drivers/hitachi/hbsd_rest_api.py:481}}[00m
2026-10-06 20:13:32.531 2724734 DEBUG cinder.volume.drivers.hitachi.hbsd_rest_api [req-e420e365-28f2-4585-8e2b-be9ec35825b2 - - - - - -] ERROR <?xml version="1.0" encoding="iso-8859-1"?> <!DOCTYPE html PUBLIC "-//W3C//DTD XHTML 1.0 Transitional//EN"          "http://www.w3.org/TR/xhtml1/DTD/xhtml1-transitional.dtd"> <html xmlns="http://www.w3.org/1999/xhtml" xml:lang="en" lang="en">  <head>   <title>503 Service Not Available</title>  </head>  <body>   <h1>503 Service Not Available</h1>  </body> </html> [00;33m{{(pid=2724734) _check_rest_api_response /opt/stack/cinder/cinder/volume/drivers/hitachi/hbsd_rest_api.py:481}}[00m
2026-10-06 20:13:37.524 2724734 DEBUG cinder.volume.drivers.hitachi.hbsd_rest_api [req-e420e365-28f2-4585-8e2b-be9ec35825b2 - - - - - -] ERROR <?xml version="1.0" encoding="iso-8859-1"?> <!DOCTYPE html PUBLIC "-//W3C//DTD XHTML 1.0 Transitional//EN"          "http://www.w3.org/TR/xhtml1/DTD/xhtml1-transitional.dtd"> <html xmlns="http://www.w3.org/1999/xhtml" xml:lang="en" lang="en">  <head>   <title>503 Service Not Available</title>  </head>  <body>   <h1>503 Service Not Available</h1>  </body> </html> [00;33m{{(pid=2724734) _check_rest_api_response /opt/stack/cinder/cinder/volume/drivers/hitachi/hbsd_rest_api.py:481}}[00m
2026-10-06 20:13:42.529 2724734 DEBUG cinder.volume.drivers.hitachi.hbsd_rest_api [req-e420e365-28f2-4585-8e2b-be9ec35825b2 - - - - - -] ERROR <?xml version="1.0" encoding="iso-8859-1"?> <!DOCTYPE html PUBLIC "-//W3C//DTD XHTML 1.0 Transitional//EN"          "http://www.w3.org/TR/xhtml1/DTD/xhtml1-transitional.dtd"> <html xmlns="http://www.w3.org/1999/xhtml" xml:lang="en" lang="en">  <head>   <title>503 Service Not Available</title>  </head>  <body>   <h1>503 Service Not Available</h1>  </body> </html> [00;33m{{(pid=2724734) _check_rest_api_response /opt/stack/cinder/cinder/volume/drivers/hitachi/hbsd_rest_api.py:481}}[00m
2026-10-06 20:13:47.525 2724734 DEBUG cinder.volume.drivers.hitachi.hbsd_rest_api [req-e420e365-28f2-4585-8e2b-be9ec35825b2 - - - - - -] ERROR <?xml version="1.0" encoding="iso-8859-1"?> <!DOCTYPE html PUBLIC "-//W3C//DTD XHTML 1.0 Transitional//EN"          "http://www.w3.org/TR/xhtml1/DTD/xhtml1-transitional.dtd"> <html xmlns="http://www.w3.org/1999/xhtml" xml:lang="en" lang="en">  <head>   <title>503 Service Not Available</title>  </head>  <body>   <h1>503 Service Not Available</h1>  </body> </html> [00;33m{{(pid=2724734) _check_rest_api_response /opt/stack/cinder/cinder/volume/drivers/hitachi/hbsd_rest_api.py:481}}[00m
2026-10-06 20:13:52.531 2724734 DEBUG cinder.volume.drivers.hitachi.hbsd_rest_api [req-e420e365-28f2-4585-8e2b-be9ec35825b2 - - - - - -] ERROR <?xml version="1.0" encoding="iso-8859-1"?> <!DOCTYPE html PUBLIC "-//W3C//DTD XHTML 1.0 Transitional//EN"          "http://www.w3.org/TR/xhtml1/DTD/xhtml1-transitional.dtd"> <html xmlns="http://www.w3.org/1999/xhtml" xml:lang="en" lang="en">  <head>   <title>503 Service Not Available</title>  </head>  <body>   <h1>503 Service Not Available</h1>  </body> </html> [00;33m{{(pid=2724734) _check_rest_api_response /opt/stack/cinder/cinder/volume/drivers/hitachi/hbsd_rest_api.py:481}}[00m
2026-10-06 20:13:57.543 2724734 DEBUG cinder.volume.drivers.hitachi.hbsd_rest_api [req-e420e365-28f2-4585-8e2b-be9ec35825b2 - - - - - -] ERROR <?xml version="1.0" encoding="iso-8859-1"?> <!DOCTYPE html PUBLIC "-//W3C//DTD XHTML 1.0 Transitional//EN"          "http://www.w3.org/TR/xhtml1/DTD/xhtml1-transitional.dtd"> <html xmlns="http://www.w3.org/1999/xhtml" xml:lang="en" lang="en">  <head>   <title>503 Service Not Available</title>  </head>  <body>   <h1>503 Service Not Available</h1>  </body> </html> [00;33m{{(pid=2724734) _check_rest_api_response /opt/stack/cinder/cinder/volume/drivers/hitachi/hbsd_rest_api.py:481}}[00m
2026-10-06 20:14:02.563 2724734 DEBUG cinder.volume.drivers.hitachi.hbsd_rest_api [req-e420e365-28f2-4585-8e2b-be9ec35825b2 - - - - - -] ERROR <?xml version="1.0" encoding="iso-8859-1"?> <!DOCTYPE html PUBLIC "-//W3C//DTD XHTML 1.0 Transitional//EN"          "http://www.w3.org/TR/xhtml1/DTD/xhtml1-transitional.dtd"> <html xmlns="http://www.w3.org/1999/xhtml" xml:lang="en" lang="en">  <head>   <title>503 Service Not Available</title>  </head>  <body>   <h1>503 Service Not Available</h1>  </body> </html> [00;33m{{(pid=2724734) _check_rest_api_response /opt/stack/cinder/cinder/volume/drivers/hitachi/hbsd_rest_api.py:481}}[00m
2026-10-06 20:14:07.537 2724734 DEBUG cinder.volume.drivers.hitachi.hbsd_rest_api [req-e420e365-28f2-4585-8e2b-be9ec35825b2 - - - - - -] ERROR <?xml version="1.0" encoding="iso-8859-1"?> <!DOCTYPE html PUBLIC "-//W3C//DTD XHTML 1.0 Transitional//EN"          "http://www.w3.org/TR/xhtml1/DTD/xhtml1-transitional.dtd"> <html xmlns="http://www.w3.org/1999/xhtml" xml:lang="en" lang="en">  <head>   <title>503 Service Not Available</title>  </head>  <body>   <h1>503 Service Not Available</h1>  </body> </html> [00;33m{{(pid=2724734) _check_rest_api_response /opt/stack/cinder/cinder/volume/drivers/hitachi/hbsd_rest_api.py:481}}[00m
2026-10-06 20:14:12.532 2724734 DEBUG cinder.volume.drivers.hitachi.hbsd_rest_api [req-e420e365-28f2-4585-8e2b-be9ec35825b2 - - - - - -] ERROR <?xml version="1.0" encoding="iso-8859-1"?> <!DOCTYPE html PUBLIC "-//W3C//DTD XHTML 1.0 Transitional//EN"          "http://www.w3.org/TR/xhtml1/DTD/xhtml1-transitional.dtd"> <html xmlns="http://www.w3.org/1999/xhtml" xml:lang="en" lang="en">  <head>   <title>503 Service Not Available</title>  </head>  <body>   <h1>503 Service Not Available</h1>  </body> </html> [00;33m{{(pid=2724734) _check_rest_api_response /opt/stack/cinder/cinder/volume/drivers/hitachi/hbsd_rest_api.py:481}}[00m
2026-10-06 20:14:17.562 2724734 DEBUG cinder.volume.drivers.hitachi.hbsd_rest_api [req-e420e365-28f2-4585-8e2b-be9ec35825b2 - - - - - -] ERROR <?xml version="1.0" encoding="iso-8859-1"?> <!DOCTYPE html PUBLIC "-//W3C//DTD XHTML 1.0 Transitional//EN"          "http://www.w3.org/TR/xhtml1/DTD/xhtml1-transitional.dtd"> <html xmlns="http://www.w3.org/1999/xhtml" xml:lang="en" lang="en">  <head>   <title>503 Service Not Available</title>  </head>  <body>   <h1>503 Service Not Available</h1>  </body> </html> [00;33m{{(pid=2724734) _check_rest_api_response /opt/stack/cinder/cinder/volume/drivers/hitachi/hbsd_rest_api.py:481}}[00m
2026-10-06 20:14:22.598 2724734 DEBUG cinder.volume.drivers.hitachi.hbsd_rest_api [req-e420e365-28f2-4585-8e2b-be9ec35825b2 - - - - - -] ERROR <?xml version="1.0" encoding="iso-8859-1"?> <!DOCTYPE html PUBLIC "-//W3C//DTD XHTML 1.0 Transitional//EN"          "http://www.w3.org/TR/xhtml1/DTD/xhtml1-transitional.dtd"> <html xmlns="http://www.w3.org/1999/xhtml" xml:lang="en" lang="en">  <head>   <title>503 Service Not Available</title>  </head>  <body>   <h1>503 Service Not Available</h1>  </body> </html> [00;33m{{(pid=2724734) _check_rest_api_response /opt/stack/cinder/cinder/volume/drivers/hitachi/hbsd_rest_api.py:481}}[00m
2026-10-06 20:14:27.534 2724734 DEBUG cinder.volume.drivers.hitachi.hbsd_rest_api [req-e420e365-28f2-4585-8e2b-be9ec35825b2 - - - - - -] ERROR <?xml version="1.0" encoding="iso-8859-1"?> <!DOCTYPE html PUBLIC "-//W3C//DTD XHTML 1.0 Transitional//EN"          "http://www.w3.org/TR/xhtml1/DTD/xhtml1-transitional.dtd"> <html xmlns="http://www.w3.org/1999/xhtml" xml:lang="en" lang="en">  <head>   <title>503 Service Not Available</title>  </head>  <body>   <h1>503 Service Not Available</h1>  </body> </html> [00;33m{{(pid=2724734) _check_rest_api_response /opt/stack/cinder/cinder/volume/drivers/hitachi/hbsd_rest_api.py:481}}[00m
2026-10-06 20:14:32.540 2724734 DEBUG cinder.volume.drivers.hitachi.hbsd_rest_api [req-e420e365-28f2-4585-8e2b-be9ec35825b2 - - - - - -] ERROR <?xml version="1.0" encoding="iso-8859-1"?> <!DOCTYPE html PUBLIC "-//W3C//DTD XHTML 1.0 Transitional//EN"          "http://www.w3.org/TR/xhtml1/DTD/xhtml1-transitional.dtd"> <html xmlns="http://www.w3.org/1999/xhtml" xml:lang="en" lang="en">  <head>   <title>503 Service Not Available</title>  </head>  <body>   <h1>503 Service Not Available</h1>  </body> </html> [00;33m{{(pid=2724734) _check_rest_api_response /opt/stack/cinder/cinder/volume/drivers/hitachi/hbsd_rest_api.py:481}}[00m
2026-10-06 20:14:37.541 2724734 DEBUG cinder.volume.drivers.hitachi.hbsd_rest_api [req-e420e365-28f2-4585-8e2b-be9ec35825b2 - - - - - -] ERROR <?xml version="1.0" encoding="iso-8859-1"?> <!DOCTYPE html PUBLIC "-//W3C//DTD XHTML 1.0 Transitional//EN"          "http://www.w3.org/TR/xhtml1/DTD/xhtml1-transitional.dtd"> <html xmlns="http://www.w3.org/1999/xhtml" xml:lang="en" lang="en">  <head>   <title>503 Service Not Available</title>  </head>  <body>   <h1>503 Service Not Available</h1>  </body> </html> [00;33m{{(pid=2724734) _check_rest_api_response /opt/stack/cinder/cinder/volume/drivers/hitachi/hbsd_rest_api.py:481}}[00m
2026-10-06 20:14:42.539 2724734 DEBUG cinder.volume.drivers.hitachi.hbsd_rest_api [req-e420e365-28f2-4585-8e2b-be9ec35825b2 - - - - - -] ERROR <?xml version="1.0" encoding="iso-8859-1"?> <!DOCTYPE html PUBLIC "-//W3C//DTD XHTML 1.0 Transitional//EN"          "http://www.w3.org/TR/xhtml1/DTD/xhtml1-transitional.dtd"> <html xmlns="http://www.w3.org/1999/xhtml" xml:lang="en" lang="en">  <head>   <title>503 Service Not Available</title>  </head>  <body>   <h1>503 Service Not Available</h1>  </body> </html> [00;33m{{(pid=2724734) _check_rest_api_response /opt/stack/cinder/cinder/volume/drivers/hitachi/hbsd_rest_api.py:481}}[00m
2026-10-06 20:14:47.550 2724734 DEBUG cinder.volume.drivers.hitachi.hbsd_rest_api [req-e420e365-28f2-4585-8e2b-be9ec35825b2 - - - - - -] ERROR <?xml version="1.0" encoding="iso-8859-1"?> <!DOCTYPE html PUBLIC "-//W3C//DTD XHTML 1.0 Transitional//EN"          "http://www.w3.org/TR/xhtml1/DTD/xhtml1-transitional.dtd"> <html xmlns="http://www.w3.org/1999/xhtml" xml:lang="en" lang="en">  <head>   <title>503 Service Not Available</title>  </head>  <body>   <h1>503 Service Not Available</h1>  </body> </html> [00;33m{{(pid=2724734) _check_rest_api_response /opt/stack/cinder/cinder/volume/drivers/hitachi/hbsd_rest_api.py:481}}[00m
2026-10-06 20:14:52.541 2724734 DEBUG cinder.volume.drivers.hitachi.hbsd_rest_api [req-e420e365-28f2-4585-8e2b-be9ec35825b2 - - - - - -] ERROR <?xml version="1.0" encoding="iso-8859-1"?> <!DOCTYPE html PUBLIC "-//W3C//DTD XHTML 1.0 Transitional//EN"          "http://www.w3.org/TR/xhtml1/DTD/xhtml1-transitional.dtd"> <html xmlns="http://www.w3.org/1999/xhtml" xml:lang="en" lang="en">  <head>   <title>503 Service Not Available</title>  </head>  <body>   <h1>503 Service Not Available</h1>  </body> </html> [00;33m{{(pid=2724734) _check_rest_api_response /opt/stack/cinder/cinder/volume/drivers/hitachi/hbsd_rest_api.py:481}}[00m
2026-10-06 20:14:57.543 2724734 DEBUG cinder.volume.drivers.hitachi.hbsd_rest_api [req-e420e365-28f2-4585-8e2b-be9ec35825b2 - - - - - -] ERROR <?xml version="1.0" encoding="iso-8859-1"?> <!DOCTYPE html PUBLIC "-//W3C//DTD XHTML 1.0 Transitional//EN"          "http://www.w3.org/TR/xhtml1/DTD/xhtml1-transitional.dtd"> <html xmlns="http://www.w3.org/1999/xhtml" xml:lang="en" lang="en">  <head>   <title>503 Service Not Available</title>  </head>  <body>   <h1>503 Service Not Available</h1>  </body> </html> [00;33m{{(pid=2724734) _check_rest_api_response /opt/stack/cinder/cinder/volume/drivers/hitachi/hbsd_rest_api.py:481}}[00m
2026-10-06 20:15:02.543 2724734 DEBUG cinder.volume.drivers.hitachi.hbsd_rest_api [req-e420e365-28f2-4585-8e2b-be9ec35825b2 - - - - - -] ERROR <?xml version="1.0" encoding="iso-8859-1"?> <!DOCTYPE html PUBLIC "-//W3C//DTD XHTML 1.0 Transitional//EN"          "http://www.w3.org/TR/xhtml1/DTD/xhtml1-transitional.dtd"> <html xmlns="http://www.w3.org/1999/xhtml" xml:lang="en" lang="en">  <head>   <title>503 Service Not Available</title>  </head>  <body>   <h1>503 Service Not Available</h1>  </body> </html> [00;33m{{(pid=2724734) _check_rest_api_response /opt/stack/cinder/cinder/volume/drivers/hitachi/hbsd_rest_api.py:481}}[00m
2026-10-06 20:15:07.542 2724734 DEBUG cinder.volume.drivers.hitachi.hbsd_rest_api [req-e420e365-28f2-4585-8e2b-be9ec35825b2 - - - - - -] ERROR <?xml version="1.0" encoding="iso-8859-1"?> <!DOCTYPE html PUBLIC "-//W3C//DTD XHTML 1.0 Transitional//EN"          "http://www.w3.org/TR/xhtml1/DTD/xhtml1-transitional.dtd"> <html xmlns="http://www.w3.org/1999/xhtml" xml:lang="en" lang="en">  <head>   <title>503 Service Not Available</title>  </head>  <body>   <h1>503 Service Not Available</h1>  </body> </html> [00;33m{{(pid=2724734) _check_rest_api_response /opt/stack/cinder/cinder/volume/drivers/hitachi/hbsd_rest_api.py:481}}[00m
2026-10-06 20:15:12.545 2724734 DEBUG cinder.volume.drivers.hitachi.hbsd_rest_api [req-e420e365-28f2-4585-8e2b-be9ec35825b2 - - - - - -] ERROR <?xml version="1.0" encoding="iso-8859-1"?> <!DOCTYPE html PUBLIC "-//W3C//DTD XHTML 1.0 Transitional//EN"          "http://www.w3.org/TR/xhtml1/DTD/xhtml1-transitional.dtd"> <html xmlns="http://www.w3.org/1999/xhtml" xml:lang="en" lang="en">  <head>   <title>503 Service Not Available</title>  </head>  <body>   <h1>503 Service Not Available</h1>  </body> </html> [00;33m{{(pid=2724734) _check_rest_api_response /opt/stack/cinder/cinder/volume/drivers/hitachi/hbsd_rest_api.py:481}}[00m
2026-10-06 20:15:17.564 2724734 DEBUG cinder.volume.drivers.hitachi.hbsd_rest_api [req-e420e365-28f2-4585-8e2b-be9ec35825b2 - - - - - -] ERROR <?xml version="1.0" encoding="iso-8859-1"?> <!DOCTYPE html PUBLIC "-//W3C//DTD XHTML 1.0 Transitional//EN"          "http://www.w3.org/TR/xhtml1/DTD/xhtml1-transitional.dtd"> <html xmlns="http://www.w3.org/1999/xhtml" xml:lang="en" lang="en">  <head>   <title>503 Service Not Available</title>  </head>  <body>   <h1>503 Service Not Available</h1>  </body> </html> [00;33m{{(pid=2724734) _check_rest_api_response /opt/stack/cinder/cinder/volume/drivers/hitachi/hbsd_rest_api.py:481}}[00m
2026-10-06 20:15:22.555 2724734 DEBUG cinder.volume.drivers.hitachi.hbsd_rest_api [req-e420e365-28f2-4585-8e2b-be9ec35825b2 - - - - - -] ERROR <?xml version="1.0" encoding="iso-8859-1"?> <!DOCTYPE html PUBLIC "-//W3C//DTD XHTML 1.0 Transitional//EN"          "http://www.w3.org/TR/xhtml1/DTD/xhtml1-transitional.dtd"> <html xmlns="http://www.w3.org/1999/xhtml" xml:lang="en" lang="en">  <head>   <title>503 Service Not Available</title>  </head>  <body>   <h1>503 Service Not Available</h1>  </body> </html> [00;33m{{(pid=2724734) _check_rest_api_response /opt/stack/cinder/cinder/volume/drivers/hitachi/hbsd_rest_api.py:481}}[00m
2026-10-06 20:15:27.549 2724734 DEBUG cinder.volume.drivers.hitachi.hbsd_rest_api [req-e420e365-28f2-4585-8e2b-be9ec35825b2 - - - - - -] ERROR <?xml version="1.0" encoding="iso-8859-1"?> <!DOCTYPE html PUBLIC "-//W3C//DTD XHTML 1.0 Transitional//EN"          "http://www.w3.org/TR/xhtml1/DTD/xhtml1-transitional.dtd"> <html xmlns="http://www.w3.org/1999/xhtml" xml:lang="en" lang="en">  <head>   <title>503 Service Not Available</title>  </head>  <body>   <h1>503 Service Not Available</h1>  </body> </html> [00;33m{{(pid=2724734) _check_rest_api_response /opt/stack/cinder/cinder/volume/drivers/hitachi/hbsd_rest_api.py:481}}[00m
2026-10-06 20:15:32.553 2724734 DEBUG cinder.volume.drivers.hitachi.hbsd_rest_api [req-e420e365-28f2-4585-8e2b-be9ec35825b2 - - - - - -] ERROR <?xml version="1.0" encoding="iso-8859-1"?> <!DOCTYPE html PUBLIC "-//W3C//DTD XHTML 1.0 Transitional//EN"          "http://www.w3.org/TR/xhtml1/DTD/xhtml1-transitional.dtd"> <html xmlns="http://www.w3.org/1999/xhtml" xml:lang="en" lang="en">  <head>   <title>503 Service Not Available</title>  </head>  <body>   <h1>503 Service Not Available</h1>  </body> </html> [00;33m{{(pid=2724734) _check_rest_api_response /opt/stack/cinder/cinder/volume/drivers/hitachi/hbsd_rest_api.py:481}}[00m
2026-10-06 20:15:37.551 2724734 DEBUG cinder.volume.drivers.hitachi.hbsd_rest_api [req-e420e365-28f2-4585-8e2b-be9ec35825b2 - - - - - -] ERROR <?xml version="1.0" encoding="iso-8859-1"?> <!DOCTYPE html PUBLIC "-//W3C//DTD XHTML 1.0 Transitional//EN"          "http://www.w3.org/TR/xhtml1/DTD/xhtml1-transitional.dtd"> <html xmlns="http://www.w3.org/1999/xhtml" xml:lang="en" lang="en">  <head>   <title>503 Service Not Available</title>  </head>  <body>   <h1>503 Service Not Available</h1>  </body> </html> [00;33m{{(pid=2724734) _check_rest_api_response /opt/stack/cinder/cinder/volume/drivers/hitachi/hbsd_rest_api.py:481}}[00m
2026-10-06 20:15:42.552 2724734 DEBUG cinder.volume.drivers.hitachi.hbsd_rest_api [req-e420e365-28f2-4585-8e2b-be9ec35825b2 - - - - - -] ERROR <?xml version="1.0" encoding="iso-8859-1"?> <!DOCTYPE html PUBLIC "-//W3C//DTD XHTML 1.0 Transitional//EN"          "http://www.w3.org/TR/xhtml1/DTD/xhtml1-transitional.dtd"> <html xmlns="http://www.w3.org/1999/xhtml" xml:lang="en" lang="en">  <head>   <title>503 Service Not Available</title>  </head>  <body>   <h1>503 Service Not Available</h1>  </body> </html> [00;33m{{(pid=2724734) _check_rest_api_response /opt/stack/cinder/cinder/volume/drivers/hitachi/hbsd_rest_api.py:481}}[00m
2026-10-06 20:15:47.553 2724734 DEBUG cinder.volume.drivers.hitachi.hbsd_rest_api [req-e420e365-28f2-4585-8e2b-be9ec35825b2 - - - - - -] ERROR <?xml version="1.0" encoding="iso-8859-1"?> <!DOCTYPE html PUBLIC "-//W3C//DTD XHTML 1.0 Transitional//EN"          "http://www.w3.org/TR/xhtml1/DTD/xhtml1-transitional.dtd"> <html xmlns="http://www.w3.org/1999/xhtml" xml:lang="en" lang="en">  <head>   <title>503 Service Not Available</title>  </head>  <body>   <h1>503 Service Not Available</h1>  </body> </html> [00;33m{{(pid=2724734) _check_rest_api_response /opt/stack/cinder/cinder/volume/drivers/hitachi/hbsd_rest_api.py:481}}[00m
2026-10-06 20:15:52.562 2724734 DEBUG cinder.volume.drivers.hitachi.hbsd_rest_api [req-e420e365-28f2-4585-8e2b-be9ec35825b2 - - - - - -] ERROR <?xml version="1.0" encoding="iso-8859-1"?> <!DOCTYPE html PUBLIC "-//W3C//DTD XHTML 1.0 Transitional//EN"          "http://www.w3.org/TR/xhtml1/DTD/xhtml1-transitional.dtd"> <html xmlns="http://www.w3.org/1999/xhtml" xml:lang="en" lang="en">  <head>   <title>503 Service Not Available</title>  </head>  <body>   <h1>503 Service Not Available</h1>  </body> </html> [00;33m{{(pid=2724734) _check_rest_api_response /opt/stack/cinder/cinder/volume/drivers/hitachi/hbsd_rest_api.py:481}}[00m
2026-10-06 20:15:57.562 2724734 DEBUG cinder.volume.drivers.hitachi.hbsd_rest_api [req-e420e365-28f2-4585-8e2b-be9ec35825b2 - - - - - -] ERROR <?xml version="1.0" encoding="iso-8859-1"?> <!DOCTYPE html PUBLIC "-//W3C//DTD XHTML 1.0 Transitional//EN"          "http://www.w3.org/TR/xhtml1/DTD/xhtml1-transitional.dtd"> <html xmlns="http://www.w3.org/1999/xhtml" xml:lang="en" lang="en">  <head>   <title>503 Service Not Available</title>  </head>  <body>   <h1>503 Service Not Available</h1>  </body> </html> [00;33m{{(pid=2724734) _check_rest_api_response /opt/stack/cinder/cinder/volume/drivers/hitachi/hbsd_rest_api.py:481}}[00m
2026-10-06 20:16:02.560 2724734 DEBUG cinder.volume.drivers.hitachi.hbsd_rest_api [req-e420e365-28f2-4585-8e2b-be9ec35825b2 - - - - - -] ERROR <?xml version="1.0" encoding="iso-8859-1"?> <!DOCTYPE html PUBLIC "-//W3C//DTD XHTML 1.0 Transitional//EN"          "http://www.w3.org/TR/xhtml1/DTD/xhtml1-transitional.dtd"> <html xmlns="http://www.w3.org/1999/xhtml" xml:lang="en" lang="en">  <head>   <title>503 Service Not Available</title>  </head>  <body>   <h1>503 Service Not Available</h1>  </body> </html> [00;33m{{(pid=2724734) _check_rest_api_response /opt/stack/cinder/cinder/volume/drivers/hitachi/hbsd_rest_api.py:481}}[00m
2026-10-06 20:16:07.563 2724734 DEBUG cinder.volume.drivers.hitachi.hbsd_rest_api [req-e420e365-28f2-4585-8e2b-be9ec35825b2 - - - - - -] ERROR <?xml version="1.0" encoding="iso-8859-1"?> <!DOCTYPE html PUBLIC "-//W3C//DTD XHTML 1.0 Transitional//EN"          "http://www.w3.org/TR/xhtml1/DTD/xhtml1-transitional.dtd"> <html xmlns="http://www.w3.org/1999/xhtml" xml:lang="en" lang="en">  <head>   <title>503 Service Not Available</title>  </head>  <body>   <h1>503 Service Not Available</h1>  </body> </html> [00;33m{{(pid=2724734) _check_rest_api_response /opt/stack/cinder/cinder/volume/drivers/hitachi/hbsd_rest_api.py:481}}[00m
2026-10-06 20:16:12.564 2724734 DEBUG cinder.volume.drivers.hitachi.hbsd_rest_api [req-e420e365-28f2-4585-8e2b-be9ec35825b2 - - - - - -] ERROR <?xml version="1.0" encoding="iso-8859-1"?> <!DOCTYPE html PUBLIC "-//W3C//DTD XHTML 1.0 Transitional//EN"          "http://www.w3.org/TR/xhtml1/DTD/xhtml1-transitional.dtd"> <html xmlns="http://www.w3.org/1999/xhtml" xml:lang="en" lang="en">  <head>   <title>503 Service Not Available</title>  </head>  <body>   <h1>503 Service Not Available</h1>  </body> </html> [00;33m{{(pid=2724734) _check_rest_api_response /opt/stack/cinder/cinder/volume/drivers/hitachi/hbsd_rest_api.py:481}}[00m
2026-10-06 20:16:17.564 2724734 DEBUG cinder.volume.drivers.hitachi.hbsd_rest_api [req-e420e365-28f2-4585-8e2b-be9ec35825b2 - - - - - -] ERROR <?xml version="1.0" encoding="iso-8859-1"?> <!DOCTYPE html PUBLIC "-//W3C//DTD XHTML 1.0 Transitional//EN"          "http://www.w3.org/TR/xhtml1/DTD/xhtml1-transitional.dtd"> <html xmlns="http://www.w3.org/1999/xhtml" xml:lang="en" lang="en">  <head>   <title>503 Service Not Available</title>  </head>  <body>   <h1>503 Service Not Available</h1>  </body> </html> [00;33m{{(pid=2724734) _check_rest_api_response /opt/stack/cinder/cinder/volume/drivers/hitachi/hbsd_rest_api.py:481}}[00m
2026-10-06 20:16:22.569 2724734 DEBUG cinder.volume.drivers.hitachi.hbsd_rest_api [req-e420e365-28f2-4585-8e2b-be9ec35825b2 - - - - - -] ERROR <?xml version="1.0" encoding="iso-8859-1"?> <!DOCTYPE html PUBLIC "-//W3C//DTD XHTML 1.0 Transitional//EN"          "http://www.w3.org/TR/xhtml1/DTD/xhtml1-transitional.dtd"> <html xmlns="http://www.w3.org/1999/xhtml" xml:lang="en" lang="en">  <head>   <title>503 Service Not Available</title>  </head>  <body>   <h1>503 Service Not Available</h1>  </body> </html> [00;33m{{(pid=2724734) _check_rest_api_response /opt/stack/cinder/cinder/volume/drivers/hitachi/hbsd_rest_api.py:481}}[00m
2026-10-06 20:16:27.577 2724734 DEBUG cinder.volume.drivers.hitachi.hbsd_rest_api [req-e420e365-28f2-4585-8e2b-be9ec35825b2 - - - - - -] ERROR <?xml version="1.0" encoding="iso-8859-1"?> <!DOCTYPE html PUBLIC "-//W3C//DTD XHTML 1.0 Transitional//EN"          "http://www.w3.org/TR/xhtml1/DTD/xhtml1-transitional.dtd"> <html xmlns="http://www.w3.org/1999/xhtml" xml:lang="en" lang="en">  <head>   <title>503 Service Not Available</title>  </head>  <body>   <h1>503 Service Not Available</h1>  </body> </html> [00;33m{{(pid=2724734) _check_rest_api_response /opt/stack/cinder/cinder/volume/drivers/hitachi/hbsd_rest_api.py:481}}[00m
2026-10-06 20:16:32.564 2724734 DEBUG cinder.volume.drivers.hitachi.hbsd_rest_api [req-e420e365-28f2-4585-8e2b-be9ec35825b2 - - - - - -] ERROR <?xml version="1.0" encoding="iso-8859-1"?> <!DOCTYPE html PUBLIC "-//W3C//DTD XHTML 1.0 Transitional//EN"          "http://www.w3.org/TR/xhtml1/DTD/xhtml1-transitional.dtd"> <html xmlns="http://www.w3.org/1999/xhtml" xml:lang="en" lang="en">  <head>   <title>503 Service Not Available</title>  </head>  <body>   <h1>503 Service Not Available</h1>  </body> </html> [00;33m{{(pid=2724734) _check_rest_api_response /opt/stack/cinder/cinder/volume/drivers/hitachi/hbsd_rest_api.py:481}}[00m
2026-10-06 20:16:37.570 2724734 DEBUG cinder.volume.drivers.hitachi.hbsd_rest_api [req-e420e365-28f2-4585-8e2b-be9ec35825b2 - - - - - -] ERROR <?xml version="1.0" encoding="iso-8859-1"?> <!DOCTYPE html PUBLIC "-//W3C//DTD XHTML 1.0 Transitional//EN"          "http://www.w3.org/TR/xhtml1/DTD/xhtml1-transitional.dtd"> <html xmlns="http://www.w3.org/1999/xhtml" xml:lang="en" lang="en">  <head>   <title>503 Service Not Available</title>  </head>  <body>   <h1>503 Service Not Available</h1>  </body> </html> [00;33m{{(pid=2724734) _check_rest_api_response /opt/stack/cinder/cinder/volume/drivers/hitachi/hbsd_rest_api.py:481}}[00m
2026-10-06 20:16:42.594 2724734 DEBUG cinder.volume.drivers.hitachi.hbsd_rest_api [req-e420e365-28f2-4585-8e2b-be9ec35825b2 - - - - - -] ERROR <?xml version="1.0" encoding="iso-8859-1"?> <!DOCTYPE html PUBLIC "-//W3C//DTD XHTML 1.0 Transitional//EN"          "http://www.w3.org/TR/xhtml1/DTD/xhtml1-transitional.dtd"> <html xmlns="http://www.w3.org/1999/xhtml" xml:lang="en" lang="en">  <head>   <title>503 Service Not Available</title>  </head>  <body>   <h1>503 Service Not Available</h1>  </body> </html> [00;33m{{(pid=2724734) _check_rest_api_response /opt/stack/cinder/cinder/volume/drivers/hitachi/hbsd_rest_api.py:481}}[00m
2026-10-06 20:16:47.570 2724734 DEBUG cinder.volume.drivers.hitachi.hbsd_rest_api [req-e420e365-28f2-4585-8e2b-be9ec35825b2 - - - - - -] ERROR <?xml version="1.0" encoding="iso-8859-1"?> <!DOCTYPE html PUBLIC "-//W3C//DTD XHTML 1.0 Transitional//EN"          "http://www.w3.org/TR/xhtml1/DTD/xhtml1-transitional.dtd"> <html xmlns="http://www.w3.org/1999/xhtml" xml:lang="en" lang="en">  <head>   <title>503 Service Not Available</title>  </head>  <body>   <h1>503 Service Not Available</h1>  </body> </html> [00;33m{{(pid=2724734) _check_rest_api_response /opt/stack/cinder/cinder/volume/drivers/hitachi/hbsd_rest_api.py:481}}[00m
2026-10-06 20:16:52.632 2724734 DEBUG cinder.volume.drivers.hitachi.hbsd_rest_api [req-e420e365-28f2-4585-8e2b-be9ec35825b2 - - - - - -] ERROR <?xml version="1.0" encoding="iso-8859-1"?> <!DOCTYPE html PUBLIC "-//W3C//DTD XHTML 1.0 Transitional//EN"          "http://www.w3.org/TR/xhtml1/DTD/xhtml1-transitional.dtd"> <html xmlns="http://www.w3.org/1999/xhtml" xml:lang="en" lang="en">  <head>   <title>503 Service Not Available</title>  </head>  <body>   <h1>503 Service Not Available</h1>  </body> </html> [00;33m{{(pid=2724734) _check_rest_api_response /opt/stack/cinder/cinder/volume/drivers/hitachi/hbsd_rest_api.py:481}}[00m
2026-10-06 20:16:57.572 2724734 DEBUG cinder.volume.drivers.hitachi.hbsd_rest_api [req-e420e365-28f2-4585-8e2b-be9ec35825b2 - - - - - -] ERROR <?xml version="1.0" encoding="iso-8859-1"?> <!DOCTYPE html PUBLIC "-//W3C//DTD XHTML 1.0 Transitional//EN"          "http://www.w3.org/TR/xhtml1/DTD/xhtml1-transitional.dtd"> <html xmlns="http://www.w3.org/1999/xhtml" xml:lang="en" lang="en">  <head>   <title>503 Service Not Available</title>  </head>  <body>   <h1>503 Service Not Available</h1>  </body> </html> [00;33m{{(pid=2724734) _check_rest_api_response /opt/stack/cinder/cinder/volume/drivers/hitachi/hbsd_rest_api.py:481}}[00m
2026-10-06 20:17:02.574 2724734 DEBUG cinder.volume.drivers.hitachi.hbsd_rest_api [req-e420e365-28f2-4585-8e2b-be9ec35825b2 - - - - - -] ERROR <?xml version="1.0" encoding="iso-8859-1"?> <!DOCTYPE html PUBLIC "-//W3C//DTD XHTML 1.0 Transitional//EN"          "http://www.w3.org/TR/xhtml1/DTD/xhtml1-transitional.dtd"> <html xmlns="http://www.w3.org/1999/xhtml" xml:lang="en" lang="en">  <head>   <title>503 Service Not Available</title>  </head>  <body>   <h1>503 Service Not Available</h1>  </body> </html> [00;33m{{(pid=2724734) _check_rest_api_response /opt/stack/cinder/cinder/volume/drivers/hitachi/hbsd_rest_api.py:481}}[00m
2026-10-06 20:17:07.578 2724734 DEBUG cinder.volume.drivers.hitachi.hbsd_rest_api [req-e420e365-28f2-4585-8e2b-be9ec35825b2 - - - - - -] ERROR <?xml version="1.0" encoding="iso-8859-1"?> <!DOCTYPE html PUBLIC "-//W3C//DTD XHTML 1.0 Transitional//EN"          "http://www.w3.org/TR/xhtml1/DTD/xhtml1-transitional.dtd"> <html xmlns="http://www.w3.org/1999/xhtml" xml:lang="en" lang="en">  <head>   <title>503 Service Not Available</title>  </head>  <body>   <h1>503 Service Not Available</h1>  </body> </html> [00;33m{{(pid=2724734) _check_rest_api_response /opt/stack/cinder/cinder/volume/drivers/hitachi/hbsd_rest_api.py:481}}[00m
2026-10-06 20:17:12.577 2724734 DEBUG cinder.volume.drivers.hitachi.hbsd_rest_api [req-e420e365-28f2-4585-8e2b-be9ec35825b2 - - - - - -] ERROR <?xml version="1.0" encoding="iso-8859-1"?> <!DOCTYPE html PUBLIC "-//W3C//DTD XHTML 1.0 Transitional//EN"          "http://www.w3.org/TR/xhtml1/DTD/xhtml1-transitional.dtd"> <html xmlns="http://www.w3.org/1999/xhtml" xml:lang="en" lang="en">  <head>   <title>503 Service Not Available</title>  </head>  <body>   <h1>503 Service Not Available</h1>  </body> </html> [00;33m{{(pid=2724734) _check_rest_api_response /opt/stack/cinder/cinder/volume/drivers/hitachi/hbsd_rest_api.py:481}}[00m
2026-10-06 20:17:17.592 2724734 DEBUG cinder.volume.drivers.hitachi.hbsd_rest_api [req-e420e365-28f2-4585-8e2b-be9ec35825b2 - - - - - -] ERROR <?xml version="1.0" encoding="iso-8859-1"?> <!DOCTYPE html PUBLIC "-//W3C//DTD XHTML 1.0 Transitional//EN"          "http://www.w3.org/TR/xhtml1/DTD/xhtml1-transitional.dtd"> <html xmlns="http://www.w3.org/1999/xhtml" xml:lang="en" lang="en">  <head>   <title>503 Service Not Available</title>  </head>  <body>   <h1>503 Service Not Available</h1>  </body> </html> [00;33m{{(pid=2724734) _check_rest_api_response /opt/stack/cinder/cinder/volume/drivers/hitachi/hbsd_rest_api.py:481}}[00m
2026-10-06 20:17:22.578 2724734 DEBUG cinder.volume.drivers.hitachi.hbsd_rest_api [req-e420e365-28f2-4585-8e2b-be9ec35825b2 - - - - - -] ERROR <?xml version="1.0" encoding="iso-8859-1"?> <!DOCTYPE html PUBLIC "-//W3C//DTD XHTML 1.0 Transitional//EN"          "http://www.w3.org/TR/xhtml1/DTD/xhtml1-transitional.dtd"> <html xmlns="http://www.w3.org/1999/xhtml" xml:lang="en" lang="en">  <head>   <title>503 Service Not Available</title>  </head>  <body>   <h1>503 Service Not Available</h1>  </body> </html> [00;33m{{(pid=2724734) _check_rest_api_response /opt/stack/cinder/cinder/volume/drivers/hitachi/hbsd_rest_api.py:481}}[00m
2026-10-06 20:17:27.587 2724734 DEBUG cinder.volume.drivers.hitachi.hbsd_rest_api [req-e420e365-28f2-4585-8e2b-be9ec35825b2 - - - - - -] ERROR <?xml version="1.0" encoding="iso-8859-1"?> <!DOCTYPE html PUBLIC "-//W3C//DTD XHTML 1.0 Transitional//EN"          "http://www.w3.org/TR/xhtml1/DTD/xhtml1-transitional.dtd"> <html xmlns="http://www.w3.org/1999/xhtml" xml:lang="en" lang="en">  <head>   <title>503 Service Not Available</title>  </head>  <body>   <h1>503 Service Not Available</h1>  </body> </html> [00;33m{{(pid=2724734) _check_rest_api_response /opt/stack/cinder/cinder/volume/drivers/hitachi/hbsd_rest_api.py:481}}[00m
2026-10-06 20:17:32.580 2724734 DEBUG cinder.volume.drivers.hitachi.hbsd_rest_api [req-e420e365-28f2-4585-8e2b-be9ec35825b2 - - - - - -] ERROR <?xml version="1.0" encoding="iso-8859-1"?> <!DOCTYPE html PUBLIC "-//W3C//DTD XHTML 1.0 Transitional//EN"          "http://www.w3.org/TR/xhtml1/DTD/xhtml1-transitional.dtd"> <html xmlns="http://www.w3.org/1999/xhtml" xml:lang="en" lang="en">  <head>   <title>503 Service Not Available</title>  </head>  <body>   <h1>503 Service Not Available</h1>  </body> </html> [00;33m{{(pid=2724734) _check_rest_api_response /opt/stack/cinder/cinder/volume/drivers/hitachi/hbsd_rest_api.py:481}}[00m
2026-10-06 20:17:37.582 2724734 DEBUG cinder.volume.drivers.hitachi.hbsd_rest_api [req-e420e365-28f2-4585-8e2b-be9ec35825b2 - - - - - -] ERROR <?xml version="1.0" encoding="iso-8859-1"?> <!DOCTYPE html PUBLIC "-//W3C//DTD XHTML 1.0 Transitional//EN"          "http://www.w3.org/TR/xhtml1/DTD/xhtml1-transitional.dtd"> <html xmlns="http://www.w3.org/1999/xhtml" xml:lang="en" lang="en">  <head>   <title>503 Service Not Available</title>  </head>  <body>   <h1>503 Service Not Available</h1>  </body> </html> [00;33m{{(pid=2724734) _check_rest_api_response /opt/stack/cinder/cinder/volume/drivers/hitachi/hbsd_rest_api.py:481}}[00m
2026-10-06 20:17:42.594 2724734 DEBUG cinder.volume.drivers.hitachi.hbsd_rest_api [req-e420e365-28f2-4585-8e2b-be9ec35825b2 - - - - - -] ERROR <?xml version="1.0" encoding="iso-8859-1"?> <!DOCTYPE html PUBLIC "-//W3C//DTD XHTML 1.0 Transitional//EN"          "http://www.w3.org/TR/xhtml1/DTD/xhtml1-transitional.dtd"> <html xmlns="http://www.w3.org/1999/xhtml" xml:lang="en" lang="en">  <head>   <title>503 Service Not Available</title>  </head>  <body>   <h1>503 Service Not Available</h1>  </body> </html> [00;33m{{(pid=2724734) _check_rest_api_response /opt/stack/cinder/cinder/volume/drivers/hitachi/hbsd_rest_api.py:481}}[00m
2026-10-06 20:17:47.587 2724734 DEBUG cinder.volume.drivers.hitachi.hbsd_rest_api [req-e420e365-28f2-4585-8e2b-be9ec35825b2 - - - - - -] ERROR <?xml version="1.0" encoding="iso-8859-1"?> <!DOCTYPE html PUBLIC "-//W3C//DTD XHTML 1.0 Transitional//EN"          "http://www.w3.org/TR/xhtml1/DTD/xhtml1-transitional.dtd"> <html xmlns="http://www.w3.org/1999/xhtml" xml:lang="en" lang="en">  <head>   <title>503 Service Not Available</title>  </head>  <body>   <h1>503 Service Not Available</h1>  </body> </html> [00;33m{{(pid=2724734) _check_rest_api_response /opt/stack/cinder/cinder/volume/drivers/hitachi/hbsd_rest_api.py:481}}[00m
2026-10-06 20:17:52.593 2724734 DEBUG cinder.volume.drivers.hitachi.hbsd_rest_api [req-e420e365-28f2-4585-8e2b-be9ec35825b2 - - - - - -] ERROR <?xml version="1.0" encoding="iso-8859-1"?> <!DOCTYPE html PUBLIC "-//W3C//DTD XHTML 1.0 Transitional//EN"          "http://www.w3.org/TR/xhtml1/DTD/xhtml1-transitional.dtd"> <html xmlns="http://www.w3.org/1999/xhtml" xml:lang="en" lang="en">  <head>   <title>503 Service Not Available</title>  </head>  <body>   <h1>503 Service Not Available</h1>  </body> </html> [00;33m{{(pid=2724734) _check_rest_api_response /opt/stack/cinder/cinder/volume/drivers/hitachi/hbsd_rest_api.py:481}}[00m
2026-10-06 20:17:57.588 2724734 DEBUG cinder.volume.drivers.hitachi.hbsd_rest_api [req-e420e365-28f2-4585-8e2b-be9ec35825b2 - - - - - -] ERROR <?xml version="1.0" encoding="iso-8859-1"?> <!DOCTYPE html PUBLIC "-//W3C//DTD XHTML 1.0 Transitional//EN"          "http://www.w3.org/TR/xhtml1/DTD/xhtml1-transitional.dtd"> <html xmlns="http://www.w3.org/1999/xhtml" xml:lang="en" lang="en">  <head>   <title>503 Service Not Available</title>  </head>  <body>   <h1>503 Service Not Available</h1>  </body> </html> [00;33m{{(pid=2724734) _check_rest_api_response /opt/stack/cinder/cinder/volume/drivers/hitachi/hbsd_rest_api.py:481}}[00m
2026-10-06 20:18:02.590 2724734 DEBUG cinder.volume.drivers.hitachi.hbsd_rest_api [req-e420e365-28f2-4585-8e2b-be9ec35825b2 - - - - - -] ERROR <?xml version="1.0" encoding="iso-8859-1"?> <!DOCTYPE html PUBLIC "-//W3C//DTD XHTML 1.0 Transitional//EN"          "http://www.w3.org/TR/xhtml1/DTD/xhtml1-transitional.dtd"> <html xmlns="http://www.w3.org/1999/xhtml" xml:lang="en" lang="en">  <head>   <title>503 Service Not Available</title>  </head>  <body>   <h1>503 Service Not Available</h1>  </body> </html> [00;33m{{(pid=2724734) _check_rest_api_response /opt/stack/cinder/cinder/volume/drivers/hitachi/hbsd_rest_api.py:481}}[00m
2026-10-06 20:18:07.588 2724734 DEBUG cinder.volume.drivers.hitachi.hbsd_rest_api [req-e420e365-28f2-4585-8e2b-be9ec35825b2 - - - - - -] ERROR <?xml version="1.0" encoding="iso-8859-1"?> <!DOCTYPE html PUBLIC "-//W3C//DTD XHTML 1.0 Transitional//EN"          "http://www.w3.org/TR/xhtml1/DTD/xhtml1-transitional.dtd"> <html xmlns="http://www.w3.org/1999/xhtml" xml:lang="en" lang="en">  <head>   <title>503 Service Not Available</title>  </head>  <body>   <h1>503 Service Not Available</h1>  </body> </html> [00;33m{{(pid=2724734) _check_rest_api_response /opt/stack/cinder/cinder/volume/drivers/hitachi/hbsd_rest_api.py:481}}[00m
2026-10-06 20:18:12.591 2724734 DEBUG cinder.volume.drivers.hitachi.hbsd_rest_api [req-e420e365-28f2-4585-8e2b-be9ec35825b2 - - - - - -] ERROR <?xml version="1.0" encoding="iso-8859-1"?> <!DOCTYPE html PUBLIC "-//W3C//DTD XHTML 1.0 Transitional//EN"          "http://www.w3.org/TR/xhtml1/DTD/xhtml1-transitional.dtd"> <html xmlns="http://www.w3.org/1999/xhtml" xml:lang="en" lang="en">  <head>   <title>503 Service Not Available</title>  </head>  <body>   <h1>503 Service Not Available</h1>  </body> </html> [00;33m{{(pid=2724734) _check_rest_api_response /opt/stack/cinder/cinder/volume/drivers/hitachi/hbsd_rest_api.py:481}}[00m
2026-10-06 20:18:17.602 2724734 DEBUG cinder.volume.drivers.hitachi.hbsd_rest_api [req-e420e365-28f2-4585-8e2b-be9ec35825b2 - - - - - -] ERROR <?xml version="1.0" encoding="iso-8859-1"?> <!DOCTYPE html PUBLIC "-//W3C//DTD XHTML 1.0 Transitional//EN"          "http://www.w3.org/TR/xhtml1/DTD/xhtml1-transitional.dtd"> <html xmlns="http://www.w3.org/1999/xhtml" xml:lang="en" lang="en">  <head>   <title>503 Service Not Available</title>  </head>  <body>   <h1>503 Service Not Available</h1>  </body> </html> [00;33m{{(pid=2724734) _check_rest_api_response /opt/stack/cinder/cinder/volume/drivers/hitachi/hbsd_rest_api.py:481}}[00m
2026-10-06 20:18:22.601 2724734 DEBUG cinder.volume.drivers.hitachi.hbsd_rest_api [req-e420e365-28f2-4585-8e2b-be9ec35825b2 - - - - - -] ERROR <?xml version="1.0" encoding="iso-8859-1"?> <!DOCTYPE html PUBLIC "-//W3C//DTD XHTML 1.0 Transitional//EN"          "http://www.w3.org/TR/xhtml1/DTD/xhtml1-transitional.dtd"> <html xmlns="http://www.w3.org/1999/xhtml" xml:lang="en" lang="en">  <head>   <title>503 Service Not Available</title>  </head>  <body>   <h1>503 Service Not Available</h1>  </body> </html> [00;33m{{(pid=2724734) _check_rest_api_response /opt/stack/cinder/cinder/volume/drivers/hitachi/hbsd_rest_api.py:481}}[00m
2026-10-06 20:18:27.595 2724734 DEBUG cinder.volume.drivers.hitachi.hbsd_rest_api [req-e420e365-28f2-4585-8e2b-be9ec35825b2 - - - - - -] ERROR <?xml version="1.0" encoding="iso-8859-1"?> <!DOCTYPE html PUBLIC "-//W3C//DTD XHTML 1.0 Transitional//EN"          "http://www.w3.org/TR/xhtml1/DTD/xhtml1-transitional.dtd"> <html xmlns="http://www.w3.org/1999/xhtml" xml:lang="en" lang="en">  <head>   <title>503 Service Not Available</title>  </head>  <body>   <h1>503 Service Not Available</h1>  </body> </html> [00;33m{{(pid=2724734) _check_rest_api_response /opt/stack/cinder/cinder/volume/drivers/hitachi/hbsd_rest_api.py:481}}[00m
2026-10-06 20:18:32.596 2724734 DEBUG cinder.volume.drivers.hitachi.hbsd_rest_api [req-e420e365-28f2-4585-8e2b-be9ec35825b2 - - - - - -] ERROR <?xml version="1.0" encoding="iso-8859-1"?> <!DOCTYPE html PUBLIC "-//W3C//DTD XHTML 1.0 Transitional//EN"          "http://www.w3.org/TR/xhtml1/DTD/xhtml1-transitional.dtd"> <html xmlns="http://www.w3.org/1999/xhtml" xml:lang="en" lang="en">  <head>   <title>503 Service Not Available</title>  </head>  <body>   <h1>503 Service Not Available</h1>  </body> </html> [00;33m{{(pid=2724734) _check_rest_api_response /opt/stack/cinder/cinder/volume/drivers/hitachi/hbsd_rest_api.py:481}}[00m
2026-10-06 20:18:37.595 2724734 DEBUG cinder.volume.drivers.hitachi.hbsd_rest_api [req-e420e365-28f2-4585-8e2b-be9ec35825b2 - - - - - -] ERROR <?xml version="1.0" encoding="iso-8859-1"?> <!DOCTYPE html PUBLIC "-//W3C//DTD XHTML 1.0 Transitional//EN"          "http://www.w3.org/TR/xhtml1/DTD/xhtml1-transitional.dtd"> <html xmlns="http://www.w3.org/1999/xhtml" xml:lang="en" lang="en">  <head>   <title>503 Service Not Available</title>  </head>  <body>   <h1>503 Service Not Available</h1>  </body> </html> [00;33m{{(pid=2724734) _check_rest_api_response /opt/stack/cinder/cinder/volume/drivers/hitachi/hbsd_rest_api.py:481}}[00m
2026-10-06 20:18:42.600 2724734 DEBUG cinder.volume.drivers.hitachi.hbsd_rest_api [req-e420e365-28f2-4585-8e2b-be9ec35825b2 - - - - - -] ERROR <?xml version="1.0" encoding="iso-8859-1"?> <!DOCTYPE html PUBLIC "-//W3C//DTD XHTML 1.0 Transitional//EN"          "http://www.w3.org/TR/xhtml1/DTD/xhtml1-transitional.dtd"> <html xmlns="http://www.w3.org/1999/xhtml" xml:lang="en" lang="en">  <head>   <title>503 Service Not Available</title>  </head>  <body>   <h1>503 Service Not Available</h1>  </body> </html> [00;33m{{(pid=2724734) _check_rest_api_response /opt/stack/cinder/cinder/volume/drivers/hitachi/hbsd_rest_api.py:481}}[00m
2026-10-06 20:18:47.600 2724734 DEBUG cinder.volume.drivers.hitachi.hbsd_rest_api [req-e420e365-28f2-4585-8e2b-be9ec35825b2 - - - - - -] ERROR <?xml version="1.0" encoding="iso-8859-1"?> <!DOCTYPE html PUBLIC "-//W3C//DTD XHTML 1.0 Transitional//EN"          "http://www.w3.org/TR/xhtml1/DTD/xhtml1-transitional.dtd"> <html xmlns="http://www.w3.org/1999/xhtml" xml:lang="en" lang="en">  <head>   <title>503 Service Not Available</title>  </head>  <body>   <h1>503 Service Not Available</h1>  </body> </html> [00;33m{{(pid=2724734) _check_rest_api_response /opt/stack/cinder/cinder/volume/drivers/hitachi/hbsd_rest_api.py:481}}[00m
2026-10-06 20:18:52.611 2724734 DEBUG cinder.volume.drivers.hitachi.hbsd_rest_api [req-e420e365-28f2-4585-8e2b-be9ec35825b2 - - - - - -] ERROR <?xml version="1.0" encoding="iso-8859-1"?> <!DOCTYPE html PUBLIC "-//W3C//DTD XHTML 1.0 Transitional//EN"          "http://www.w3.org/TR/xhtml1/DTD/xhtml1-transitional.dtd"> <html xmlns="http://www.w3.org/1999/xhtml" xml:lang="en" lang="en">  <head>   <title>503 Service Not Available</title>  </head>  <body>   <h1>503 Service Not Available</h1>  </body> </html> [00;33m{{(pid=2724734) _check_rest_api_response /opt/stack/cinder/cinder/volume/drivers/hitachi/hbsd_rest_api.py:481}}[00m
2026-10-06 20:18:57.601 2724734 DEBUG cinder.volume.drivers.hitachi.hbsd_rest_api [req-e420e365-28f2-4585-8e2b-be9ec35825b2 - - - - - -] ERROR <?xml version="1.0" encoding="iso-8859-1"?> <!DOCTYPE html PUBLIC "-//W3C//DTD XHTML 1.0 Transitional//EN"          "http://www.w3.org/TR/xhtml1/DTD/xhtml1-transitional.dtd"> <html xmlns="http://www.w3.org/1999/xhtml" xml:lang="en" lang="en">  <head>   <title>503 Service Not Available</title>  </head>  <body>   <h1>503 Service Not Available</h1>  </body> </html> [00;33m{{(pid=2724734) _check_rest_api_response /opt/stack/cinder/cinder/volume/drivers/hitachi/hbsd_rest_api.py:481}}[00m
2026-10-06 20:19:02.605 2724734 DEBUG cinder.volume.drivers.hitachi.hbsd_rest_api [req-e420e365-28f2-4585-8e2b-be9ec35825b2 - - - - - -] ERROR <?xml version="1.0" encoding="iso-8859-1"?> <!DOCTYPE html PUBLIC "-//W3C//DTD XHTML 1.0 Transitional//EN"          "http://www.w3.org/TR/xhtml1/DTD/xhtml1-transitional.dtd"> <html xmlns="http://www.w3.org/1999/xhtml" xml:lang="en" lang="en">  <head>   <title>503 Service Not Available</title>  </head>  <body>   <h1>503 Service Not Available</h1>  </body> </html> [00;33m{{(pid=2724734) _check_rest_api_response /opt/stack/cinder/cinder/volume/drivers/hitachi/hbsd_rest_api.py:481}}[00m
2026-10-06 20:19:07.615 2724734 DEBUG cinder.volume.drivers.hitachi.hbsd_rest_api [req-e420e365-28f2-4585-8e2b-be9ec35825b2 - - - - - -] ERROR <?xml version="1.0" encoding="iso-8859-1"?> <!DOCTYPE html PUBLIC "-//W3C//DTD XHTML 1.0 Transitional//EN"          "http://www.w3.org/TR/xhtml1/DTD/xhtml1-transitional.dtd"> <html xmlns="http://www.w3.org/1999/xhtml" xml:lang="en" lang="en">  <head>   <title>503 Service Not Available</title>  </head>  <body>   <h1>503 Service Not Available</h1>  </body> </html> [00;33m{{(pid=2724734) _check_rest_api_response /opt/stack/cinder/cinder/volume/drivers/hitachi/hbsd_rest_api.py:481}}[00m
2026-10-06 20:19:12.630 2724734 DEBUG cinder.volume.drivers.hitachi.hbsd_rest_api [req-e420e365-28f2-4585-8e2b-be9ec35825b2 - - - - - -] ERROR <?xml version="1.0" encoding="iso-8859-1"?> <!DOCTYPE html PUBLIC "-//W3C//DTD XHTML 1.0 Transitional//EN"          "http://www.w3.org/TR/xhtml1/DTD/xhtml1-transitional.dtd"> <html xmlns="http://www.w3.org/1999/xhtml" xml:lang="en" lang="en">  <head>   <title>503 Service Not Available</title>  </head>  <body>   <h1>503 Service Not Available</h1>  </body> </html> [00;33m{{(pid=2724734) _check_rest_api_response /opt/stack/cinder/cinder/volume/drivers/hitachi/hbsd_rest_api.py:481}}[00m
2026-10-06 20:19:17.612 2724734 DEBUG cinder.volume.drivers.hitachi.hbsd_rest_api [req-e420e365-28f2-4585-8e2b-be9ec35825b2 - - - - - -] ERROR <?xml version="1.0" encoding="iso-8859-1"?> <!DOCTYPE html PUBLIC "-//W3C//DTD XHTML 1.0 Transitional//EN"          "http://www.w3.org/TR/xhtml1/DTD/xhtml1-transitional.dtd"> <html xmlns="http://www.w3.org/1999/xhtml" xml:lang="en" lang="en">  <head>   <title>503 Service Not Available</title>  </head>  <body>   <h1>503 Service Not Available</h1>  </body> </html> [00;33m{{(pid=2724734) _check_rest_api_response /opt/stack/cinder/cinder/volume/drivers/hitachi/hbsd_rest_api.py:481}}[00m
2026-10-06 20:19:22.609 2724734 DEBUG cinder.volume.drivers.hitachi.hbsd_rest_api [req-e420e365-28f2-4585-8e2b-be9ec35825b2 - - - - - -] ERROR <?xml version="1.0" encoding="iso-8859-1"?> <!DOCTYPE html PUBLIC "-//W3C//DTD XHTML 1.0 Transitional//EN"          "http://www.w3.org/TR/xhtml1/DTD/xhtml1-transitional.dtd"> <html xmlns="http://www.w3.org/1999/xhtml" xml:lang="en" lang="en">  <head>   <title>503 Service Not Available</title>  </head>  <body>   <h1>503 Service Not Available</h1>  </body> </html> [00;33m{{(pid=2724734) _check_rest_api_response /opt/stack/cinder/cinder/volume/drivers/hitachi/hbsd_rest_api.py:481}}[00m
2026-10-06 20:19:27.611 2724734 DEBUG cinder.volume.drivers.hitachi.hbsd_rest_api [req-e420e365-28f2-4585-8e2b-be9ec35825b2 - - - - - -] ERROR <?xml version="1.0" encoding="iso-8859-1"?> <!DOCTYPE html PUBLIC "-//W3C//DTD XHTML 1.0 Transitional//EN"          "http://www.w3.org/TR/xhtml1/DTD/xhtml1-transitional.dtd"> <html xmlns="http://www.w3.org/1999/xhtml" xml:lang="en" lang="en">  <head>   <title>503 Service Not Available</title>  </head>  <body>   <h1>503 Service Not Available</h1>  </body> </html> [00;33m{{(pid=2724734) _check_rest_api_response /opt/stack/cinder/cinder/volume/drivers/hitachi/hbsd_rest_api.py:481}}[00m
2026-10-06 20:19:32.614 2724734 DEBUG cinder.volume.drivers.hitachi.hbsd_rest_api [req-e420e365-28f2-4585-8e2b-be9ec35825b2 - - - - - -] ERROR <?xml version="1.0" encoding="iso-8859-1"?> <!DOCTYPE html PUBLIC "-//W3C//DTD XHTML 1.0 Transitional//EN"          "http://www.w3.org/TR/xhtml1/DTD/xhtml1-transitional.dtd"> <html xmlns="http://www.w3.org/1999/xhtml" xml:lang="en" lang="en">  <head>   <title>503 Service Not Available</title>  </head>  <body>   <h1>503 Service Not Available</h1>  </body> </html> [00;33m{{(pid=2724734) _check_rest_api_response /opt/stack/cinder/cinder/volume/drivers/hitachi/hbsd_rest_api.py:481}}[00m
2026-10-06 20:19:37.615 2724734 DEBUG cinder.volume.drivers.hitachi.hbsd_rest_api [req-e420e365-28f2-4585-8e2b-be9ec35825b2 - - - - - -] ERROR <?xml version="1.0" encoding="iso-8859-1"?> <!DOCTYPE html PUBLIC "-//W3C//DTD XHTML 1.0 Transitional//EN"          "http://www.w3.org/TR/xhtml1/DTD/xhtml1-transitional.dtd"> <html xmlns="http://www.w3.org/1999/xhtml" xml:lang="en" lang="en">  <head>   <title>503 Service Not Available</title>  </head>  <body>   <h1>503 Service Not Available</h1>  </body> </html> [00;33m{{(pid=2724734) _check_rest_api_response /opt/stack/cinder/cinder/volume/drivers/hitachi/hbsd_rest_api.py:481}}[00m
2026-10-06 20:19:42.615 2724734 DEBUG cinder.volume.drivers.hitachi.hbsd_rest_api [req-e420e365-28f2-4585-8e2b-be9ec35825b2 - - - - - -] ERROR <?xml version="1.0" encoding="iso-8859-1"?> <!DOCTYPE html PUBLIC "-//W3C//DTD XHTML 1.0 Transitional//EN"          "http://www.w3.org/TR/xhtml1/DTD/xhtml1-transitional.dtd"> <html xmlns="http://www.w3.org/1999/xhtml" xml:lang="en" lang="en">  <head>   <title>503 Service Not Available</title>  </head>  <body>   <h1>503 Service Not Available</h1>  </body> </html> [00;33m{{(pid=2724734) _check_rest_api_response /opt/stack/cinder/cinder/volume/drivers/hitachi/hbsd_rest_api.py:481}}[00m
2026-10-06 20:19:47.617 2724734 DEBUG cinder.volume.drivers.hitachi.hbsd_rest_api [req-e420e365-28f2-4585-8e2b-be9ec35825b2 - - - - - -] ERROR <?xml version="1.0" encoding="iso-8859-1"?> <!DOCTYPE html PUBLIC "-//W3C//DTD XHTML 1.0 Transitional//EN"          "http://www.w3.org/TR/xhtml1/DTD/xhtml1-transitional.dtd"> <html xmlns="http://www.w3.org/1999/xhtml" xml:lang="en" lang="en">  <head>   <title>503 Service Not Available</title>  </head>  <body>   <h1>503 Service Not Available</h1>  </body> </html> [00;33m{{(pid=2724734) _check_rest_api_response /opt/stack/cinder/cinder/volume/drivers/hitachi/hbsd_rest_api.py:481}}[00m
2026-10-06 20:19:52.616 2724734 DEBUG cinder.volume.drivers.hitachi.hbsd_rest_api [req-e420e365-28f2-4585-8e2b-be9ec35825b2 - - - - - -] ERROR <?xml version="1.0" encoding="iso-8859-1"?> <!DOCTYPE html PUBLIC "-//W3C//DTD XHTML 1.0 Transitional//EN"          "http://www.w3.org/TR/xhtml1/DTD/xhtml1-transitional.dtd"> <html xmlns="http://www.w3.org/1999/xhtml" xml:lang="en" lang="en">  <head>   <title>503 Service Not Available</title>  </head>  <body>   <h1>503 Service Not Available</h1>  </body> </html> [00;33m{{(pid=2724734) _check_rest_api_response /opt/stack/cinder/cinder/volume/drivers/hitachi/hbsd_rest_api.py:481}}[00m
2026-10-06 20:19:57.619 2724734 DEBUG cinder.volume.drivers.hitachi.hbsd_rest_api [req-e420e365-28f2-4585-8e2b-be9ec35825b2 - - - - - -] ERROR <?xml version="1.0" encoding="iso-8859-1"?> <!DOCTYPE html PUBLIC "-//W3C//DTD XHTML 1.0 Transitional//EN"          "http://www.w3.org/TR/xhtml1/DTD/xhtml1-transitional.dtd"> <html xmlns="http://www.w3.org/1999/xhtml" xml:lang="en" lang="en">  <head>   <title>503 Service Not Available</title>  </head>  <body>   <h1>503 Service Not Available</h1>  </body> </html> [00;33m{{(pid=2724734) _check_rest_api_response /opt/stack/cinder/cinder/volume/drivers/hitachi/hbsd_rest_api.py:481}}[00m
2026-10-06 20:20:02.621 2724734 DEBUG cinder.volume.drivers.hitachi.hbsd_rest_api [req-e420e365-28f2-4585-8e2b-be9ec35825b2 - - - - - -] ERROR <?xml version="1.0" encoding="iso-8859-1"?> <!DOCTYPE html PUBLIC "-//W3C//DTD XHTML 1.0 Transitional//EN"          "http://www.w3.org/TR/xhtml1/DTD/xhtml1-transitional.dtd"> <html xmlns="http://www.w3.org/1999/xhtml" xml:lang="en" lang="en">  <head>   <title>503 Service Not Available</title>  </head>  <body>   <h1>503 Service Not Available</h1>  </body> </html> [00;33m{{(pid=2724734) _check_rest_api_response /opt/stack/cinder/cinder/volume/drivers/hitachi/hbsd_rest_api.py:481}}[00m
2026-10-06 20:20:07.621 2724734 DEBUG cinder.volume.drivers.hitachi.hbsd_rest_api [req-e420e365-28f2-4585-8e2b-be9ec35825b2 - - - - - -] ERROR <?xml version="1.0" encoding="iso-8859-1"?> <!DOCTYPE html PUBLIC "-//W3C//DTD XHTML 1.0 Transitional//EN"          "http://www.w3.org/TR/xhtml1/DTD/xhtml1-transitional.dtd"> <html xmlns="http://www.w3.org/1999/xhtml" xml:lang="en" lang="en">  <head>   <title>503 Service Not Available</title>  </head>  <body>   <h1>503 Service Not Available</h1>  </body> </html> [00;33m{{(pid=2724734) _check_rest_api_response /opt/stack/cinder/cinder/volume/drivers/hitachi/hbsd_rest_api.py:481}}[00m
2026-10-06 20:20:12.620 2724734 DEBUG cinder.volume.drivers.hitachi.hbsd_rest_api [req-e420e365-28f2-4585-8e2b-be9ec35825b2 - - - - - -] ERROR <?xml version="1.0" encoding="iso-8859-1"?> <!DOCTYPE html PUBLIC "-//W3C//DTD XHTML 1.0 Transitional//EN"          "http://www.w3.org/TR/xhtml1/DTD/xhtml1-transitional.dtd"> <html xmlns="http://www.w3.org/1999/xhtml" xml:lang="en" lang="en">  <head>   <title>503 Service Not Available</title>  </head>  <body>   <h1>503 Service Not Available</h1>  </body> </html> [00;33m{{(pid=2724734) _check_rest_api_response /opt/stack/cinder/cinder/volume/drivers/hitachi/hbsd_rest_api.py:481}}[00m
2026-10-06 20:20:17.622 2724734 DEBUG cinder.volume.drivers.hitachi.hbsd_rest_api [req-e420e365-28f2-4585-8e2b-be9ec35825b2 - - - - - -] ERROR <?xml version="1.0" encoding="iso-8859-1"?> <!DOCTYPE html PUBLIC "-//W3C//DTD XHTML 1.0 Transitional//EN"          "http://www.w3.org/TR/xhtml1/DTD/xhtml1-transitional.dtd"> <html xmlns="http://www.w3.org/1999/xhtml" xml:lang="en" lang="en">  <head>   <title>503 Service Not Available</title>  </head>  <body>   <h1>503 Service Not Available</h1>  </body> </html> [00;33m{{(pid=2724734) _check_rest_api_response /opt/stack/cinder/cinder/volume/drivers/hitachi/hbsd_rest_api.py:481}}[00m
2026-10-06 20:20:22.639 2724734 DEBUG cinder.volume.drivers.hitachi.hbsd_rest_api [req-e420e365-28f2-4585-8e2b-be9ec35825b2 - - - - - -] ERROR <?xml version="1.0" encoding="iso-8859-1"?> <!DOCTYPE html PUBLIC "-//W3C//DTD XHTML 1.0 Transitional//EN"          "http://www.w3.org/TR/xhtml1/DTD/xhtml1-transitional.dtd"> <html xmlns="http://www.w3.org/1999/xhtml" xml:lang="en" lang="en">  <head>   <title>503 Service Not Available</title>  </head>  <body>   <h1>503 Service Not Available</h1>  </body> </html> [00;33m{{(pid=2724734) _check_rest_api_response /opt/stack/cinder/cinder/volume/drivers/hitachi/hbsd_rest_api.py:481}}[00m
2026-10-06 20:20:27.628 2724734 DEBUG cinder.volume.drivers.hitachi.hbsd_rest_api [req-e420e365-28f2-4585-8e2b-be9ec35825b2 - - - - - -] ERROR <?xml version="1.0" encoding="iso-8859-1"?> <!DOCTYPE html PUBLIC "-//W3C//DTD XHTML 1.0 Transitional//EN"          "http://www.w3.org/TR/xhtml1/DTD/xhtml1-transitional.dtd"> <html xmlns="http://www.w3.org/1999/xhtml" xml:lang="en" lang="en">  <head>   <title>503 Service Not Available</title>  </head>  <body>   <h1>503 Service Not Available</h1>  </body> </html> [00;33m{{(pid=2724734) _check_rest_api_response /opt/stack/cinder/cinder/volume/drivers/hitachi/hbsd_rest_api.py:481}}[00m
2026-10-06 20:20:32.627 2724734 DEBUG cinder.volume.drivers.hitachi.hbsd_rest_api [req-e420e365-28f2-4585-8e2b-be9ec35825b2 - - - - - -] ERROR <?xml version="1.0" encoding="iso-8859-1"?> <!DOCTYPE html PUBLIC "-//W3C//DTD XHTML 1.0 Transitional//EN"          "http://www.w3.org/TR/xhtml1/DTD/xhtml1-transitional.dtd"> <html xmlns="http://www.w3.org/1999/xhtml" xml:lang="en" lang="en">  <head>   <title>503 Service Not Available</title>  </head>  <body>   <h1>503 Service Not Available</h1>  </body> </html> [00;33m{{(pid=2724734) _check_rest_api_response /opt/stack/cinder/cinder/volume/drivers/hitachi/hbsd_rest_api.py:481}}[00m
2026-10-06 20:20:37.629 2724734 DEBUG cinder.volume.drivers.hitachi.hbsd_rest_api [req-e420e365-28f2-4585-8e2b-be9ec35825b2 - - - - - -] ERROR <?xml version="1.0" encoding="iso-8859-1"?> <!DOCTYPE html PUBLIC "-//W3C//DTD XHTML 1.0 Transitional//EN"          "http://www.w3.org/TR/xhtml1/DTD/xhtml1-transitional.dtd"> <html xmlns="http://www.w3.org/1999/xhtml" xml:lang="en" lang="en">  <head>   <title>503 Service Not Available</title>  </head>  <body>   <h1>503 Service Not Available</h1>  </body> </html> [00;33m{{(pid=2724734) _check_rest_api_response /opt/stack/cinder/cinder/volume/drivers/hitachi/hbsd_rest_api.py:481}}[00m
2026-10-06 20:20:42.630 2724734 DEBUG cinder.volume.drivers.hitachi.hbsd_rest_api [req-e420e365-28f2-4585-8e2b-be9ec35825b2 - - - - - -] ERROR <?xml version="1.0" encoding="iso-8859-1"?> <!DOCTYPE html PUBLIC "-//W3C//DTD XHTML 1.0 Transitional//EN"          "http://www.w3.org/TR/xhtml1/DTD/xhtml1-transitional.dtd"> <html xmlns="http://www.w3.org/1999/xhtml" xml:lang="en" lang="en">  <head>   <title>503 Service Not Available</title>  </head>  <body>   <h1>503 Service Not Available</h1>  </body> </html> [00;33m{{(pid=2724734) _check_rest_api_response /opt/stack/cinder/cinder/volume/drivers/hitachi/hbsd_rest_api.py:481}}[00m
2026-10-06 20:20:47.631 2724734 DEBUG cinder.volume.drivers.hitachi.hbsd_rest_api [req-e420e365-28f2-4585-8e2b-be9ec35825b2 - - - - - -] ERROR <?xml version="1.0" encoding="iso-8859-1"?> <!DOCTYPE html PUBLIC "-//W3C//DTD XHTML 1.0 Transitional//EN"          "http://www.w3.org/TR/xhtml1/DTD/xhtml1-transitional.dtd"> <html xmlns="http://www.w3.org/1999/xhtml" xml:lang="en" lang="en">  <head>   <title>503 Service Not Available</title>  </head>  <body>   <h1>503 Service Not Available</h1>  </body> </html> [00;33m{{(pid=2724734) _check_rest_api_response /opt/stack/cinder/cinder/volume/drivers/hitachi/hbsd_rest_api.py:481}}[00m
2026-10-06 20:20:52.631 2724734 DEBUG cinder.volume.drivers.hitachi.hbsd_rest_api [req-e420e365-28f2-4585-8e2b-be9ec35825b2 - - - - - -] ERROR <?xml version="1.0" encoding="iso-8859-1"?> <!DOCTYPE html PUBLIC "-//W3C//DTD XHTML 1.0 Transitional//EN"          "http://www.w3.org/TR/xhtml1/DTD/xhtml1-transitional.dtd"> <html xmlns="http://www.w3.org/1999/xhtml" xml:lang="en" lang="en">  <head>   <title>503 Service Not Available</title>  </head>  <body>   <h1>503 Service Not Available</h1>  </body> </html> [00;33m{{(pid=2724734) _check_rest_api_response /opt/stack/cinder/cinder/volume/drivers/hitachi/hbsd_rest_api.py:481}}[00m
2026-10-06 20:20:57.659 2724734 DEBUG cinder.volume.drivers.hitachi.hbsd_rest_api [req-e420e365-28f2-4585-8e2b-be9ec35825b2 - - - - - -] ERROR <?xml version="1.0" encoding="iso-8859-1"?> <!DOCTYPE html PUBLIC "-//W3C//DTD XHTML 1.0 Transitional//EN"          "http://www.w3.org/TR/xhtml1/DTD/xhtml1-transitional.dtd"> <html xmlns="http://www.w3.org/1999/xhtml" xml:lang="en" lang="en">  <head>   <title>503 Service Not Available</title>  </head>  <body>   <h1>503 Service Not Available</h1>  </body> </html> [00;33m{{(pid=2724734) _check_rest_api_response /opt/stack/cinder/cinder/volume/drivers/hitachi/hbsd_rest_api.py:481}}[00m
2026-10-06 20:21:02.647 2724734 DEBUG cinder.volume.drivers.hitachi.hbsd_rest_api [req-e420e365-28f2-4585-8e2b-be9ec35825b2 - - - - - -] ERROR <?xml version="1.0" encoding="iso-8859-1"?> <!DOCTYPE html PUBLIC "-//W3C//DTD XHTML 1.0 Transitional//EN"          "http://www.w3.org/TR/xhtml1/DTD/xhtml1-transitional.dtd"> <html xmlns="http://www.w3.org/1999/xhtml" xml:lang="en" lang="en">  <head>   <title>503 Service Not Available</title>  </head>  <body>   <h1>503 Service Not Available</h1>  </body> </html> [00;33m{{(pid=2724734) _check_rest_api_response /opt/stack/cinder/cinder/volume/drivers/hitachi/hbsd_rest_api.py:481}}[00m
2026-10-06 20:21:07.634 2724734 DEBUG cinder.volume.drivers.hitachi.hbsd_rest_api [req-e420e365-28f2-4585-8e2b-be9ec35825b2 - - - - - -] ERROR <?xml version="1.0" encoding="iso-8859-1"?> <!DOCTYPE html PUBLIC "-//W3C//DTD XHTML 1.0 Transitional//EN"          "http://www.w3.org/TR/xhtml1/DTD/xhtml1-transitional.dtd"> <html xmlns="http://www.w3.org/1999/xhtml" xml:lang="en" lang="en">  <head>   <title>503 Service Not Available</title>  </head>  <body>   <h1>503 Service Not Available</h1>  </body> </html> [00;33m{{(pid=2724734) _check_rest_api_response /opt/stack/cinder/cinder/volume/drivers/hitachi/hbsd_rest_api.py:481}}[00m
2026-10-06 20:21:12.646 2724734 DEBUG cinder.volume.drivers.hitachi.hbsd_rest_api [req-e420e365-28f2-4585-8e2b-be9ec35825b2 - - - - - -] ERROR <?xml version="1.0" encoding="iso-8859-1"?> <!DOCTYPE html PUBLIC "-//W3C//DTD XHTML 1.0 Transitional//EN"          "http://www.w3.org/TR/xhtml1/DTD/xhtml1-transitional.dtd"> <html xmlns="http://www.w3.org/1999/xhtml" xml:lang="en" lang="en">  <head>   <title>503 Service Not Available</title>  </head>  <body>   <h1>503 Service Not Available</h1>  </body> </html> [00;33m{{(pid=2724734) _check_rest_api_response /opt/stack/cinder/cinder/volume/drivers/hitachi/hbsd_rest_api.py:481}}[00m
