2026-10-07 04:02:00.826 3354617 DEBUG cinder.volume.drivers.hitachi.hbsd_rest_api [-] _keep_session thread is started [00;33m{{(pid=3354617) _keep_session /opt/stack/cinder/cinder/volume/drivers/hitachi/hbsd_rest_api.py:611}}[00m
2026-10-07 04:02:00.827 3354617 DEBUG cinder.volume.drivers.hitachi.hbsd_rest_api [-] ==> _get_object: call "{'self': <cinder.volume.drivers.hitachi.hbsd_rest_api.RestApiClient object at 0x79359c480860>, 'url': 'https://172.25.45.103:443/ConfigurationManager/v1/objects/storages/A34000810045/sessions/8791', 'kwargs': {'no_retry': True, 'no_log': True}, 'params': None}" [00;33m{{(pid=3354617) trace_logging_wrapper /opt/stack/cinder/cinder/volume/volume_utils.py:1499}}[00m
2026-10-07 04:02:04.505 3354617 DEBUG cinder.volume.drivers.hitachi.hbsd_rest_api [-] <== _get_object: return (3678ms) {'token': '***', 'sessionId': 8791} [00;33m{{(pid=3354617) trace_logging_wrapper /opt/stack/cinder/cinder/volume/volume_utils.py:1524}}[00m
2026-10-07 04:02:31.053 3354617 DEBUG dbcounter [-] [3354617] Writing DB stats cinder:SELECT=1,cinder:UPDATE=1 [00;33m{{(pid=3354617) stat_writer /opt/stack/data/venv/lib/python3.12/site-packages/dbcounter.py:115}}[00m
2026-10-07 04:04:31.051 3354617 DEBUG dbcounter [-] [3354617] Writing DB stats cinder:SELECT=1 [00;33m{{(pid=3354617) stat_writer /opt/stack/data/venv/lib/python3.12/site-packages/dbcounter.py:115}}[00m
2026-10-07 04:04:31.053 3354617 DEBUG dbcounter [-] [3354617] Writing DB stats cinder:UPDATE=1 [00;33m{{(pid=3354617) stat_writer /opt/stack/data/venv/lib/python3.12/site-packages/dbcounter.py:115}}[00m
2026-10-07 04:05:00.826 3354617 DEBUG cinder.volume.drivers.hitachi.hbsd_rest_api [-] _keep_session thread is started [00;33m{{(pid=3354617) _keep_session /opt/stack/cinder/cinder/volume/drivers/hitachi/hbsd_rest_api.py:611}}[00m
2026-10-07 04:05:00.827 3354617 DEBUG cinder.volume.drivers.hitachi.hbsd_rest_api [-] ==> _get_object: call "{'self': <cinder.volume.drivers.hitachi.hbsd_rest_api.RestApiClient object at 0x79359c480860>, 'url': 'https://172.25.45.103:443/ConfigurationManager/v1/objects/storages/A34000810045/sessions/8791', 'kwargs': {'no_retry': True, 'no_log': True}, 'params': None}" [00;33m{{(pid=3354617) trace_logging_wrapper /opt/stack/cinder/cinder/volume/volume_utils.py:1499}}[00m
2026-10-07 04:05:00.891 3354617 DEBUG cinder.volume.drivers.hitachi.hbsd_rest_api [-] <== _get_object: return (62ms) {'token': '***', 'sessionId': 8791} [00;33m{{(pid=3354617) trace_logging_wrapper /opt/stack/cinder/cinder/volume/volume_utils.py:1524}}[00m
2026-10-07 04:05:36.292 3354519 INFO oslo_service.backend._eventlet.service [req-c5f39444-7bd8-435d-91a9-95bafbe004e8 - - - - - -] Caught SIGTERM, stopping children
2026-10-07 04:05:36.293 3354519 DEBUG oslo_concurrency.lockutils [req-c5f39444-7bd8-435d-91a9-95bafbe004e8 - - - - - -] Acquiring lock "singleton_lock" [00;33m{{(pid=3354519) lock /opt/stack/data/venv/lib/python3.12/site-packages/oslo_concurrency/lockutils.py:396}}[00m
2026-10-07 04:05:36.293 3354519 DEBUG oslo_concurrency.lockutils [req-c5f39444-7bd8-435d-91a9-95bafbe004e8 - - - - - -] Acquired lock "singleton_lock" [00;33m{{(pid=3354519) lock /opt/stack/data/venv/lib/python3.12/site-packages/oslo_concurrency/lockutils.py:399}}[00m
2026-10-07 04:05:36.293 3354519 DEBUG oslo_concurrency.lockutils [req-c5f39444-7bd8-435d-91a9-95bafbe004e8 - - - - - -] Releasing lock "singleton_lock" [00;33m{{(pid=3354519) lock /opt/stack/data/venv/lib/python3.12/site-packages/oslo_concurrency/lockutils.py:419}}[00m
2026-10-07 04:05:36.293 3354519 DEBUG oslo_service.backend._eventlet.service [req-c5f39444-7bd8-435d-91a9-95bafbe004e8 - - - - - -] Stop services. [00;33m{{(pid=3354519) stop /opt/stack/data/venv/lib/python3.12/site-packages/oslo_service/backend/_eventlet/service.py:611}}[00m
2026-10-07 04:05:36.294 3354519 DEBUG oslo_service.backend._eventlet.service [req-c5f39444-7bd8-435d-91a9-95bafbe004e8 - - - - - -] Killing children. [00;33m{{(pid=3354519) stop /opt/stack/data/venv/lib/python3.12/site-packages/oslo_service/backend/_eventlet/service.py:616}}[00m
2026-10-07 04:05:36.294 3354519 INFO oslo_service.backend._eventlet.service [req-c5f39444-7bd8-435d-91a9-95bafbe004e8 - - - - - -] Waiting on 1 children to exit
2026-10-07 04:05:36.867 3354617 DEBUG oslo_concurrency.lockutils [req-c5f39444-7bd8-435d-91a9-95bafbe004e8 - - - - - -] Acquiring lock "singleton_lock" [00;33m{{(pid=3354617) lock /opt/stack/data/venv/lib/python3.12/site-packages/oslo_concurrency/lockutils.py:396}}[00m
2026-10-07 04:05:36.868 3354617 DEBUG oslo_concurrency.lockutils [req-c5f39444-7bd8-435d-91a9-95bafbe004e8 - - - - - -] Acquired lock "singleton_lock" [00;33m{{(pid=3354617) lock /opt/stack/data/venv/lib/python3.12/site-packages/oslo_concurrency/lockutils.py:399}}[00m
2026-10-07 04:05:36.868 3354617 DEBUG oslo_concurrency.lockutils [req-c5f39444-7bd8-435d-91a9-95bafbe004e8 - - - - - -] Releasing lock "singleton_lock" [00;33m{{(pid=3354617) lock /opt/stack/data/venv/lib/python3.12/site-packages/oslo_concurrency/lockutils.py:419}}[00m
2026-10-07 04:05:36.872 3354617 WARNING amqp [req-c5f39444-7bd8-435d-91a9-95bafbe004e8 - - - - - -] Received method (60, 30) during closing channel 1. This method will be ignored
2026-10-07 04:05:36.875 3354617 WARNING amqp [req-c5f39444-7bd8-435d-91a9-95bafbe004e8 - - - - - -] Received method (60, 30) during closing channel 1. This method will be ignored
2026-10-07 04:05:36.891 3354519 INFO oslo_service.backend._eventlet.service [req-c5f39444-7bd8-435d-91a9-95bafbe004e8 - - - - - -] Child 3354617 exited with status 0
2026-10-07 04:05:37.805 3431170 DEBUG oslo_concurrency.lockutils [-] Acquiring lock "singleton_lock" [00;33m{{(pid=3431170) lock /opt/stack/data/venv/lib/python3.12/site-packages/oslo_concurrency/lockutils.py:396}}[00m
2026-10-07 04:05:37.806 3431170 DEBUG oslo_concurrency.lockutils [-] Acquired lock "singleton_lock" [00;33m{{(pid=3431170) lock /opt/stack/data/venv/lib/python3.12/site-packages/oslo_concurrency/lockutils.py:399}}[00m
2026-10-07 04:05:37.806 3431170 DEBUG oslo_concurrency.lockutils [-] Releasing lock "singleton_lock" [00;33m{{(pid=3431170) lock /opt/stack/data/venv/lib/python3.12/site-packages/oslo_concurrency/lockutils.py:419}}[00m
2026-10-07 04:05:38.003 3431170 INFO dbcounter [req-5d57eb0c-63dc-462f-a157-0695fb156fb9 - - - - - -] Registered counter for database cinder
2026-10-07 04:05:38.035 3431170 DEBUG oslo_db.sqlalchemy.engines [req-5d57eb0c-63dc-462f-a157-0695fb156fb9 - - - - - -] MySQL server mode set to STRICT_TRANS_TABLES,STRICT_ALL_TABLES,NO_ZERO_IN_DATE,NO_ZERO_DATE,ERROR_FOR_DIVISION_BY_ZERO,TRADITIONAL,NO_ENGINE_SUBSTITUTION [00;33m{{(pid=3431170) _check_effective_sql_mode /opt/stack/data/venv/lib/python3.12/site-packages/oslo_db/sqlalchemy/engines.py:325}}[00m
2026-10-07 04:05:38.159 3431170 DEBUG dbcounter [-] [3431170] Writer thread running [00;33m{{(pid=3431170) stat_writer /opt/stack/data/venv/lib/python3.12/site-packages/dbcounter.py:102}}[00m
2026-10-07 04:05:38.162 3431170 INFO cinder.rpc [req-5d57eb0c-63dc-462f-a157-0695fb156fb9 - - - - - -] Automatically selected cinder-scheduler objects version 1.39 as minimum service version.
2026-10-07 04:05:38.165 3431170 INFO cinder.rpc [req-5d57eb0c-63dc-462f-a157-0695fb156fb9 - - - - - -] Automatically selected cinder-scheduler RPC version 3.12 as minimum service version.
2026-10-07 04:05:38.192 3431170 DEBUG oslo_db.sqlalchemy.engines [req-5d57eb0c-63dc-462f-a157-0695fb156fb9 - - - - - -] MySQL server mode set to STRICT_TRANS_TABLES,STRICT_ALL_TABLES,NO_ZERO_IN_DATE,NO_ZERO_DATE,ERROR_FOR_DIVISION_BY_ZERO,TRADITIONAL,NO_ENGINE_SUBSTITUTION [00;33m{{(pid=3431170) _check_effective_sql_mode /opt/stack/data/venv/lib/python3.12/site-packages/oslo_db/sqlalchemy/engines.py:325}}[00m
2026-10-07 04:05:38.210 3431170 INFO cinder.volume.manager [req-5d57eb0c-63dc-462f-a157-0695fb156fb9 - - - - - -] Determined volume DB was empty at startup.
2026-10-07 04:05:38.210 3431170 DEBUG cinder.volume.manager [req-5d57eb0c-63dc-462f-a157-0695fb156fb9 - - - - - -] Cinder Volume DB check: vol_db_empty=True [00;33m{{(pid=3431170) __init__ /opt/stack/cinder/cinder/volume/manager.py:289}}[00m
2026-10-07 04:05:38.215 3431170 WARNING cinder.volume.manager [req-5d57eb0c-63dc-462f-a157-0695fb156fb9 - - - - - -] Suppressing requests library SSL Warnings
2026-10-07 04:05:38.215 3431170 WARNING stevedore.named [req-5d57eb0c-63dc-462f-a157-0695fb156fb9 - - - - - -] Could not load cinder.keymgr.conf_key_mgr.ConfKeyManager
2026-10-07 04:05:38.216 3431170 WARNING castellan.key_manager [req-5d57eb0c-63dc-462f-a157-0695fb156fb9 - - - - - -] Deprecation Warning : cinder.keymgr.conf_key_mgr.ConfKeyManager is not a stevedore based driver, trying to load it as a class: stevedore.exception.NoMatches: No 'castellan.drivers' driver found, looking for 'cinder.keymgr.conf_key_mgr.ConfKeyManager'
2026-10-07 04:05:38.216 3431170 WARNING cinder.keymgr.conf_key_mgr [req-5d57eb0c-63dc-462f-a157-0695fb156fb9 - - - - - -] This key manager is insecure and is not recommended for production deployments: stevedore.exception.NoMatches: No 'castellan.drivers' driver found, looking for 'cinder.keymgr.conf_key_mgr.ConfKeyManager'
2026-10-07 04:05:38.262 3431170 INFO cinder.volume.drivers.hitachi.hbsd_utils [req-5d57eb0c-63dc-462f-a157-0695fb156fb9 - - - - - -] MSGID0004-I: Initialization of HBSDISCSIDriver 2.8.4 started.
2026-10-07 04:05:38.265 3431170 INFO cinder.volume.manager [req-5d57eb0c-63dc-462f-a157-0695fb156fb9 - - - - - -] Image-volume cache disabled for host devstack-92-210@hitachi.
2026-10-07 04:05:38.290 3431170 DEBUG oslo_db.sqlalchemy.engines [req-5d57eb0c-63dc-462f-a157-0695fb156fb9 - - - - - -] MySQL server mode set to STRICT_TRANS_TABLES,STRICT_ALL_TABLES,NO_ZERO_IN_DATE,NO_ZERO_DATE,ERROR_FOR_DIVISION_BY_ZERO,TRADITIONAL,NO_ENGINE_SUBSTITUTION [00;33m{{(pid=3431170) _check_effective_sql_mode /opt/stack/data/venv/lib/python3.12/site-packages/oslo_db/sqlalchemy/engines.py:325}}[00m
2026-10-07 04:05:38.298 3431170 INFO oslo_service.backend._eventlet.service [req-5d57eb0c-63dc-462f-a157-0695fb156fb9 - - - - - -] Starting 1 workers
2026-10-07 04:05:38.304 3431170 DEBUG oslo_service.backend._eventlet.service [req-5d57eb0c-63dc-462f-a157-0695fb156fb9 - - - - - -] Started child 3431182 [00;33m{{(pid=3431170) _start_child /opt/stack/data/venv/lib/python3.12/site-packages/oslo_service/backend/_eventlet/service.py:491}}[00m
2026-10-07 04:05:38.305 3431170 DEBUG oslo_service.backend._eventlet.service [req-5d57eb0c-63dc-462f-a157-0695fb156fb9 - - - - - -] Full set of CONF: [00;33m{{(pid=3431170) wait /opt/stack/data/venv/lib/python3.12/site-packages/oslo_service/backend/_eventlet/service.py:565}}[00m
2026-10-07 04:05:38.305 3431170 DEBUG oslo_service.backend._eventlet.service [req-5d57eb0c-63dc-462f-a157-0695fb156fb9 - - - - - -] ******************************************************************************** [00;33m{{(pid=3431170) log_opt_values /opt/stack/data/venv/lib/python3.12/site-packages/oslo_config/cfg.py:3533}}[00m
2026-10-07 04:05:38.305 3431170 DEBUG oslo_service.backend._eventlet.service [req-5d57eb0c-63dc-462f-a157-0695fb156fb9 - - - - - -] Configuration options gathered from: [00;33m{{(pid=3431170) log_opt_values /opt/stack/data/venv/lib/python3.12/site-packages/oslo_config/cfg.py:3534}}[00m
2026-10-07 04:05:38.305 3431170 DEBUG oslo_service.backend._eventlet.service [req-5d57eb0c-63dc-462f-a157-0695fb156fb9 - - - - - -] command line args: ['--config-file', '/etc/cinder/cinder.conf'] [00;33m{{(pid=3431170) log_opt_values /opt/stack/data/venv/lib/python3.12/site-packages/oslo_config/cfg.py:3535}}[00m
2026-10-07 04:05:38.306 3431170 DEBUG oslo_service.backend._eventlet.service [req-5d57eb0c-63dc-462f-a157-0695fb156fb9 - - - - - -] config files: ['/etc/cinder/cinder.conf'] [00;33m{{(pid=3431170) log_opt_values /opt/stack/data/venv/lib/python3.12/site-packages/oslo_config/cfg.py:3536}}[00m
2026-10-07 04:05:38.306 3431170 DEBUG oslo_service.backend._eventlet.service [req-5d57eb0c-63dc-462f-a157-0695fb156fb9 - - - - - -] ================================================================================ [00;33m{{(pid=3431170) log_opt_values /opt/stack/data/venv/lib/python3.12/site-packages/oslo_config/cfg.py:3541}}[00m
2026-10-07 04:05:38.306 3431170 DEBUG oslo_service.backend._eventlet.service [req-5d57eb0c-63dc-462f-a157-0695fb156fb9 - - - - - -] allow_availability_zone_fallback = False [00;33m{{(pid=3431170) log_opt_values /opt/stack/data/venv/lib/python3.12/site-packages/oslo_config/cfg.py:3549}}[00m
2026-10-07 04:05:38.306 3431170 DEBUG oslo_service.backend._eventlet.service [req-5d57eb0c-63dc-462f-a157-0695fb156fb9 - - - - - -] allow_compression_on_image_upload = False [00;33m{{(pid=3431170) log_opt_values /opt/stack/data/venv/lib/python3.12/site-packages/oslo_config/cfg.py:3549}}[00m
2026-10-07 04:05:38.306 3431170 DEBUG oslo_service.backend._eventlet.service [req-5d57eb0c-63dc-462f-a157-0695fb156fb9 - - - - - -] allowed_direct_url_schemes     = [] [00;33m{{(pid=3431170) log_opt_values /opt/stack/data/venv/lib/python3.12/site-packages/oslo_config/cfg.py:3549}}[00m
2026-10-07 04:05:38.306 3431170 DEBUG oslo_service.backend._eventlet.service [req-5d57eb0c-63dc-462f-a157-0695fb156fb9 - - - - - -] api_rate_limit                 = True [00;33m{{(pid=3431170) log_opt_values /opt/stack/data/venv/lib/python3.12/site-packages/oslo_config/cfg.py:3549}}[00m
2026-10-07 04:05:38.306 3431170 DEBUG oslo_service.backend._eventlet.service [req-5d57eb0c-63dc-462f-a157-0695fb156fb9 - - - - - -] auth_strategy                  = keystone [00;33m{{(pid=3431170) log_opt_values /opt/stack/data/venv/lib/python3.12/site-packages/oslo_config/cfg.py:3549}}[00m
2026-10-07 04:05:38.306 3431170 DEBUG oslo_service.backend._eventlet.service [req-5d57eb0c-63dc-462f-a157-0695fb156fb9 - - - - - -] backend_availability_zone      = None [00;33m{{(pid=3431170) log_opt_values /opt/stack/data/venv/lib/python3.12/site-packages/oslo_config/cfg.py:3549}}[00m
2026-10-07 04:05:38.306 3431170 DEBUG oslo_service.backend._eventlet.service [req-5d57eb0c-63dc-462f-a157-0695fb156fb9 - - - - - -] backend_host                   = None [00;33m{{(pid=3431170) log_opt_values /opt/stack/data/venv/lib/python3.12/site-packages/oslo_config/cfg.py:3549}}[00m
2026-10-07 04:05:38.306 3431170 DEBUG oslo_service.backend._eventlet.service [req-5d57eb0c-63dc-462f-a157-0695fb156fb9 - - - - - -] backend_name                   = None [00;33m{{(pid=3431170) log_opt_values /opt/stack/data/venv/lib/python3.12/site-packages/oslo_config/cfg.py:3549}}[00m
2026-10-07 04:05:38.307 3431170 DEBUG oslo_service.backend._eventlet.service [req-5d57eb0c-63dc-462f-a157-0695fb156fb9 - - - - - -] backend_stats_polling_interval = 60 [00;33m{{(pid=3431170) log_opt_values /opt/stack/data/venv/lib/python3.12/site-packages/oslo_config/cfg.py:3549}}[00m
2026-10-07 04:05:38.307 3431170 DEBUG oslo_service.backend._eventlet.service [req-5d57eb0c-63dc-462f-a157-0695fb156fb9 - - - - - -] backup_api_class               = cinder.backup.api.API [00;33m{{(pid=3431170) log_opt_values /opt/stack/data/venv/lib/python3.12/site-packages/oslo_config/cfg.py:3549}}[00m
2026-10-07 04:05:38.307 3431170 DEBUG oslo_service.backend._eventlet.service [req-5d57eb0c-63dc-462f-a157-0695fb156fb9 - - - - - -] backup_manager                 = cinder.backup.manager.BackupManager [00;33m{{(pid=3431170) log_opt_values /opt/stack/data/venv/lib/python3.12/site-packages/oslo_config/cfg.py:3549}}[00m
2026-10-07 04:05:38.307 3431170 DEBUG oslo_service.backend._eventlet.service [req-5d57eb0c-63dc-462f-a157-0695fb156fb9 - - - - - -] backup_name_template           = backup-%s [00;33m{{(pid=3431170) log_opt_values /opt/stack/data/venv/lib/python3.12/site-packages/oslo_config/cfg.py:3549}}[00m
2026-10-07 04:05:38.307 3431170 DEBUG oslo_service.backend._eventlet.service [req-5d57eb0c-63dc-462f-a157-0695fb156fb9 - - - - - -] backup_use_same_host           = False [00;33m{{(pid=3431170) log_opt_values /opt/stack/data/venv/lib/python3.12/site-packages/oslo_config/cfg.py:3549}}[00m
2026-10-07 04:05:38.307 3431170 DEBUG oslo_service.backend._eventlet.service [req-5d57eb0c-63dc-462f-a157-0695fb156fb9 - - - - - -] backup_use_temp_snapshot       = False [00;33m{{(pid=3431170) log_opt_values /opt/stack/data/venv/lib/python3.12/site-packages/oslo_config/cfg.py:3549}}[00m
2026-10-07 04:05:38.307 3431182 INFO cinder.service [-] Starting cinder-volume node (version 29.1.0)
2026-10-07 04:05:38.307 3431170 DEBUG oslo_service.backend._eventlet.service [req-5d57eb0c-63dc-462f-a157-0695fb156fb9 - - - - - -] chap_password                  = **** [00;33m{{(pid=3431170) log_opt_values /opt/stack/data/venv/lib/python3.12/site-packages/oslo_config/cfg.py:3549}}[00m
2026-10-07 04:05:38.309 3431170 DEBUG oslo_service.backend._eventlet.service [req-5d57eb0c-63dc-462f-a157-0695fb156fb9 - - - - - -] chap_username                  =  [00;33m{{(pid=3431170) log_opt_values /opt/stack/data/venv/lib/python3.12/site-packages/oslo_config/cfg.py:3549}}[00m
2026-10-07 04:05:38.309 3431170 DEBUG oslo_service.backend._eventlet.service [req-5d57eb0c-63dc-462f-a157-0695fb156fb9 - - - - - -] chiscsi_conf                   = /etc/chelsio-iscsi/chiscsi.conf [00;33m{{(pid=3431170) log_opt_values /opt/stack/data/venv/lib/python3.12/site-packages/oslo_config/cfg.py:3549}}[00m
2026-10-07 04:05:38.309 3431170 DEBUG oslo_service.backend._eventlet.service [req-5d57eb0c-63dc-462f-a157-0695fb156fb9 - - - - - -] cinder_internal_tenant_project_id = 20bce35cd21448109707cda226e27907 [00;33m{{(pid=3431170) log_opt_values /opt/stack/data/venv/lib/python3.12/site-packages/oslo_config/cfg.py:3549}}[00m
2026-10-07 04:05:38.310 3431170 DEBUG oslo_service.backend._eventlet.service [req-5d57eb0c-63dc-462f-a157-0695fb156fb9 - - - - - -] cinder_internal_tenant_user_id = 5496ae6a21844c2ea5a0bcc0024bb0ba [00;33m{{(pid=3431170) log_opt_values /opt/stack/data/venv/lib/python3.12/site-packages/oslo_config/cfg.py:3549}}[00m
2026-10-07 04:05:38.310 3431170 DEBUG oslo_service.backend._eventlet.service [req-5d57eb0c-63dc-462f-a157-0695fb156fb9 - - - - - -] cluster                        = None [00;33m{{(pid=3431170) log_opt_values /opt/stack/data/venv/lib/python3.12/site-packages/oslo_config/cfg.py:3549}}[00m
2026-10-07 04:05:38.310 3431170 DEBUG oslo_service.backend._eventlet.service [req-5d57eb0c-63dc-462f-a157-0695fb156fb9 - - - - - -] compression_format             = gzip [00;33m{{(pid=3431170) log_opt_values /opt/stack/data/venv/lib/python3.12/site-packages/oslo_config/cfg.py:3549}}[00m
2026-10-07 04:05:38.310 3431170 DEBUG oslo_service.backend._eventlet.service [req-5d57eb0c-63dc-462f-a157-0695fb156fb9 - - - - - -] compute_api_class              = cinder.compute.nova.API [00;33m{{(pid=3431170) log_opt_values /opt/stack/data/venv/lib/python3.12/site-packages/oslo_config/cfg.py:3549}}[00m
2026-10-07 04:05:38.310 3431170 DEBUG oslo_service.backend._eventlet.service [req-5d57eb0c-63dc-462f-a157-0695fb156fb9 - - - - - -] config_dir                     = [] [00;33m{{(pid=3431170) log_opt_values /opt/stack/data/venv/lib/python3.12/site-packages/oslo_config/cfg.py:3549}}[00m
2026-10-07 04:05:38.310 3431170 DEBUG oslo_service.backend._eventlet.service [req-5d57eb0c-63dc-462f-a157-0695fb156fb9 - - - - - -] config_file                    = ['/etc/cinder/cinder.conf'] [00;33m{{(pid=3431170) log_opt_values /opt/stack/data/venv/lib/python3.12/site-packages/oslo_config/cfg.py:3549}}[00m
2026-10-07 04:05:38.310 3431170 DEBUG oslo_service.backend._eventlet.service [req-5d57eb0c-63dc-462f-a157-0695fb156fb9 - - - - - -] config_source                  = [] [00;33m{{(pid=3431170) log_opt_values /opt/stack/data/venv/lib/python3.12/site-packages/oslo_config/cfg.py:3549}}[00m
2026-10-07 04:05:38.311 3431170 DEBUG oslo_service.backend._eventlet.service [req-5d57eb0c-63dc-462f-a157-0695fb156fb9 - - - - - -] consistencygroup_api_class     = cinder.consistencygroup.api.API [00;33m{{(pid=3431170) log_opt_values /opt/stack/data/venv/lib/python3.12/site-packages/oslo_config/cfg.py:3549}}[00m
2026-10-07 04:05:38.311 3431170 DEBUG oslo_service.backend._eventlet.service [req-5d57eb0c-63dc-462f-a157-0695fb156fb9 - - - - - -] control_exchange               = openstack [00;33m{{(pid=3431170) log_opt_values /opt/stack/data/venv/lib/python3.12/site-packages/oslo_config/cfg.py:3549}}[00m
2026-10-07 04:05:38.311 3431170 DEBUG oslo_service.backend._eventlet.service [req-5d57eb0c-63dc-462f-a157-0695fb156fb9 - - - - - -] debug                          = True [00;33m{{(pid=3431170) log_opt_values /opt/stack/data/venv/lib/python3.12/site-packages/oslo_config/cfg.py:3549}}[00m
2026-10-07 04:05:38.311 3431170 DEBUG oslo_service.backend._eventlet.service [req-5d57eb0c-63dc-462f-a157-0695fb156fb9 - - - - - -] default_availability_zone      = None [00;33m{{(pid=3431170) log_opt_values /opt/stack/data/venv/lib/python3.12/site-packages/oslo_config/cfg.py:3549}}[00m
2026-10-07 04:05:38.311 3431170 DEBUG oslo_service.backend._eventlet.service [req-5d57eb0c-63dc-462f-a157-0695fb156fb9 - - - - - -] default_group_type             = None [00;33m{{(pid=3431170) log_opt_values /opt/stack/data/venv/lib/python3.12/site-packages/oslo_config/cfg.py:3549}}[00m
2026-10-07 04:05:38.311 3431170 DEBUG oslo_service.backend._eventlet.service [req-5d57eb0c-63dc-462f-a157-0695fb156fb9 - - - - - -] default_log_levels             = ['amqp=WARN', 'boto=WARN', 'sqlalchemy=WARN', 'suds=INFO', 'oslo.messaging=INFO', 'oslo_messaging=INFO', 'iso8601=WARN', 'requests.packages.urllib3.connectionpool=WARN', 'urllib3.connectionpool=WARN', 'websocket=WARN', 'requests.packages.urllib3.util.retry=WARN', 'urllib3.util.retry=WARN', 'keystonemiddleware=WARN', 'routes.middleware=WARN', 'stevedore=WARN', 'taskflow=WARN', 'keystoneauth=WARN', 'oslo.cache=INFO', 'oslo_policy=INFO', 'dogpile.core.dogpile=INFO'] [00;33m{{(pid=3431170) log_opt_values /opt/stack/data/venv/lib/python3.12/site-packages/oslo_config/cfg.py:3549}}[00m
2026-10-07 04:05:38.311 3431170 DEBUG oslo_service.backend._eventlet.service [req-5d57eb0c-63dc-462f-a157-0695fb156fb9 - - - - - -] default_volume_type            = hitachi [00;33m{{(pid=3431170) log_opt_values /opt/stack/data/venv/lib/python3.12/site-packages/oslo_config/cfg.py:3549}}[00m
2026-10-07 04:05:38.311 3431170 DEBUG oslo_service.backend._eventlet.service [req-5d57eb0c-63dc-462f-a157-0695fb156fb9 - - - - - -] disk_geometry                  = None [00;33m{{(pid=3431170) log_opt_values /opt/stack/data/venv/lib/python3.12/site-packages/oslo_config/cfg.py:3549}}[00m
2026-10-07 04:05:38.311 3431170 DEBUG oslo_service.backend._eventlet.service [req-5d57eb0c-63dc-462f-a157-0695fb156fb9 - - - - - -] driver_client_cert             = None [00;33m{{(pid=3431170) log_opt_values /opt/stack/data/venv/lib/python3.12/site-packages/oslo_config/cfg.py:3549}}[00m
2026-10-07 04:05:38.311 3431170 DEBUG oslo_service.backend._eventlet.service [req-5d57eb0c-63dc-462f-a157-0695fb156fb9 - - - - - -] driver_client_cert_key         = None [00;33m{{(pid=3431170) log_opt_values /opt/stack/data/venv/lib/python3.12/site-packages/oslo_config/cfg.py:3549}}[00m
2026-10-07 04:05:38.312 3431170 DEBUG oslo_service.backend._eventlet.service [req-5d57eb0c-63dc-462f-a157-0695fb156fb9 - - - - - -] driver_data_namespace          = None [00;33m{{(pid=3431170) log_opt_values /opt/stack/data/venv/lib/python3.12/site-packages/oslo_config/cfg.py:3549}}[00m
2026-10-07 04:05:38.312 3431170 DEBUG oslo_service.backend._eventlet.service [req-5d57eb0c-63dc-462f-a157-0695fb156fb9 - - - - - -] driver_ssl_cert_path           = None [00;33m{{(pid=3431170) log_opt_values /opt/stack/data/venv/lib/python3.12/site-packages/oslo_config/cfg.py:3549}}[00m
2026-10-07 04:05:38.312 3431170 DEBUG oslo_service.backend._eventlet.service [req-5d57eb0c-63dc-462f-a157-0695fb156fb9 - - - - - -] driver_ssl_cert_verify         = False [00;33m{{(pid=3431170) log_opt_values /opt/stack/data/venv/lib/python3.12/site-packages/oslo_config/cfg.py:3549}}[00m
2026-10-07 04:05:38.312 3431170 DEBUG oslo_service.backend._eventlet.service [req-5d57eb0c-63dc-462f-a157-0695fb156fb9 - - - - - -] driver_use_ssl                 = False [00;33m{{(pid=3431170) log_opt_values /opt/stack/data/venv/lib/python3.12/site-packages/oslo_config/cfg.py:3549}}[00m
2026-10-07 04:05:38.312 3431170 DEBUG oslo_service.backend._eventlet.service [req-5d57eb0c-63dc-462f-a157-0695fb156fb9 - - - - - -] enable_new_services            = True [00;33m{{(pid=3431170) log_opt_values /opt/stack/data/venv/lib/python3.12/site-packages/oslo_config/cfg.py:3549}}[00m
2026-10-07 04:05:38.312 3431170 DEBUG oslo_service.backend._eventlet.service [req-5d57eb0c-63dc-462f-a157-0695fb156fb9 - - - - - -] enable_unsupported_driver      = False [00;33m{{(pid=3431170) log_opt_values /opt/stack/data/venv/lib/python3.12/site-packages/oslo_config/cfg.py:3549}}[00m
2026-10-07 04:05:38.312 3431170 DEBUG oslo_service.backend._eventlet.service [req-5d57eb0c-63dc-462f-a157-0695fb156fb9 - - - - - -] enabled_backends               = ['hitachi'] [00;33m{{(pid=3431170) log_opt_values /opt/stack/data/venv/lib/python3.12/site-packages/oslo_config/cfg.py:3549}}[00m
2026-10-07 04:05:38.312 3431170 DEBUG oslo_service.backend._eventlet.service [req-5d57eb0c-63dc-462f-a157-0695fb156fb9 - - - - - -] enforce_multipath_for_image_xfer = False [00;33m{{(pid=3431170) log_opt_values /opt/stack/data/venv/lib/python3.12/site-packages/oslo_config/cfg.py:3549}}[00m
2026-10-07 04:05:38.312 3431170 DEBUG oslo_service.backend._eventlet.service [req-5d57eb0c-63dc-462f-a157-0695fb156fb9 - - - - - -] filter_function                = None [00;33m{{(pid=3431170) log_opt_values /opt/stack/data/venv/lib/python3.12/site-packages/oslo_config/cfg.py:3549}}[00m
2026-10-07 04:05:38.312 3431170 DEBUG oslo_service.backend._eventlet.service [req-5d57eb0c-63dc-462f-a157-0695fb156fb9 - - - - - -] glance_api_insecure            = False [00;33m{{(pid=3431170) log_opt_values /opt/stack/data/venv/lib/python3.12/site-packages/oslo_config/cfg.py:3549}}[00m
2026-10-07 04:05:38.312 3431170 DEBUG oslo_service.backend._eventlet.service [req-5d57eb0c-63dc-462f-a157-0695fb156fb9 - - - - - -] glance_api_servers             = ['http://172.25.92.210/image'] [00;33m{{(pid=3431170) log_opt_values /opt/stack/data/venv/lib/python3.12/site-packages/oslo_config/cfg.py:3549}}[00m
2026-10-07 04:05:38.312 3431170 DEBUG oslo_service.backend._eventlet.service [req-5d57eb0c-63dc-462f-a157-0695fb156fb9 - - - - - -] glance_api_ssl_compression     = False [00;33m{{(pid=3431170) log_opt_values /opt/stack/data/venv/lib/python3.12/site-packages/oslo_config/cfg.py:3549}}[00m
2026-10-07 04:05:38.313 3431170 DEBUG oslo_service.backend._eventlet.service [req-5d57eb0c-63dc-462f-a157-0695fb156fb9 - - - - - -] glance_ca_certificates_file    = None [00;33m{{(pid=3431170) log_opt_values /opt/stack/data/venv/lib/python3.12/site-packages/oslo_config/cfg.py:3549}}[00m
2026-10-07 04:05:38.313 3431170 DEBUG oslo_service.backend._eventlet.service [req-5d57eb0c-63dc-462f-a157-0695fb156fb9 - - - - - -] glance_catalog_info            = image:glance:publicURL [00;33m{{(pid=3431170) log_opt_values /opt/stack/data/venv/lib/python3.12/site-packages/oslo_config/cfg.py:3549}}[00m
2026-10-07 04:05:38.313 3431170 DEBUG oslo_service.backend._eventlet.service [req-5d57eb0c-63dc-462f-a157-0695fb156fb9 - - - - - -] glance_certfile                = None [00;33m{{(pid=3431170) log_opt_values /opt/stack/data/venv/lib/python3.12/site-packages/oslo_config/cfg.py:3549}}[00m
2026-10-07 04:05:38.313 3431170 DEBUG oslo_service.backend._eventlet.service [req-5d57eb0c-63dc-462f-a157-0695fb156fb9 - - - - - -] glance_core_properties         = ['checksum', 'container_format', 'disk_format', 'image_name', 'image_id', 'min_disk', 'min_ram', 'name', 'size'] [00;33m{{(pid=3431170) log_opt_values /opt/stack/data/venv/lib/python3.12/site-packages/oslo_config/cfg.py:3549}}[00m
2026-10-07 04:05:38.313 3431170 DEBUG oslo_service.backend._eventlet.service [req-5d57eb0c-63dc-462f-a157-0695fb156fb9 - - - - - -] glance_keyfile                 = None [00;33m{{(pid=3431170) log_opt_values /opt/stack/data/venv/lib/python3.12/site-packages/oslo_config/cfg.py:3549}}[00m
2026-10-07 04:05:38.313 3431170 DEBUG oslo_service.backend._eventlet.service [req-5d57eb0c-63dc-462f-a157-0695fb156fb9 - - - - - -] glance_num_retries             = 3 [00;33m{{(pid=3431170) log_opt_values /opt/stack/data/venv/lib/python3.12/site-packages/oslo_config/cfg.py:3549}}[00m
2026-10-07 04:05:38.313 3431170 DEBUG oslo_service.backend._eventlet.service [req-5d57eb0c-63dc-462f-a157-0695fb156fb9 - - - - - -] glance_request_timeout         = None [00;33m{{(pid=3431170) log_opt_values /opt/stack/data/venv/lib/python3.12/site-packages/oslo_config/cfg.py:3549}}[00m
2026-10-07 04:05:38.313 3431170 DEBUG oslo_service.backend._eventlet.service [req-5d57eb0c-63dc-462f-a157-0695fb156fb9 - - - - - -] goodness_function              = None [00;33m{{(pid=3431170) log_opt_values /opt/stack/data/venv/lib/python3.12/site-packages/oslo_config/cfg.py:3549}}[00m
2026-10-07 04:05:38.313 3431170 DEBUG oslo_service.backend._eventlet.service [req-5d57eb0c-63dc-462f-a157-0695fb156fb9 - - - - - -] graceful_shutdown_timeout      = 5 [00;33m{{(pid=3431170) log_opt_values /opt/stack/data/venv/lib/python3.12/site-packages/oslo_config/cfg.py:3549}}[00m
2026-10-07 04:05:38.313 3431170 DEBUG oslo_service.backend._eventlet.service [req-5d57eb0c-63dc-462f-a157-0695fb156fb9 - - - - - -] group_api_class                = cinder.group.api.API [00;33m{{(pid=3431170) log_opt_values /opt/stack/data/venv/lib/python3.12/site-packages/oslo_config/cfg.py:3549}}[00m
2026-10-07 04:05:38.313 3431170 DEBUG oslo_service.backend._eventlet.service [req-5d57eb0c-63dc-462f-a157-0695fb156fb9 - - - - - -] hitachi_mirror_auth_password   = **** [00;33m{{(pid=3431170) log_opt_values /opt/stack/data/venv/lib/python3.12/site-packages/oslo_config/cfg.py:3549}}[00m
2026-10-07 04:05:38.314 3431170 DEBUG oslo_service.backend._eventlet.service [req-5d57eb0c-63dc-462f-a157-0695fb156fb9 - - - - - -] hitachi_mirror_auth_user       = None [00;33m{{(pid=3431170) log_opt_values /opt/stack/data/venv/lib/python3.12/site-packages/oslo_config/cfg.py:3549}}[00m
2026-10-07 04:05:38.314 3431170 DEBUG oslo_service.backend._eventlet.service [req-5d57eb0c-63dc-462f-a157-0695fb156fb9 - - - - - -] hitachi_mirror_compute_target_ports = [] [00;33m{{(pid=3431170) log_opt_values /opt/stack/data/venv/lib/python3.12/site-packages/oslo_config/cfg.py:3549}}[00m
2026-10-07 04:05:38.314 3431170 DEBUG oslo_service.backend._eventlet.service [req-5d57eb0c-63dc-462f-a157-0695fb156fb9 - - - - - -] hitachi_mirror_ldev_range      = None [00;33m{{(pid=3431170) log_opt_values /opt/stack/data/venv/lib/python3.12/site-packages/oslo_config/cfg.py:3549}}[00m
2026-10-07 04:05:38.314 3431170 DEBUG oslo_service.backend._eventlet.service [req-5d57eb0c-63dc-462f-a157-0695fb156fb9 - - - - - -] hitachi_mirror_pair_target_number = 0 [00;33m{{(pid=3431170) log_opt_values /opt/stack/data/venv/lib/python3.12/site-packages/oslo_config/cfg.py:3549}}[00m
2026-10-07 04:05:38.314 3431170 DEBUG oslo_service.backend._eventlet.service [req-5d57eb0c-63dc-462f-a157-0695fb156fb9 - - - - - -] hitachi_mirror_pool            = None [00;33m{{(pid=3431170) log_opt_values /opt/stack/data/venv/lib/python3.12/site-packages/oslo_config/cfg.py:3549}}[00m
2026-10-07 04:05:38.314 3431170 DEBUG oslo_service.backend._eventlet.service [req-5d57eb0c-63dc-462f-a157-0695fb156fb9 - - - - - -] hitachi_mirror_rest_api_ip     = None [00;33m{{(pid=3431170) log_opt_values /opt/stack/data/venv/lib/python3.12/site-packages/oslo_config/cfg.py:3549}}[00m
2026-10-07 04:05:38.314 3431170 DEBUG oslo_service.backend._eventlet.service [req-5d57eb0c-63dc-462f-a157-0695fb156fb9 - - - - - -] hitachi_mirror_rest_api_port   = 443 [00;33m{{(pid=3431170) log_opt_values /opt/stack/data/venv/lib/python3.12/site-packages/oslo_config/cfg.py:3549}}[00m
2026-10-07 04:05:38.314 3431170 DEBUG oslo_service.backend._eventlet.service [req-5d57eb0c-63dc-462f-a157-0695fb156fb9 - - - - - -] hitachi_mirror_rest_pair_target_ports = [] [00;33m{{(pid=3431170) log_opt_values /opt/stack/data/venv/lib/python3.12/site-packages/oslo_config/cfg.py:3549}}[00m
2026-10-07 04:05:38.314 3431170 DEBUG oslo_service.backend._eventlet.service [req-5d57eb0c-63dc-462f-a157-0695fb156fb9 - - - - - -] hitachi_mirror_rest_password   = **** [00;33m{{(pid=3431170) log_opt_values /opt/stack/data/venv/lib/python3.12/site-packages/oslo_config/cfg.py:3549}}[00m
2026-10-07 04:05:38.314 3431170 DEBUG oslo_service.backend._eventlet.service [req-5d57eb0c-63dc-462f-a157-0695fb156fb9 - - - - - -] hitachi_mirror_rest_user       = None [00;33m{{(pid=3431170) log_opt_values /opt/stack/data/venv/lib/python3.12/site-packages/oslo_config/cfg.py:3549}}[00m
2026-10-07 04:05:38.314 3431170 DEBUG oslo_service.backend._eventlet.service [req-5d57eb0c-63dc-462f-a157-0695fb156fb9 - - - - - -] hitachi_mirror_snap_pool       = None [00;33m{{(pid=3431170) log_opt_values /opt/stack/data/venv/lib/python3.12/site-packages/oslo_config/cfg.py:3549}}[00m
2026-10-07 04:05:38.314 3431170 DEBUG oslo_service.backend._eventlet.service [req-5d57eb0c-63dc-462f-a157-0695fb156fb9 - - - - - -] hitachi_mirror_ssl_cert_path   = None [00;33m{{(pid=3431170) log_opt_values /opt/stack/data/venv/lib/python3.12/site-packages/oslo_config/cfg.py:3549}}[00m
2026-10-07 04:05:38.314 3431170 DEBUG oslo_service.backend._eventlet.service [req-5d57eb0c-63dc-462f-a157-0695fb156fb9 - - - - - -] hitachi_mirror_ssl_cert_verify = False [00;33m{{(pid=3431170) log_opt_values /opt/stack/data/venv/lib/python3.12/site-packages/oslo_config/cfg.py:3549}}[00m
2026-10-07 04:05:38.315 3431170 DEBUG oslo_service.backend._eventlet.service [req-5d57eb0c-63dc-462f-a157-0695fb156fb9 - - - - - -] hitachi_mirror_storage_id      = None [00;33m{{(pid=3431170) log_opt_values /opt/stack/data/venv/lib/python3.12/site-packages/oslo_config/cfg.py:3549}}[00m
2026-10-07 04:05:38.315 3431170 DEBUG oslo_service.backend._eventlet.service [req-5d57eb0c-63dc-462f-a157-0695fb156fb9 - - - - - -] hitachi_mirror_target_ports    = [] [00;33m{{(pid=3431170) log_opt_values /opt/stack/data/venv/lib/python3.12/site-packages/oslo_config/cfg.py:3549}}[00m
2026-10-07 04:05:38.315 3431170 DEBUG oslo_service.backend._eventlet.service [req-5d57eb0c-63dc-462f-a157-0695fb156fb9 - - - - - -] hitachi_mirror_use_chap_auth   = False [00;33m{{(pid=3431170) log_opt_values /opt/stack/data/venv/lib/python3.12/site-packages/oslo_config/cfg.py:3549}}[00m
2026-10-07 04:05:38.315 3431170 DEBUG oslo_service.backend._eventlet.service [req-5d57eb0c-63dc-462f-a157-0695fb156fb9 - - - - - -] hitachi_path_group_id          = 0 [00;33m{{(pid=3431170) log_opt_values /opt/stack/data/venv/lib/python3.12/site-packages/oslo_config/cfg.py:3549}}[00m
2026-10-07 04:05:38.315 3431170 DEBUG oslo_service.backend._eventlet.service [req-5d57eb0c-63dc-462f-a157-0695fb156fb9 - - - - - -] hitachi_quorum_disk_id         = None [00;33m{{(pid=3431170) log_opt_values /opt/stack/data/venv/lib/python3.12/site-packages/oslo_config/cfg.py:3549}}[00m
2026-10-07 04:05:38.315 3431170 DEBUG oslo_service.backend._eventlet.service [req-5d57eb0c-63dc-462f-a157-0695fb156fb9 - - - - - -] hitachi_replication_copy_speed = 3 [00;33m{{(pid=3431170) log_opt_values /opt/stack/data/venv/lib/python3.12/site-packages/oslo_config/cfg.py:3549}}[00m
2026-10-07 04:05:38.315 3431170 DEBUG oslo_service.backend._eventlet.service [req-5d57eb0c-63dc-462f-a157-0695fb156fb9 - - - - - -] hitachi_replication_journal_creation_speed = L [00;33m{{(pid=3431170) log_opt_values /opt/stack/data/venv/lib/python3.12/site-packages/oslo_config/cfg.py:3549}}[00m
2026-10-07 04:05:38.315 3431170 DEBUG oslo_service.backend._eventlet.service [req-5d57eb0c-63dc-462f-a157-0695fb156fb9 - - - - - -] hitachi_replication_journal_overflow_tolerance = 60 [00;33m{{(pid=3431170) log_opt_values /opt/stack/data/venv/lib/python3.12/site-packages/oslo_config/cfg.py:3549}}[00m
2026-10-07 04:05:38.315 3431170 DEBUG oslo_service.backend._eventlet.service [req-5d57eb0c-63dc-462f-a157-0695fb156fb9 - - - - - -] hitachi_replication_journal_path_failure_tolerance = 5 [00;33m{{(pid=3431170) log_opt_values /opt/stack/data/venv/lib/python3.12/site-packages/oslo_config/cfg.py:3549}}[00m
2026-10-07 04:05:38.315 3431170 DEBUG oslo_service.backend._eventlet.service [req-5d57eb0c-63dc-462f-a157-0695fb156fb9 - - - - - -] hitachi_replication_journal_size = None [00;33m{{(pid=3431170) log_opt_values /opt/stack/data/venv/lib/python3.12/site-packages/oslo_config/cfg.py:3549}}[00m
2026-10-07 04:05:38.315 3431170 DEBUG oslo_service.backend._eventlet.service [req-5d57eb0c-63dc-462f-a157-0695fb156fb9 - - - - - -] hitachi_replication_journal_transfer_speed = 256 [00;33m{{(pid=3431170) log_opt_values /opt/stack/data/venv/lib/python3.12/site-packages/oslo_config/cfg.py:3549}}[00m
2026-10-07 04:05:38.315 3431170 DEBUG oslo_service.backend._eventlet.service [req-5d57eb0c-63dc-462f-a157-0695fb156fb9 - - - - - -] hitachi_replication_journal_use_cache = True [00;33m{{(pid=3431170) log_opt_values /opt/stack/data/venv/lib/python3.12/site-packages/oslo_config/cfg.py:3549}}[00m
2026-10-07 04:05:38.316 3431170 DEBUG oslo_service.backend._eventlet.service [req-5d57eb0c-63dc-462f-a157-0695fb156fb9 - - - - - -] hitachi_replication_mun        = 1 [00;33m{{(pid=3431170) log_opt_values /opt/stack/data/venv/lib/python3.12/site-packages/oslo_config/cfg.py:3549}}[00m
2026-10-07 04:05:38.316 3431170 DEBUG oslo_service.backend._eventlet.service [req-5d57eb0c-63dc-462f-a157-0695fb156fb9 - - - - - -] hitachi_replication_number     = 0 [00;33m{{(pid=3431170) log_opt_values /opt/stack/data/venv/lib/python3.12/site-packages/oslo_config/cfg.py:3549}}[00m
2026-10-07 04:05:38.316 3431170 DEBUG oslo_service.backend._eventlet.service [req-5d57eb0c-63dc-462f-a157-0695fb156fb9 - - - - - -] hitachi_replication_status_check_long_interval = 600 [00;33m{{(pid=3431170) log_opt_values /opt/stack/data/venv/lib/python3.12/site-packages/oslo_config/cfg.py:3549}}[00m
2026-10-07 04:05:38.316 3431170 DEBUG oslo_service.backend._eventlet.service [req-5d57eb0c-63dc-462f-a157-0695fb156fb9 - - - - - -] hitachi_replication_status_check_short_interval = 5 [00;33m{{(pid=3431170) log_opt_values /opt/stack/data/venv/lib/python3.12/site-packages/oslo_config/cfg.py:3549}}[00m
2026-10-07 04:05:38.316 3431170 DEBUG oslo_service.backend._eventlet.service [req-5d57eb0c-63dc-462f-a157-0695fb156fb9 - - - - - -] hitachi_replication_status_check_timeout = 86400 [00;33m{{(pid=3431170) log_opt_values /opt/stack/data/venv/lib/python3.12/site-packages/oslo_config/cfg.py:3549}}[00m
2026-10-07 04:05:38.316 3431170 DEBUG oslo_service.backend._eventlet.service [req-5d57eb0c-63dc-462f-a157-0695fb156fb9 - - - - - -] hitachi_set_mirror_reserve_attribute = True [00;33m{{(pid=3431170) log_opt_values /opt/stack/data/venv/lib/python3.12/site-packages/oslo_config/cfg.py:3549}}[00m
2026-10-07 04:05:38.316 3431170 DEBUG oslo_service.backend._eventlet.service [req-5d57eb0c-63dc-462f-a157-0695fb156fb9 - - - - - -] host                           = devstack-92-210 [00;33m{{(pid=3431170) log_opt_values /opt/stack/data/venv/lib/python3.12/site-packages/oslo_config/cfg.py:3549}}[00m
2026-10-07 04:05:38.316 3431170 DEBUG oslo_service.backend._eventlet.service [req-5d57eb0c-63dc-462f-a157-0695fb156fb9 - - - - - -] image_compress_on_upload       = True [00;33m{{(pid=3431170) log_opt_values /opt/stack/data/venv/lib/python3.12/site-packages/oslo_config/cfg.py:3549}}[00m
2026-10-07 04:05:38.316 3431170 DEBUG oslo_service.backend._eventlet.service [req-5d57eb0c-63dc-462f-a157-0695fb156fb9 - - - - - -] image_conversion_address_space_limit = 1 [00;33m{{(pid=3431170) log_opt_values /opt/stack/data/venv/lib/python3.12/site-packages/oslo_config/cfg.py:3549}}[00m
2026-10-07 04:05:38.316 3431170 DEBUG oslo_service.backend._eventlet.service [req-5d57eb0c-63dc-462f-a157-0695fb156fb9 - - - - - -] image_conversion_cpu_limit     = 60 [00;33m{{(pid=3431170) log_opt_values /opt/stack/data/venv/lib/python3.12/site-packages/oslo_config/cfg.py:3549}}[00m
2026-10-07 04:05:38.316 3431170 DEBUG oslo_service.backend._eventlet.service [req-5d57eb0c-63dc-462f-a157-0695fb156fb9 - - - - - -] image_conversion_dir           = /opt/stack/data/cinder/conversion [00;33m{{(pid=3431170) log_opt_values /opt/stack/data/venv/lib/python3.12/site-packages/oslo_config/cfg.py:3549}}[00m
2026-10-07 04:05:38.316 3431170 DEBUG oslo_service.backend._eventlet.service [req-5d57eb0c-63dc-462f-a157-0695fb156fb9 - - - - - -] image_conversion_disable       = False [00;33m{{(pid=3431170) log_opt_values /opt/stack/data/venv/lib/python3.12/site-packages/oslo_config/cfg.py:3549}}[00m
2026-10-07 04:05:38.317 3431170 DEBUG oslo_service.backend._eventlet.service [req-5d57eb0c-63dc-462f-a157-0695fb156fb9 - - - - - -] image_introspection_address_space_limit = 1 [00;33m{{(pid=3431170) log_opt_values /opt/stack/data/venv/lib/python3.12/site-packages/oslo_config/cfg.py:3549}}[00m
2026-10-07 04:05:38.317 3431170 DEBUG oslo_service.backend._eventlet.service [req-5d57eb0c-63dc-462f-a157-0695fb156fb9 - - - - - -] image_introspection_cpu_limit  = 60 [00;33m{{(pid=3431170) log_opt_values /opt/stack/data/venv/lib/python3.12/site-packages/oslo_config/cfg.py:3549}}[00m
2026-10-07 04:05:38.317 3431170 DEBUG oslo_service.backend._eventlet.service [req-5d57eb0c-63dc-462f-a157-0695fb156fb9 - - - - - -] image_upload_use_cinder_backend = False [00;33m{{(pid=3431170) log_opt_values /opt/stack/data/venv/lib/python3.12/site-packages/oslo_config/cfg.py:3549}}[00m
2026-10-07 04:05:38.317 3431170 DEBUG oslo_service.backend._eventlet.service [req-5d57eb0c-63dc-462f-a157-0695fb156fb9 - - - - - -] image_upload_use_internal_tenant = False [00;33m{{(pid=3431170) log_opt_values /opt/stack/data/venv/lib/python3.12/site-packages/oslo_config/cfg.py:3549}}[00m
2026-10-07 04:05:38.317 3431170 DEBUG oslo_service.backend._eventlet.service [req-5d57eb0c-63dc-462f-a157-0695fb156fb9 - - - - - -] image_volume_cache_enabled     = False [00;33m{{(pid=3431170) log_opt_values /opt/stack/data/venv/lib/python3.12/site-packages/oslo_config/cfg.py:3549}}[00m
2026-10-07 04:05:38.317 3431170 DEBUG oslo_service.backend._eventlet.service [req-5d57eb0c-63dc-462f-a157-0695fb156fb9 - - - - - -] image_volume_cache_max_count   = 0 [00;33m{{(pid=3431170) log_opt_values /opt/stack/data/venv/lib/python3.12/site-packages/oslo_config/cfg.py:3549}}[00m
2026-10-07 04:05:38.317 3431170 DEBUG oslo_service.backend._eventlet.service [req-5d57eb0c-63dc-462f-a157-0695fb156fb9 - - - - - -] image_volume_cache_max_size_gb = 0 [00;33m{{(pid=3431170) log_opt_values /opt/stack/data/venv/lib/python3.12/site-packages/oslo_config/cfg.py:3549}}[00m
2026-10-07 04:05:38.317 3431170 DEBUG oslo_service.backend._eventlet.service [req-5d57eb0c-63dc-462f-a157-0695fb156fb9 - - - - - -] init_host_max_objects_retrieval = 0 [00;33m{{(pid=3431170) log_opt_values /opt/stack/data/venv/lib/python3.12/site-packages/oslo_config/cfg.py:3549}}[00m
2026-10-07 04:05:38.317 3431170 DEBUG oslo_service.backend._eventlet.service [req-5d57eb0c-63dc-462f-a157-0695fb156fb9 - - - - - -] instance_format                = [instance: %(uuid)s]  [00;33m{{(pid=3431170) log_opt_values /opt/stack/data/venv/lib/python3.12/site-packages/oslo_config/cfg.py:3549}}[00m
2026-10-07 04:05:38.317 3431170 DEBUG oslo_service.backend._eventlet.service [req-5d57eb0c-63dc-462f-a157-0695fb156fb9 - - - - - -] instance_uuid_format           = [instance: %(uuid)s]  [00;33m{{(pid=3431170) log_opt_values /opt/stack/data/venv/lib/python3.12/site-packages/oslo_config/cfg.py:3549}}[00m
2026-10-07 04:05:38.317 3431170 DEBUG oslo_service.backend._eventlet.service [req-5d57eb0c-63dc-462f-a157-0695fb156fb9 - - - - - -] iscsi_target_flags             =  [00;33m{{(pid=3431170) log_opt_values /opt/stack/data/venv/lib/python3.12/site-packages/oslo_config/cfg.py:3549}}[00m
2026-10-07 04:05:38.317 3431170 DEBUG oslo_service.backend._eventlet.service [req-5d57eb0c-63dc-462f-a157-0695fb156fb9 - - - - - -] iscsi_write_cache              = on [00;33m{{(pid=3431170) log_opt_values /opt/stack/data/venv/lib/python3.12/site-packages/oslo_config/cfg.py:3549}}[00m
2026-10-07 04:05:38.318 3431170 DEBUG oslo_service.backend._eventlet.service [req-5d57eb0c-63dc-462f-a157-0695fb156fb9 - - - - - -] iser_helper                    = tgtadm [00;33m{{(pid=3431170) log_opt_values /opt/stack/data/venv/lib/python3.12/site-packages/oslo_config/cfg.py:3549}}[00m
2026-10-07 04:05:38.318 3431170 DEBUG oslo_service.backend._eventlet.service [req-5d57eb0c-63dc-462f-a157-0695fb156fb9 - - - - - -] iser_ip_address                = 172.25.92.210 [00;33m{{(pid=3431170) log_opt_values /opt/stack/data/venv/lib/python3.12/site-packages/oslo_config/cfg.py:3549}}[00m
2026-10-07 04:05:38.318 3431182 INFO cinder.volume.manager [req-9c3886ff-a2ec-4799-b15f-b4b3207db835 - - - - - -] Starting volume driver HBSDISCSIDriver (2.8.4)
2026-10-07 04:05:38.318 3431170 DEBUG oslo_service.backend._eventlet.service [req-5d57eb0c-63dc-462f-a157-0695fb156fb9 - - - - - -] iser_port                      = 3260 [00;33m{{(pid=3431170) log_opt_values /opt/stack/data/venv/lib/python3.12/site-packages/oslo_config/cfg.py:3549}}[00m
2026-10-07 04:05:38.318 3431182 DEBUG cinder.volume.drivers.hitachi.hbsd_iscsi [req-9c3886ff-a2ec-4799-b15f-b4b3207db835 - - - - - -] ==> do_setup: call "{'self': <cinder.volume.drivers.hitachi.hbsd_iscsi.HBSDISCSIDriver object at 0x7c9f29396000>, 'context': <cinder.context.RequestContext object at 0x7c9f288c1b50>}" [00;33m{{(pid=3431182) trace_logging_wrapper /opt/stack/cinder/cinder/volume/volume_utils.py:1499}}[00m
2026-10-07 04:05:38.318 3431170 DEBUG oslo_service.backend._eventlet.service [req-5d57eb0c-63dc-462f-a157-0695fb156fb9 - - - - - -] iser_target_prefix             = iqn.2010-10.org.openstack: [00;33m{{(pid=3431170) log_opt_values /opt/stack/data/venv/lib/python3.12/site-packages/oslo_config/cfg.py:3549}}[00m
2026-10-07 04:05:38.319 3431170 DEBUG oslo_service.backend._eventlet.service [req-5d57eb0c-63dc-462f-a157-0695fb156fb9 - - - - - -] log_color                      = False [00;33m{{(pid=3431170) log_opt_values /opt/stack/data/venv/lib/python3.12/site-packages/oslo_config/cfg.py:3549}}[00m
2026-10-07 04:05:38.319 3431170 DEBUG oslo_service.backend._eventlet.service [req-5d57eb0c-63dc-462f-a157-0695fb156fb9 - - - - - -] log_config_append              = None [00;33m{{(pid=3431170) log_opt_values /opt/stack/data/venv/lib/python3.12/site-packages/oslo_config/cfg.py:3549}}[00m
2026-10-07 04:05:38.319 3431170 DEBUG oslo_service.backend._eventlet.service [req-5d57eb0c-63dc-462f-a157-0695fb156fb9 - - - - - -] log_date_format                = %Y-%m-%d %H:%M:%S [00;33m{{(pid=3431170) log_opt_values /opt/stack/data/venv/lib/python3.12/site-packages/oslo_config/cfg.py:3549}}[00m
2026-10-07 04:05:38.319 3431170 DEBUG oslo_service.backend._eventlet.service [req-5d57eb0c-63dc-462f-a157-0695fb156fb9 - - - - - -] log_dir                        = /var/log/cinder [00;33m{{(pid=3431170) log_opt_values /opt/stack/data/venv/lib/python3.12/site-packages/oslo_config/cfg.py:3549}}[00m
2026-10-07 04:05:38.319 3431170 DEBUG oslo_service.backend._eventlet.service [req-5d57eb0c-63dc-462f-a157-0695fb156fb9 - - - - - -] log_file                       = None [00;33m{{(pid=3431170) log_opt_values /opt/stack/data/venv/lib/python3.12/site-packages/oslo_config/cfg.py:3549}}[00m
2026-10-07 04:05:38.319 3431170 DEBUG oslo_service.backend._eventlet.service [req-5d57eb0c-63dc-462f-a157-0695fb156fb9 - - - - - -] log_options                    = True [00;33m{{(pid=3431170) log_opt_values /opt/stack/data/venv/lib/python3.12/site-packages/oslo_config/cfg.py:3549}}[00m
2026-10-07 04:05:38.319 3431170 DEBUG oslo_service.backend._eventlet.service [req-5d57eb0c-63dc-462f-a157-0695fb156fb9 - - - - - -] log_rotate_interval            = 1 [00;33m{{(pid=3431170) log_opt_values /opt/stack/data/venv/lib/python3.12/site-packages/oslo_config/cfg.py:3549}}[00m
2026-10-07 04:05:38.319 3431170 DEBUG oslo_service.backend._eventlet.service [req-5d57eb0c-63dc-462f-a157-0695fb156fb9 - - - - - -] log_rotate_interval_type       = days [00;33m{{(pid=3431170) log_opt_values /opt/stack/data/venv/lib/python3.12/site-packages/oslo_config/cfg.py:3549}}[00m
2026-10-07 04:05:38.319 3431170 DEBUG oslo_service.backend._eventlet.service [req-5d57eb0c-63dc-462f-a157-0695fb156fb9 - - - - - -] log_rotation_type              = none [00;33m{{(pid=3431170) log_opt_values /opt/stack/data/venv/lib/python3.12/site-packages/oslo_config/cfg.py:3549}}[00m
2026-10-07 04:05:38.319 3431170 DEBUG oslo_service.backend._eventlet.service [req-5d57eb0c-63dc-462f-a157-0695fb156fb9 - - - - - -] logging_context_format_string  = %(asctime)s.%(msecs)03d %(process)d %(levelname)s %(name)s [%(request_id)s %(user_identity)s] %(instance)s%(message)s [00;33m{{(pid=3431170) log_opt_values /opt/stack/data/venv/lib/python3.12/site-packages/oslo_config/cfg.py:3549}}[00m
2026-10-07 04:05:38.320 3431170 DEBUG oslo_service.backend._eventlet.service [req-5d57eb0c-63dc-462f-a157-0695fb156fb9 - - - - - -] logging_debug_format_suffix    = [00;33m{{(pid=%(process)d) %(funcName)s %(pathname)s:%(lineno)d}}[00m [00;33m{{(pid=3431170) log_opt_values /opt/stack/data/venv/lib/python3.12/site-packages/oslo_config/cfg.py:3549}}[00m
2026-10-07 04:05:38.320 3431170 DEBUG oslo_service.backend._eventlet.service [req-5d57eb0c-63dc-462f-a157-0695fb156fb9 - - - - - -] logging_default_format_string  = %(asctime)s.%(msecs)03d %(process)d %(levelname)s %(name)s [-] %(instance)s%(message)s [00;33m{{(pid=3431170) log_opt_values /opt/stack/data/venv/lib/python3.12/site-packages/oslo_config/cfg.py:3549}}[00m
2026-10-07 04:05:38.320 3431170 DEBUG oslo_service.backend._eventlet.service [req-5d57eb0c-63dc-462f-a157-0695fb156fb9 - - - - - -] logging_exception_prefix       = ERROR %(name)s [01;35m%(instance)s[00m [00;33m{{(pid=3431170) log_opt_values /opt/stack/data/venv/lib/python3.12/site-packages/oslo_config/cfg.py:3549}}[00m
2026-10-07 04:05:38.320 3431170 DEBUG oslo_service.backend._eventlet.service [req-5d57eb0c-63dc-462f-a157-0695fb156fb9 - - - - - -] logging_user_identity_format   = %(user)s %(project)s %(domain)s %(system_scope)s %(user_domain)s %(project_domain)s [00;33m{{(pid=3431170) log_opt_values /opt/stack/data/venv/lib/python3.12/site-packages/oslo_config/cfg.py:3549}}[00m
2026-10-07 04:05:38.320 3431170 DEBUG oslo_service.backend._eventlet.service [req-5d57eb0c-63dc-462f-a157-0695fb156fb9 - - - - - -] max_age                        = 0 [00;33m{{(pid=3431170) log_opt_values /opt/stack/data/venv/lib/python3.12/site-packages/oslo_config/cfg.py:3549}}[00m
2026-10-07 04:05:38.320 3431170 DEBUG oslo_service.backend._eventlet.service [req-5d57eb0c-63dc-462f-a157-0695fb156fb9 - - - - - -] max_logfile_count              = 30 [00;33m{{(pid=3431170) log_opt_values /opt/stack/data/venv/lib/python3.12/site-packages/oslo_config/cfg.py:3549}}[00m
2026-10-07 04:05:38.320 3431170 DEBUG oslo_service.backend._eventlet.service [req-5d57eb0c-63dc-462f-a157-0695fb156fb9 - - - - - -] max_logfile_size_mb            = 200 [00;33m{{(pid=3431170) log_opt_values /opt/stack/data/venv/lib/python3.12/site-packages/oslo_config/cfg.py:3549}}[00m
2026-10-07 04:05:38.320 3431182 DEBUG cinder.volume.drivers.hitachi.hbsd_rest [req-9c3886ff-a2ec-4799-b15f-b4b3207db835 - - - - - -] Setting ldev_range: [22000, 29399] [00;33m{{(pid=3431182) check_param /opt/stack/cinder/cinder/volume/drivers/hitachi/hbsd_rest.py:887}}[00m
2026-10-07 04:05:38.320 3431170 DEBUG oslo_service.backend._eventlet.service [req-5d57eb0c-63dc-462f-a157-0695fb156fb9 - - - - - -] max_over_subscription_ratio    = 20.0 [00;33m{{(pid=3431170) log_opt_values /opt/stack/data/venv/lib/python3.12/site-packages/oslo_config/cfg.py:3549}}[00m
2026-10-07 04:05:38.321 3431170 DEBUG oslo_service.backend._eventlet.service [req-5d57eb0c-63dc-462f-a157-0695fb156fb9 - - - - - -] message_reap_interval          = 86400 [00;33m{{(pid=3431170) log_opt_values /opt/stack/data/venv/lib/python3.12/site-packages/oslo_config/cfg.py:3549}}[00m
2026-10-07 04:05:38.320 3431182 DEBUG cinder.volume.drivers.hitachi.hbsd_rest_api [req-9c3886ff-a2ec-4799-b15f-b4b3207db835 - - - - - -] Trying to login. [00;33m{{(pid=3431182) login /opt/stack/cinder/cinder/volume/drivers/hitachi/hbsd_rest_api.py:570}}[00m
2026-10-07 04:05:38.321 3431182 DEBUG cinder.volume.drivers.hitachi.hbsd_rest_api [req-9c3886ff-a2ec-4799-b15f-b4b3207db835 - - - - - -] ==> _login: call "{'self': <cinder.volume.drivers.hitachi.hbsd_rest_api.RestApiClient object at 0x7c9f296f05f0>, 'do_raise': True}" [00;33m{{(pid=3431182) trace_logging_wrapper /opt/stack/cinder/cinder/volume/volume_utils.py:1499}}[00m
2026-10-07 04:05:38.321 3431170 DEBUG oslo_service.backend._eventlet.service [req-5d57eb0c-63dc-462f-a157-0695fb156fb9 - - - - - -] message_ttl                    = 2592000 [00;33m{{(pid=3431170) log_opt_values /opt/stack/data/venv/lib/python3.12/site-packages/oslo_config/cfg.py:3549}}[00m
2026-10-07 04:05:38.322 3431170 DEBUG oslo_service.backend._eventlet.service [req-5d57eb0c-63dc-462f-a157-0695fb156fb9 - - - - - -] migration_create_volume_timeout_secs = 300 [00;33m{{(pid=3431170) log_opt_values /opt/stack/data/venv/lib/python3.12/site-packages/oslo_config/cfg.py:3549}}[00m
2026-10-07 04:05:38.322 3431170 DEBUG oslo_service.backend._eventlet.service [req-5d57eb0c-63dc-462f-a157-0695fb156fb9 - - - - - -] monkey_patch                   = False [00;33m{{(pid=3431170) log_opt_values /opt/stack/data/venv/lib/python3.12/site-packages/oslo_config/cfg.py:3549}}[00m
2026-10-07 04:05:38.322 3431170 DEBUG oslo_service.backend._eventlet.service [req-5d57eb0c-63dc-462f-a157-0695fb156fb9 - - - - - -] monkey_patch_modules           = [] [00;33m{{(pid=3431170) log_opt_values /opt/stack/data/venv/lib/python3.12/site-packages/oslo_config/cfg.py:3549}}[00m
2026-10-07 04:05:38.322 3431170 DEBUG oslo_service.backend._eventlet.service [req-5d57eb0c-63dc-462f-a157-0695fb156fb9 - - - - - -] my_ip                          = 172.25.92.210 [00;33m{{(pid=3431170) log_opt_values /opt/stack/data/venv/lib/python3.12/site-packages/oslo_config/cfg.py:3549}}[00m
2026-10-07 04:05:38.322 3431170 DEBUG oslo_service.backend._eventlet.service [req-5d57eb0c-63dc-462f-a157-0695fb156fb9 - - - - - -] no_snapshot_gb_quota           = False [00;33m{{(pid=3431170) log_opt_values /opt/stack/data/venv/lib/python3.12/site-packages/oslo_config/cfg.py:3549}}[00m
2026-10-07 04:05:38.322 3431170 DEBUG oslo_service.backend._eventlet.service [req-5d57eb0c-63dc-462f-a157-0695fb156fb9 - - - - - -] num_iser_scan_tries            = 3 [00;33m{{(pid=3431170) log_opt_values /opt/stack/data/venv/lib/python3.12/site-packages/oslo_config/cfg.py:3549}}[00m
2026-10-07 04:05:38.322 3431170 DEBUG oslo_service.backend._eventlet.service [req-5d57eb0c-63dc-462f-a157-0695fb156fb9 - - - - - -] num_shell_tries                = 3 [00;33m{{(pid=3431170) log_opt_values /opt/stack/data/venv/lib/python3.12/site-packages/oslo_config/cfg.py:3549}}[00m
2026-10-07 04:05:38.322 3431170 DEBUG oslo_service.backend._eventlet.service [req-5d57eb0c-63dc-462f-a157-0695fb156fb9 - - - - - -] num_volume_device_scan_tries   = 100 [00;33m{{(pid=3431170) log_opt_values /opt/stack/data/venv/lib/python3.12/site-packages/oslo_config/cfg.py:3549}}[00m
2026-10-07 04:05:38.322 3431170 DEBUG oslo_service.backend._eventlet.service [req-5d57eb0c-63dc-462f-a157-0695fb156fb9 - - - - - -] nvmeof_conn_info_version       = 1 [00;33m{{(pid=3431170) log_opt_values /opt/stack/data/venv/lib/python3.12/site-packages/oslo_config/cfg.py:3549}}[00m
2026-10-07 04:05:38.322 3431170 DEBUG oslo_service.backend._eventlet.service [req-5d57eb0c-63dc-462f-a157-0695fb156fb9 - - - - - -] nvmet_ns_id                    = 10 [00;33m{{(pid=3431170) log_opt_values /opt/stack/data/venv/lib/python3.12/site-packages/oslo_config/cfg.py:3549}}[00m
2026-10-07 04:05:38.322 3431170 DEBUG oslo_service.backend._eventlet.service [req-5d57eb0c-63dc-462f-a157-0695fb156fb9 - - - - - -] nvmet_port_id                  = 1 [00;33m{{(pid=3431170) log_opt_values /opt/stack/data/venv/lib/python3.12/site-packages/oslo_config/cfg.py:3549}}[00m
2026-10-07 04:05:38.323 3431170 DEBUG oslo_service.backend._eventlet.service [req-5d57eb0c-63dc-462f-a157-0695fb156fb9 - - - - - -] osapi_max_limit                = 1000 [00;33m{{(pid=3431170) log_opt_values /opt/stack/data/venv/lib/python3.12/site-packages/oslo_config/cfg.py:3549}}[00m
2026-10-07 04:05:38.323 3431170 DEBUG oslo_service.backend._eventlet.service [req-5d57eb0c-63dc-462f-a157-0695fb156fb9 - - - - - -] osapi_volume_ext_list          = [] [00;33m{{(pid=3431170) log_opt_values /opt/stack/data/venv/lib/python3.12/site-packages/oslo_config/cfg.py:3549}}[00m
2026-10-07 04:05:38.323 3431170 DEBUG oslo_service.backend._eventlet.service [req-5d57eb0c-63dc-462f-a157-0695fb156fb9 - - - - - -] osapi_volume_extension         = ['cinder.api.contrib.standard_extensions'] [00;33m{{(pid=3431170) log_opt_values /opt/stack/data/venv/lib/python3.12/site-packages/oslo_config/cfg.py:3549}}[00m
2026-10-07 04:05:38.323 3431170 DEBUG oslo_service.backend._eventlet.service [req-5d57eb0c-63dc-462f-a157-0695fb156fb9 - - - - - -] osapi_volume_listen            = 0.0.0.0 [00;33m{{(pid=3431170) log_opt_values /opt/stack/data/venv/lib/python3.12/site-packages/oslo_config/cfg.py:3549}}[00m
2026-10-07 04:05:38.323 3431170 DEBUG oslo_service.backend._eventlet.service [req-5d57eb0c-63dc-462f-a157-0695fb156fb9 - - - - - -] osapi_volume_listen_port       = 8776 [00;33m{{(pid=3431170) log_opt_values /opt/stack/data/venv/lib/python3.12/site-packages/oslo_config/cfg.py:3549}}[00m
2026-10-07 04:05:38.323 3431170 DEBUG oslo_service.backend._eventlet.service [req-5d57eb0c-63dc-462f-a157-0695fb156fb9 - - - - - -] osapi_volume_use_ssl           = False [00;33m{{(pid=3431170) log_opt_values /opt/stack/data/venv/lib/python3.12/site-packages/oslo_config/cfg.py:3549}}[00m
2026-10-07 04:05:38.323 3431170 DEBUG oslo_service.backend._eventlet.service [req-5d57eb0c-63dc-462f-a157-0695fb156fb9 - - - - - -] osapi_volume_workers           = None [00;33m{{(pid=3431170) log_opt_values /opt/stack/data/venv/lib/python3.12/site-packages/oslo_config/cfg.py:3549}}[00m
2026-10-07 04:05:38.323 3431170 DEBUG oslo_service.backend._eventlet.service [req-5d57eb0c-63dc-462f-a157-0695fb156fb9 - - - - - -] per_volume_size_limit          = -1 [00;33m{{(pid=3431170) log_opt_values /opt/stack/data/venv/lib/python3.12/site-packages/oslo_config/cfg.py:3549}}[00m
2026-10-07 04:05:38.323 3431170 DEBUG oslo_service.backend._eventlet.service [req-5d57eb0c-63dc-462f-a157-0695fb156fb9 - - - - - -] periodic_fuzzy_delay           = 60 [00;33m{{(pid=3431170) log_opt_values /opt/stack/data/venv/lib/python3.12/site-packages/oslo_config/cfg.py:3549}}[00m
2026-10-07 04:05:38.323 3431170 DEBUG oslo_service.backend._eventlet.service [req-5d57eb0c-63dc-462f-a157-0695fb156fb9 - - - - - -] periodic_interval              = 3600 [00;33m{{(pid=3431170) log_opt_values /opt/stack/data/venv/lib/python3.12/site-packages/oslo_config/cfg.py:3549}}[00m
2026-10-07 04:05:38.323 3431170 DEBUG oslo_service.backend._eventlet.service [req-5d57eb0c-63dc-462f-a157-0695fb156fb9 - - - - - -] project_id_regex               = [0-9a-f\-]+ [00;33m{{(pid=3431170) log_opt_values /opt/stack/data/venv/lib/python3.12/site-packages/oslo_config/cfg.py:3549}}[00m
2026-10-07 04:05:38.324 3431170 DEBUG oslo_service.backend._eventlet.service [req-5d57eb0c-63dc-462f-a157-0695fb156fb9 - - - - - -] public_endpoint                = None [00;33m{{(pid=3431170) log_opt_values /opt/stack/data/venv/lib/python3.12/site-packages/oslo_config/cfg.py:3549}}[00m
2026-10-07 04:05:38.324 3431170 DEBUG oslo_service.backend._eventlet.service [req-5d57eb0c-63dc-462f-a157-0695fb156fb9 - - - - - -] publish_errors                 = False [00;33m{{(pid=3431170) log_opt_values /opt/stack/data/venv/lib/python3.12/site-packages/oslo_config/cfg.py:3549}}[00m
2026-10-07 04:05:38.324 3431170 DEBUG oslo_service.backend._eventlet.service [req-5d57eb0c-63dc-462f-a157-0695fb156fb9 - - - - - -] quota_backup_gigabytes         = 1000 [00;33m{{(pid=3431170) log_opt_values /opt/stack/data/venv/lib/python3.12/site-packages/oslo_config/cfg.py:3549}}[00m
2026-10-07 04:05:38.324 3431170 DEBUG oslo_service.backend._eventlet.service [req-5d57eb0c-63dc-462f-a157-0695fb156fb9 - - - - - -] quota_backups                  = 50 [00;33m{{(pid=3431170) log_opt_values /opt/stack/data/venv/lib/python3.12/site-packages/oslo_config/cfg.py:3549}}[00m
2026-10-07 04:05:38.324 3431170 DEBUG oslo_service.backend._eventlet.service [req-5d57eb0c-63dc-462f-a157-0695fb156fb9 - - - - - -] quota_driver                   = cinder.quota.DbQuotaDriver [00;33m{{(pid=3431170) log_opt_values /opt/stack/data/venv/lib/python3.12/site-packages/oslo_config/cfg.py:3549}}[00m
2026-10-07 04:05:38.324 3431170 DEBUG oslo_service.backend._eventlet.service [req-5d57eb0c-63dc-462f-a157-0695fb156fb9 - - - - - -] quota_gigabytes                = 1000 [00;33m{{(pid=3431170) log_opt_values /opt/stack/data/venv/lib/python3.12/site-packages/oslo_config/cfg.py:3549}}[00m
2026-10-07 04:05:38.324 3431170 DEBUG oslo_service.backend._eventlet.service [req-5d57eb0c-63dc-462f-a157-0695fb156fb9 - - - - - -] quota_groups                   = 10 [00;33m{{(pid=3431170) log_opt_values /opt/stack/data/venv/lib/python3.12/site-packages/oslo_config/cfg.py:3549}}[00m
2026-10-07 04:05:38.324 3431170 DEBUG oslo_service.backend._eventlet.service [req-5d57eb0c-63dc-462f-a157-0695fb156fb9 - - - - - -] quota_snapshots                = 50 [00;33m{{(pid=3431170) log_opt_values /opt/stack/data/venv/lib/python3.12/site-packages/oslo_config/cfg.py:3549}}[00m
2026-10-07 04:05:38.324 3431170 DEBUG oslo_service.backend._eventlet.service [req-5d57eb0c-63dc-462f-a157-0695fb156fb9 - - - - - -] quota_volumes                  = 50 [00;33m{{(pid=3431170) log_opt_values /opt/stack/data/venv/lib/python3.12/site-packages/oslo_config/cfg.py:3549}}[00m
2026-10-07 04:05:38.324 3431170 DEBUG oslo_service.backend._eventlet.service [req-5d57eb0c-63dc-462f-a157-0695fb156fb9 - - - - - -] rate_limit_burst               = 0 [00;33m{{(pid=3431170) log_opt_values /opt/stack/data/venv/lib/python3.12/site-packages/oslo_config/cfg.py:3549}}[00m
2026-10-07 04:05:38.324 3431170 DEBUG oslo_service.backend._eventlet.service [req-5d57eb0c-63dc-462f-a157-0695fb156fb9 - - - - - -] rate_limit_except_level        = CRITICAL [00;33m{{(pid=3431170) log_opt_values /opt/stack/data/venv/lib/python3.12/site-packages/oslo_config/cfg.py:3549}}[00m
2026-10-07 04:05:38.324 3431170 DEBUG oslo_service.backend._eventlet.service [req-5d57eb0c-63dc-462f-a157-0695fb156fb9 - - - - - -] rate_limit_interval            = 0 [00;33m{{(pid=3431170) log_opt_values /opt/stack/data/venv/lib/python3.12/site-packages/oslo_config/cfg.py:3549}}[00m
2026-10-07 04:05:38.325 3431170 DEBUG oslo_service.backend._eventlet.service [req-5d57eb0c-63dc-462f-a157-0695fb156fb9 - - - - - -] reinit_driver_count            = 3 [00;33m{{(pid=3431170) log_opt_values /opt/stack/data/venv/lib/python3.12/site-packages/oslo_config/cfg.py:3549}}[00m
2026-10-07 04:05:38.325 3431170 DEBUG oslo_service.backend._eventlet.service [req-5d57eb0c-63dc-462f-a157-0695fb156fb9 - - - - - -] replication_device             = **** [00;33m{{(pid=3431170) log_opt_values /opt/stack/data/venv/lib/python3.12/site-packages/oslo_config/cfg.py:3549}}[00m
2026-10-07 04:05:38.325 3431170 DEBUG oslo_service.backend._eventlet.service [req-5d57eb0c-63dc-462f-a157-0695fb156fb9 - - - - - -] report_discard_supported       = False [00;33m{{(pid=3431170) log_opt_values /opt/stack/data/venv/lib/python3.12/site-packages/oslo_config/cfg.py:3549}}[00m
2026-10-07 04:05:38.325 3431170 DEBUG oslo_service.backend._eventlet.service [req-5d57eb0c-63dc-462f-a157-0695fb156fb9 - - - - - -] report_interval                = 120 [00;33m{{(pid=3431170) log_opt_values /opt/stack/data/venv/lib/python3.12/site-packages/oslo_config/cfg.py:3549}}[00m
2026-10-07 04:05:38.325 3431170 DEBUG oslo_service.backend._eventlet.service [req-5d57eb0c-63dc-462f-a157-0695fb156fb9 - - - - - -] reservation_clean_interval     = 86400 [00;33m{{(pid=3431170) log_opt_values /opt/stack/data/venv/lib/python3.12/site-packages/oslo_config/cfg.py:3549}}[00m
2026-10-07 04:05:38.325 3431170 DEBUG oslo_service.backend._eventlet.service [req-5d57eb0c-63dc-462f-a157-0695fb156fb9 - - - - - -] reservation_expire             = 86400 [00;33m{{(pid=3431170) log_opt_values /opt/stack/data/venv/lib/python3.12/site-packages/oslo_config/cfg.py:3549}}[00m
2026-10-07 04:05:38.325 3431170 DEBUG oslo_service.backend._eventlet.service [req-5d57eb0c-63dc-462f-a157-0695fb156fb9 - - - - - -] reserved_image_namespaces      = [] [00;33m{{(pid=3431170) log_opt_values /opt/stack/data/venv/lib/python3.12/site-packages/oslo_config/cfg.py:3549}}[00m
2026-10-07 04:05:38.325 3431170 DEBUG oslo_service.backend._eventlet.service [req-5d57eb0c-63dc-462f-a157-0695fb156fb9 - - - - - -] reserved_percentage            = 0 [00;33m{{(pid=3431170) log_opt_values /opt/stack/data/venv/lib/python3.12/site-packages/oslo_config/cfg.py:3549}}[00m
2026-10-07 04:05:38.325 3431170 DEBUG oslo_service.backend._eventlet.service [req-5d57eb0c-63dc-462f-a157-0695fb156fb9 - - - - - -] resource_query_filters_file    = /etc/cinder/resource_filters.json [00;33m{{(pid=3431170) log_opt_values /opt/stack/data/venv/lib/python3.12/site-packages/oslo_config/cfg.py:3549}}[00m
2026-10-07 04:05:38.325 3431170 DEBUG oslo_service.backend._eventlet.service [req-5d57eb0c-63dc-462f-a157-0695fb156fb9 - - - - - -] rootwrap_config                = /etc/cinder/rootwrap.conf [00;33m{{(pid=3431170) log_opt_values /opt/stack/data/venv/lib/python3.12/site-packages/oslo_config/cfg.py:3549}}[00m
2026-10-07 04:05:38.325 3431170 DEBUG oslo_service.backend._eventlet.service [req-5d57eb0c-63dc-462f-a157-0695fb156fb9 - - - - - -] rpc_response_timeout           = 3600 [00;33m{{(pid=3431170) log_opt_values /opt/stack/data/venv/lib/python3.12/site-packages/oslo_config/cfg.py:3549}}[00m
2026-10-07 04:05:38.326 3431170 DEBUG oslo_service.backend._eventlet.service [req-5d57eb0c-63dc-462f-a157-0695fb156fb9 - - - - - -] run_external_periodic_tasks    = True [00;33m{{(pid=3431170) log_opt_values /opt/stack/data/venv/lib/python3.12/site-packages/oslo_config/cfg.py:3549}}[00m
2026-10-07 04:05:38.326 3431170 DEBUG oslo_service.backend._eventlet.service [req-5d57eb0c-63dc-462f-a157-0695fb156fb9 - - - - - -] scheduler_manager              = cinder.scheduler.manager.SchedulerManager [00;33m{{(pid=3431170) log_opt_values /opt/stack/data/venv/lib/python3.12/site-packages/oslo_config/cfg.py:3549}}[00m
2026-10-07 04:05:38.326 3431170 DEBUG oslo_service.backend._eventlet.service [req-5d57eb0c-63dc-462f-a157-0695fb156fb9 - - - - - -] scst_target_driver             = iscsi [00;33m{{(pid=3431170) log_opt_values /opt/stack/data/venv/lib/python3.12/site-packages/oslo_config/cfg.py:3549}}[00m
2026-10-07 04:05:38.326 3431170 DEBUG oslo_service.backend._eventlet.service [req-5d57eb0c-63dc-462f-a157-0695fb156fb9 - - - - - -] scst_target_iqn_name           = None [00;33m{{(pid=3431170) log_opt_values /opt/stack/data/venv/lib/python3.12/site-packages/oslo_config/cfg.py:3549}}[00m
2026-10-07 04:05:38.326 3431170 DEBUG oslo_service.backend._eventlet.service [req-5d57eb0c-63dc-462f-a157-0695fb156fb9 - - - - - -] service_down_time              = 720 [00;33m{{(pid=3431170) log_opt_values /opt/stack/data/venv/lib/python3.12/site-packages/oslo_config/cfg.py:3549}}[00m
2026-10-07 04:05:38.326 3431170 DEBUG oslo_service.backend._eventlet.service [req-5d57eb0c-63dc-462f-a157-0695fb156fb9 - - - - - -] shell_completion               = None [00;33m{{(pid=3431170) log_opt_values /opt/stack/data/venv/lib/python3.12/site-packages/oslo_config/cfg.py:3549}}[00m
2026-10-07 04:05:38.326 3431170 DEBUG oslo_service.backend._eventlet.service [req-5d57eb0c-63dc-462f-a157-0695fb156fb9 - - - - - -] snapshot_name_template         = snapshot-%s [00;33m{{(pid=3431170) log_opt_values /opt/stack/data/venv/lib/python3.12/site-packages/oslo_config/cfg.py:3549}}[00m
2026-10-07 04:05:38.326 3431170 DEBUG oslo_service.backend._eventlet.service [req-5d57eb0c-63dc-462f-a157-0695fb156fb9 - - - - - -] split_loggers                  = False [00;33m{{(pid=3431170) log_opt_values /opt/stack/data/venv/lib/python3.12/site-packages/oslo_config/cfg.py:3549}}[00m
2026-10-07 04:05:38.326 3431170 DEBUG oslo_service.backend._eventlet.service [req-5d57eb0c-63dc-462f-a157-0695fb156fb9 - - - - - -] ssh_hosts_key_file             = /opt/stack/data/cinder/ssh_known_hosts [00;33m{{(pid=3431170) log_opt_values /opt/stack/data/venv/lib/python3.12/site-packages/oslo_config/cfg.py:3549}}[00m
2026-10-07 04:05:38.326 3431170 DEBUG oslo_service.backend._eventlet.service [req-5d57eb0c-63dc-462f-a157-0695fb156fb9 - - - - - -] state_path                     = /opt/stack/data/cinder [00;33m{{(pid=3431170) log_opt_values /opt/stack/data/venv/lib/python3.12/site-packages/oslo_config/cfg.py:3549}}[00m
2026-10-07 04:05:38.326 3431170 DEBUG oslo_service.backend._eventlet.service [req-5d57eb0c-63dc-462f-a157-0695fb156fb9 - - - - - -] storage_availability_zone      = nova [00;33m{{(pid=3431170) log_opt_values /opt/stack/data/venv/lib/python3.12/site-packages/oslo_config/cfg.py:3549}}[00m
2026-10-07 04:05:38.326 3431170 DEBUG oslo_service.backend._eventlet.service [req-5d57eb0c-63dc-462f-a157-0695fb156fb9 - - - - - -] storage_protocol               = iSCSI [00;33m{{(pid=3431170) log_opt_values /opt/stack/data/venv/lib/python3.12/site-packages/oslo_config/cfg.py:3549}}[00m
2026-10-07 04:05:38.327 3431170 DEBUG oslo_service.backend._eventlet.service [req-5d57eb0c-63dc-462f-a157-0695fb156fb9 - - - - - -] strict_ssh_host_key_policy     = False [00;33m{{(pid=3431170) log_opt_values /opt/stack/data/venv/lib/python3.12/site-packages/oslo_config/cfg.py:3549}}[00m
2026-10-07 04:05:38.327 3431170 DEBUG oslo_service.backend._eventlet.service [req-5d57eb0c-63dc-462f-a157-0695fb156fb9 - - - - - -] syslog_log_facility            = LOG_USER [00;33m{{(pid=3431170) log_opt_values /opt/stack/data/venv/lib/python3.12/site-packages/oslo_config/cfg.py:3549}}[00m
2026-10-07 04:05:38.327 3431170 DEBUG oslo_service.backend._eventlet.service [req-5d57eb0c-63dc-462f-a157-0695fb156fb9 - - - - - -] target_helper                  = lioadm [00;33m{{(pid=3431170) log_opt_values /opt/stack/data/venv/lib/python3.12/site-packages/oslo_config/cfg.py:3549}}[00m
2026-10-07 04:05:38.327 3431170 DEBUG oslo_service.backend._eventlet.service [req-5d57eb0c-63dc-462f-a157-0695fb156fb9 - - - - - -] target_ip_address              = 172.25.92.210 [00;33m{{(pid=3431170) log_opt_values /opt/stack/data/venv/lib/python3.12/site-packages/oslo_config/cfg.py:3549}}[00m
2026-10-07 04:05:38.327 3431170 DEBUG oslo_service.backend._eventlet.service [req-5d57eb0c-63dc-462f-a157-0695fb156fb9 - - - - - -] target_port                    = 3260 [00;33m{{(pid=3431170) log_opt_values /opt/stack/data/venv/lib/python3.12/site-packages/oslo_config/cfg.py:3549}}[00m
2026-10-07 04:05:38.327 3431170 DEBUG oslo_service.backend._eventlet.service [req-5d57eb0c-63dc-462f-a157-0695fb156fb9 - - - - - -] target_prefix                  = iqn.2010-10.org.openstack: [00;33m{{(pid=3431170) log_opt_values /opt/stack/data/venv/lib/python3.12/site-packages/oslo_config/cfg.py:3549}}[00m
2026-10-07 04:05:38.327 3431170 DEBUG oslo_service.backend._eventlet.service [req-5d57eb0c-63dc-462f-a157-0695fb156fb9 - - - - - -] target_protocol                = iscsi [00;33m{{(pid=3431170) log_opt_values /opt/stack/data/venv/lib/python3.12/site-packages/oslo_config/cfg.py:3549}}[00m
2026-10-07 04:05:38.327 3431170 DEBUG oslo_service.backend._eventlet.service [req-5d57eb0c-63dc-462f-a157-0695fb156fb9 - - - - - -] target_secondary_ip_addresses  = [] [00;33m{{(pid=3431170) log_opt_values /opt/stack/data/venv/lib/python3.12/site-packages/oslo_config/cfg.py:3549}}[00m
2026-10-07 04:05:38.327 3431170 DEBUG oslo_service.backend._eventlet.service [req-5d57eb0c-63dc-462f-a157-0695fb156fb9 - - - - - -] trace_flags                    = None [00;33m{{(pid=3431170) log_opt_values /opt/stack/data/venv/lib/python3.12/site-packages/oslo_config/cfg.py:3549}}[00m
2026-10-07 04:05:38.327 3431170 DEBUG oslo_service.backend._eventlet.service [req-5d57eb0c-63dc-462f-a157-0695fb156fb9 - - - - - -] transfer_api_class             = cinder.transfer.api.API [00;33m{{(pid=3431170) log_opt_values /opt/stack/data/venv/lib/python3.12/site-packages/oslo_config/cfg.py:3549}}[00m
2026-10-07 04:05:38.327 3431170 DEBUG oslo_service.backend._eventlet.service [req-5d57eb0c-63dc-462f-a157-0695fb156fb9 - - - - - -] transport_url                  = **** [00;33m{{(pid=3431170) log_opt_values /opt/stack/data/venv/lib/python3.12/site-packages/oslo_config/cfg.py:3549}}[00m
2026-10-07 04:05:38.327 3431170 DEBUG oslo_service.backend._eventlet.service [req-5d57eb0c-63dc-462f-a157-0695fb156fb9 - - - - - -] until_refresh                  = 0 [00;33m{{(pid=3431170) log_opt_values /opt/stack/data/venv/lib/python3.12/site-packages/oslo_config/cfg.py:3549}}[00m
2026-10-07 04:05:38.328 3431170 DEBUG oslo_service.backend._eventlet.service [req-5d57eb0c-63dc-462f-a157-0695fb156fb9 - - - - - -] use_chap_auth                  = False [00;33m{{(pid=3431170) log_opt_values /opt/stack/data/venv/lib/python3.12/site-packages/oslo_config/cfg.py:3549}}[00m
2026-10-07 04:05:38.328 3431170 DEBUG oslo_service.backend._eventlet.service [req-5d57eb0c-63dc-462f-a157-0695fb156fb9 - - - - - -] use_default_quota_class        = True [00;33m{{(pid=3431170) log_opt_values /opt/stack/data/venv/lib/python3.12/site-packages/oslo_config/cfg.py:3549}}[00m
2026-10-07 04:05:38.328 3431170 DEBUG oslo_service.backend._eventlet.service [req-5d57eb0c-63dc-462f-a157-0695fb156fb9 - - - - - -] use_journal                    = False [00;33m{{(pid=3431170) log_opt_values /opt/stack/data/venv/lib/python3.12/site-packages/oslo_config/cfg.py:3549}}[00m
2026-10-07 04:05:38.328 3431170 DEBUG oslo_service.backend._eventlet.service [req-5d57eb0c-63dc-462f-a157-0695fb156fb9 - - - - - -] use_json                       = False [00;33m{{(pid=3431170) log_opt_values /opt/stack/data/venv/lib/python3.12/site-packages/oslo_config/cfg.py:3549}}[00m
2026-10-07 04:05:38.328 3431170 DEBUG oslo_service.backend._eventlet.service [req-5d57eb0c-63dc-462f-a157-0695fb156fb9 - - - - - -] use_multipath_for_image_xfer   = False [00;33m{{(pid=3431170) log_opt_values /opt/stack/data/venv/lib/python3.12/site-packages/oslo_config/cfg.py:3549}}[00m
2026-10-07 04:05:38.328 3431170 DEBUG oslo_service.backend._eventlet.service [req-5d57eb0c-63dc-462f-a157-0695fb156fb9 - - - - - -] use_stderr                     = False [00;33m{{(pid=3431170) log_opt_values /opt/stack/data/venv/lib/python3.12/site-packages/oslo_config/cfg.py:3549}}[00m
2026-10-07 04:05:38.328 3431170 DEBUG oslo_service.backend._eventlet.service [req-5d57eb0c-63dc-462f-a157-0695fb156fb9 - - - - - -] use_syslog                     = False [00;33m{{(pid=3431170) log_opt_values /opt/stack/data/venv/lib/python3.12/site-packages/oslo_config/cfg.py:3549}}[00m
2026-10-07 04:05:38.328 3431170 DEBUG oslo_service.backend._eventlet.service [req-5d57eb0c-63dc-462f-a157-0695fb156fb9 - - - - - -] verify_glance_signatures       = enabled [00;33m{{(pid=3431170) log_opt_values /opt/stack/data/venv/lib/python3.12/site-packages/oslo_config/cfg.py:3549}}[00m
2026-10-07 04:05:38.328 3431170 DEBUG oslo_service.backend._eventlet.service [req-5d57eb0c-63dc-462f-a157-0695fb156fb9 - - - - - -] vmdk_allowed_types             = ['streamOptimized', 'monolithicSparse'] [00;33m{{(pid=3431170) log_opt_values /opt/stack/data/venv/lib/python3.12/site-packages/oslo_config/cfg.py:3549}}[00m
2026-10-07 04:05:38.328 3431170 DEBUG oslo_service.backend._eventlet.service [req-5d57eb0c-63dc-462f-a157-0695fb156fb9 - - - - - -] volume_api_class               = cinder.volume.api.API [00;33m{{(pid=3431170) log_opt_values /opt/stack/data/venv/lib/python3.12/site-packages/oslo_config/cfg.py:3549}}[00m
2026-10-07 04:05:38.328 3431170 DEBUG oslo_service.backend._eventlet.service [req-5d57eb0c-63dc-462f-a157-0695fb156fb9 - - - - - -] volume_backend_name            = None [00;33m{{(pid=3431170) log_opt_values /opt/stack/data/venv/lib/python3.12/site-packages/oslo_config/cfg.py:3549}}[00m
2026-10-07 04:05:38.328 3431170 DEBUG oslo_service.backend._eventlet.service [req-5d57eb0c-63dc-462f-a157-0695fb156fb9 - - - - - -] volume_clear                   = zero [00;33m{{(pid=3431170) log_opt_values /opt/stack/data/venv/lib/python3.12/site-packages/oslo_config/cfg.py:3549}}[00m
2026-10-07 04:05:38.329 3431170 DEBUG oslo_service.backend._eventlet.service [req-5d57eb0c-63dc-462f-a157-0695fb156fb9 - - - - - -] volume_clear_ionice            = None [00;33m{{(pid=3431170) log_opt_values /opt/stack/data/venv/lib/python3.12/site-packages/oslo_config/cfg.py:3549}}[00m
2026-10-07 04:05:38.329 3431170 DEBUG oslo_service.backend._eventlet.service [req-5d57eb0c-63dc-462f-a157-0695fb156fb9 - - - - - -] volume_clear_size              = 0 [00;33m{{(pid=3431170) log_opt_values /opt/stack/data/venv/lib/python3.12/site-packages/oslo_config/cfg.py:3549}}[00m
2026-10-07 04:05:38.329 3431170 DEBUG oslo_service.backend._eventlet.service [req-5d57eb0c-63dc-462f-a157-0695fb156fb9 - - - - - -] volume_copy_blkio_cgroup_name  = cinder-volume-copy [00;33m{{(pid=3431170) log_opt_values /opt/stack/data/venv/lib/python3.12/site-packages/oslo_config/cfg.py:3549}}[00m
2026-10-07 04:05:38.329 3431170 DEBUG oslo_service.backend._eventlet.service [req-5d57eb0c-63dc-462f-a157-0695fb156fb9 - - - - - -] volume_copy_bps_limit          = 0 [00;33m{{(pid=3431170) log_opt_values /opt/stack/data/venv/lib/python3.12/site-packages/oslo_config/cfg.py:3549}}[00m
2026-10-07 04:05:38.329 3431170 DEBUG oslo_service.backend._eventlet.service [req-5d57eb0c-63dc-462f-a157-0695fb156fb9 - - - - - -] volume_dd_blocksize            = 1M [00;33m{{(pid=3431170) log_opt_values /opt/stack/data/venv/lib/python3.12/site-packages/oslo_config/cfg.py:3549}}[00m
2026-10-07 04:05:38.329 3431170 DEBUG oslo_service.backend._eventlet.service [req-5d57eb0c-63dc-462f-a157-0695fb156fb9 - - - - - -] volume_manager                 = cinder.volume.manager.VolumeManager [00;33m{{(pid=3431170) log_opt_values /opt/stack/data/venv/lib/python3.12/site-packages/oslo_config/cfg.py:3549}}[00m
2026-10-07 04:05:38.329 3431170 DEBUG oslo_service.backend._eventlet.service [req-5d57eb0c-63dc-462f-a157-0695fb156fb9 - - - - - -] volume_name_template           = volume-%s [00;33m{{(pid=3431170) log_opt_values /opt/stack/data/venv/lib/python3.12/site-packages/oslo_config/cfg.py:3549}}[00m
2026-10-07 04:05:38.329 3431170 DEBUG oslo_service.backend._eventlet.service [req-5d57eb0c-63dc-462f-a157-0695fb156fb9 - - - - - -] volume_service_inithost_offload = False [00;33m{{(pid=3431170) log_opt_values /opt/stack/data/venv/lib/python3.12/site-packages/oslo_config/cfg.py:3549}}[00m
2026-10-07 04:05:38.329 3431170 DEBUG oslo_service.backend._eventlet.service [req-5d57eb0c-63dc-462f-a157-0695fb156fb9 - - - - - -] volume_usage_audit_period      = month [00;33m{{(pid=3431170) log_opt_values /opt/stack/data/venv/lib/python3.12/site-packages/oslo_config/cfg.py:3549}}[00m
2026-10-07 04:05:38.329 3431170 DEBUG oslo_service.backend._eventlet.service [req-5d57eb0c-63dc-462f-a157-0695fb156fb9 - - - - - -] volumes_dir                    = /opt/stack/data/cinder/volumes [00;33m{{(pid=3431170) log_opt_values /opt/stack/data/venv/lib/python3.12/site-packages/oslo_config/cfg.py:3549}}[00m
2026-10-07 04:05:38.329 3431170 DEBUG oslo_service.backend._eventlet.service [req-5d57eb0c-63dc-462f-a157-0695fb156fb9 - - - - - -] zoning_mode                    = None [00;33m{{(pid=3431170) log_opt_values /opt/stack/data/venv/lib/python3.12/site-packages/oslo_config/cfg.py:3549}}[00m
2026-10-07 04:05:38.330 3431170 DEBUG oslo_service.backend._eventlet.service [req-5d57eb0c-63dc-462f-a157-0695fb156fb9 - - - - - -] oslo_concurrency.disable_process_locking = False [00;33m{{(pid=3431170) log_opt_values /opt/stack/data/venv/lib/python3.12/site-packages/oslo_config/cfg.py:3560}}[00m
2026-10-07 04:05:38.330 3431170 DEBUG oslo_service.backend._eventlet.service [req-5d57eb0c-63dc-462f-a157-0695fb156fb9 - - - - - -] oslo_concurrency.lock_path     = /opt/stack/data/cinder [00;33m{{(pid=3431170) log_opt_values /opt/stack/data/venv/lib/python3.12/site-packages/oslo_config/cfg.py:3560}}[00m
2026-10-07 04:05:38.330 3431170 DEBUG oslo_service.backend._eventlet.service [req-5d57eb0c-63dc-462f-a157-0695fb156fb9 - - - - - -] os_brick.lightos_discovery_client_address = localhost [00;33m{{(pid=3431170) log_opt_values /opt/stack/data/venv/lib/python3.12/site-packages/oslo_config/cfg.py:3560}}[00m
2026-10-07 04:05:38.330 3431170 DEBUG oslo_service.backend._eventlet.service [req-5d57eb0c-63dc-462f-a157-0695fb156fb9 - - - - - -] os_brick.lightos_discovery_client_dir_path = /etc/discovery-client/discovery.d/ [00;33m{{(pid=3431170) log_opt_values /opt/stack/data/venv/lib/python3.12/site-packages/oslo_config/cfg.py:3560}}[00m
2026-10-07 04:05:38.330 3431170 DEBUG oslo_service.backend._eventlet.service [req-5d57eb0c-63dc-462f-a157-0695fb156fb9 - - - - - -] os_brick.lightos_discovery_client_port = 6060 [00;33m{{(pid=3431170) log_opt_values /opt/stack/data/venv/lib/python3.12/site-packages/oslo_config/cfg.py:3560}}[00m
2026-10-07 04:05:38.330 3431170 DEBUG oslo_service.backend._eventlet.service [req-5d57eb0c-63dc-462f-a157-0695fb156fb9 - - - - - -] os_brick.lock_path             = /opt/stack/data/os_brick [00;33m{{(pid=3431170) log_opt_values /opt/stack/data/venv/lib/python3.12/site-packages/oslo_config/cfg.py:3560}}[00m
2026-10-07 04:05:38.330 3431170 DEBUG oslo_service.backend._eventlet.service [req-5d57eb0c-63dc-462f-a157-0695fb156fb9 - - - - - -] os_brick.wait_mpath_device_attempts = 4 [00;33m{{(pid=3431170) log_opt_values /opt/stack/data/venv/lib/python3.12/site-packages/oslo_config/cfg.py:3560}}[00m
2026-10-07 04:05:38.330 3431170 DEBUG oslo_service.backend._eventlet.service [req-5d57eb0c-63dc-462f-a157-0695fb156fb9 - - - - - -] os_brick.wait_mpath_device_interval = 1 [00;33m{{(pid=3431170) log_opt_values /opt/stack/data/venv/lib/python3.12/site-packages/oslo_config/cfg.py:3560}}[00m
2026-10-07 04:05:38.330 3431170 DEBUG oslo_service.backend._eventlet.service [req-5d57eb0c-63dc-462f-a157-0695fb156fb9 - - - - - -] oslo_middleware.http_basic_auth_user_file = /etc/htpasswd [00;33m{{(pid=3431170) log_opt_values /opt/stack/data/venv/lib/python3.12/site-packages/oslo_config/cfg.py:3560}}[00m
2026-10-07 04:05:38.331 3431170 DEBUG oslo_service.backend._eventlet.service [req-5d57eb0c-63dc-462f-a157-0695fb156fb9 - - - - - -] oslo_versionedobjects.fatal_exception_format_errors = False [00;33m{{(pid=3431170) log_opt_values /opt/stack/data/venv/lib/python3.12/site-packages/oslo_config/cfg.py:3560}}[00m
2026-10-07 04:05:38.331 3431170 DEBUG oslo_service.backend._eventlet.service [req-5d57eb0c-63dc-462f-a157-0695fb156fb9 - - - - - -] keystone_authtoken.auth_section = None [00;33m{{(pid=3431170) log_opt_values /opt/stack/data/venv/lib/python3.12/site-packages/oslo_config/cfg.py:3560}}[00m
2026-10-07 04:05:38.331 3431170 DEBUG oslo_service.backend._eventlet.service [req-5d57eb0c-63dc-462f-a157-0695fb156fb9 - - - - - -] keystone_authtoken.auth_type   = password [00;33m{{(pid=3431170) log_opt_values /opt/stack/data/venv/lib/python3.12/site-packages/oslo_config/cfg.py:3560}}[00m
2026-10-07 04:05:38.331 3431170 DEBUG oslo_service.backend._eventlet.service [req-5d57eb0c-63dc-462f-a157-0695fb156fb9 - - - - - -] keystone_authtoken.auth_version = None [00;33m{{(pid=3431170) log_opt_values /opt/stack/data/venv/lib/python3.12/site-packages/oslo_config/cfg.py:3560}}[00m
2026-10-07 04:05:38.331 3431170 DEBUG oslo_service.backend._eventlet.service [req-5d57eb0c-63dc-462f-a157-0695fb156fb9 - - - - - -] keystone_authtoken.cache       = None [00;33m{{(pid=3431170) log_opt_values /opt/stack/data/venv/lib/python3.12/site-packages/oslo_config/cfg.py:3560}}[00m
2026-10-07 04:05:38.331 3431170 DEBUG oslo_service.backend._eventlet.service [req-5d57eb0c-63dc-462f-a157-0695fb156fb9 - - - - - -] keystone_authtoken.cafile      = /opt/stack/data/ca-bundle.pem [00;33m{{(pid=3431170) log_opt_values /opt/stack/data/venv/lib/python3.12/site-packages/oslo_config/cfg.py:3560}}[00m
2026-10-07 04:05:38.331 3431170 DEBUG oslo_service.backend._eventlet.service [req-5d57eb0c-63dc-462f-a157-0695fb156fb9 - - - - - -] keystone_authtoken.certfile    = None [00;33m{{(pid=3431170) log_opt_values /opt/stack/data/venv/lib/python3.12/site-packages/oslo_config/cfg.py:3560}}[00m
2026-10-07 04:05:38.331 3431170 DEBUG oslo_service.backend._eventlet.service [req-5d57eb0c-63dc-462f-a157-0695fb156fb9 - - - - - -] keystone_authtoken.delay_auth_decision = False [00;33m{{(pid=3431170) log_opt_values /opt/stack/data/venv/lib/python3.12/site-packages/oslo_config/cfg.py:3560}}[00m
2026-10-07 04:05:38.331 3431170 DEBUG oslo_service.backend._eventlet.service [req-5d57eb0c-63dc-462f-a157-0695fb156fb9 - - - - - -] keystone_authtoken.enforce_token_bind = permissive [00;33m{{(pid=3431170) log_opt_values /opt/stack/data/venv/lib/python3.12/site-packages/oslo_config/cfg.py:3560}}[00m
2026-10-07 04:05:38.331 3431170 DEBUG oslo_service.backend._eventlet.service [req-5d57eb0c-63dc-462f-a157-0695fb156fb9 - - - - - -] keystone_authtoken.http_connect_timeout = None [00;33m{{(pid=3431170) log_opt_values /opt/stack/data/venv/lib/python3.12/site-packages/oslo_config/cfg.py:3560}}[00m
2026-10-07 04:05:38.331 3431170 DEBUG oslo_service.backend._eventlet.service [req-5d57eb0c-63dc-462f-a157-0695fb156fb9 - - - - - -] keystone_authtoken.http_request_max_retries = 3 [00;33m{{(pid=3431170) log_opt_values /opt/stack/data/venv/lib/python3.12/site-packages/oslo_config/cfg.py:3560}}[00m
2026-10-07 04:05:38.332 3431170 DEBUG oslo_service.backend._eventlet.service [req-5d57eb0c-63dc-462f-a157-0695fb156fb9 - - - - - -] keystone_authtoken.include_service_catalog = True [00;33m{{(pid=3431170) log_opt_values /opt/stack/data/venv/lib/python3.12/site-packages/oslo_config/cfg.py:3560}}[00m
2026-10-07 04:05:38.332 3431170 DEBUG oslo_service.backend._eventlet.service [req-5d57eb0c-63dc-462f-a157-0695fb156fb9 - - - - - -] keystone_authtoken.insecure    = False [00;33m{{(pid=3431170) log_opt_values /opt/stack/data/venv/lib/python3.12/site-packages/oslo_config/cfg.py:3560}}[00m
2026-10-07 04:05:38.332 3431170 DEBUG oslo_service.backend._eventlet.service [req-5d57eb0c-63dc-462f-a157-0695fb156fb9 - - - - - -] keystone_authtoken.interface   = public [00;33m{{(pid=3431170) log_opt_values /opt/stack/data/venv/lib/python3.12/site-packages/oslo_config/cfg.py:3560}}[00m
2026-10-07 04:05:38.332 3431170 DEBUG oslo_service.backend._eventlet.service [req-5d57eb0c-63dc-462f-a157-0695fb156fb9 - - - - - -] keystone_authtoken.keyfile     = None [00;33m{{(pid=3431170) log_opt_values /opt/stack/data/venv/lib/python3.12/site-packages/oslo_config/cfg.py:3560}}[00m
2026-10-07 04:05:38.332 3431170 DEBUG oslo_service.backend._eventlet.service [req-5d57eb0c-63dc-462f-a157-0695fb156fb9 - - - - - -] keystone_authtoken.memcache_password = **** [00;33m{{(pid=3431170) log_opt_values /opt/stack/data/venv/lib/python3.12/site-packages/oslo_config/cfg.py:3560}}[00m
2026-10-07 04:05:38.332 3431170 DEBUG oslo_service.backend._eventlet.service [req-5d57eb0c-63dc-462f-a157-0695fb156fb9 - - - - - -] keystone_authtoken.memcache_pool_conn_get_timeout = 10 [00;33m{{(pid=3431170) log_opt_values /opt/stack/data/venv/lib/python3.12/site-packages/oslo_config/cfg.py:3560}}[00m
2026-10-07 04:05:38.332 3431170 DEBUG oslo_service.backend._eventlet.service [req-5d57eb0c-63dc-462f-a157-0695fb156fb9 - - - - - -] keystone_authtoken.memcache_pool_dead_retry = 300 [00;33m{{(pid=3431170) log_opt_values /opt/stack/data/venv/lib/python3.12/site-packages/oslo_config/cfg.py:3560}}[00m
2026-10-07 04:05:38.332 3431170 DEBUG oslo_service.backend._eventlet.service [req-5d57eb0c-63dc-462f-a157-0695fb156fb9 - - - - - -] keystone_authtoken.memcache_pool_maxsize = 10 [00;33m{{(pid=3431170) log_opt_values /opt/stack/data/venv/lib/python3.12/site-packages/oslo_config/cfg.py:3560}}[00m
2026-10-07 04:05:38.332 3431170 DEBUG oslo_service.backend._eventlet.service [req-5d57eb0c-63dc-462f-a157-0695fb156fb9 - - - - - -] keystone_authtoken.memcache_pool_socket_timeout = 3 [00;33m{{(pid=3431170) log_opt_values /opt/stack/data/venv/lib/python3.12/site-packages/oslo_config/cfg.py:3560}}[00m
2026-10-07 04:05:38.332 3431170 DEBUG oslo_service.backend._eventlet.service [req-5d57eb0c-63dc-462f-a157-0695fb156fb9 - - - - - -] keystone_authtoken.memcache_pool_unused_timeout = 60 [00;33m{{(pid=3431170) log_opt_values /opt/stack/data/venv/lib/python3.12/site-packages/oslo_config/cfg.py:3560}}[00m
2026-10-07 04:05:38.332 3431170 DEBUG oslo_service.backend._eventlet.service [req-5d57eb0c-63dc-462f-a157-0695fb156fb9 - - - - - -] keystone_authtoken.memcache_sasl_enabled = False [00;33m{{(pid=3431170) log_opt_values /opt/stack/data/venv/lib/python3.12/site-packages/oslo_config/cfg.py:3560}}[00m
2026-10-07 04:05:38.332 3431170 DEBUG oslo_service.backend._eventlet.service [req-5d57eb0c-63dc-462f-a157-0695fb156fb9 - - - - - -] keystone_authtoken.memcache_secret_key = **** [00;33m{{(pid=3431170) log_opt_values /opt/stack/data/venv/lib/python3.12/site-packages/oslo_config/cfg.py:3560}}[00m
2026-10-07 04:05:38.333 3431170 DEBUG oslo_service.backend._eventlet.service [req-5d57eb0c-63dc-462f-a157-0695fb156fb9 - - - - - -] keystone_authtoken.memcache_security_strategy = None [00;33m{{(pid=3431170) log_opt_values /opt/stack/data/venv/lib/python3.12/site-packages/oslo_config/cfg.py:3560}}[00m
2026-10-07 04:05:38.333 3431170 DEBUG oslo_service.backend._eventlet.service [req-5d57eb0c-63dc-462f-a157-0695fb156fb9 - - - - - -] keystone_authtoken.memcache_tls_allowed_ciphers = None [00;33m{{(pid=3431170) log_opt_values /opt/stack/data/venv/lib/python3.12/site-packages/oslo_config/cfg.py:3560}}[00m
2026-10-07 04:05:38.333 3431170 DEBUG oslo_service.backend._eventlet.service [req-5d57eb0c-63dc-462f-a157-0695fb156fb9 - - - - - -] keystone_authtoken.memcache_tls_cafile = None [00;33m{{(pid=3431170) log_opt_values /opt/stack/data/venv/lib/python3.12/site-packages/oslo_config/cfg.py:3560}}[00m
2026-10-07 04:05:38.333 3431170 DEBUG oslo_service.backend._eventlet.service [req-5d57eb0c-63dc-462f-a157-0695fb156fb9 - - - - - -] keystone_authtoken.memcache_tls_certfile = None [00;33m{{(pid=3431170) log_opt_values /opt/stack/data/venv/lib/python3.12/site-packages/oslo_config/cfg.py:3560}}[00m
2026-10-07 04:05:38.333 3431170 DEBUG oslo_service.backend._eventlet.service [req-5d57eb0c-63dc-462f-a157-0695fb156fb9 - - - - - -] keystone_authtoken.memcache_tls_enabled = False [00;33m{{(pid=3431170) log_opt_values /opt/stack/data/venv/lib/python3.12/site-packages/oslo_config/cfg.py:3560}}[00m
2026-10-07 04:05:38.333 3431170 DEBUG oslo_service.backend._eventlet.service [req-5d57eb0c-63dc-462f-a157-0695fb156fb9 - - - - - -] keystone_authtoken.memcache_tls_keyfile = None [00;33m{{(pid=3431170) log_opt_values /opt/stack/data/venv/lib/python3.12/site-packages/oslo_config/cfg.py:3560}}[00m
2026-10-07 04:05:38.333 3431170 DEBUG oslo_service.backend._eventlet.service [req-5d57eb0c-63dc-462f-a157-0695fb156fb9 - - - - - -] keystone_authtoken.memcache_use_advanced_pool = True [00;33m{{(pid=3431170) log_opt_values /opt/stack/data/venv/lib/python3.12/site-packages/oslo_config/cfg.py:3560}}[00m
2026-10-07 04:05:38.333 3431170 DEBUG oslo_service.backend._eventlet.service [req-5d57eb0c-63dc-462f-a157-0695fb156fb9 - - - - - -] keystone_authtoken.memcache_username = None [00;33m{{(pid=3431170) log_opt_values /opt/stack/data/venv/lib/python3.12/site-packages/oslo_config/cfg.py:3560}}[00m
2026-10-07 04:05:38.333 3431170 DEBUG oslo_service.backend._eventlet.service [req-5d57eb0c-63dc-462f-a157-0695fb156fb9 - - - - - -] keystone_authtoken.memcached_servers = ['localhost:11211'] [00;33m{{(pid=3431170) log_opt_values /opt/stack/data/venv/lib/python3.12/site-packages/oslo_config/cfg.py:3560}}[00m
2026-10-07 04:05:38.333 3431170 DEBUG oslo_service.backend._eventlet.service [req-5d57eb0c-63dc-462f-a157-0695fb156fb9 - - - - - -] keystone_authtoken.region_name = None [00;33m{{(pid=3431170) log_opt_values /opt/stack/data/venv/lib/python3.12/site-packages/oslo_config/cfg.py:3560}}[00m
2026-10-07 04:05:38.333 3431170 DEBUG oslo_service.backend._eventlet.service [req-5d57eb0c-63dc-462f-a157-0695fb156fb9 - - - - - -] keystone_authtoken.service_token_roles = ['service'] [00;33m{{(pid=3431170) log_opt_values /opt/stack/data/venv/lib/python3.12/site-packages/oslo_config/cfg.py:3560}}[00m
2026-10-07 04:05:38.333 3431170 DEBUG oslo_service.backend._eventlet.service [req-5d57eb0c-63dc-462f-a157-0695fb156fb9 - - - - - -] keystone_authtoken.service_token_roles_required = True [00;33m{{(pid=3431170) log_opt_values /opt/stack/data/venv/lib/python3.12/site-packages/oslo_config/cfg.py:3560}}[00m
2026-10-07 04:05:38.334 3431170 DEBUG oslo_service.backend._eventlet.service [req-5d57eb0c-63dc-462f-a157-0695fb156fb9 - - - - - -] keystone_authtoken.service_type = None [00;33m{{(pid=3431170) log_opt_values /opt/stack/data/venv/lib/python3.12/site-packages/oslo_config/cfg.py:3560}}[00m
2026-10-07 04:05:38.334 3431170 DEBUG oslo_service.backend._eventlet.service [req-5d57eb0c-63dc-462f-a157-0695fb156fb9 - - - - - -] keystone_authtoken.token_cache_time = 300 [00;33m{{(pid=3431170) log_opt_values /opt/stack/data/venv/lib/python3.12/site-packages/oslo_config/cfg.py:3560}}[00m
2026-10-07 04:05:38.334 3431170 DEBUG oslo_service.backend._eventlet.service [req-5d57eb0c-63dc-462f-a157-0695fb156fb9 - - - - - -] keystone_authtoken.www_authenticate_uri = http://172.25.92.210/identity [00;33m{{(pid=3431170) log_opt_values /opt/stack/data/venv/lib/python3.12/site-packages/oslo_config/cfg.py:3560}}[00m
2026-10-07 04:05:38.334 3431170 DEBUG oslo_service.backend._eventlet.service [req-5d57eb0c-63dc-462f-a157-0695fb156fb9 - - - - - -] cache.backend                  = dogpile.cache.null [00;33m{{(pid=3431170) log_opt_values /opt/stack/data/venv/lib/python3.12/site-packages/oslo_config/cfg.py:3560}}[00m
2026-10-07 04:05:38.334 3431170 DEBUG oslo_service.backend._eventlet.service [req-5d57eb0c-63dc-462f-a157-0695fb156fb9 - - - - - -] cache.backend_argument         = **** [00;33m{{(pid=3431170) log_opt_values /opt/stack/data/venv/lib/python3.12/site-packages/oslo_config/cfg.py:3560}}[00m
2026-10-07 04:05:38.334 3431170 DEBUG oslo_service.backend._eventlet.service [req-5d57eb0c-63dc-462f-a157-0695fb156fb9 - - - - - -] cache.backend_expiration_time  = None [00;33m{{(pid=3431170) log_opt_values /opt/stack/data/venv/lib/python3.12/site-packages/oslo_config/cfg.py:3560}}[00m
2026-10-07 04:05:38.334 3431170 DEBUG oslo_service.backend._eventlet.service [req-5d57eb0c-63dc-462f-a157-0695fb156fb9 - - - - - -] cache.config_prefix            = cache.oslo [00;33m{{(pid=3431170) log_opt_values /opt/stack/data/venv/lib/python3.12/site-packages/oslo_config/cfg.py:3560}}[00m
2026-10-07 04:05:38.334 3431170 DEBUG oslo_service.backend._eventlet.service [req-5d57eb0c-63dc-462f-a157-0695fb156fb9 - - - - - -] cache.debug_cache_backend      = False [00;33m{{(pid=3431170) log_opt_values /opt/stack/data/venv/lib/python3.12/site-packages/oslo_config/cfg.py:3560}}[00m
2026-10-07 04:05:38.334 3431170 DEBUG oslo_service.backend._eventlet.service [req-5d57eb0c-63dc-462f-a157-0695fb156fb9 - - - - - -] cache.enable_retry_client      = False [00;33m{{(pid=3431170) log_opt_values /opt/stack/data/venv/lib/python3.12/site-packages/oslo_config/cfg.py:3560}}[00m
2026-10-07 04:05:38.334 3431170 DEBUG oslo_service.backend._eventlet.service [req-5d57eb0c-63dc-462f-a157-0695fb156fb9 - - - - - -] cache.enable_socket_keepalive  = False [00;33m{{(pid=3431170) log_opt_values /opt/stack/data/venv/lib/python3.12/site-packages/oslo_config/cfg.py:3560}}[00m
2026-10-07 04:05:38.334 3431170 DEBUG oslo_service.backend._eventlet.service [req-5d57eb0c-63dc-462f-a157-0695fb156fb9 - - - - - -] cache.enabled                  = False [00;33m{{(pid=3431170) log_opt_values /opt/stack/data/venv/lib/python3.12/site-packages/oslo_config/cfg.py:3560}}[00m
2026-10-07 04:05:38.335 3431170 DEBUG oslo_service.backend._eventlet.service [req-5d57eb0c-63dc-462f-a157-0695fb156fb9 - - - - - -] cache.expiration_time          = 600 [00;33m{{(pid=3431170) log_opt_values /opt/stack/data/venv/lib/python3.12/site-packages/oslo_config/cfg.py:3560}}[00m
2026-10-07 04:05:38.335 3431170 DEBUG oslo_service.backend._eventlet.service [req-5d57eb0c-63dc-462f-a157-0695fb156fb9 - - - - - -] cache.hashclient_dead_timeout  = 60.0 [00;33m{{(pid=3431170) log_opt_values /opt/stack/data/venv/lib/python3.12/site-packages/oslo_config/cfg.py:3560}}[00m
2026-10-07 04:05:38.335 3431170 DEBUG oslo_service.backend._eventlet.service [req-5d57eb0c-63dc-462f-a157-0695fb156fb9 - - - - - -] cache.hashclient_retry_attempts = 2 [00;33m{{(pid=3431170) log_opt_values /opt/stack/data/venv/lib/python3.12/site-packages/oslo_config/cfg.py:3560}}[00m
2026-10-07 04:05:38.335 3431170 DEBUG oslo_service.backend._eventlet.service [req-5d57eb0c-63dc-462f-a157-0695fb156fb9 - - - - - -] cache.hashclient_retry_timeout = 1.0 [00;33m{{(pid=3431170) log_opt_values /opt/stack/data/venv/lib/python3.12/site-packages/oslo_config/cfg.py:3560}}[00m
2026-10-07 04:05:38.335 3431170 DEBUG oslo_service.backend._eventlet.service [req-5d57eb0c-63dc-462f-a157-0695fb156fb9 - - - - - -] cache.memcache_dead_retry      = 300 [00;33m{{(pid=3431170) log_opt_values /opt/stack/data/venv/lib/python3.12/site-packages/oslo_config/cfg.py:3560}}[00m
2026-10-07 04:05:38.335 3431170 DEBUG oslo_service.backend._eventlet.service [req-5d57eb0c-63dc-462f-a157-0695fb156fb9 - - - - - -] cache.memcache_pool_connection_get_timeout = 10 [00;33m{{(pid=3431170) log_opt_values /opt/stack/data/venv/lib/python3.12/site-packages/oslo_config/cfg.py:3560}}[00m
2026-10-07 04:05:38.335 3431170 DEBUG oslo_service.backend._eventlet.service [req-5d57eb0c-63dc-462f-a157-0695fb156fb9 - - - - - -] cache.memcache_pool_flush_on_reconnect = False [00;33m{{(pid=3431170) log_opt_values /opt/stack/data/venv/lib/python3.12/site-packages/oslo_config/cfg.py:3560}}[00m
2026-10-07 04:05:38.335 3431170 DEBUG oslo_service.backend._eventlet.service [req-5d57eb0c-63dc-462f-a157-0695fb156fb9 - - - - - -] cache.memcache_pool_maxsize    = 10 [00;33m{{(pid=3431170) log_opt_values /opt/stack/data/venv/lib/python3.12/site-packages/oslo_config/cfg.py:3560}}[00m
2026-10-07 04:05:38.335 3431170 DEBUG oslo_service.backend._eventlet.service [req-5d57eb0c-63dc-462f-a157-0695fb156fb9 - - - - - -] cache.memcache_pool_unused_timeout = 60 [00;33m{{(pid=3431170) log_opt_values /opt/stack/data/venv/lib/python3.12/site-packages/oslo_config/cfg.py:3560}}[00m
2026-10-07 04:05:38.335 3431170 DEBUG oslo_service.backend._eventlet.service [req-5d57eb0c-63dc-462f-a157-0695fb156fb9 - - - - - -] cache.memcache_sasl_enabled    = False [00;33m{{(pid=3431170) log_opt_values /opt/stack/data/venv/lib/python3.12/site-packages/oslo_config/cfg.py:3560}}[00m
2026-10-07 04:05:38.335 3431170 DEBUG oslo_service.backend._eventlet.service [req-5d57eb0c-63dc-462f-a157-0695fb156fb9 - - - - - -] cache.memcache_servers         = ['localhost:11211'] [00;33m{{(pid=3431170) log_opt_values /opt/stack/data/venv/lib/python3.12/site-packages/oslo_config/cfg.py:3560}}[00m
2026-10-07 04:05:38.336 3431170 DEBUG oslo_service.backend._eventlet.service [req-5d57eb0c-63dc-462f-a157-0695fb156fb9 - - - - - -] cache.password                 = **** [00;33m{{(pid=3431170) log_opt_values /opt/stack/data/venv/lib/python3.12/site-packages/oslo_config/cfg.py:3560}}[00m
2026-10-07 04:05:38.336 3431170 DEBUG oslo_service.backend._eventlet.service [req-5d57eb0c-63dc-462f-a157-0695fb156fb9 - - - - - -] cache.proxies                  = [] [00;33m{{(pid=3431170) log_opt_values /opt/stack/data/venv/lib/python3.12/site-packages/oslo_config/cfg.py:3560}}[00m
2026-10-07 04:05:38.336 3431170 DEBUG oslo_service.backend._eventlet.service [req-5d57eb0c-63dc-462f-a157-0695fb156fb9 - - - - - -] cache.redis_db                 = 0 [00;33m{{(pid=3431170) log_opt_values /opt/stack/data/venv/lib/python3.12/site-packages/oslo_config/cfg.py:3560}}[00m
2026-10-07 04:05:38.336 3431170 DEBUG oslo_service.backend._eventlet.service [req-5d57eb0c-63dc-462f-a157-0695fb156fb9 - - - - - -] cache.redis_sentinel_service_name = mymaster [00;33m{{(pid=3431170) log_opt_values /opt/stack/data/venv/lib/python3.12/site-packages/oslo_config/cfg.py:3560}}[00m
2026-10-07 04:05:38.336 3431170 DEBUG oslo_service.backend._eventlet.service [req-5d57eb0c-63dc-462f-a157-0695fb156fb9 - - - - - -] cache.redis_sentinels          = ['localhost:26379'] [00;33m{{(pid=3431170) log_opt_values /opt/stack/data/venv/lib/python3.12/site-packages/oslo_config/cfg.py:3560}}[00m
2026-10-07 04:05:38.336 3431170 DEBUG oslo_service.backend._eventlet.service [req-5d57eb0c-63dc-462f-a157-0695fb156fb9 - - - - - -] cache.redis_server             = localhost:6379 [00;33m{{(pid=3431170) log_opt_values /opt/stack/data/venv/lib/python3.12/site-packages/oslo_config/cfg.py:3560}}[00m
2026-10-07 04:05:38.336 3431170 DEBUG oslo_service.backend._eventlet.service [req-5d57eb0c-63dc-462f-a157-0695fb156fb9 - - - - - -] cache.retry_attempts           = 2 [00;33m{{(pid=3431170) log_opt_values /opt/stack/data/venv/lib/python3.12/site-packages/oslo_config/cfg.py:3560}}[00m
2026-10-07 04:05:38.336 3431170 DEBUG oslo_service.backend._eventlet.service [req-5d57eb0c-63dc-462f-a157-0695fb156fb9 - - - - - -] cache.retry_delay              = 0.0 [00;33m{{(pid=3431170) log_opt_values /opt/stack/data/venv/lib/python3.12/site-packages/oslo_config/cfg.py:3560}}[00m
2026-10-07 04:05:38.336 3431170 DEBUG oslo_service.backend._eventlet.service [req-5d57eb0c-63dc-462f-a157-0695fb156fb9 - - - - - -] cache.socket_keepalive_count   = 1 [00;33m{{(pid=3431170) log_opt_values /opt/stack/data/venv/lib/python3.12/site-packages/oslo_config/cfg.py:3560}}[00m
2026-10-07 04:05:38.336 3431170 DEBUG oslo_service.backend._eventlet.service [req-5d57eb0c-63dc-462f-a157-0695fb156fb9 - - - - - -] cache.socket_keepalive_idle    = 1 [00;33m{{(pid=3431170) log_opt_values /opt/stack/data/venv/lib/python3.12/site-packages/oslo_config/cfg.py:3560}}[00m
2026-10-07 04:05:38.336 3431170 DEBUG oslo_service.backend._eventlet.service [req-5d57eb0c-63dc-462f-a157-0695fb156fb9 - - - - - -] cache.socket_keepalive_interval = 1 [00;33m{{(pid=3431170) log_opt_values /opt/stack/data/venv/lib/python3.12/site-packages/oslo_config/cfg.py:3560}}[00m
2026-10-07 04:05:38.336 3431170 DEBUG oslo_service.backend._eventlet.service [req-5d57eb0c-63dc-462f-a157-0695fb156fb9 - - - - - -] cache.socket_timeout           = 1.0 [00;33m{{(pid=3431170) log_opt_values /opt/stack/data/venv/lib/python3.12/site-packages/oslo_config/cfg.py:3560}}[00m
2026-10-07 04:05:38.337 3431170 DEBUG oslo_service.backend._eventlet.service [req-5d57eb0c-63dc-462f-a157-0695fb156fb9 - - - - - -] cache.tls_allowed_ciphers      = None [00;33m{{(pid=3431170) log_opt_values /opt/stack/data/venv/lib/python3.12/site-packages/oslo_config/cfg.py:3560}}[00m
2026-10-07 04:05:38.337 3431170 DEBUG oslo_service.backend._eventlet.service [req-5d57eb0c-63dc-462f-a157-0695fb156fb9 - - - - - -] cache.tls_cafile               = None [00;33m{{(pid=3431170) log_opt_values /opt/stack/data/venv/lib/python3.12/site-packages/oslo_config/cfg.py:3560}}[00m
2026-10-07 04:05:38.337 3431170 DEBUG oslo_service.backend._eventlet.service [req-5d57eb0c-63dc-462f-a157-0695fb156fb9 - - - - - -] cache.tls_certfile             = None [00;33m{{(pid=3431170) log_opt_values /opt/stack/data/venv/lib/python3.12/site-packages/oslo_config/cfg.py:3560}}[00m
2026-10-07 04:05:38.337 3431170 DEBUG oslo_service.backend._eventlet.service [req-5d57eb0c-63dc-462f-a157-0695fb156fb9 - - - - - -] cache.tls_enabled              = False [00;33m{{(pid=3431170) log_opt_values /opt/stack/data/venv/lib/python3.12/site-packages/oslo_config/cfg.py:3560}}[00m
2026-10-07 04:05:38.337 3431170 DEBUG oslo_service.backend._eventlet.service [req-5d57eb0c-63dc-462f-a157-0695fb156fb9 - - - - - -] cache.tls_keyfile              = None [00;33m{{(pid=3431170) log_opt_values /opt/stack/data/venv/lib/python3.12/site-packages/oslo_config/cfg.py:3560}}[00m
2026-10-07 04:05:38.337 3431170 DEBUG oslo_service.backend._eventlet.service [req-5d57eb0c-63dc-462f-a157-0695fb156fb9 - - - - - -] cache.username                 = None [00;33m{{(pid=3431170) log_opt_values /opt/stack/data/venv/lib/python3.12/site-packages/oslo_config/cfg.py:3560}}[00m
2026-10-07 04:05:38.337 3431170 DEBUG oslo_service.backend._eventlet.service [req-5d57eb0c-63dc-462f-a157-0695fb156fb9 - - - - - -] coordination.backend_url       = **** [00;33m{{(pid=3431170) log_opt_values /opt/stack/data/venv/lib/python3.12/site-packages/oslo_config/cfg.py:3560}}[00m
2026-10-07 04:05:38.337 3431170 DEBUG oslo_service.backend._eventlet.service [req-5d57eb0c-63dc-462f-a157-0695fb156fb9 - - - - - -] database.asyncio_connection    = **** [00;33m{{(pid=3431170) log_opt_values /opt/stack/data/venv/lib/python3.12/site-packages/oslo_config/cfg.py:3560}}[00m
2026-10-07 04:05:38.337 3431170 DEBUG oslo_service.backend._eventlet.service [req-5d57eb0c-63dc-462f-a157-0695fb156fb9 - - - - - -] database.asyncio_slave_connection = **** [00;33m{{(pid=3431170) log_opt_values /opt/stack/data/venv/lib/python3.12/site-packages/oslo_config/cfg.py:3560}}[00m
2026-10-07 04:05:38.337 3431170 DEBUG oslo_service.backend._eventlet.service [req-5d57eb0c-63dc-462f-a157-0695fb156fb9 - - - - - -] database.backend               = sqlalchemy [00;33m{{(pid=3431170) log_opt_values /opt/stack/data/venv/lib/python3.12/site-packages/oslo_config/cfg.py:3560}}[00m
2026-10-07 04:05:38.337 3431170 DEBUG oslo_service.backend._eventlet.service [req-5d57eb0c-63dc-462f-a157-0695fb156fb9 - - - - - -] database.connection            = **** [00;33m{{(pid=3431170) log_opt_values /opt/stack/data/venv/lib/python3.12/site-packages/oslo_config/cfg.py:3560}}[00m
2026-10-07 04:05:38.337 3431170 DEBUG oslo_service.backend._eventlet.service [req-5d57eb0c-63dc-462f-a157-0695fb156fb9 - - - - - -] database.connection_debug      = 0 [00;33m{{(pid=3431170) log_opt_values /opt/stack/data/venv/lib/python3.12/site-packages/oslo_config/cfg.py:3560}}[00m
2026-10-07 04:05:38.338 3431170 DEBUG oslo_service.backend._eventlet.service [req-5d57eb0c-63dc-462f-a157-0695fb156fb9 - - - - - -] database.connection_parameters =  [00;33m{{(pid=3431170) log_opt_values /opt/stack/data/venv/lib/python3.12/site-packages/oslo_config/cfg.py:3560}}[00m
2026-10-07 04:05:38.338 3431170 DEBUG oslo_service.backend._eventlet.service [req-5d57eb0c-63dc-462f-a157-0695fb156fb9 - - - - - -] database.connection_recycle_time = 3600 [00;33m{{(pid=3431170) log_opt_values /opt/stack/data/venv/lib/python3.12/site-packages/oslo_config/cfg.py:3560}}[00m
2026-10-07 04:05:38.338 3431170 DEBUG oslo_service.backend._eventlet.service [req-5d57eb0c-63dc-462f-a157-0695fb156fb9 - - - - - -] database.connection_trace      = False [00;33m{{(pid=3431170) log_opt_values /opt/stack/data/venv/lib/python3.12/site-packages/oslo_config/cfg.py:3560}}[00m
2026-10-07 04:05:38.338 3431170 DEBUG oslo_service.backend._eventlet.service [req-5d57eb0c-63dc-462f-a157-0695fb156fb9 - - - - - -] database.db_inc_retry_interval = True [00;33m{{(pid=3431170) log_opt_values /opt/stack/data/venv/lib/python3.12/site-packages/oslo_config/cfg.py:3560}}[00m
2026-10-07 04:05:38.338 3431170 DEBUG oslo_service.backend._eventlet.service [req-5d57eb0c-63dc-462f-a157-0695fb156fb9 - - - - - -] database.db_max_retries        = 20 [00;33m{{(pid=3431170) log_opt_values /opt/stack/data/venv/lib/python3.12/site-packages/oslo_config/cfg.py:3560}}[00m
2026-10-07 04:05:38.338 3431170 DEBUG oslo_service.backend._eventlet.service [req-5d57eb0c-63dc-462f-a157-0695fb156fb9 - - - - - -] database.db_max_retry_interval = 10 [00;33m{{(pid=3431170) log_opt_values /opt/stack/data/venv/lib/python3.12/site-packages/oslo_config/cfg.py:3560}}[00m
2026-10-07 04:05:38.338 3431170 DEBUG oslo_service.backend._eventlet.service [req-5d57eb0c-63dc-462f-a157-0695fb156fb9 - - - - - -] database.db_retry_interval     = 1 [00;33m{{(pid=3431170) log_opt_values /opt/stack/data/venv/lib/python3.12/site-packages/oslo_config/cfg.py:3560}}[00m
2026-10-07 04:05:38.338 3431170 DEBUG oslo_service.backend._eventlet.service [req-5d57eb0c-63dc-462f-a157-0695fb156fb9 - - - - - -] database.max_overflow          = 50 [00;33m{{(pid=3431170) log_opt_values /opt/stack/data/venv/lib/python3.12/site-packages/oslo_config/cfg.py:3560}}[00m
2026-10-07 04:05:38.338 3431170 DEBUG oslo_service.backend._eventlet.service [req-5d57eb0c-63dc-462f-a157-0695fb156fb9 - - - - - -] database.max_pool_size         = 5 [00;33m{{(pid=3431170) log_opt_values /opt/stack/data/venv/lib/python3.12/site-packages/oslo_config/cfg.py:3560}}[00m
2026-10-07 04:05:38.338 3431170 DEBUG oslo_service.backend._eventlet.service [req-5d57eb0c-63dc-462f-a157-0695fb156fb9 - - - - - -] database.max_retries           = 10 [00;33m{{(pid=3431170) log_opt_values /opt/stack/data/venv/lib/python3.12/site-packages/oslo_config/cfg.py:3560}}[00m
2026-10-07 04:05:38.338 3431170 DEBUG oslo_service.backend._eventlet.service [req-5d57eb0c-63dc-462f-a157-0695fb156fb9 - - - - - -] database.mysql_sql_mode        = TRADITIONAL [00;33m{{(pid=3431170) log_opt_values /opt/stack/data/venv/lib/python3.12/site-packages/oslo_config/cfg.py:3560}}[00m
2026-10-07 04:05:38.338 3431170 DEBUG oslo_service.backend._eventlet.service [req-5d57eb0c-63dc-462f-a157-0695fb156fb9 - - - - - -] database.mysql_wsrep_sync_wait = None [00;33m{{(pid=3431170) log_opt_values /opt/stack/data/venv/lib/python3.12/site-packages/oslo_config/cfg.py:3560}}[00m
2026-10-07 04:05:38.339 3431170 DEBUG oslo_service.backend._eventlet.service [req-5d57eb0c-63dc-462f-a157-0695fb156fb9 - - - - - -] database.pool_timeout          = None [00;33m{{(pid=3431170) log_opt_values /opt/stack/data/venv/lib/python3.12/site-packages/oslo_config/cfg.py:3560}}[00m
2026-10-07 04:05:38.339 3431170 DEBUG oslo_service.backend._eventlet.service [req-5d57eb0c-63dc-462f-a157-0695fb156fb9 - - - - - -] database.retry_interval        = 10 [00;33m{{(pid=3431170) log_opt_values /opt/stack/data/venv/lib/python3.12/site-packages/oslo_config/cfg.py:3560}}[00m
2026-10-07 04:05:38.339 3431170 DEBUG oslo_service.backend._eventlet.service [req-5d57eb0c-63dc-462f-a157-0695fb156fb9 - - - - - -] database.slave_connection      = **** [00;33m{{(pid=3431170) log_opt_values /opt/stack/data/venv/lib/python3.12/site-packages/oslo_config/cfg.py:3560}}[00m
2026-10-07 04:05:38.339 3431170 DEBUG oslo_service.backend._eventlet.service [req-5d57eb0c-63dc-462f-a157-0695fb156fb9 - - - - - -] database.sqlite_synchronous    = True [00;33m{{(pid=3431170) log_opt_values /opt/stack/data/venv/lib/python3.12/site-packages/oslo_config/cfg.py:3560}}[00m
2026-10-07 04:05:38.339 3431170 DEBUG oslo_service.backend._eventlet.service [req-5d57eb0c-63dc-462f-a157-0695fb156fb9 - - - - - -] database.synchronous_reader    = True [00;33m{{(pid=3431170) log_opt_values /opt/stack/data/venv/lib/python3.12/site-packages/oslo_config/cfg.py:3560}}[00m
2026-10-07 04:05:38.339 3431170 DEBUG oslo_service.backend._eventlet.service [req-5d57eb0c-63dc-462f-a157-0695fb156fb9 - - - - - -] database.use_db_reconnect      = False [00;33m{{(pid=3431170) log_opt_values /opt/stack/data/venv/lib/python3.12/site-packages/oslo_config/cfg.py:3560}}[00m
2026-10-07 04:05:38.339 3431170 DEBUG oslo_service.backend._eventlet.service [req-5d57eb0c-63dc-462f-a157-0695fb156fb9 - - - - - -] oslo_messaging_metrics.metrics_buffer_size = 1000 [00;33m{{(pid=3431170) log_opt_values /opt/stack/data/venv/lib/python3.12/site-packages/oslo_config/cfg.py:3560}}[00m
2026-10-07 04:05:38.339 3431170 DEBUG oslo_service.backend._eventlet.service [req-5d57eb0c-63dc-462f-a157-0695fb156fb9 - - - - - -] oslo_messaging_metrics.metrics_enabled = False [00;33m{{(pid=3431170) log_opt_values /opt/stack/data/venv/lib/python3.12/site-packages/oslo_config/cfg.py:3560}}[00m
2026-10-07 04:05:38.339 3431170 DEBUG oslo_service.backend._eventlet.service [req-5d57eb0c-63dc-462f-a157-0695fb156fb9 - - - - - -] oslo_messaging_metrics.metrics_process_name =  [00;33m{{(pid=3431170) log_opt_values /opt/stack/data/venv/lib/python3.12/site-packages/oslo_config/cfg.py:3560}}[00m
2026-10-07 04:05:38.339 3431170 DEBUG oslo_service.backend._eventlet.service [req-5d57eb0c-63dc-462f-a157-0695fb156fb9 - - - - - -] oslo_messaging_metrics.metrics_socket_file = /var/tmp/metrics_collector.sock [00;33m{{(pid=3431170) log_opt_values /opt/stack/data/venv/lib/python3.12/site-packages/oslo_config/cfg.py:3560}}[00m
2026-10-07 04:05:38.339 3431170 DEBUG oslo_service.backend._eventlet.service [req-5d57eb0c-63dc-462f-a157-0695fb156fb9 - - - - - -] oslo_messaging_metrics.metrics_thread_stop_timeout = 10 [00;33m{{(pid=3431170) log_opt_values /opt/stack/data/venv/lib/python3.12/site-packages/oslo_config/cfg.py:3560}}[00m
2026-10-07 04:05:38.339 3431170 DEBUG oslo_service.backend._eventlet.service [req-5d57eb0c-63dc-462f-a157-0695fb156fb9 - - - - - -] oslo_messaging_tracing.insecure = False [00;33m{{(pid=3431170) log_opt_values /opt/stack/data/venv/lib/python3.12/site-packages/oslo_config/cfg.py:3560}}[00m
2026-10-07 04:05:38.340 3431170 DEBUG oslo_service.backend._eventlet.service [req-5d57eb0c-63dc-462f-a157-0695fb156fb9 - - - - - -] oslo_messaging_tracing.otel_exporter_otlp_endpoint = http://localhost:4318 [00;33m{{(pid=3431170) log_opt_values /opt/stack/data/venv/lib/python3.12/site-packages/oslo_config/cfg.py:3560}}[00m
2026-10-07 04:05:38.340 3431170 DEBUG oslo_service.backend._eventlet.service [req-5d57eb0c-63dc-462f-a157-0695fb156fb9 - - - - - -] oslo_messaging_tracing.otlp_protocol = http/protobuf [00;33m{{(pid=3431170) log_opt_values /opt/stack/data/venv/lib/python3.12/site-packages/oslo_config/cfg.py:3560}}[00m
2026-10-07 04:05:38.340 3431170 DEBUG oslo_service.backend._eventlet.service [req-5d57eb0c-63dc-462f-a157-0695fb156fb9 - - - - - -] oslo_messaging_tracing.tracing_enabled = False [00;33m{{(pid=3431170) log_opt_values /opt/stack/data/venv/lib/python3.12/site-packages/oslo_config/cfg.py:3560}}[00m
2026-10-07 04:05:38.340 3431170 DEBUG oslo_service.backend._eventlet.service [req-5d57eb0c-63dc-462f-a157-0695fb156fb9 - - - - - -] oslo_messaging_tracing.tracing_service_name = openstack [00;33m{{(pid=3431170) log_opt_values /opt/stack/data/venv/lib/python3.12/site-packages/oslo_config/cfg.py:3560}}[00m
2026-10-07 04:05:38.340 3431170 DEBUG oslo_service.backend._eventlet.service [req-5d57eb0c-63dc-462f-a157-0695fb156fb9 - - - - - -] profiler.connection_string     = messaging:// [00;33m{{(pid=3431170) log_opt_values /opt/stack/data/venv/lib/python3.12/site-packages/oslo_config/cfg.py:3560}}[00m
2026-10-07 04:05:38.340 3431170 DEBUG oslo_service.backend._eventlet.service [req-5d57eb0c-63dc-462f-a157-0695fb156fb9 - - - - - -] profiler.enabled               = False [00;33m{{(pid=3431170) log_opt_values /opt/stack/data/venv/lib/python3.12/site-packages/oslo_config/cfg.py:3560}}[00m
2026-10-07 04:05:38.340 3431170 DEBUG oslo_service.backend._eventlet.service [req-5d57eb0c-63dc-462f-a157-0695fb156fb9 - - - - - -] profiler.es_doc_type           = notification [00;33m{{(pid=3431170) log_opt_values /opt/stack/data/venv/lib/python3.12/site-packages/oslo_config/cfg.py:3560}}[00m
2026-10-07 04:05:38.340 3431170 DEBUG oslo_service.backend._eventlet.service [req-5d57eb0c-63dc-462f-a157-0695fb156fb9 - - - - - -] profiler.es_scroll_size        = 10000 [00;33m{{(pid=3431170) log_opt_values /opt/stack/data/venv/lib/python3.12/site-packages/oslo_config/cfg.py:3560}}[00m
2026-10-07 04:05:38.340 3431170 DEBUG oslo_service.backend._eventlet.service [req-5d57eb0c-63dc-462f-a157-0695fb156fb9 - - - - - -] profiler.es_scroll_time        = 2m [00;33m{{(pid=3431170) log_opt_values /opt/stack/data/venv/lib/python3.12/site-packages/oslo_config/cfg.py:3560}}[00m
2026-10-07 04:05:38.340 3431170 DEBUG oslo_service.backend._eventlet.service [req-5d57eb0c-63dc-462f-a157-0695fb156fb9 - - - - - -] profiler.filter_error_trace    = False [00;33m{{(pid=3431170) log_opt_values /opt/stack/data/venv/lib/python3.12/site-packages/oslo_config/cfg.py:3560}}[00m
2026-10-07 04:05:38.340 3431170 DEBUG oslo_service.backend._eventlet.service [req-5d57eb0c-63dc-462f-a157-0695fb156fb9 - - - - - -] profiler.hmac_keys             = **** [00;33m{{(pid=3431170) log_opt_values /opt/stack/data/venv/lib/python3.12/site-packages/oslo_config/cfg.py:3560}}[00m
2026-10-07 04:05:38.340 3431170 DEBUG oslo_service.backend._eventlet.service [req-5d57eb0c-63dc-462f-a157-0695fb156fb9 - - - - - -] profiler.sentinel_service_name = mymaster [00;33m{{(pid=3431170) log_opt_values /opt/stack/data/venv/lib/python3.12/site-packages/oslo_config/cfg.py:3560}}[00m
2026-10-07 04:05:38.341 3431170 DEBUG oslo_service.backend._eventlet.service [req-5d57eb0c-63dc-462f-a157-0695fb156fb9 - - - - - -] profiler.socket_timeout        = 0.1 [00;33m{{(pid=3431170) log_opt_values /opt/stack/data/venv/lib/python3.12/site-packages/oslo_config/cfg.py:3560}}[00m
2026-10-07 04:05:38.341 3431170 DEBUG oslo_service.backend._eventlet.service [req-5d57eb0c-63dc-462f-a157-0695fb156fb9 - - - - - -] profiler.trace_requests        = False [00;33m{{(pid=3431170) log_opt_values /opt/stack/data/venv/lib/python3.12/site-packages/oslo_config/cfg.py:3560}}[00m
2026-10-07 04:05:38.341 3431170 DEBUG oslo_service.backend._eventlet.service [req-5d57eb0c-63dc-462f-a157-0695fb156fb9 - - - - - -] profiler.trace_sqlalchemy      = False [00;33m{{(pid=3431170) log_opt_values /opt/stack/data/venv/lib/python3.12/site-packages/oslo_config/cfg.py:3560}}[00m
2026-10-07 04:05:38.341 3431170 DEBUG oslo_service.backend._eventlet.service [req-5d57eb0c-63dc-462f-a157-0695fb156fb9 - - - - - -] profiler_jaeger.process_tags   = {} [00;33m{{(pid=3431170) log_opt_values /opt/stack/data/venv/lib/python3.12/site-packages/oslo_config/cfg.py:3560}}[00m
2026-10-07 04:05:38.341 3431170 DEBUG oslo_service.backend._eventlet.service [req-5d57eb0c-63dc-462f-a157-0695fb156fb9 - - - - - -] profiler_jaeger.service_name_prefix = None [00;33m{{(pid=3431170) log_opt_values /opt/stack/data/venv/lib/python3.12/site-packages/oslo_config/cfg.py:3560}}[00m
2026-10-07 04:05:38.341 3431170 DEBUG oslo_service.backend._eventlet.service [req-5d57eb0c-63dc-462f-a157-0695fb156fb9 - - - - - -] profiler_otlp.service_name_prefix = None [00;33m{{(pid=3431170) log_opt_values /opt/stack/data/venv/lib/python3.12/site-packages/oslo_config/cfg.py:3560}}[00m
2026-10-07 04:05:38.341 3431170 DEBUG oslo_service.backend._eventlet.service [req-5d57eb0c-63dc-462f-a157-0695fb156fb9 - - - - - -] oslo_policy.enforce_new_defaults = True [00;33m{{(pid=3431170) log_opt_values /opt/stack/data/venv/lib/python3.12/site-packages/oslo_config/cfg.py:3560}}[00m
2026-10-07 04:05:38.341 3431170 DEBUG oslo_service.backend._eventlet.service [req-5d57eb0c-63dc-462f-a157-0695fb156fb9 - - - - - -] oslo_policy.policy_default_rule = default [00;33m{{(pid=3431170) log_opt_values /opt/stack/data/venv/lib/python3.12/site-packages/oslo_config/cfg.py:3560}}[00m
2026-10-07 04:05:38.341 3431170 DEBUG oslo_service.backend._eventlet.service [req-5d57eb0c-63dc-462f-a157-0695fb156fb9 - - - - - -] oslo_policy.policy_dirs        = ['policy.d'] [00;33m{{(pid=3431170) log_opt_values /opt/stack/data/venv/lib/python3.12/site-packages/oslo_config/cfg.py:3560}}[00m
2026-10-07 04:05:38.341 3431170 DEBUG oslo_service.backend._eventlet.service [req-5d57eb0c-63dc-462f-a157-0695fb156fb9 - - - - - -] oslo_policy.policy_file        = policy.yaml [00;33m{{(pid=3431170) log_opt_values /opt/stack/data/venv/lib/python3.12/site-packages/oslo_config/cfg.py:3560}}[00m
2026-10-07 04:05:38.341 3431170 DEBUG oslo_service.backend._eventlet.service [req-5d57eb0c-63dc-462f-a157-0695fb156fb9 - - - - - -] oslo_policy.remote_content_type = application/x-www-form-urlencoded [00;33m{{(pid=3431170) log_opt_values /opt/stack/data/venv/lib/python3.12/site-packages/oslo_config/cfg.py:3560}}[00m
2026-10-07 04:05:38.342 3431170 DEBUG oslo_service.backend._eventlet.service [req-5d57eb0c-63dc-462f-a157-0695fb156fb9 - - - - - -] oslo_policy.remote_ssl_ca_crt_file = None [00;33m{{(pid=3431170) log_opt_values /opt/stack/data/venv/lib/python3.12/site-packages/oslo_config/cfg.py:3560}}[00m
2026-10-07 04:05:38.342 3431170 DEBUG oslo_service.backend._eventlet.service [req-5d57eb0c-63dc-462f-a157-0695fb156fb9 - - - - - -] oslo_policy.remote_ssl_client_crt_file = None [00;33m{{(pid=3431170) log_opt_values /opt/stack/data/venv/lib/python3.12/site-packages/oslo_config/cfg.py:3560}}[00m
2026-10-07 04:05:38.342 3431170 DEBUG oslo_service.backend._eventlet.service [req-5d57eb0c-63dc-462f-a157-0695fb156fb9 - - - - - -] oslo_policy.remote_ssl_client_key_file = None [00;33m{{(pid=3431170) log_opt_values /opt/stack/data/venv/lib/python3.12/site-packages/oslo_config/cfg.py:3560}}[00m
2026-10-07 04:05:38.342 3431170 DEBUG oslo_service.backend._eventlet.service [req-5d57eb0c-63dc-462f-a157-0695fb156fb9 - - - - - -] oslo_policy.remote_ssl_verify_server_crt = False [00;33m{{(pid=3431170) log_opt_values /opt/stack/data/venv/lib/python3.12/site-packages/oslo_config/cfg.py:3560}}[00m
2026-10-07 04:05:38.342 3431170 DEBUG oslo_service.backend._eventlet.service [req-5d57eb0c-63dc-462f-a157-0695fb156fb9 - - - - - -] oslo_policy.remote_timeout     = 60.0 [00;33m{{(pid=3431170) log_opt_values /opt/stack/data/venv/lib/python3.12/site-packages/oslo_config/cfg.py:3560}}[00m
2026-10-07 04:05:38.342 3431170 DEBUG oslo_service.backend._eventlet.service [req-5d57eb0c-63dc-462f-a157-0695fb156fb9 - - - - - -] privsep_osbrick.capabilities   = [21, 2] [00;33m{{(pid=3431170) log_opt_values /opt/stack/data/venv/lib/python3.12/site-packages/oslo_config/cfg.py:3560}}[00m
2026-10-07 04:05:38.342 3431170 DEBUG oslo_service.backend._eventlet.service [req-5d57eb0c-63dc-462f-a157-0695fb156fb9 - - - - - -] privsep_osbrick.group          = None [00;33m{{(pid=3431170) log_opt_values /opt/stack/data/venv/lib/python3.12/site-packages/oslo_config/cfg.py:3560}}[00m
2026-10-07 04:05:38.342 3431170 DEBUG oslo_service.backend._eventlet.service [req-5d57eb0c-63dc-462f-a157-0695fb156fb9 - - - - - -] privsep_osbrick.helper_command = None [00;33m{{(pid=3431170) log_opt_values /opt/stack/data/venv/lib/python3.12/site-packages/oslo_config/cfg.py:3560}}[00m
2026-10-07 04:05:38.342 3431170 DEBUG oslo_service.backend._eventlet.service [req-5d57eb0c-63dc-462f-a157-0695fb156fb9 - - - - - -] privsep_osbrick.log_daemon_traceback = False [00;33m{{(pid=3431170) log_opt_values /opt/stack/data/venv/lib/python3.12/site-packages/oslo_config/cfg.py:3560}}[00m
2026-10-07 04:05:38.342 3431170 DEBUG oslo_service.backend._eventlet.service [req-5d57eb0c-63dc-462f-a157-0695fb156fb9 - - - - - -] privsep_osbrick.logger_name    = brick_privsep_hide_output [00;33m{{(pid=3431170) log_opt_values /opt/stack/data/venv/lib/python3.12/site-packages/oslo_config/cfg.py:3560}}[00m
2026-10-07 04:05:38.342 3431170 DEBUG oslo_service.backend._eventlet.service [req-5d57eb0c-63dc-462f-a157-0695fb156fb9 - - - - - -] privsep_osbrick.thread_pool_size = 128 [00;33m{{(pid=3431170) log_opt_values /opt/stack/data/venv/lib/python3.12/site-packages/oslo_config/cfg.py:3560}}[00m
2026-10-07 04:05:38.343 3431170 DEBUG oslo_service.backend._eventlet.service [req-5d57eb0c-63dc-462f-a157-0695fb156fb9 - - - - - -] privsep_osbrick.user           = None [00;33m{{(pid=3431170) log_opt_values /opt/stack/data/venv/lib/python3.12/site-packages/oslo_config/cfg.py:3560}}[00m
2026-10-07 04:05:38.343 3431170 DEBUG oslo_service.backend._eventlet.service [req-5d57eb0c-63dc-462f-a157-0695fb156fb9 - - - - - -] cinder_sys_admin.capabilities  = [0, 1, 2, 3, 12, 21] [00;33m{{(pid=3431170) log_opt_values /opt/stack/data/venv/lib/python3.12/site-packages/oslo_config/cfg.py:3560}}[00m
2026-10-07 04:05:38.343 3431170 DEBUG oslo_service.backend._eventlet.service [req-5d57eb0c-63dc-462f-a157-0695fb156fb9 - - - - - -] cinder_sys_admin.group         = None [00;33m{{(pid=3431170) log_opt_values /opt/stack/data/venv/lib/python3.12/site-packages/oslo_config/cfg.py:3560}}[00m
2026-10-07 04:05:38.343 3431170 DEBUG oslo_service.backend._eventlet.service [req-5d57eb0c-63dc-462f-a157-0695fb156fb9 - - - - - -] cinder_sys_admin.helper_command = None [00;33m{{(pid=3431170) log_opt_values /opt/stack/data/venv/lib/python3.12/site-packages/oslo_config/cfg.py:3560}}[00m
2026-10-07 04:05:38.343 3431170 DEBUG oslo_service.backend._eventlet.service [req-5d57eb0c-63dc-462f-a157-0695fb156fb9 - - - - - -] cinder_sys_admin.log_daemon_traceback = False [00;33m{{(pid=3431170) log_opt_values /opt/stack/data/venv/lib/python3.12/site-packages/oslo_config/cfg.py:3560}}[00m
2026-10-07 04:05:38.343 3431170 DEBUG oslo_service.backend._eventlet.service [req-5d57eb0c-63dc-462f-a157-0695fb156fb9 - - - - - -] cinder_sys_admin.logger_name   = oslo_privsep.daemon [00;33m{{(pid=3431170) log_opt_values /opt/stack/data/venv/lib/python3.12/site-packages/oslo_config/cfg.py:3560}}[00m
2026-10-07 04:05:38.343 3431170 DEBUG oslo_service.backend._eventlet.service [req-5d57eb0c-63dc-462f-a157-0695fb156fb9 - - - - - -] cinder_sys_admin.thread_pool_size = 128 [00;33m{{(pid=3431170) log_opt_values /opt/stack/data/venv/lib/python3.12/site-packages/oslo_config/cfg.py:3560}}[00m
2026-10-07 04:05:38.343 3431170 DEBUG oslo_service.backend._eventlet.service [req-5d57eb0c-63dc-462f-a157-0695fb156fb9 - - - - - -] cinder_sys_admin.user          = None [00;33m{{(pid=3431170) log_opt_values /opt/stack/data/venv/lib/python3.12/site-packages/oslo_config/cfg.py:3560}}[00m
2026-10-07 04:05:38.343 3431170 DEBUG oslo_service.backend._eventlet.service [req-5d57eb0c-63dc-462f-a157-0695fb156fb9 - - - - - -] service_user.auth_section      = None [00;33m{{(pid=3431170) log_opt_values /opt/stack/data/venv/lib/python3.12/site-packages/oslo_config/cfg.py:3560}}[00m
2026-10-07 04:05:38.343 3431170 DEBUG oslo_service.backend._eventlet.service [req-5d57eb0c-63dc-462f-a157-0695fb156fb9 - - - - - -] service_user.auth_type         = password [00;33m{{(pid=3431170) log_opt_values /opt/stack/data/venv/lib/python3.12/site-packages/oslo_config/cfg.py:3560}}[00m
2026-10-07 04:05:38.343 3431170 DEBUG oslo_service.backend._eventlet.service [req-5d57eb0c-63dc-462f-a157-0695fb156fb9 - - - - - -] service_user.cafile            = None [00;33m{{(pid=3431170) log_opt_values /opt/stack/data/venv/lib/python3.12/site-packages/oslo_config/cfg.py:3560}}[00m
2026-10-07 04:05:38.343 3431170 DEBUG oslo_service.backend._eventlet.service [req-5d57eb0c-63dc-462f-a157-0695fb156fb9 - - - - - -] service_user.certfile          = None [00;33m{{(pid=3431170) log_opt_values /opt/stack/data/venv/lib/python3.12/site-packages/oslo_config/cfg.py:3560}}[00m
2026-10-07 04:05:38.344 3431170 DEBUG oslo_service.backend._eventlet.service [req-5d57eb0c-63dc-462f-a157-0695fb156fb9 - - - - - -] service_user.collect_timing    = False [00;33m{{(pid=3431170) log_opt_values /opt/stack/data/venv/lib/python3.12/site-packages/oslo_config/cfg.py:3560}}[00m
2026-10-07 04:05:38.344 3431170 DEBUG oslo_service.backend._eventlet.service [req-5d57eb0c-63dc-462f-a157-0695fb156fb9 - - - - - -] service_user.insecure          = False [00;33m{{(pid=3431170) log_opt_values /opt/stack/data/venv/lib/python3.12/site-packages/oslo_config/cfg.py:3560}}[00m
2026-10-07 04:05:38.344 3431170 DEBUG oslo_service.backend._eventlet.service [req-5d57eb0c-63dc-462f-a157-0695fb156fb9 - - - - - -] service_user.keyfile           = None [00;33m{{(pid=3431170) log_opt_values /opt/stack/data/venv/lib/python3.12/site-packages/oslo_config/cfg.py:3560}}[00m
2026-10-07 04:05:38.344 3431170 DEBUG oslo_service.backend._eventlet.service [req-5d57eb0c-63dc-462f-a157-0695fb156fb9 - - - - - -] service_user.send_service_user_token = True [00;33m{{(pid=3431170) log_opt_values /opt/stack/data/venv/lib/python3.12/site-packages/oslo_config/cfg.py:3560}}[00m
2026-10-07 04:05:38.344 3431170 DEBUG oslo_service.backend._eventlet.service [req-5d57eb0c-63dc-462f-a157-0695fb156fb9 - - - - - -] service_user.split_loggers     = False [00;33m{{(pid=3431170) log_opt_values /opt/stack/data/venv/lib/python3.12/site-packages/oslo_config/cfg.py:3560}}[00m
2026-10-07 04:05:38.344 3431170 DEBUG oslo_service.backend._eventlet.service [req-5d57eb0c-63dc-462f-a157-0695fb156fb9 - - - - - -] service_user.timeout           = None [00;33m{{(pid=3431170) log_opt_values /opt/stack/data/venv/lib/python3.12/site-packages/oslo_config/cfg.py:3560}}[00m
2026-10-07 04:05:38.344 3431170 DEBUG oslo_service.backend._eventlet.service [req-5d57eb0c-63dc-462f-a157-0695fb156fb9 - - - - - -] service_user.tls_ciphers       = None [00;33m{{(pid=3431170) log_opt_values /opt/stack/data/venv/lib/python3.12/site-packages/oslo_config/cfg.py:3560}}[00m
2026-10-07 04:05:38.344 3431170 DEBUG oslo_service.backend._eventlet.service [req-5d57eb0c-63dc-462f-a157-0695fb156fb9 - - - - - -] service_user.tls_min_version   = None [00;33m{{(pid=3431170) log_opt_values /opt/stack/data/venv/lib/python3.12/site-packages/oslo_config/cfg.py:3560}}[00m
2026-10-07 04:05:38.344 3431170 DEBUG oslo_service.backend._eventlet.service [req-5d57eb0c-63dc-462f-a157-0695fb156fb9 - - - - - -] glance.auth_section            = None [00;33m{{(pid=3431170) log_opt_values /opt/stack/data/venv/lib/python3.12/site-packages/oslo_config/cfg.py:3560}}[00m
2026-10-07 04:05:38.344 3431170 DEBUG oslo_service.backend._eventlet.service [req-5d57eb0c-63dc-462f-a157-0695fb156fb9 - - - - - -] glance.auth_type               = password [00;33m{{(pid=3431170) log_opt_values /opt/stack/data/venv/lib/python3.12/site-packages/oslo_config/cfg.py:3560}}[00m
2026-10-07 04:05:38.344 3431170 DEBUG oslo_service.backend._eventlet.service [req-5d57eb0c-63dc-462f-a157-0695fb156fb9 - - - - - -] glance.cafile                  = /opt/stack/data/ca-bundle.pem [00;33m{{(pid=3431170) log_opt_values /opt/stack/data/venv/lib/python3.12/site-packages/oslo_config/cfg.py:3560}}[00m
2026-10-07 04:05:38.344 3431170 DEBUG oslo_service.backend._eventlet.service [req-5d57eb0c-63dc-462f-a157-0695fb156fb9 - - - - - -] glance.certfile                = None [00;33m{{(pid=3431170) log_opt_values /opt/stack/data/venv/lib/python3.12/site-packages/oslo_config/cfg.py:3560}}[00m
2026-10-07 04:05:38.345 3431170 DEBUG oslo_service.backend._eventlet.service [req-5d57eb0c-63dc-462f-a157-0695fb156fb9 - - - - - -] glance.collect_timing          = False [00;33m{{(pid=3431170) log_opt_values /opt/stack/data/venv/lib/python3.12/site-packages/oslo_config/cfg.py:3560}}[00m
2026-10-07 04:05:38.345 3431170 DEBUG oslo_service.backend._eventlet.service [req-5d57eb0c-63dc-462f-a157-0695fb156fb9 - - - - - -] glance.insecure                = False [00;33m{{(pid=3431170) log_opt_values /opt/stack/data/venv/lib/python3.12/site-packages/oslo_config/cfg.py:3560}}[00m
2026-10-07 04:05:38.345 3431170 DEBUG oslo_service.backend._eventlet.service [req-5d57eb0c-63dc-462f-a157-0695fb156fb9 - - - - - -] glance.keyfile                 = None [00;33m{{(pid=3431170) log_opt_values /opt/stack/data/venv/lib/python3.12/site-packages/oslo_config/cfg.py:3560}}[00m
2026-10-07 04:05:38.345 3431170 DEBUG oslo_service.backend._eventlet.service [req-5d57eb0c-63dc-462f-a157-0695fb156fb9 - - - - - -] glance.region_name             = None [00;33m{{(pid=3431170) log_opt_values /opt/stack/data/venv/lib/python3.12/site-packages/oslo_config/cfg.py:3560}}[00m
2026-10-07 04:05:38.345 3431170 DEBUG oslo_service.backend._eventlet.service [req-5d57eb0c-63dc-462f-a157-0695fb156fb9 - - - - - -] glance.split_loggers           = False [00;33m{{(pid=3431170) log_opt_values /opt/stack/data/venv/lib/python3.12/site-packages/oslo_config/cfg.py:3560}}[00m
2026-10-07 04:05:38.345 3431170 DEBUG oslo_service.backend._eventlet.service [req-5d57eb0c-63dc-462f-a157-0695fb156fb9 - - - - - -] glance.timeout                 = None [00;33m{{(pid=3431170) log_opt_values /opt/stack/data/venv/lib/python3.12/site-packages/oslo_config/cfg.py:3560}}[00m
2026-10-07 04:05:38.345 3431170 DEBUG oslo_service.backend._eventlet.service [req-5d57eb0c-63dc-462f-a157-0695fb156fb9 - - - - - -] glance.tls_ciphers             = None [00;33m{{(pid=3431170) log_opt_values /opt/stack/data/venv/lib/python3.12/site-packages/oslo_config/cfg.py:3560}}[00m
2026-10-07 04:05:38.345 3431170 DEBUG oslo_service.backend._eventlet.service [req-5d57eb0c-63dc-462f-a157-0695fb156fb9 - - - - - -] glance.tls_min_version         = None [00;33m{{(pid=3431170) log_opt_values /opt/stack/data/venv/lib/python3.12/site-packages/oslo_config/cfg.py:3560}}[00m
2026-10-07 04:05:38.345 3431170 DEBUG oslo_service.backend._eventlet.service [req-5d57eb0c-63dc-462f-a157-0695fb156fb9 - - - - - -] backend_defaults.backend_availability_zone = None [00;33m{{(pid=3431170) log_opt_values /opt/stack/data/venv/lib/python3.12/site-packages/oslo_config/cfg.py:3560}}[00m
2026-10-07 04:05:38.345 3431170 DEBUG oslo_service.backend._eventlet.service [req-5d57eb0c-63dc-462f-a157-0695fb156fb9 - - - - - -] backend_defaults.backend_native_threads_pool_size = 20 [00;33m{{(pid=3431170) log_opt_values /opt/stack/data/venv/lib/python3.12/site-packages/oslo_config/cfg.py:3560}}[00m
2026-10-07 04:05:38.345 3431170 DEBUG oslo_service.backend._eventlet.service [req-5d57eb0c-63dc-462f-a157-0695fb156fb9 - - - - - -] backend_defaults.backup_use_temp_snapshot = False [00;33m{{(pid=3431170) log_opt_values /opt/stack/data/venv/lib/python3.12/site-packages/oslo_config/cfg.py:3560}}[00m
2026-10-07 04:05:38.345 3431170 DEBUG oslo_service.backend._eventlet.service [req-5d57eb0c-63dc-462f-a157-0695fb156fb9 - - - - - -] backend_defaults.chap_password = **** [00;33m{{(pid=3431170) log_opt_values /opt/stack/data/venv/lib/python3.12/site-packages/oslo_config/cfg.py:3560}}[00m
2026-10-07 04:05:38.346 3431170 DEBUG oslo_service.backend._eventlet.service [req-5d57eb0c-63dc-462f-a157-0695fb156fb9 - - - - - -] backend_defaults.chap_username =  [00;33m{{(pid=3431170) log_opt_values /opt/stack/data/venv/lib/python3.12/site-packages/oslo_config/cfg.py:3560}}[00m
2026-10-07 04:05:38.346 3431170 DEBUG oslo_service.backend._eventlet.service [req-5d57eb0c-63dc-462f-a157-0695fb156fb9 - - - - - -] backend_defaults.chiscsi_conf  = /etc/chelsio-iscsi/chiscsi.conf [00;33m{{(pid=3431170) log_opt_values /opt/stack/data/venv/lib/python3.12/site-packages/oslo_config/cfg.py:3560}}[00m
2026-10-07 04:05:38.346 3431170 DEBUG oslo_service.backend._eventlet.service [req-5d57eb0c-63dc-462f-a157-0695fb156fb9 - - - - - -] backend_defaults.disk_geometry = None [00;33m{{(pid=3431170) log_opt_values /opt/stack/data/venv/lib/python3.12/site-packages/oslo_config/cfg.py:3560}}[00m
2026-10-07 04:05:38.346 3431170 DEBUG oslo_service.backend._eventlet.service [req-5d57eb0c-63dc-462f-a157-0695fb156fb9 - - - - - -] backend_defaults.driver_client_cert = None [00;33m{{(pid=3431170) log_opt_values /opt/stack/data/venv/lib/python3.12/site-packages/oslo_config/cfg.py:3560}}[00m
2026-10-07 04:05:38.346 3431170 DEBUG oslo_service.backend._eventlet.service [req-5d57eb0c-63dc-462f-a157-0695fb156fb9 - - - - - -] backend_defaults.driver_client_cert_key = None [00;33m{{(pid=3431170) log_opt_values /opt/stack/data/venv/lib/python3.12/site-packages/oslo_config/cfg.py:3560}}[00m
2026-10-07 04:05:38.346 3431170 DEBUG oslo_service.backend._eventlet.service [req-5d57eb0c-63dc-462f-a157-0695fb156fb9 - - - - - -] backend_defaults.driver_data_namespace = None [00;33m{{(pid=3431170) log_opt_values /opt/stack/data/venv/lib/python3.12/site-packages/oslo_config/cfg.py:3560}}[00m
2026-10-07 04:05:38.346 3431170 DEBUG oslo_service.backend._eventlet.service [req-5d57eb0c-63dc-462f-a157-0695fb156fb9 - - - - - -] backend_defaults.driver_ssl_cert_path = None [00;33m{{(pid=3431170) log_opt_values /opt/stack/data/venv/lib/python3.12/site-packages/oslo_config/cfg.py:3560}}[00m
2026-10-07 04:05:38.346 3431170 DEBUG oslo_service.backend._eventlet.service [req-5d57eb0c-63dc-462f-a157-0695fb156fb9 - - - - - -] backend_defaults.driver_ssl_cert_verify = False [00;33m{{(pid=3431170) log_opt_values /opt/stack/data/venv/lib/python3.12/site-packages/oslo_config/cfg.py:3560}}[00m
2026-10-07 04:05:38.346 3431170 DEBUG oslo_service.backend._eventlet.service [req-5d57eb0c-63dc-462f-a157-0695fb156fb9 - - - - - -] backend_defaults.driver_use_ssl = False [00;33m{{(pid=3431170) log_opt_values /opt/stack/data/venv/lib/python3.12/site-packages/oslo_config/cfg.py:3560}}[00m
2026-10-07 04:05:38.346 3431170 DEBUG oslo_service.backend._eventlet.service [req-5d57eb0c-63dc-462f-a157-0695fb156fb9 - - - - - -] backend_defaults.enable_unsupported_driver = False [00;33m{{(pid=3431170) log_opt_values /opt/stack/data/venv/lib/python3.12/site-packages/oslo_config/cfg.py:3560}}[00m
2026-10-07 04:05:38.346 3431170 DEBUG oslo_service.backend._eventlet.service [req-5d57eb0c-63dc-462f-a157-0695fb156fb9 - - - - - -] backend_defaults.enforce_multipath_for_image_xfer = False [00;33m{{(pid=3431170) log_opt_values /opt/stack/data/venv/lib/python3.12/site-packages/oslo_config/cfg.py:3560}}[00m
2026-10-07 04:05:38.346 3431170 DEBUG oslo_service.backend._eventlet.service [req-5d57eb0c-63dc-462f-a157-0695fb156fb9 - - - - - -] backend_defaults.extra_capabilities = {} [00;33m{{(pid=3431170) log_opt_values /opt/stack/data/venv/lib/python3.12/site-packages/oslo_config/cfg.py:3560}}[00m
2026-10-07 04:05:38.347 3431170 DEBUG oslo_service.backend._eventlet.service [req-5d57eb0c-63dc-462f-a157-0695fb156fb9 - - - - - -] backend_defaults.filter_function = None [00;33m{{(pid=3431170) log_opt_values /opt/stack/data/venv/lib/python3.12/site-packages/oslo_config/cfg.py:3560}}[00m
2026-10-07 04:05:38.347 3431170 DEBUG oslo_service.backend._eventlet.service [req-5d57eb0c-63dc-462f-a157-0695fb156fb9 - - - - - -] backend_defaults.goodness_function = None [00;33m{{(pid=3431170) log_opt_values /opt/stack/data/venv/lib/python3.12/site-packages/oslo_config/cfg.py:3560}}[00m
2026-10-07 04:05:38.347 3431170 DEBUG oslo_service.backend._eventlet.service [req-5d57eb0c-63dc-462f-a157-0695fb156fb9 - - - - - -] backend_defaults.hitachi_async_copy_check_interval = 10 [00;33m{{(pid=3431170) log_opt_values /opt/stack/data/venv/lib/python3.12/site-packages/oslo_config/cfg.py:3560}}[00m
2026-10-07 04:05:38.347 3431170 DEBUG oslo_service.backend._eventlet.service [req-5d57eb0c-63dc-462f-a157-0695fb156fb9 - - - - - -] backend_defaults.hitachi_compute_target_ports = [] [00;33m{{(pid=3431170) log_opt_values /opt/stack/data/venv/lib/python3.12/site-packages/oslo_config/cfg.py:3560}}[00m
2026-10-07 04:05:38.347 3431170 DEBUG oslo_service.backend._eventlet.service [req-5d57eb0c-63dc-462f-a157-0695fb156fb9 - - - - - -] backend_defaults.hitachi_copy_check_interval = 3 [00;33m{{(pid=3431170) log_opt_values /opt/stack/data/venv/lib/python3.12/site-packages/oslo_config/cfg.py:3560}}[00m
2026-10-07 04:05:38.347 3431170 DEBUG oslo_service.backend._eventlet.service [req-5d57eb0c-63dc-462f-a157-0695fb156fb9 - - - - - -] backend_defaults.hitachi_copy_speed = 3 [00;33m{{(pid=3431170) log_opt_values /opt/stack/data/venv/lib/python3.12/site-packages/oslo_config/cfg.py:3560}}[00m
2026-10-07 04:05:38.347 3431170 DEBUG oslo_service.backend._eventlet.service [req-5d57eb0c-63dc-462f-a157-0695fb156fb9 - - - - - -] backend_defaults.hitachi_csv_delete_timeout = 600 [00;33m{{(pid=3431170) log_opt_values /opt/stack/data/venv/lib/python3.12/site-packages/oslo_config/cfg.py:3560}}[00m
2026-10-07 04:05:38.347 3431170 DEBUG oslo_service.backend._eventlet.service [req-5d57eb0c-63dc-462f-a157-0695fb156fb9 - - - - - -] backend_defaults.hitachi_discard_zero_page = True [00;33m{{(pid=3431170) log_opt_values /opt/stack/data/venv/lib/python3.12/site-packages/oslo_config/cfg.py:3560}}[00m
2026-10-07 04:05:38.347 3431170 DEBUG oslo_service.backend._eventlet.service [req-5d57eb0c-63dc-462f-a157-0695fb156fb9 - - - - - -] backend_defaults.hitachi_drs_default_csv = deduplication_compression [00;33m{{(pid=3431170) log_opt_values /opt/stack/data/venv/lib/python3.12/site-packages/oslo_config/cfg.py:3560}}[00m
2026-10-07 04:05:38.347 3431170 DEBUG oslo_service.backend._eventlet.service [req-5d57eb0c-63dc-462f-a157-0695fb156fb9 - - - - - -] backend_defaults.hitachi_exec_retry_interval = 5 [00;33m{{(pid=3431170) log_opt_values /opt/stack/data/venv/lib/python3.12/site-packages/oslo_config/cfg.py:3560}}[00m
2026-10-07 04:05:38.347 3431170 DEBUG oslo_service.backend._eventlet.service [req-5d57eb0c-63dc-462f-a157-0695fb156fb9 - - - - - -] backend_defaults.hitachi_extend_snapshot_volumes = False [00;33m{{(pid=3431170) log_opt_values /opt/stack/data/venv/lib/python3.12/site-packages/oslo_config/cfg.py:3560}}[00m
2026-10-07 04:05:38.347 3431170 DEBUG oslo_service.backend._eventlet.service [req-5d57eb0c-63dc-462f-a157-0695fb156fb9 - - - - - -] backend_defaults.hitachi_extend_timeout = 600 [00;33m{{(pid=3431170) log_opt_values /opt/stack/data/venv/lib/python3.12/site-packages/oslo_config/cfg.py:3560}}[00m
2026-10-07 04:05:38.348 3431170 DEBUG oslo_service.backend._eventlet.service [req-5d57eb0c-63dc-462f-a157-0695fb156fb9 - - - - - -] backend_defaults.hitachi_group_create = False [00;33m{{(pid=3431170) log_opt_values /opt/stack/data/venv/lib/python3.12/site-packages/oslo_config/cfg.py:3560}}[00m
2026-10-07 04:05:38.348 3431170 DEBUG oslo_service.backend._eventlet.service [req-5d57eb0c-63dc-462f-a157-0695fb156fb9 - - - - - -] backend_defaults.hitachi_group_delete = False [00;33m{{(pid=3431170) log_opt_values /opt/stack/data/venv/lib/python3.12/site-packages/oslo_config/cfg.py:3560}}[00m
2026-10-07 04:05:38.348 3431170 DEBUG oslo_service.backend._eventlet.service [req-5d57eb0c-63dc-462f-a157-0695fb156fb9 - - - - - -] backend_defaults.hitachi_group_name_format = None [00;33m{{(pid=3431170) log_opt_values /opt/stack/data/venv/lib/python3.12/site-packages/oslo_config/cfg.py:3560}}[00m
2026-10-07 04:05:38.348 3431170 DEBUG oslo_service.backend._eventlet.service [req-5d57eb0c-63dc-462f-a157-0695fb156fb9 - - - - - -] backend_defaults.hitachi_host_mode_options = [] [00;33m{{(pid=3431170) log_opt_values /opt/stack/data/venv/lib/python3.12/site-packages/oslo_config/cfg.py:3560}}[00m
2026-10-07 04:05:38.348 3431170 DEBUG oslo_service.backend._eventlet.service [req-5d57eb0c-63dc-462f-a157-0695fb156fb9 - - - - - -] backend_defaults.hitachi_ldev_range = None [00;33m{{(pid=3431170) log_opt_values /opt/stack/data/venv/lib/python3.12/site-packages/oslo_config/cfg.py:3560}}[00m
2026-10-07 04:05:38.348 3431170 DEBUG oslo_service.backend._eventlet.service [req-5d57eb0c-63dc-462f-a157-0695fb156fb9 - - - - - -] backend_defaults.hitachi_lock_timeout = 7200 [00;33m{{(pid=3431170) log_opt_values /opt/stack/data/venv/lib/python3.12/site-packages/oslo_config/cfg.py:3560}}[00m
2026-10-07 04:05:38.348 3431170 DEBUG oslo_service.backend._eventlet.service [req-5d57eb0c-63dc-462f-a157-0695fb156fb9 - - - - - -] backend_defaults.hitachi_lun_retry_interval = 1 [00;33m{{(pid=3431170) log_opt_values /opt/stack/data/venv/lib/python3.12/site-packages/oslo_config/cfg.py:3560}}[00m
2026-10-07 04:05:38.348 3431170 DEBUG oslo_service.backend._eventlet.service [req-5d57eb0c-63dc-462f-a157-0695fb156fb9 - - - - - -] backend_defaults.hitachi_lun_timeout = 50 [00;33m{{(pid=3431170) log_opt_values /opt/stack/data/venv/lib/python3.12/site-packages/oslo_config/cfg.py:3560}}[00m
2026-10-07 04:05:38.348 3431170 DEBUG oslo_service.backend._eventlet.service [req-5d57eb0c-63dc-462f-a157-0695fb156fb9 - - - - - -] backend_defaults.hitachi_manage_drs_volumes = True [00;33m{{(pid=3431170) log_opt_values /opt/stack/data/venv/lib/python3.12/site-packages/oslo_config/cfg.py:3560}}[00m
2026-10-07 04:05:38.348 3431170 DEBUG oslo_service.backend._eventlet.service [req-5d57eb0c-63dc-462f-a157-0695fb156fb9 - - - - - -] backend_defaults.hitachi_mirror_compute_target_ports = [] [00;33m{{(pid=3431170) log_opt_values /opt/stack/data/venv/lib/python3.12/site-packages/oslo_config/cfg.py:3560}}[00m
2026-10-07 04:05:38.348 3431170 DEBUG oslo_service.backend._eventlet.service [req-5d57eb0c-63dc-462f-a157-0695fb156fb9 - - - - - -] backend_defaults.hitachi_mirror_ldev_range = None [00;33m{{(pid=3431170) log_opt_values /opt/stack/data/venv/lib/python3.12/site-packages/oslo_config/cfg.py:3560}}[00m
2026-10-07 04:05:38.348 3431170 DEBUG oslo_service.backend._eventlet.service [req-5d57eb0c-63dc-462f-a157-0695fb156fb9 - - - - - -] backend_defaults.hitachi_mirror_pair_target_number = 0 [00;33m{{(pid=3431170) log_opt_values /opt/stack/data/venv/lib/python3.12/site-packages/oslo_config/cfg.py:3560}}[00m
2026-10-07 04:05:38.349 3431170 DEBUG oslo_service.backend._eventlet.service [req-5d57eb0c-63dc-462f-a157-0695fb156fb9 - - - - - -] backend_defaults.hitachi_mirror_pool = None [00;33m{{(pid=3431170) log_opt_values /opt/stack/data/venv/lib/python3.12/site-packages/oslo_config/cfg.py:3560}}[00m
2026-10-07 04:05:38.349 3431170 DEBUG oslo_service.backend._eventlet.service [req-5d57eb0c-63dc-462f-a157-0695fb156fb9 - - - - - -] backend_defaults.hitachi_mirror_snap_pool = None [00;33m{{(pid=3431170) log_opt_values /opt/stack/data/venv/lib/python3.12/site-packages/oslo_config/cfg.py:3560}}[00m
2026-10-07 04:05:38.349 3431170 DEBUG oslo_service.backend._eventlet.service [req-5d57eb0c-63dc-462f-a157-0695fb156fb9 - - - - - -] backend_defaults.hitachi_mirror_storage_id = None [00;33m{{(pid=3431170) log_opt_values /opt/stack/data/venv/lib/python3.12/site-packages/oslo_config/cfg.py:3560}}[00m
2026-10-07 04:05:38.349 3431170 DEBUG oslo_service.backend._eventlet.service [req-5d57eb0c-63dc-462f-a157-0695fb156fb9 - - - - - -] backend_defaults.hitachi_mirror_target_ports = [] [00;33m{{(pid=3431170) log_opt_values /opt/stack/data/venv/lib/python3.12/site-packages/oslo_config/cfg.py:3560}}[00m
2026-10-07 04:05:38.349 3431170 DEBUG oslo_service.backend._eventlet.service [req-5d57eb0c-63dc-462f-a157-0695fb156fb9 - - - - - -] backend_defaults.hitachi_pair_target_number = 0 [00;33m{{(pid=3431170) log_opt_values /opt/stack/data/venv/lib/python3.12/site-packages/oslo_config/cfg.py:3560}}[00m
2026-10-07 04:05:38.349 3431170 DEBUG oslo_service.backend._eventlet.service [req-5d57eb0c-63dc-462f-a157-0695fb156fb9 - - - - - -] backend_defaults.hitachi_pools = [] [00;33m{{(pid=3431170) log_opt_values /opt/stack/data/venv/lib/python3.12/site-packages/oslo_config/cfg.py:3560}}[00m
2026-10-07 04:05:38.349 3431170 DEBUG oslo_service.backend._eventlet.service [req-5d57eb0c-63dc-462f-a157-0695fb156fb9 - - - - - -] backend_defaults.hitachi_port_scheduler = False [00;33m{{(pid=3431170) log_opt_values /opt/stack/data/venv/lib/python3.12/site-packages/oslo_config/cfg.py:3560}}[00m
2026-10-07 04:05:38.349 3431170 DEBUG oslo_service.backend._eventlet.service [req-5d57eb0c-63dc-462f-a157-0695fb156fb9 - - - - - -] backend_defaults.hitachi_report_discard_support = False [00;33m{{(pid=3431170) log_opt_values /opt/stack/data/venv/lib/python3.12/site-packages/oslo_config/cfg.py:3560}}[00m
2026-10-07 04:05:38.349 3431170 DEBUG oslo_service.backend._eventlet.service [req-5d57eb0c-63dc-462f-a157-0695fb156fb9 - - - - - -] backend_defaults.hitachi_rest_another_ldev_mapped_retry_timeout = 600 [00;33m{{(pid=3431170) log_opt_values /opt/stack/data/venv/lib/python3.12/site-packages/oslo_config/cfg.py:3560}}[00m
2026-10-07 04:05:38.349 3431170 DEBUG oslo_service.backend._eventlet.service [req-5d57eb0c-63dc-462f-a157-0695fb156fb9 - - - - - -] backend_defaults.hitachi_rest_connect_timeout = 30 [00;33m{{(pid=3431170) log_opt_values /opt/stack/data/venv/lib/python3.12/site-packages/oslo_config/cfg.py:3560}}[00m
2026-10-07 04:05:38.349 3431170 DEBUG oslo_service.backend._eventlet.service [req-5d57eb0c-63dc-462f-a157-0695fb156fb9 - - - - - -] backend_defaults.hitachi_rest_disable_io_wait = True [00;33m{{(pid=3431170) log_opt_values /opt/stack/data/venv/lib/python3.12/site-packages/oslo_config/cfg.py:3560}}[00m
2026-10-07 04:05:38.349 3431170 DEBUG oslo_service.backend._eventlet.service [req-5d57eb0c-63dc-462f-a157-0695fb156fb9 - - - - - -] backend_defaults.hitachi_rest_get_api_response_timeout = 1800 [00;33m{{(pid=3431170) log_opt_values /opt/stack/data/venv/lib/python3.12/site-packages/oslo_config/cfg.py:3560}}[00m
2026-10-07 04:05:38.350 3431170 DEBUG oslo_service.backend._eventlet.service [req-5d57eb0c-63dc-462f-a157-0695fb156fb9 - - - - - -] backend_defaults.hitachi_rest_job_api_response_timeout = 1800 [00;33m{{(pid=3431170) log_opt_values /opt/stack/data/venv/lib/python3.12/site-packages/oslo_config/cfg.py:3560}}[00m
2026-10-07 04:05:38.350 3431170 DEBUG oslo_service.backend._eventlet.service [req-5d57eb0c-63dc-462f-a157-0695fb156fb9 - - - - - -] backend_defaults.hitachi_rest_keep_session_loop_interval = 180 [00;33m{{(pid=3431170) log_opt_values /opt/stack/data/venv/lib/python3.12/site-packages/oslo_config/cfg.py:3560}}[00m
2026-10-07 04:05:38.350 3431170 DEBUG oslo_service.backend._eventlet.service [req-5d57eb0c-63dc-462f-a157-0695fb156fb9 - - - - - -] backend_defaults.hitachi_rest_max_request_workers = 8 [00;33m{{(pid=3431170) log_opt_values /opt/stack/data/venv/lib/python3.12/site-packages/oslo_config/cfg.py:3560}}[00m
2026-10-07 04:05:38.350 3431170 DEBUG oslo_service.backend._eventlet.service [req-5d57eb0c-63dc-462f-a157-0695fb156fb9 - - - - - -] backend_defaults.hitachi_rest_pair_target_ports = [] [00;33m{{(pid=3431170) log_opt_values /opt/stack/data/venv/lib/python3.12/site-packages/oslo_config/cfg.py:3560}}[00m
2026-10-07 04:05:38.350 3431170 DEBUG oslo_service.backend._eventlet.service [req-5d57eb0c-63dc-462f-a157-0695fb156fb9 - - - - - -] backend_defaults.hitachi_rest_server_busy_timeout = 7200 [00;33m{{(pid=3431170) log_opt_values /opt/stack/data/venv/lib/python3.12/site-packages/oslo_config/cfg.py:3560}}[00m
2026-10-07 04:05:38.350 3431170 DEBUG oslo_service.backend._eventlet.service [req-5d57eb0c-63dc-462f-a157-0695fb156fb9 - - - - - -] backend_defaults.hitachi_rest_tcp_keepalive = True [00;33m{{(pid=3431170) log_opt_values /opt/stack/data/venv/lib/python3.12/site-packages/oslo_config/cfg.py:3560}}[00m
2026-10-07 04:05:38.350 3431170 DEBUG oslo_service.backend._eventlet.service [req-5d57eb0c-63dc-462f-a157-0695fb156fb9 - - - - - -] backend_defaults.hitachi_rest_tcp_keepcnt = 4 [00;33m{{(pid=3431170) log_opt_values /opt/stack/data/venv/lib/python3.12/site-packages/oslo_config/cfg.py:3560}}[00m
2026-10-07 04:05:38.350 3431170 DEBUG oslo_service.backend._eventlet.service [req-5d57eb0c-63dc-462f-a157-0695fb156fb9 - - - - - -] backend_defaults.hitachi_rest_tcp_keepidle = 60 [00;33m{{(pid=3431170) log_opt_values /opt/stack/data/venv/lib/python3.12/site-packages/oslo_config/cfg.py:3560}}[00m
2026-10-07 04:05:38.350 3431170 DEBUG oslo_service.backend._eventlet.service [req-5d57eb0c-63dc-462f-a157-0695fb156fb9 - - - - - -] backend_defaults.hitachi_rest_tcp_keepintvl = 15 [00;33m{{(pid=3431170) log_opt_values /opt/stack/data/venv/lib/python3.12/site-packages/oslo_config/cfg.py:3560}}[00m
2026-10-07 04:05:38.350 3431170 DEBUG oslo_service.backend._eventlet.service [req-5d57eb0c-63dc-462f-a157-0695fb156fb9 - - - - - -] backend_defaults.hitachi_rest_timeout = 30 [00;33m{{(pid=3431170) log_opt_values /opt/stack/data/venv/lib/python3.12/site-packages/oslo_config/cfg.py:3560}}[00m
2026-10-07 04:05:38.350 3431170 DEBUG oslo_service.backend._eventlet.service [req-5d57eb0c-63dc-462f-a157-0695fb156fb9 - - - - - -] backend_defaults.hitachi_rest_use_object_caching = True [00;33m{{(pid=3431170) log_opt_values /opt/stack/data/venv/lib/python3.12/site-packages/oslo_config/cfg.py:3560}}[00m
2026-10-07 04:05:38.350 3431170 DEBUG oslo_service.backend._eventlet.service [req-5d57eb0c-63dc-462f-a157-0695fb156fb9 - - - - - -] backend_defaults.hitachi_restore_timeout = 86400 [00;33m{{(pid=3431170) log_opt_values /opt/stack/data/venv/lib/python3.12/site-packages/oslo_config/cfg.py:3560}}[00m
2026-10-07 04:05:38.350 3431170 DEBUG oslo_service.backend._eventlet.service [req-5d57eb0c-63dc-462f-a157-0695fb156fb9 - - - - - -] backend_defaults.hitachi_snap_pool = None [00;33m{{(pid=3431170) log_opt_values /opt/stack/data/venv/lib/python3.12/site-packages/oslo_config/cfg.py:3560}}[00m
2026-10-07 04:05:38.351 3431170 DEBUG oslo_service.backend._eventlet.service [req-5d57eb0c-63dc-462f-a157-0695fb156fb9 - - - - - -] backend_defaults.hitachi_state_transition_timeout = 900 [00;33m{{(pid=3431170) log_opt_values /opt/stack/data/venv/lib/python3.12/site-packages/oslo_config/cfg.py:3560}}[00m
2026-10-07 04:05:38.351 3431170 DEBUG oslo_service.backend._eventlet.service [req-5d57eb0c-63dc-462f-a157-0695fb156fb9 - - - - - -] backend_defaults.hitachi_storage_id = None [00;33m{{(pid=3431170) log_opt_values /opt/stack/data/venv/lib/python3.12/site-packages/oslo_config/cfg.py:3560}}[00m
2026-10-07 04:05:38.351 3431170 DEBUG oslo_service.backend._eventlet.service [req-5d57eb0c-63dc-462f-a157-0695fb156fb9 - - - - - -] backend_defaults.hitachi_target_ports = [] [00;33m{{(pid=3431170) log_opt_values /opt/stack/data/venv/lib/python3.12/site-packages/oslo_config/cfg.py:3560}}[00m
2026-10-07 04:05:38.351 3431170 DEBUG oslo_service.backend._eventlet.service [req-5d57eb0c-63dc-462f-a157-0695fb156fb9 - - - - - -] backend_defaults.hitachi_use_drs_volumes = False [00;33m{{(pid=3431170) log_opt_values /opt/stack/data/venv/lib/python3.12/site-packages/oslo_config/cfg.py:3560}}[00m
2026-10-07 04:05:38.351 3431170 DEBUG oslo_service.backend._eventlet.service [req-5d57eb0c-63dc-462f-a157-0695fb156fb9 - - - - - -] backend_defaults.hitachi_vcp_delete_sleep_interval = 3 [00;33m{{(pid=3431170) log_opt_values /opt/stack/data/venv/lib/python3.12/site-packages/oslo_config/cfg.py:3560}}[00m
2026-10-07 04:05:38.351 3431170 DEBUG oslo_service.backend._eventlet.service [req-5d57eb0c-63dc-462f-a157-0695fb156fb9 - - - - - -] backend_defaults.hitachi_vcp_delete_timeout = 120 [00;33m{{(pid=3431170) log_opt_values /opt/stack/data/venv/lib/python3.12/site-packages/oslo_config/cfg.py:3560}}[00m
2026-10-07 04:05:38.351 3431170 DEBUG oslo_service.backend._eventlet.service [req-5d57eb0c-63dc-462f-a157-0695fb156fb9 - - - - - -] backend_defaults.image_upload_use_cinder_backend = False [00;33m{{(pid=3431170) log_opt_values /opt/stack/data/venv/lib/python3.12/site-packages/oslo_config/cfg.py:3560}}[00m
2026-10-07 04:05:38.351 3431170 DEBUG oslo_service.backend._eventlet.service [req-5d57eb0c-63dc-462f-a157-0695fb156fb9 - - - - - -] backend_defaults.image_upload_use_internal_tenant = False [00;33m{{(pid=3431170) log_opt_values /opt/stack/data/venv/lib/python3.12/site-packages/oslo_config/cfg.py:3560}}[00m
2026-10-07 04:05:38.351 3431170 DEBUG oslo_service.backend._eventlet.service [req-5d57eb0c-63dc-462f-a157-0695fb156fb9 - - - - - -] backend_defaults.image_volume_cache_enabled = False [00;33m{{(pid=3431170) log_opt_values /opt/stack/data/venv/lib/python3.12/site-packages/oslo_config/cfg.py:3560}}[00m
2026-10-07 04:05:38.351 3431170 DEBUG oslo_service.backend._eventlet.service [req-5d57eb0c-63dc-462f-a157-0695fb156fb9 - - - - - -] backend_defaults.image_volume_cache_max_count = 0 [00;33m{{(pid=3431170) log_opt_values /opt/stack/data/venv/lib/python3.12/site-packages/oslo_config/cfg.py:3560}}[00m
2026-10-07 04:05:38.351 3431170 DEBUG oslo_service.backend._eventlet.service [req-5d57eb0c-63dc-462f-a157-0695fb156fb9 - - - - - -] backend_defaults.image_volume_cache_max_size_gb = 0 [00;33m{{(pid=3431170) log_opt_values /opt/stack/data/venv/lib/python3.12/site-packages/oslo_config/cfg.py:3560}}[00m
2026-10-07 04:05:38.351 3431170 DEBUG oslo_service.backend._eventlet.service [req-5d57eb0c-63dc-462f-a157-0695fb156fb9 - - - - - -] backend_defaults.iscsi_target_flags =  [00;33m{{(pid=3431170) log_opt_values /opt/stack/data/venv/lib/python3.12/site-packages/oslo_config/cfg.py:3560}}[00m
2026-10-07 04:05:38.352 3431170 DEBUG oslo_service.backend._eventlet.service [req-5d57eb0c-63dc-462f-a157-0695fb156fb9 - - - - - -] backend_defaults.iscsi_write_cache = on [00;33m{{(pid=3431170) log_opt_values /opt/stack/data/venv/lib/python3.12/site-packages/oslo_config/cfg.py:3560}}[00m
2026-10-07 04:05:38.352 3431170 DEBUG oslo_service.backend._eventlet.service [req-5d57eb0c-63dc-462f-a157-0695fb156fb9 - - - - - -] backend_defaults.iser_helper   = tgtadm [00;33m{{(pid=3431170) log_opt_values /opt/stack/data/venv/lib/python3.12/site-packages/oslo_config/cfg.py:3560}}[00m
2026-10-07 04:05:38.352 3431170 DEBUG oslo_service.backend._eventlet.service [req-5d57eb0c-63dc-462f-a157-0695fb156fb9 - - - - - -] backend_defaults.iser_ip_address = 172.25.92.210 [00;33m{{(pid=3431170) log_opt_values /opt/stack/data/venv/lib/python3.12/site-packages/oslo_config/cfg.py:3560}}[00m
2026-10-07 04:05:38.352 3431170 DEBUG oslo_service.backend._eventlet.service [req-5d57eb0c-63dc-462f-a157-0695fb156fb9 - - - - - -] backend_defaults.iser_port     = 3260 [00;33m{{(pid=3431170) log_opt_values /opt/stack/data/venv/lib/python3.12/site-packages/oslo_config/cfg.py:3560}}[00m
2026-10-07 04:05:38.352 3431170 DEBUG oslo_service.backend._eventlet.service [req-5d57eb0c-63dc-462f-a157-0695fb156fb9 - - - - - -] backend_defaults.iser_target_prefix = iqn.2010-10.org.openstack: [00;33m{{(pid=3431170) log_opt_values /opt/stack/data/venv/lib/python3.12/site-packages/oslo_config/cfg.py:3560}}[00m
2026-10-07 04:05:38.352 3431170 DEBUG oslo_service.backend._eventlet.service [req-5d57eb0c-63dc-462f-a157-0695fb156fb9 - - - - - -] backend_defaults.max_over_subscription_ratio = 20.0 [00;33m{{(pid=3431170) log_opt_values /opt/stack/data/venv/lib/python3.12/site-packages/oslo_config/cfg.py:3560}}[00m
2026-10-07 04:05:38.352 3431170 DEBUG oslo_service.backend._eventlet.service [req-5d57eb0c-63dc-462f-a157-0695fb156fb9 - - - - - -] backend_defaults.num_iser_scan_tries = 3 [00;33m{{(pid=3431170) log_opt_values /opt/stack/data/venv/lib/python3.12/site-packages/oslo_config/cfg.py:3560}}[00m
2026-10-07 04:05:38.352 3431170 DEBUG oslo_service.backend._eventlet.service [req-5d57eb0c-63dc-462f-a157-0695fb156fb9 - - - - - -] backend_defaults.num_shell_tries = 3 [00;33m{{(pid=3431170) log_opt_values /opt/stack/data/venv/lib/python3.12/site-packages/oslo_config/cfg.py:3560}}[00m
2026-10-07 04:05:38.352 3431170 DEBUG oslo_service.backend._eventlet.service [req-5d57eb0c-63dc-462f-a157-0695fb156fb9 - - - - - -] backend_defaults.num_volume_device_scan_tries = 3 [00;33m{{(pid=3431170) log_opt_values /opt/stack/data/venv/lib/python3.12/site-packages/oslo_config/cfg.py:3560}}[00m
2026-10-07 04:05:38.352 3431170 DEBUG oslo_service.backend._eventlet.service [req-5d57eb0c-63dc-462f-a157-0695fb156fb9 - - - - - -] backend_defaults.nvmeof_conn_info_version = 1 [00;33m{{(pid=3431170) log_opt_values /opt/stack/data/venv/lib/python3.12/site-packages/oslo_config/cfg.py:3560}}[00m
2026-10-07 04:05:38.352 3431170 DEBUG oslo_service.backend._eventlet.service [req-5d57eb0c-63dc-462f-a157-0695fb156fb9 - - - - - -] backend_defaults.nvmet_ns_id   = 10 [00;33m{{(pid=3431170) log_opt_values /opt/stack/data/venv/lib/python3.12/site-packages/oslo_config/cfg.py:3560}}[00m
2026-10-07 04:05:38.353 3431170 DEBUG oslo_service.backend._eventlet.service [req-5d57eb0c-63dc-462f-a157-0695fb156fb9 - - - - - -] backend_defaults.nvmet_port_id = 1 [00;33m{{(pid=3431170) log_opt_values /opt/stack/data/venv/lib/python3.12/site-packages/oslo_config/cfg.py:3560}}[00m
2026-10-07 04:05:38.353 3431170 DEBUG oslo_service.backend._eventlet.service [req-5d57eb0c-63dc-462f-a157-0695fb156fb9 - - - - - -] backend_defaults.replication_device = **** [00;33m{{(pid=3431170) log_opt_values /opt/stack/data/venv/lib/python3.12/site-packages/oslo_config/cfg.py:3560}}[00m
2026-10-07 04:05:38.353 3431170 DEBUG oslo_service.backend._eventlet.service [req-5d57eb0c-63dc-462f-a157-0695fb156fb9 - - - - - -] backend_defaults.report_discard_supported = False [00;33m{{(pid=3431170) log_opt_values /opt/stack/data/venv/lib/python3.12/site-packages/oslo_config/cfg.py:3560}}[00m
2026-10-07 04:05:38.353 3431170 DEBUG oslo_service.backend._eventlet.service [req-5d57eb0c-63dc-462f-a157-0695fb156fb9 - - - - - -] backend_defaults.reserved_percentage = 0 [00;33m{{(pid=3431170) log_opt_values /opt/stack/data/venv/lib/python3.12/site-packages/oslo_config/cfg.py:3560}}[00m
2026-10-07 04:05:38.353 3431170 DEBUG oslo_service.backend._eventlet.service [req-5d57eb0c-63dc-462f-a157-0695fb156fb9 - - - - - -] backend_defaults.san_api_port  = None [00;33m{{(pid=3431170) log_opt_values /opt/stack/data/venv/lib/python3.12/site-packages/oslo_config/cfg.py:3560}}[00m
2026-10-07 04:05:38.353 3431170 DEBUG oslo_service.backend._eventlet.service [req-5d57eb0c-63dc-462f-a157-0695fb156fb9 - - - - - -] backend_defaults.san_clustername =  [00;33m{{(pid=3431170) log_opt_values /opt/stack/data/venv/lib/python3.12/site-packages/oslo_config/cfg.py:3560}}[00m
2026-10-07 04:05:38.353 3431170 DEBUG oslo_service.backend._eventlet.service [req-5d57eb0c-63dc-462f-a157-0695fb156fb9 - - - - - -] backend_defaults.san_ip        =  [00;33m{{(pid=3431170) log_opt_values /opt/stack/data/venv/lib/python3.12/site-packages/oslo_config/cfg.py:3560}}[00m
2026-10-07 04:05:38.353 3431170 DEBUG oslo_service.backend._eventlet.service [req-5d57eb0c-63dc-462f-a157-0695fb156fb9 - - - - - -] backend_defaults.san_is_local  = False [00;33m{{(pid=3431170) log_opt_values /opt/stack/data/venv/lib/python3.12/site-packages/oslo_config/cfg.py:3560}}[00m
2026-10-07 04:05:38.353 3431170 DEBUG oslo_service.backend._eventlet.service [req-5d57eb0c-63dc-462f-a157-0695fb156fb9 - - - - - -] backend_defaults.san_login     = admin [00;33m{{(pid=3431170) log_opt_values /opt/stack/data/venv/lib/python3.12/site-packages/oslo_config/cfg.py:3560}}[00m
2026-10-07 04:05:38.353 3431170 DEBUG oslo_service.backend._eventlet.service [req-5d57eb0c-63dc-462f-a157-0695fb156fb9 - - - - - -] backend_defaults.san_password  = **** [00;33m{{(pid=3431170) log_opt_values /opt/stack/data/venv/lib/python3.12/site-packages/oslo_config/cfg.py:3560}}[00m
2026-10-07 04:05:38.353 3431170 DEBUG oslo_service.backend._eventlet.service [req-5d57eb0c-63dc-462f-a157-0695fb156fb9 - - - - - -] backend_defaults.san_private_key =  [00;33m{{(pid=3431170) log_opt_values /opt/stack/data/venv/lib/python3.12/site-packages/oslo_config/cfg.py:3560}}[00m
2026-10-07 04:05:38.353 3431170 DEBUG oslo_service.backend._eventlet.service [req-5d57eb0c-63dc-462f-a157-0695fb156fb9 - - - - - -] backend_defaults.san_ssh_port  = 22 [00;33m{{(pid=3431170) log_opt_values /opt/stack/data/venv/lib/python3.12/site-packages/oslo_config/cfg.py:3560}}[00m
2026-10-07 04:05:38.354 3431170 DEBUG oslo_service.backend._eventlet.service [req-5d57eb0c-63dc-462f-a157-0695fb156fb9 - - - - - -] backend_defaults.san_thin_provision = True [00;33m{{(pid=3431170) log_opt_values /opt/stack/data/venv/lib/python3.12/site-packages/oslo_config/cfg.py:3560}}[00m
2026-10-07 04:05:38.354 3431170 DEBUG oslo_service.backend._eventlet.service [req-5d57eb0c-63dc-462f-a157-0695fb156fb9 - - - - - -] backend_defaults.scst_target_driver = iscsi [00;33m{{(pid=3431170) log_opt_values /opt/stack/data/venv/lib/python3.12/site-packages/oslo_config/cfg.py:3560}}[00m
2026-10-07 04:05:38.354 3431170 DEBUG oslo_service.backend._eventlet.service [req-5d57eb0c-63dc-462f-a157-0695fb156fb9 - - - - - -] backend_defaults.scst_target_iqn_name = None [00;33m{{(pid=3431170) log_opt_values /opt/stack/data/venv/lib/python3.12/site-packages/oslo_config/cfg.py:3560}}[00m
2026-10-07 04:05:38.354 3431170 DEBUG oslo_service.backend._eventlet.service [req-5d57eb0c-63dc-462f-a157-0695fb156fb9 - - - - - -] backend_defaults.ssh_conn_timeout = 30 [00;33m{{(pid=3431170) log_opt_values /opt/stack/data/venv/lib/python3.12/site-packages/oslo_config/cfg.py:3560}}[00m
2026-10-07 04:05:38.354 3431170 DEBUG oslo_service.backend._eventlet.service [req-5d57eb0c-63dc-462f-a157-0695fb156fb9 - - - - - -] backend_defaults.ssh_max_pool_conn = 5 [00;33m{{(pid=3431170) log_opt_values /opt/stack/data/venv/lib/python3.12/site-packages/oslo_config/cfg.py:3560}}[00m
2026-10-07 04:05:38.354 3431170 DEBUG oslo_service.backend._eventlet.service [req-5d57eb0c-63dc-462f-a157-0695fb156fb9 - - - - - -] backend_defaults.ssh_min_pool_conn = 1 [00;33m{{(pid=3431170) log_opt_values /opt/stack/data/venv/lib/python3.12/site-packages/oslo_config/cfg.py:3560}}[00m
2026-10-07 04:05:38.354 3431170 DEBUG oslo_service.backend._eventlet.service [req-5d57eb0c-63dc-462f-a157-0695fb156fb9 - - - - - -] backend_defaults.storage_protocol = iSCSI [00;33m{{(pid=3431170) log_opt_values /opt/stack/data/venv/lib/python3.12/site-packages/oslo_config/cfg.py:3560}}[00m
2026-10-07 04:05:38.354 3431170 DEBUG oslo_service.backend._eventlet.service [req-5d57eb0c-63dc-462f-a157-0695fb156fb9 - - - - - -] backend_defaults.suppress_requests_ssl_warnings = False [00;33m{{(pid=3431170) log_opt_values /opt/stack/data/venv/lib/python3.12/site-packages/oslo_config/cfg.py:3560}}[00m
2026-10-07 04:05:38.354 3431170 DEBUG oslo_service.backend._eventlet.service [req-5d57eb0c-63dc-462f-a157-0695fb156fb9 - - - - - -] backend_defaults.target_helper = tgtadm [00;33m{{(pid=3431170) log_opt_values /opt/stack/data/venv/lib/python3.12/site-packages/oslo_config/cfg.py:3560}}[00m
2026-10-07 04:05:38.354 3431170 DEBUG oslo_service.backend._eventlet.service [req-5d57eb0c-63dc-462f-a157-0695fb156fb9 - - - - - -] backend_defaults.target_ip_address = 172.25.92.210 [00;33m{{(pid=3431170) log_opt_values /opt/stack/data/venv/lib/python3.12/site-packages/oslo_config/cfg.py:3560}}[00m
2026-10-07 04:05:38.354 3431170 DEBUG oslo_service.backend._eventlet.service [req-5d57eb0c-63dc-462f-a157-0695fb156fb9 - - - - - -] backend_defaults.target_port   = 3260 [00;33m{{(pid=3431170) log_opt_values /opt/stack/data/venv/lib/python3.12/site-packages/oslo_config/cfg.py:3560}}[00m
2026-10-07 04:05:38.354 3431170 DEBUG oslo_service.backend._eventlet.service [req-5d57eb0c-63dc-462f-a157-0695fb156fb9 - - - - - -] backend_defaults.target_prefix = iqn.2010-10.org.openstack: [00;33m{{(pid=3431170) log_opt_values /opt/stack/data/venv/lib/python3.12/site-packages/oslo_config/cfg.py:3560}}[00m
2026-10-07 04:05:38.355 3431170 DEBUG oslo_service.backend._eventlet.service [req-5d57eb0c-63dc-462f-a157-0695fb156fb9 - - - - - -] backend_defaults.target_protocol = iscsi [00;33m{{(pid=3431170) log_opt_values /opt/stack/data/venv/lib/python3.12/site-packages/oslo_config/cfg.py:3560}}[00m
2026-10-07 04:05:38.355 3431170 DEBUG oslo_service.backend._eventlet.service [req-5d57eb0c-63dc-462f-a157-0695fb156fb9 - - - - - -] backend_defaults.target_secondary_ip_addresses = [] [00;33m{{(pid=3431170) log_opt_values /opt/stack/data/venv/lib/python3.12/site-packages/oslo_config/cfg.py:3560}}[00m
2026-10-07 04:05:38.355 3431170 DEBUG oslo_service.backend._eventlet.service [req-5d57eb0c-63dc-462f-a157-0695fb156fb9 - - - - - -] backend_defaults.trace_flags   = None [00;33m{{(pid=3431170) log_opt_values /opt/stack/data/venv/lib/python3.12/site-packages/oslo_config/cfg.py:3560}}[00m
2026-10-07 04:05:38.355 3431170 DEBUG oslo_service.backend._eventlet.service [req-5d57eb0c-63dc-462f-a157-0695fb156fb9 - - - - - -] backend_defaults.unique_fqdn_network = True [00;33m{{(pid=3431170) log_opt_values /opt/stack/data/venv/lib/python3.12/site-packages/oslo_config/cfg.py:3560}}[00m
2026-10-07 04:05:38.355 3431170 DEBUG oslo_service.backend._eventlet.service [req-5d57eb0c-63dc-462f-a157-0695fb156fb9 - - - - - -] backend_defaults.use_chap_auth = False [00;33m{{(pid=3431170) log_opt_values /opt/stack/data/venv/lib/python3.12/site-packages/oslo_config/cfg.py:3560}}[00m
2026-10-07 04:05:38.355 3431170 DEBUG oslo_service.backend._eventlet.service [req-5d57eb0c-63dc-462f-a157-0695fb156fb9 - - - - - -] backend_defaults.use_multipath_for_image_xfer = False [00;33m{{(pid=3431170) log_opt_values /opt/stack/data/venv/lib/python3.12/site-packages/oslo_config/cfg.py:3560}}[00m
2026-10-07 04:05:38.355 3431170 DEBUG oslo_service.backend._eventlet.service [req-5d57eb0c-63dc-462f-a157-0695fb156fb9 - - - - - -] backend_defaults.volume_backend_name = None [00;33m{{(pid=3431170) log_opt_values /opt/stack/data/venv/lib/python3.12/site-packages/oslo_config/cfg.py:3560}}[00m
2026-10-07 04:05:38.355 3431170 DEBUG oslo_service.backend._eventlet.service [req-5d57eb0c-63dc-462f-a157-0695fb156fb9 - - - - - -] backend_defaults.volume_clear  = zero [00;33m{{(pid=3431170) log_opt_values /opt/stack/data/venv/lib/python3.12/site-packages/oslo_config/cfg.py:3560}}[00m
2026-10-07 04:05:38.355 3431170 DEBUG oslo_service.backend._eventlet.service [req-5d57eb0c-63dc-462f-a157-0695fb156fb9 - - - - - -] backend_defaults.volume_clear_ionice = None [00;33m{{(pid=3431170) log_opt_values /opt/stack/data/venv/lib/python3.12/site-packages/oslo_config/cfg.py:3560}}[00m
2026-10-07 04:05:38.355 3431170 DEBUG oslo_service.backend._eventlet.service [req-5d57eb0c-63dc-462f-a157-0695fb156fb9 - - - - - -] backend_defaults.volume_clear_size = 0 [00;33m{{(pid=3431170) log_opt_values /opt/stack/data/venv/lib/python3.12/site-packages/oslo_config/cfg.py:3560}}[00m
2026-10-07 04:05:38.355 3431170 DEBUG oslo_service.backend._eventlet.service [req-5d57eb0c-63dc-462f-a157-0695fb156fb9 - - - - - -] backend_defaults.volume_copy_blkio_cgroup_name = cinder-volume-copy [00;33m{{(pid=3431170) log_opt_values /opt/stack/data/venv/lib/python3.12/site-packages/oslo_config/cfg.py:3560}}[00m
2026-10-07 04:05:38.356 3431170 DEBUG oslo_service.backend._eventlet.service [req-5d57eb0c-63dc-462f-a157-0695fb156fb9 - - - - - -] backend_defaults.volume_copy_bps_limit = 0 [00;33m{{(pid=3431170) log_opt_values /opt/stack/data/venv/lib/python3.12/site-packages/oslo_config/cfg.py:3560}}[00m
2026-10-07 04:05:38.356 3431170 DEBUG oslo_service.backend._eventlet.service [req-5d57eb0c-63dc-462f-a157-0695fb156fb9 - - - - - -] backend_defaults.volume_dd_blocksize = 1M [00;33m{{(pid=3431170) log_opt_values /opt/stack/data/venv/lib/python3.12/site-packages/oslo_config/cfg.py:3560}}[00m
2026-10-07 04:05:38.356 3431170 DEBUG oslo_service.backend._eventlet.service [req-5d57eb0c-63dc-462f-a157-0695fb156fb9 - - - - - -] backend_defaults.volume_driver = cinder.volume.drivers.lvm.LVMVolumeDriver [00;33m{{(pid=3431170) log_opt_values /opt/stack/data/venv/lib/python3.12/site-packages/oslo_config/cfg.py:3560}}[00m
2026-10-07 04:05:38.356 3431170 DEBUG oslo_service.backend._eventlet.service [req-5d57eb0c-63dc-462f-a157-0695fb156fb9 - - - - - -] backend_defaults.volumes_dir   = /opt/stack/data/cinder/volumes [00;33m{{(pid=3431170) log_opt_values /opt/stack/data/venv/lib/python3.12/site-packages/oslo_config/cfg.py:3560}}[00m
2026-10-07 04:05:38.356 3431170 DEBUG oslo_service.backend._eventlet.service [req-5d57eb0c-63dc-462f-a157-0695fb156fb9 - - - - - -] oslo_reports.file_event_handler = None [00;33m{{(pid=3431170) log_opt_values /opt/stack/data/venv/lib/python3.12/site-packages/oslo_config/cfg.py:3560}}[00m
2026-10-07 04:05:38.356 3431170 DEBUG oslo_service.backend._eventlet.service [req-5d57eb0c-63dc-462f-a157-0695fb156fb9 - - - - - -] oslo_reports.file_event_handler_interval = 1 [00;33m{{(pid=3431170) log_opt_values /opt/stack/data/venv/lib/python3.12/site-packages/oslo_config/cfg.py:3560}}[00m
2026-10-07 04:05:38.356 3431170 DEBUG oslo_service.backend._eventlet.service [req-5d57eb0c-63dc-462f-a157-0695fb156fb9 - - - - - -] oslo_reports.log_dir           = None [00;33m{{(pid=3431170) log_opt_values /opt/stack/data/venv/lib/python3.12/site-packages/oslo_config/cfg.py:3560}}[00m
2026-10-07 04:05:38.356 3431170 DEBUG oslo_service.backend._eventlet.service [req-5d57eb0c-63dc-462f-a157-0695fb156fb9 - - - - - -] hitachi.backend_availability_zone = None [00;33m{{(pid=3431170) log_opt_values /opt/stack/data/venv/lib/python3.12/site-packages/oslo_config/cfg.py:3560}}[00m
2026-10-07 04:05:38.356 3431170 DEBUG oslo_service.backend._eventlet.service [req-5d57eb0c-63dc-462f-a157-0695fb156fb9 - - - - - -] hitachi.backend_host           = None [00;33m{{(pid=3431170) log_opt_values /opt/stack/data/venv/lib/python3.12/site-packages/oslo_config/cfg.py:3560}}[00m
2026-10-07 04:05:38.356 3431170 DEBUG oslo_service.backend._eventlet.service [req-5d57eb0c-63dc-462f-a157-0695fb156fb9 - - - - - -] hitachi.backend_native_threads_pool_size = None [00;33m{{(pid=3431170) log_opt_values /opt/stack/data/venv/lib/python3.12/site-packages/oslo_config/cfg.py:3560}}[00m
2026-10-07 04:05:38.356 3431170 DEBUG oslo_service.backend._eventlet.service [req-5d57eb0c-63dc-462f-a157-0695fb156fb9 - - - - - -] hitachi.backup_use_temp_snapshot = None [00;33m{{(pid=3431170) log_opt_values /opt/stack/data/venv/lib/python3.12/site-packages/oslo_config/cfg.py:3560}}[00m
2026-10-07 04:05:38.357 3431170 DEBUG oslo_service.backend._eventlet.service [req-5d57eb0c-63dc-462f-a157-0695fb156fb9 - - - - - -] hitachi.chap_password          = **** [00;33m{{(pid=3431170) log_opt_values /opt/stack/data/venv/lib/python3.12/site-packages/oslo_config/cfg.py:3560}}[00m
2026-10-07 04:05:38.357 3431170 DEBUG oslo_service.backend._eventlet.service [req-5d57eb0c-63dc-462f-a157-0695fb156fb9 - - - - - -] hitachi.chap_username          = None [00;33m{{(pid=3431170) log_opt_values /opt/stack/data/venv/lib/python3.12/site-packages/oslo_config/cfg.py:3560}}[00m
2026-10-07 04:05:38.357 3431170 DEBUG oslo_service.backend._eventlet.service [req-5d57eb0c-63dc-462f-a157-0695fb156fb9 - - - - - -] hitachi.chiscsi_conf           = None [00;33m{{(pid=3431170) log_opt_values /opt/stack/data/venv/lib/python3.12/site-packages/oslo_config/cfg.py:3560}}[00m
2026-10-07 04:05:38.357 3431170 DEBUG oslo_service.backend._eventlet.service [req-5d57eb0c-63dc-462f-a157-0695fb156fb9 - - - - - -] hitachi.disk_geometry          = None [00;33m{{(pid=3431170) log_opt_values /opt/stack/data/venv/lib/python3.12/site-packages/oslo_config/cfg.py:3560}}[00m
2026-10-07 04:05:38.357 3431170 DEBUG oslo_service.backend._eventlet.service [req-5d57eb0c-63dc-462f-a157-0695fb156fb9 - - - - - -] hitachi.driver_client_cert     = None [00;33m{{(pid=3431170) log_opt_values /opt/stack/data/venv/lib/python3.12/site-packages/oslo_config/cfg.py:3560}}[00m
2026-10-07 04:05:38.357 3431170 DEBUG oslo_service.backend._eventlet.service [req-5d57eb0c-63dc-462f-a157-0695fb156fb9 - - - - - -] hitachi.driver_client_cert_key = None [00;33m{{(pid=3431170) log_opt_values /opt/stack/data/venv/lib/python3.12/site-packages/oslo_config/cfg.py:3560}}[00m
2026-10-07 04:05:38.357 3431170 DEBUG oslo_service.backend._eventlet.service [req-5d57eb0c-63dc-462f-a157-0695fb156fb9 - - - - - -] hitachi.driver_data_namespace  = None [00;33m{{(pid=3431170) log_opt_values /opt/stack/data/venv/lib/python3.12/site-packages/oslo_config/cfg.py:3560}}[00m
2026-10-07 04:05:38.357 3431170 DEBUG oslo_service.backend._eventlet.service [req-5d57eb0c-63dc-462f-a157-0695fb156fb9 - - - - - -] hitachi.driver_ssl_cert_path   = None [00;33m{{(pid=3431170) log_opt_values /opt/stack/data/venv/lib/python3.12/site-packages/oslo_config/cfg.py:3560}}[00m
2026-10-07 04:05:38.357 3431170 DEBUG oslo_service.backend._eventlet.service [req-5d57eb0c-63dc-462f-a157-0695fb156fb9 - - - - - -] hitachi.driver_ssl_cert_verify = None [00;33m{{(pid=3431170) log_opt_values /opt/stack/data/venv/lib/python3.12/site-packages/oslo_config/cfg.py:3560}}[00m
2026-10-07 04:05:38.357 3431170 DEBUG oslo_service.backend._eventlet.service [req-5d57eb0c-63dc-462f-a157-0695fb156fb9 - - - - - -] hitachi.driver_use_ssl         = None [00;33m{{(pid=3431170) log_opt_values /opt/stack/data/venv/lib/python3.12/site-packages/oslo_config/cfg.py:3560}}[00m
2026-10-07 04:05:38.357 3431170 DEBUG oslo_service.backend._eventlet.service [req-5d57eb0c-63dc-462f-a157-0695fb156fb9 - - - - - -] hitachi.enable_unsupported_driver = None [00;33m{{(pid=3431170) log_opt_values /opt/stack/data/venv/lib/python3.12/site-packages/oslo_config/cfg.py:3560}}[00m
2026-10-07 04:05:38.357 3431170 DEBUG oslo_service.backend._eventlet.service [req-5d57eb0c-63dc-462f-a157-0695fb156fb9 - - - - - -] hitachi.enforce_multipath_for_image_xfer = False [00;33m{{(pid=3431170) log_opt_values /opt/stack/data/venv/lib/python3.12/site-packages/oslo_config/cfg.py:3560}}[00m
2026-10-07 04:05:38.358 3431170 DEBUG oslo_service.backend._eventlet.service [req-5d57eb0c-63dc-462f-a157-0695fb156fb9 - - - - - -] hitachi.extra_capabilities     = None [00;33m{{(pid=3431170) log_opt_values /opt/stack/data/venv/lib/python3.12/site-packages/oslo_config/cfg.py:3560}}[00m
2026-10-07 04:05:38.358 3431170 DEBUG oslo_service.backend._eventlet.service [req-5d57eb0c-63dc-462f-a157-0695fb156fb9 - - - - - -] hitachi.filter_function        = None [00;33m{{(pid=3431170) log_opt_values /opt/stack/data/venv/lib/python3.12/site-packages/oslo_config/cfg.py:3560}}[00m
2026-10-07 04:05:38.358 3431170 DEBUG oslo_service.backend._eventlet.service [req-5d57eb0c-63dc-462f-a157-0695fb156fb9 - - - - - -] hitachi.goodness_function      = None [00;33m{{(pid=3431170) log_opt_values /opt/stack/data/venv/lib/python3.12/site-packages/oslo_config/cfg.py:3560}}[00m
2026-10-07 04:05:38.358 3431170 DEBUG oslo_service.backend._eventlet.service [req-5d57eb0c-63dc-462f-a157-0695fb156fb9 - - - - - -] hitachi.hitachi_async_copy_check_interval = None [00;33m{{(pid=3431170) log_opt_values /opt/stack/data/venv/lib/python3.12/site-packages/oslo_config/cfg.py:3560}}[00m
2026-10-07 04:05:38.358 3431170 DEBUG oslo_service.backend._eventlet.service [req-5d57eb0c-63dc-462f-a157-0695fb156fb9 - - - - - -] hitachi.hitachi_compute_target_ports = None [00;33m{{(pid=3431170) log_opt_values /opt/stack/data/venv/lib/python3.12/site-packages/oslo_config/cfg.py:3560}}[00m
2026-10-07 04:05:38.358 3431170 DEBUG oslo_service.backend._eventlet.service [req-5d57eb0c-63dc-462f-a157-0695fb156fb9 - - - - - -] hitachi.hitachi_copy_check_interval = None [00;33m{{(pid=3431170) log_opt_values /opt/stack/data/venv/lib/python3.12/site-packages/oslo_config/cfg.py:3560}}[00m
2026-10-07 04:05:38.358 3431170 DEBUG oslo_service.backend._eventlet.service [req-5d57eb0c-63dc-462f-a157-0695fb156fb9 - - - - - -] hitachi.hitachi_copy_speed     = 15 [00;33m{{(pid=3431170) log_opt_values /opt/stack/data/venv/lib/python3.12/site-packages/oslo_config/cfg.py:3560}}[00m
2026-10-07 04:05:38.358 3431170 DEBUG oslo_service.backend._eventlet.service [req-5d57eb0c-63dc-462f-a157-0695fb156fb9 - - - - - -] hitachi.hitachi_csv_delete_timeout = None [00;33m{{(pid=3431170) log_opt_values /opt/stack/data/venv/lib/python3.12/site-packages/oslo_config/cfg.py:3560}}[00m
2026-10-07 04:05:38.358 3431170 DEBUG oslo_service.backend._eventlet.service [req-5d57eb0c-63dc-462f-a157-0695fb156fb9 - - - - - -] hitachi.hitachi_discard_zero_page = None [00;33m{{(pid=3431170) log_opt_values /opt/stack/data/venv/lib/python3.12/site-packages/oslo_config/cfg.py:3560}}[00m
2026-10-07 04:05:38.358 3431170 DEBUG oslo_service.backend._eventlet.service [req-5d57eb0c-63dc-462f-a157-0695fb156fb9 - - - - - -] hitachi.hitachi_drs_default_csv = None [00;33m{{(pid=3431170) log_opt_values /opt/stack/data/venv/lib/python3.12/site-packages/oslo_config/cfg.py:3560}}[00m
2026-10-07 04:05:38.358 3431170 DEBUG oslo_service.backend._eventlet.service [req-5d57eb0c-63dc-462f-a157-0695fb156fb9 - - - - - -] hitachi.hitachi_exec_retry_interval = None [00;33m{{(pid=3431170) log_opt_values /opt/stack/data/venv/lib/python3.12/site-packages/oslo_config/cfg.py:3560}}[00m
2026-10-07 04:05:38.358 3431170 DEBUG oslo_service.backend._eventlet.service [req-5d57eb0c-63dc-462f-a157-0695fb156fb9 - - - - - -] hitachi.hitachi_extend_snapshot_volumes = True [00;33m{{(pid=3431170) log_opt_values /opt/stack/data/venv/lib/python3.12/site-packages/oslo_config/cfg.py:3560}}[00m
2026-10-07 04:05:38.358 3431170 DEBUG oslo_service.backend._eventlet.service [req-5d57eb0c-63dc-462f-a157-0695fb156fb9 - - - - - -] hitachi.hitachi_extend_timeout = None [00;33m{{(pid=3431170) log_opt_values /opt/stack/data/venv/lib/python3.12/site-packages/oslo_config/cfg.py:3560}}[00m
2026-10-07 04:05:38.359 3431170 DEBUG oslo_service.backend._eventlet.service [req-5d57eb0c-63dc-462f-a157-0695fb156fb9 - - - - - -] hitachi.hitachi_group_create   = True [00;33m{{(pid=3431170) log_opt_values /opt/stack/data/venv/lib/python3.12/site-packages/oslo_config/cfg.py:3560}}[00m
2026-10-07 04:05:38.359 3431170 DEBUG oslo_service.backend._eventlet.service [req-5d57eb0c-63dc-462f-a157-0695fb156fb9 - - - - - -] hitachi.hitachi_group_delete   = None [00;33m{{(pid=3431170) log_opt_values /opt/stack/data/venv/lib/python3.12/site-packages/oslo_config/cfg.py:3560}}[00m
2026-10-07 04:05:38.359 3431170 DEBUG oslo_service.backend._eventlet.service [req-5d57eb0c-63dc-462f-a157-0695fb156fb9 - - - - - -] hitachi.hitachi_group_name_format = None [00;33m{{(pid=3431170) log_opt_values /opt/stack/data/venv/lib/python3.12/site-packages/oslo_config/cfg.py:3560}}[00m
2026-10-07 04:05:38.359 3431170 DEBUG oslo_service.backend._eventlet.service [req-5d57eb0c-63dc-462f-a157-0695fb156fb9 - - - - - -] hitachi.hitachi_host_mode_options = [91, 68, 88, 122, 131, 7, 54, 63] [00;33m{{(pid=3431170) log_opt_values /opt/stack/data/venv/lib/python3.12/site-packages/oslo_config/cfg.py:3560}}[00m
2026-10-07 04:05:38.359 3431170 DEBUG oslo_service.backend._eventlet.service [req-5d57eb0c-63dc-462f-a157-0695fb156fb9 - - - - - -] hitachi.hitachi_ldev_range     = 22000-29399 [00;33m{{(pid=3431170) log_opt_values /opt/stack/data/venv/lib/python3.12/site-packages/oslo_config/cfg.py:3560}}[00m
2026-10-07 04:05:38.359 3431170 DEBUG oslo_service.backend._eventlet.service [req-5d57eb0c-63dc-462f-a157-0695fb156fb9 - - - - - -] hitachi.hitachi_lock_timeout   = None [00;33m{{(pid=3431170) log_opt_values /opt/stack/data/venv/lib/python3.12/site-packages/oslo_config/cfg.py:3560}}[00m
2026-10-07 04:05:38.359 3431170 DEBUG oslo_service.backend._eventlet.service [req-5d57eb0c-63dc-462f-a157-0695fb156fb9 - - - - - -] hitachi.hitachi_lun_retry_interval = None [00;33m{{(pid=3431170) log_opt_values /opt/stack/data/venv/lib/python3.12/site-packages/oslo_config/cfg.py:3560}}[00m
2026-10-07 04:05:38.359 3431170 DEBUG oslo_service.backend._eventlet.service [req-5d57eb0c-63dc-462f-a157-0695fb156fb9 - - - - - -] hitachi.hitachi_lun_timeout    = None [00;33m{{(pid=3431170) log_opt_values /opt/stack/data/venv/lib/python3.12/site-packages/oslo_config/cfg.py:3560}}[00m
2026-10-07 04:05:38.359 3431170 DEBUG oslo_service.backend._eventlet.service [req-5d57eb0c-63dc-462f-a157-0695fb156fb9 - - - - - -] hitachi.hitachi_manage_drs_volumes = None [00;33m{{(pid=3431170) log_opt_values /opt/stack/data/venv/lib/python3.12/site-packages/oslo_config/cfg.py:3560}}[00m
2026-10-07 04:05:38.359 3431170 DEBUG oslo_service.backend._eventlet.service [req-5d57eb0c-63dc-462f-a157-0695fb156fb9 - - - - - -] hitachi.hitachi_mirror_compute_target_ports = None [00;33m{{(pid=3431170) log_opt_values /opt/stack/data/venv/lib/python3.12/site-packages/oslo_config/cfg.py:3560}}[00m
2026-10-07 04:05:38.359 3431170 DEBUG oslo_service.backend._eventlet.service [req-5d57eb0c-63dc-462f-a157-0695fb156fb9 - - - - - -] hitachi.hitachi_mirror_ldev_range = None [00;33m{{(pid=3431170) log_opt_values /opt/stack/data/venv/lib/python3.12/site-packages/oslo_config/cfg.py:3560}}[00m
2026-10-07 04:05:38.360 3431170 DEBUG oslo_service.backend._eventlet.service [req-5d57eb0c-63dc-462f-a157-0695fb156fb9 - - - - - -] hitachi.hitachi_mirror_pair_target_number = None [00;33m{{(pid=3431170) log_opt_values /opt/stack/data/venv/lib/python3.12/site-packages/oslo_config/cfg.py:3560}}[00m
2026-10-07 04:05:38.360 3431170 DEBUG oslo_service.backend._eventlet.service [req-5d57eb0c-63dc-462f-a157-0695fb156fb9 - - - - - -] hitachi.hitachi_mirror_pool    = None [00;33m{{(pid=3431170) log_opt_values /opt/stack/data/venv/lib/python3.12/site-packages/oslo_config/cfg.py:3560}}[00m
2026-10-07 04:05:38.360 3431170 DEBUG oslo_service.backend._eventlet.service [req-5d57eb0c-63dc-462f-a157-0695fb156fb9 - - - - - -] hitachi.hitachi_mirror_snap_pool = None [00;33m{{(pid=3431170) log_opt_values /opt/stack/data/venv/lib/python3.12/site-packages/oslo_config/cfg.py:3560}}[00m
2026-10-07 04:05:38.360 3431170 DEBUG oslo_service.backend._eventlet.service [req-5d57eb0c-63dc-462f-a157-0695fb156fb9 - - - - - -] hitachi.hitachi_mirror_storage_id = None [00;33m{{(pid=3431170) log_opt_values /opt/stack/data/venv/lib/python3.12/site-packages/oslo_config/cfg.py:3560}}[00m
2026-10-07 04:05:38.360 3431170 DEBUG oslo_service.backend._eventlet.service [req-5d57eb0c-63dc-462f-a157-0695fb156fb9 - - - - - -] hitachi.hitachi_mirror_target_ports = None [00;33m{{(pid=3431170) log_opt_values /opt/stack/data/venv/lib/python3.12/site-packages/oslo_config/cfg.py:3560}}[00m
2026-10-07 04:05:38.360 3431170 DEBUG oslo_service.backend._eventlet.service [req-5d57eb0c-63dc-462f-a157-0695fb156fb9 - - - - - -] hitachi.hitachi_pair_target_number = None [00;33m{{(pid=3431170) log_opt_values /opt/stack/data/venv/lib/python3.12/site-packages/oslo_config/cfg.py:3560}}[00m
2026-10-07 04:05:38.360 3431170 DEBUG oslo_service.backend._eventlet.service [req-5d57eb0c-63dc-462f-a157-0695fb156fb9 - - - - - -] hitachi.hitachi_pools          = ['snewar_hdp_01'] [00;33m{{(pid=3431170) log_opt_values /opt/stack/data/venv/lib/python3.12/site-packages/oslo_config/cfg.py:3560}}[00m
2026-10-07 04:05:38.360 3431170 DEBUG oslo_service.backend._eventlet.service [req-5d57eb0c-63dc-462f-a157-0695fb156fb9 - - - - - -] hitachi.hitachi_report_discard_support = None [00;33m{{(pid=3431170) log_opt_values /opt/stack/data/venv/lib/python3.12/site-packages/oslo_config/cfg.py:3560}}[00m
2026-10-07 04:05:38.360 3431170 DEBUG oslo_service.backend._eventlet.service [req-5d57eb0c-63dc-462f-a157-0695fb156fb9 - - - - - -] hitachi.hitachi_rest_another_ldev_mapped_retry_timeout = None [00;33m{{(pid=3431170) log_opt_values /opt/stack/data/venv/lib/python3.12/site-packages/oslo_config/cfg.py:3560}}[00m
2026-10-07 04:05:38.360 3431170 DEBUG oslo_service.backend._eventlet.service [req-5d57eb0c-63dc-462f-a157-0695fb156fb9 - - - - - -] hitachi.hitachi_rest_connect_timeout = None [00;33m{{(pid=3431170) log_opt_values /opt/stack/data/venv/lib/python3.12/site-packages/oslo_config/cfg.py:3560}}[00m
2026-10-07 04:05:38.360 3431170 DEBUG oslo_service.backend._eventlet.service [req-5d57eb0c-63dc-462f-a157-0695fb156fb9 - - - - - -] hitachi.hitachi_rest_disable_io_wait = None [00;33m{{(pid=3431170) log_opt_values /opt/stack/data/venv/lib/python3.12/site-packages/oslo_config/cfg.py:3560}}[00m
2026-10-07 04:05:38.360 3431170 DEBUG oslo_service.backend._eventlet.service [req-5d57eb0c-63dc-462f-a157-0695fb156fb9 - - - - - -] hitachi.hitachi_rest_get_api_response_timeout = None [00;33m{{(pid=3431170) log_opt_values /opt/stack/data/venv/lib/python3.12/site-packages/oslo_config/cfg.py:3560}}[00m
2026-10-07 04:05:38.361 3431170 DEBUG oslo_service.backend._eventlet.service [req-5d57eb0c-63dc-462f-a157-0695fb156fb9 - - - - - -] hitachi.hitachi_rest_job_api_response_timeout = None [00;33m{{(pid=3431170) log_opt_values /opt/stack/data/venv/lib/python3.12/site-packages/oslo_config/cfg.py:3560}}[00m
2026-10-07 04:05:38.361 3431170 DEBUG oslo_service.backend._eventlet.service [req-5d57eb0c-63dc-462f-a157-0695fb156fb9 - - - - - -] hitachi.hitachi_rest_keep_session_loop_interval = None [00;33m{{(pid=3431170) log_opt_values /opt/stack/data/venv/lib/python3.12/site-packages/oslo_config/cfg.py:3560}}[00m
2026-10-07 04:05:38.361 3431170 DEBUG oslo_service.backend._eventlet.service [req-5d57eb0c-63dc-462f-a157-0695fb156fb9 - - - - - -] hitachi.hitachi_rest_max_request_workers = None [00;33m{{(pid=3431170) log_opt_values /opt/stack/data/venv/lib/python3.12/site-packages/oslo_config/cfg.py:3560}}[00m
2026-10-07 04:05:38.361 3431170 DEBUG oslo_service.backend._eventlet.service [req-5d57eb0c-63dc-462f-a157-0695fb156fb9 - - - - - -] hitachi.hitachi_rest_pair_target_ports = None [00;33m{{(pid=3431170) log_opt_values /opt/stack/data/venv/lib/python3.12/site-packages/oslo_config/cfg.py:3560}}[00m
2026-10-07 04:05:38.361 3431170 DEBUG oslo_service.backend._eventlet.service [req-5d57eb0c-63dc-462f-a157-0695fb156fb9 - - - - - -] hitachi.hitachi_rest_server_busy_timeout = None [00;33m{{(pid=3431170) log_opt_values /opt/stack/data/venv/lib/python3.12/site-packages/oslo_config/cfg.py:3560}}[00m
2026-10-07 04:05:38.361 3431170 DEBUG oslo_service.backend._eventlet.service [req-5d57eb0c-63dc-462f-a157-0695fb156fb9 - - - - - -] hitachi.hitachi_rest_tcp_keepalive = None [00;33m{{(pid=3431170) log_opt_values /opt/stack/data/venv/lib/python3.12/site-packages/oslo_config/cfg.py:3560}}[00m
2026-10-07 04:05:38.361 3431170 DEBUG oslo_service.backend._eventlet.service [req-5d57eb0c-63dc-462f-a157-0695fb156fb9 - - - - - -] hitachi.hitachi_rest_tcp_keepcnt = None [00;33m{{(pid=3431170) log_opt_values /opt/stack/data/venv/lib/python3.12/site-packages/oslo_config/cfg.py:3560}}[00m
2026-10-07 04:05:38.361 3431170 DEBUG oslo_service.backend._eventlet.service [req-5d57eb0c-63dc-462f-a157-0695fb156fb9 - - - - - -] hitachi.hitachi_rest_tcp_keepidle = None [00;33m{{(pid=3431170) log_opt_values /opt/stack/data/venv/lib/python3.12/site-packages/oslo_config/cfg.py:3560}}[00m
2026-10-07 04:05:38.361 3431170 DEBUG oslo_service.backend._eventlet.service [req-5d57eb0c-63dc-462f-a157-0695fb156fb9 - - - - - -] hitachi.hitachi_rest_tcp_keepintvl = None [00;33m{{(pid=3431170) log_opt_values /opt/stack/data/venv/lib/python3.12/site-packages/oslo_config/cfg.py:3560}}[00m
2026-10-07 04:05:38.361 3431170 DEBUG oslo_service.backend._eventlet.service [req-5d57eb0c-63dc-462f-a157-0695fb156fb9 - - - - - -] hitachi.hitachi_rest_timeout   = None [00;33m{{(pid=3431170) log_opt_values /opt/stack/data/venv/lib/python3.12/site-packages/oslo_config/cfg.py:3560}}[00m
2026-10-07 04:05:38.361 3431170 DEBUG oslo_service.backend._eventlet.service [req-5d57eb0c-63dc-462f-a157-0695fb156fb9 - - - - - -] hitachi.hitachi_rest_use_object_caching = None [00;33m{{(pid=3431170) log_opt_values /opt/stack/data/venv/lib/python3.12/site-packages/oslo_config/cfg.py:3560}}[00m
2026-10-07 04:05:38.361 3431170 DEBUG oslo_service.backend._eventlet.service [req-5d57eb0c-63dc-462f-a157-0695fb156fb9 - - - - - -] hitachi.hitachi_restore_timeout = None [00;33m{{(pid=3431170) log_opt_values /opt/stack/data/venv/lib/python3.12/site-packages/oslo_config/cfg.py:3560}}[00m
2026-10-07 04:05:38.361 3431170 DEBUG oslo_service.backend._eventlet.service [req-5d57eb0c-63dc-462f-a157-0695fb156fb9 - - - - - -] hitachi.hitachi_snap_pool      = None [00;33m{{(pid=3431170) log_opt_values /opt/stack/data/venv/lib/python3.12/site-packages/oslo_config/cfg.py:3560}}[00m
2026-10-07 04:05:38.362 3431170 DEBUG oslo_service.backend._eventlet.service [req-5d57eb0c-63dc-462f-a157-0695fb156fb9 - - - - - -] hitachi.hitachi_state_transition_timeout = 1800 [00;33m{{(pid=3431170) log_opt_values /opt/stack/data/venv/lib/python3.12/site-packages/oslo_config/cfg.py:3560}}[00m
2026-10-07 04:05:38.362 3431170 DEBUG oslo_service.backend._eventlet.service [req-5d57eb0c-63dc-462f-a157-0695fb156fb9 - - - - - -] hitachi.hitachi_storage_id     = 938000715036 [00;33m{{(pid=3431170) log_opt_values /opt/stack/data/venv/lib/python3.12/site-packages/oslo_config/cfg.py:3560}}[00m
2026-10-07 04:05:38.362 3431170 DEBUG oslo_service.backend._eventlet.service [req-5d57eb0c-63dc-462f-a157-0695fb156fb9 - - - - - -] hitachi.hitachi_target_ports   = ['CL1-C'] [00;33m{{(pid=3431170) log_opt_values /opt/stack/data/venv/lib/python3.12/site-packages/oslo_config/cfg.py:3560}}[00m
2026-10-07 04:05:38.362 3431170 DEBUG oslo_service.backend._eventlet.service [req-5d57eb0c-63dc-462f-a157-0695fb156fb9 - - - - - -] hitachi.hitachi_use_drs_volumes = None [00;33m{{(pid=3431170) log_opt_values /opt/stack/data/venv/lib/python3.12/site-packages/oslo_config/cfg.py:3560}}[00m
2026-10-07 04:05:38.362 3431170 DEBUG oslo_service.backend._eventlet.service [req-5d57eb0c-63dc-462f-a157-0695fb156fb9 - - - - - -] hitachi.hitachi_vcp_delete_sleep_interval = None [00;33m{{(pid=3431170) log_opt_values /opt/stack/data/venv/lib/python3.12/site-packages/oslo_config/cfg.py:3560}}[00m
2026-10-07 04:05:38.362 3431170 DEBUG oslo_service.backend._eventlet.service [req-5d57eb0c-63dc-462f-a157-0695fb156fb9 - - - - - -] hitachi.hitachi_vcp_delete_timeout = None [00;33m{{(pid=3431170) log_opt_values /opt/stack/data/venv/lib/python3.12/site-packages/oslo_config/cfg.py:3560}}[00m
2026-10-07 04:05:38.362 3431170 DEBUG oslo_service.backend._eventlet.service [req-5d57eb0c-63dc-462f-a157-0695fb156fb9 - - - - - -] hitachi.image_upload_use_cinder_backend = None [00;33m{{(pid=3431170) log_opt_values /opt/stack/data/venv/lib/python3.12/site-packages/oslo_config/cfg.py:3560}}[00m
2026-10-07 04:05:38.362 3431170 DEBUG oslo_service.backend._eventlet.service [req-5d57eb0c-63dc-462f-a157-0695fb156fb9 - - - - - -] hitachi.image_upload_use_internal_tenant = None [00;33m{{(pid=3431170) log_opt_values /opt/stack/data/venv/lib/python3.12/site-packages/oslo_config/cfg.py:3560}}[00m
2026-10-07 04:05:38.362 3431170 DEBUG oslo_service.backend._eventlet.service [req-5d57eb0c-63dc-462f-a157-0695fb156fb9 - - - - - -] hitachi.image_volume_cache_enabled = False [00;33m{{(pid=3431170) log_opt_values /opt/stack/data/venv/lib/python3.12/site-packages/oslo_config/cfg.py:3560}}[00m
2026-10-07 04:05:38.362 3431170 DEBUG oslo_service.backend._eventlet.service [req-5d57eb0c-63dc-462f-a157-0695fb156fb9 - - - - - -] hitachi.image_volume_cache_max_count = None [00;33m{{(pid=3431170) log_opt_values /opt/stack/data/venv/lib/python3.12/site-packages/oslo_config/cfg.py:3560}}[00m
2026-10-07 04:05:38.362 3431170 DEBUG oslo_service.backend._eventlet.service [req-5d57eb0c-63dc-462f-a157-0695fb156fb9 - - - - - -] hitachi.image_volume_cache_max_size_gb = None [00;33m{{(pid=3431170) log_opt_values /opt/stack/data/venv/lib/python3.12/site-packages/oslo_config/cfg.py:3560}}[00m
2026-10-07 04:05:38.362 3431170 DEBUG oslo_service.backend._eventlet.service [req-5d57eb0c-63dc-462f-a157-0695fb156fb9 - - - - - -] hitachi.iscsi_target_flags     = None [00;33m{{(pid=3431170) log_opt_values /opt/stack/data/venv/lib/python3.12/site-packages/oslo_config/cfg.py:3560}}[00m
2026-10-07 04:05:38.363 3431170 DEBUG oslo_service.backend._eventlet.service [req-5d57eb0c-63dc-462f-a157-0695fb156fb9 - - - - - -] hitachi.iscsi_write_cache      = None [00;33m{{(pid=3431170) log_opt_values /opt/stack/data/venv/lib/python3.12/site-packages/oslo_config/cfg.py:3560}}[00m
2026-10-07 04:05:38.363 3431170 DEBUG oslo_service.backend._eventlet.service [req-5d57eb0c-63dc-462f-a157-0695fb156fb9 - - - - - -] hitachi.iser_helper            = None [00;33m{{(pid=3431170) log_opt_values /opt/stack/data/venv/lib/python3.12/site-packages/oslo_config/cfg.py:3560}}[00m
2026-10-07 04:05:38.363 3431170 DEBUG oslo_service.backend._eventlet.service [req-5d57eb0c-63dc-462f-a157-0695fb156fb9 - - - - - -] hitachi.iser_ip_address        = None [00;33m{{(pid=3431170) log_opt_values /opt/stack/data/venv/lib/python3.12/site-packages/oslo_config/cfg.py:3560}}[00m
2026-10-07 04:05:38.363 3431170 DEBUG oslo_service.backend._eventlet.service [req-5d57eb0c-63dc-462f-a157-0695fb156fb9 - - - - - -] hitachi.iser_port              = None [00;33m{{(pid=3431170) log_opt_values /opt/stack/data/venv/lib/python3.12/site-packages/oslo_config/cfg.py:3560}}[00m
2026-10-07 04:05:38.363 3431170 DEBUG oslo_service.backend._eventlet.service [req-5d57eb0c-63dc-462f-a157-0695fb156fb9 - - - - - -] hitachi.iser_target_prefix     = None [00;33m{{(pid=3431170) log_opt_values /opt/stack/data/venv/lib/python3.12/site-packages/oslo_config/cfg.py:3560}}[00m
2026-10-07 04:05:38.363 3431170 DEBUG oslo_service.backend._eventlet.service [req-5d57eb0c-63dc-462f-a157-0695fb156fb9 - - - - - -] hitachi.max_over_subscription_ratio = 2147483647 [00;33m{{(pid=3431170) log_opt_values /opt/stack/data/venv/lib/python3.12/site-packages/oslo_config/cfg.py:3560}}[00m
2026-10-07 04:05:38.363 3431170 DEBUG oslo_service.backend._eventlet.service [req-5d57eb0c-63dc-462f-a157-0695fb156fb9 - - - - - -] hitachi.num_iser_scan_tries    = None [00;33m{{(pid=3431170) log_opt_values /opt/stack/data/venv/lib/python3.12/site-packages/oslo_config/cfg.py:3560}}[00m
2026-10-07 04:05:38.363 3431170 DEBUG oslo_service.backend._eventlet.service [req-5d57eb0c-63dc-462f-a157-0695fb156fb9 - - - - - -] hitachi.num_shell_tries        = None [00;33m{{(pid=3431170) log_opt_values /opt/stack/data/venv/lib/python3.12/site-packages/oslo_config/cfg.py:3560}}[00m
2026-10-07 04:05:38.363 3431170 DEBUG oslo_service.backend._eventlet.service [req-5d57eb0c-63dc-462f-a157-0695fb156fb9 - - - - - -] hitachi.num_volume_device_scan_tries = 5 [00;33m{{(pid=3431170) log_opt_values /opt/stack/data/venv/lib/python3.12/site-packages/oslo_config/cfg.py:3560}}[00m
2026-10-07 04:05:38.363 3431170 DEBUG oslo_service.backend._eventlet.service [req-5d57eb0c-63dc-462f-a157-0695fb156fb9 - - - - - -] hitachi.nvmeof_conn_info_version = None [00;33m{{(pid=3431170) log_opt_values /opt/stack/data/venv/lib/python3.12/site-packages/oslo_config/cfg.py:3560}}[00m
2026-10-07 04:05:38.363 3431170 DEBUG oslo_service.backend._eventlet.service [req-5d57eb0c-63dc-462f-a157-0695fb156fb9 - - - - - -] hitachi.nvmet_ns_id            = None [00;33m{{(pid=3431170) log_opt_values /opt/stack/data/venv/lib/python3.12/site-packages/oslo_config/cfg.py:3560}}[00m
2026-10-07 04:05:38.363 3431170 DEBUG oslo_service.backend._eventlet.service [req-5d57eb0c-63dc-462f-a157-0695fb156fb9 - - - - - -] hitachi.nvmet_port_id          = None [00;33m{{(pid=3431170) log_opt_values /opt/stack/data/venv/lib/python3.12/site-packages/oslo_config/cfg.py:3560}}[00m
2026-10-07 04:05:38.363 3431170 DEBUG oslo_service.backend._eventlet.service [req-5d57eb0c-63dc-462f-a157-0695fb156fb9 - - - - - -] hitachi.replication_device     = **** [00;33m{{(pid=3431170) log_opt_values /opt/stack/data/venv/lib/python3.12/site-packages/oslo_config/cfg.py:3560}}[00m
2026-10-07 04:05:38.364 3431170 DEBUG oslo_service.backend._eventlet.service [req-5d57eb0c-63dc-462f-a157-0695fb156fb9 - - - - - -] hitachi.report_discard_supported = None [00;33m{{(pid=3431170) log_opt_values /opt/stack/data/venv/lib/python3.12/site-packages/oslo_config/cfg.py:3560}}[00m
2026-10-07 04:05:38.364 3431170 DEBUG oslo_service.backend._eventlet.service [req-5d57eb0c-63dc-462f-a157-0695fb156fb9 - - - - - -] hitachi.reserved_percentage    = None [00;33m{{(pid=3431170) log_opt_values /opt/stack/data/venv/lib/python3.12/site-packages/oslo_config/cfg.py:3560}}[00m
2026-10-07 04:05:38.364 3431170 DEBUG oslo_service.backend._eventlet.service [req-5d57eb0c-63dc-462f-a157-0695fb156fb9 - - - - - -] hitachi.san_api_port           = 443 [00;33m{{(pid=3431170) log_opt_values /opt/stack/data/venv/lib/python3.12/site-packages/oslo_config/cfg.py:3560}}[00m
2026-10-07 04:05:38.364 3431170 DEBUG oslo_service.backend._eventlet.service [req-5d57eb0c-63dc-462f-a157-0695fb156fb9 - - - - - -] hitachi.san_clustername        = None [00;33m{{(pid=3431170) log_opt_values /opt/stack/data/venv/lib/python3.12/site-packages/oslo_config/cfg.py:3560}}[00m
2026-10-07 04:05:38.364 3431170 DEBUG oslo_service.backend._eventlet.service [req-5d57eb0c-63dc-462f-a157-0695fb156fb9 - - - - - -] hitachi.san_ip                 = 172.25.44.127 [00;33m{{(pid=3431170) log_opt_values /opt/stack/data/venv/lib/python3.12/site-packages/oslo_config/cfg.py:3560}}[00m
2026-10-07 04:05:38.364 3431170 DEBUG oslo_service.backend._eventlet.service [req-5d57eb0c-63dc-462f-a157-0695fb156fb9 - - - - - -] hitachi.san_is_local           = None [00;33m{{(pid=3431170) log_opt_values /opt/stack/data/venv/lib/python3.12/site-packages/oslo_config/cfg.py:3560}}[00m
2026-10-07 04:05:38.364 3431170 DEBUG oslo_service.backend._eventlet.service [req-5d57eb0c-63dc-462f-a157-0695fb156fb9 - - - - - -] hitachi.san_login              = ucpa [00;33m{{(pid=3431170) log_opt_values /opt/stack/data/venv/lib/python3.12/site-packages/oslo_config/cfg.py:3560}}[00m
2026-10-07 04:05:38.364 3431170 DEBUG oslo_service.backend._eventlet.service [req-5d57eb0c-63dc-462f-a157-0695fb156fb9 - - - - - -] hitachi.san_password           = **** [00;33m{{(pid=3431170) log_opt_values /opt/stack/data/venv/lib/python3.12/site-packages/oslo_config/cfg.py:3560}}[00m
2026-10-07 04:05:38.364 3431170 DEBUG oslo_service.backend._eventlet.service [req-5d57eb0c-63dc-462f-a157-0695fb156fb9 - - - - - -] hitachi.san_private_key        = None [00;33m{{(pid=3431170) log_opt_values /opt/stack/data/venv/lib/python3.12/site-packages/oslo_config/cfg.py:3560}}[00m
2026-10-07 04:05:38.364 3431170 DEBUG oslo_service.backend._eventlet.service [req-5d57eb0c-63dc-462f-a157-0695fb156fb9 - - - - - -] hitachi.san_ssh_port           = None [00;33m{{(pid=3431170) log_opt_values /opt/stack/data/venv/lib/python3.12/site-packages/oslo_config/cfg.py:3560}}[00m
2026-10-07 04:05:38.364 3431170 DEBUG oslo_service.backend._eventlet.service [req-5d57eb0c-63dc-462f-a157-0695fb156fb9 - - - - - -] hitachi.san_thin_provision     = None [00;33m{{(pid=3431170) log_opt_values /opt/stack/data/venv/lib/python3.12/site-packages/oslo_config/cfg.py:3560}}[00m
2026-10-07 04:05:38.364 3431170 DEBUG oslo_service.backend._eventlet.service [req-5d57eb0c-63dc-462f-a157-0695fb156fb9 - - - - - -] hitachi.scst_target_driver     = None [00;33m{{(pid=3431170) log_opt_values /opt/stack/data/venv/lib/python3.12/site-packages/oslo_config/cfg.py:3560}}[00m
2026-10-07 04:05:38.365 3431170 DEBUG oslo_service.backend._eventlet.service [req-5d57eb0c-63dc-462f-a157-0695fb156fb9 - - - - - -] hitachi.scst_target_iqn_name   = None [00;33m{{(pid=3431170) log_opt_values /opt/stack/data/venv/lib/python3.12/site-packages/oslo_config/cfg.py:3560}}[00m
2026-10-07 04:05:38.365 3431170 DEBUG oslo_service.backend._eventlet.service [req-5d57eb0c-63dc-462f-a157-0695fb156fb9 - - - - - -] hitachi.ssh_conn_timeout       = None [00;33m{{(pid=3431170) log_opt_values /opt/stack/data/venv/lib/python3.12/site-packages/oslo_config/cfg.py:3560}}[00m
2026-10-07 04:05:38.365 3431170 DEBUG oslo_service.backend._eventlet.service [req-5d57eb0c-63dc-462f-a157-0695fb156fb9 - - - - - -] hitachi.ssh_max_pool_conn      = None [00;33m{{(pid=3431170) log_opt_values /opt/stack/data/venv/lib/python3.12/site-packages/oslo_config/cfg.py:3560}}[00m
2026-10-07 04:05:38.365 3431170 DEBUG oslo_service.backend._eventlet.service [req-5d57eb0c-63dc-462f-a157-0695fb156fb9 - - - - - -] hitachi.ssh_min_pool_conn      = None [00;33m{{(pid=3431170) log_opt_values /opt/stack/data/venv/lib/python3.12/site-packages/oslo_config/cfg.py:3560}}[00m
2026-10-07 04:05:38.365 3431170 DEBUG oslo_service.backend._eventlet.service [req-5d57eb0c-63dc-462f-a157-0695fb156fb9 - - - - - -] hitachi.storage_protocol       = None [00;33m{{(pid=3431170) log_opt_values /opt/stack/data/venv/lib/python3.12/site-packages/oslo_config/cfg.py:3560}}[00m
2026-10-07 04:05:38.365 3431170 DEBUG oslo_service.backend._eventlet.service [req-5d57eb0c-63dc-462f-a157-0695fb156fb9 - - - - - -] hitachi.suppress_requests_ssl_warnings = True [00;33m{{(pid=3431170) log_opt_values /opt/stack/data/venv/lib/python3.12/site-packages/oslo_config/cfg.py:3560}}[00m
2026-10-07 04:05:38.365 3431170 DEBUG oslo_service.backend._eventlet.service [req-5d57eb0c-63dc-462f-a157-0695fb156fb9 - - - - - -] hitachi.target_helper          = None [00;33m{{(pid=3431170) log_opt_values /opt/stack/data/venv/lib/python3.12/site-packages/oslo_config/cfg.py:3560}}[00m
2026-10-07 04:05:38.365 3431170 DEBUG oslo_service.backend._eventlet.service [req-5d57eb0c-63dc-462f-a157-0695fb156fb9 - - - - - -] hitachi.target_ip_address      = None [00;33m{{(pid=3431170) log_opt_values /opt/stack/data/venv/lib/python3.12/site-packages/oslo_config/cfg.py:3560}}[00m
2026-10-07 04:05:38.365 3431170 DEBUG oslo_service.backend._eventlet.service [req-5d57eb0c-63dc-462f-a157-0695fb156fb9 - - - - - -] hitachi.target_port            = None [00;33m{{(pid=3431170) log_opt_values /opt/stack/data/venv/lib/python3.12/site-packages/oslo_config/cfg.py:3560}}[00m
2026-10-07 04:05:38.365 3431170 DEBUG oslo_service.backend._eventlet.service [req-5d57eb0c-63dc-462f-a157-0695fb156fb9 - - - - - -] hitachi.target_prefix          = None [00;33m{{(pid=3431170) log_opt_values /opt/stack/data/venv/lib/python3.12/site-packages/oslo_config/cfg.py:3560}}[00m
2026-10-07 04:05:38.365 3431170 DEBUG oslo_service.backend._eventlet.service [req-5d57eb0c-63dc-462f-a157-0695fb156fb9 - - - - - -] hitachi.target_protocol        = None [00;33m{{(pid=3431170) log_opt_values /opt/stack/data/venv/lib/python3.12/site-packages/oslo_config/cfg.py:3560}}[00m
2026-10-07 04:05:38.365 3431170 DEBUG oslo_service.backend._eventlet.service [req-5d57eb0c-63dc-462f-a157-0695fb156fb9 - - - - - -] hitachi.target_secondary_ip_addresses = None [00;33m{{(pid=3431170) log_opt_values /opt/stack/data/venv/lib/python3.12/site-packages/oslo_config/cfg.py:3560}}[00m
2026-10-07 04:05:38.365 3431170 DEBUG oslo_service.backend._eventlet.service [req-5d57eb0c-63dc-462f-a157-0695fb156fb9 - - - - - -] hitachi.trace_flags            = None [00;33m{{(pid=3431170) log_opt_values /opt/stack/data/venv/lib/python3.12/site-packages/oslo_config/cfg.py:3560}}[00m
2026-10-07 04:05:38.366 3431170 DEBUG oslo_service.backend._eventlet.service [req-5d57eb0c-63dc-462f-a157-0695fb156fb9 - - - - - -] hitachi.unique_fqdn_network    = None [00;33m{{(pid=3431170) log_opt_values /opt/stack/data/venv/lib/python3.12/site-packages/oslo_config/cfg.py:3560}}[00m
2026-10-07 04:05:38.366 3431170 DEBUG oslo_service.backend._eventlet.service [req-5d57eb0c-63dc-462f-a157-0695fb156fb9 - - - - - -] hitachi.use_chap_auth          = None [00;33m{{(pid=3431170) log_opt_values /opt/stack/data/venv/lib/python3.12/site-packages/oslo_config/cfg.py:3560}}[00m
2026-10-07 04:05:38.366 3431170 DEBUG oslo_service.backend._eventlet.service [req-5d57eb0c-63dc-462f-a157-0695fb156fb9 - - - - - -] hitachi.use_multipath_for_image_xfer = False [00;33m{{(pid=3431170) log_opt_values /opt/stack/data/venv/lib/python3.12/site-packages/oslo_config/cfg.py:3560}}[00m
2026-10-07 04:05:38.366 3431170 DEBUG oslo_service.backend._eventlet.service [req-5d57eb0c-63dc-462f-a157-0695fb156fb9 - - - - - -] hitachi.volume_backend_name    = hitachi [00;33m{{(pid=3431170) log_opt_values /opt/stack/data/venv/lib/python3.12/site-packages/oslo_config/cfg.py:3560}}[00m
2026-10-07 04:05:38.366 3431170 DEBUG oslo_service.backend._eventlet.service [req-5d57eb0c-63dc-462f-a157-0695fb156fb9 - - - - - -] hitachi.volume_clear           = None [00;33m{{(pid=3431170) log_opt_values /opt/stack/data/venv/lib/python3.12/site-packages/oslo_config/cfg.py:3560}}[00m
2026-10-07 04:05:38.366 3431170 DEBUG oslo_service.backend._eventlet.service [req-5d57eb0c-63dc-462f-a157-0695fb156fb9 - - - - - -] hitachi.volume_clear_ionice    = None [00;33m{{(pid=3431170) log_opt_values /opt/stack/data/venv/lib/python3.12/site-packages/oslo_config/cfg.py:3560}}[00m
2026-10-07 04:05:38.366 3431170 DEBUG oslo_service.backend._eventlet.service [req-5d57eb0c-63dc-462f-a157-0695fb156fb9 - - - - - -] hitachi.volume_clear_size      = None [00;33m{{(pid=3431170) log_opt_values /opt/stack/data/venv/lib/python3.12/site-packages/oslo_config/cfg.py:3560}}[00m
2026-10-07 04:05:38.366 3431170 DEBUG oslo_service.backend._eventlet.service [req-5d57eb0c-63dc-462f-a157-0695fb156fb9 - - - - - -] hitachi.volume_copy_blkio_cgroup_name = None [00;33m{{(pid=3431170) log_opt_values /opt/stack/data/venv/lib/python3.12/site-packages/oslo_config/cfg.py:3560}}[00m
2026-10-07 04:05:38.366 3431170 DEBUG oslo_service.backend._eventlet.service [req-5d57eb0c-63dc-462f-a157-0695fb156fb9 - - - - - -] hitachi.volume_copy_bps_limit  = None [00;33m{{(pid=3431170) log_opt_values /opt/stack/data/venv/lib/python3.12/site-packages/oslo_config/cfg.py:3560}}[00m
2026-10-07 04:05:38.366 3431170 DEBUG oslo_service.backend._eventlet.service [req-5d57eb0c-63dc-462f-a157-0695fb156fb9 - - - - - -] hitachi.volume_dd_blocksize    = None [00;33m{{(pid=3431170) log_opt_values /opt/stack/data/venv/lib/python3.12/site-packages/oslo_config/cfg.py:3560}}[00m
2026-10-07 04:05:38.366 3431170 DEBUG oslo_service.backend._eventlet.service [req-5d57eb0c-63dc-462f-a157-0695fb156fb9 - - - - - -] hitachi.volume_driver          = cinder.volume.drivers.hitachi.hbsd_iscsi.HBSDISCSIDriver [00;33m{{(pid=3431170) log_opt_values /opt/stack/data/venv/lib/python3.12/site-packages/oslo_config/cfg.py:3560}}[00m
2026-10-07 04:05:38.366 3431170 DEBUG oslo_service.backend._eventlet.service [req-5d57eb0c-63dc-462f-a157-0695fb156fb9 - - - - - -] hitachi.volumes_dir            = None [00;33m{{(pid=3431170) log_opt_values /opt/stack/data/venv/lib/python3.12/site-packages/oslo_config/cfg.py:3560}}[00m
2026-10-07 04:05:38.367 3431170 DEBUG oslo_service.backend._eventlet.service [req-5d57eb0c-63dc-462f-a157-0695fb156fb9 - - - - - -] oslo_messaging_rabbit.amqp_auto_delete = False [00;33m{{(pid=3431170) log_opt_values /opt/stack/data/venv/lib/python3.12/site-packages/oslo_config/cfg.py:3560}}[00m
2026-10-07 04:05:38.367 3431170 DEBUG oslo_service.backend._eventlet.service [req-5d57eb0c-63dc-462f-a157-0695fb156fb9 - - - - - -] oslo_messaging_rabbit.amqp_durable_queues = False [00;33m{{(pid=3431170) log_opt_values /opt/stack/data/venv/lib/python3.12/site-packages/oslo_config/cfg.py:3560}}[00m
2026-10-07 04:05:38.367 3431170 DEBUG oslo_service.backend._eventlet.service [req-5d57eb0c-63dc-462f-a157-0695fb156fb9 - - - - - -] oslo_messaging_rabbit.conn_pool_min_size = 2 [00;33m{{(pid=3431170) log_opt_values /opt/stack/data/venv/lib/python3.12/site-packages/oslo_config/cfg.py:3560}}[00m
2026-10-07 04:05:38.367 3431170 DEBUG oslo_service.backend._eventlet.service [req-5d57eb0c-63dc-462f-a157-0695fb156fb9 - - - - - -] oslo_messaging_rabbit.conn_pool_ttl = 1200 [00;33m{{(pid=3431170) log_opt_values /opt/stack/data/venv/lib/python3.12/site-packages/oslo_config/cfg.py:3560}}[00m
2026-10-07 04:05:38.367 3431170 DEBUG oslo_service.backend._eventlet.service [req-5d57eb0c-63dc-462f-a157-0695fb156fb9 - - - - - -] oslo_messaging_rabbit.direct_mandatory_flag = True [00;33m{{(pid=3431170) log_opt_values /opt/stack/data/venv/lib/python3.12/site-packages/oslo_config/cfg.py:3560}}[00m
2026-10-07 04:05:38.367 3431170 DEBUG oslo_service.backend._eventlet.service [req-5d57eb0c-63dc-462f-a157-0695fb156fb9 - - - - - -] oslo_messaging_rabbit.enable_cancel_on_failover = False [00;33m{{(pid=3431170) log_opt_values /opt/stack/data/venv/lib/python3.12/site-packages/oslo_config/cfg.py:3560}}[00m
2026-10-07 04:05:38.367 3431170 DEBUG oslo_service.backend._eventlet.service [req-5d57eb0c-63dc-462f-a157-0695fb156fb9 - - - - - -] oslo_messaging_rabbit.heartbeat_rate = 3 [00;33m{{(pid=3431170) log_opt_values /opt/stack/data/venv/lib/python3.12/site-packages/oslo_config/cfg.py:3560}}[00m
2026-10-07 04:05:38.367 3431170 DEBUG oslo_service.backend._eventlet.service [req-5d57eb0c-63dc-462f-a157-0695fb156fb9 - - - - - -] oslo_messaging_rabbit.heartbeat_timeout_threshold = 60 [00;33m{{(pid=3431170) log_opt_values /opt/stack/data/venv/lib/python3.12/site-packages/oslo_config/cfg.py:3560}}[00m
2026-10-07 04:05:38.367 3431170 DEBUG oslo_service.backend._eventlet.service [req-5d57eb0c-63dc-462f-a157-0695fb156fb9 - - - - - -] oslo_messaging_rabbit.hostname = devstack-92-210 [00;33m{{(pid=3431170) log_opt_values /opt/stack/data/venv/lib/python3.12/site-packages/oslo_config/cfg.py:3560}}[00m
2026-10-07 04:05:38.367 3431170 DEBUG oslo_service.backend._eventlet.service [req-5d57eb0c-63dc-462f-a157-0695fb156fb9 - - - - - -] oslo_messaging_rabbit.kombu_compression = None [00;33m{{(pid=3431170) log_opt_values /opt/stack/data/venv/lib/python3.12/site-packages/oslo_config/cfg.py:3560}}[00m
2026-10-07 04:05:38.367 3431170 DEBUG oslo_service.backend._eventlet.service [req-5d57eb0c-63dc-462f-a157-0695fb156fb9 - - - - - -] oslo_messaging_rabbit.kombu_failover_strategy = round-robin [00;33m{{(pid=3431170) log_opt_values /opt/stack/data/venv/lib/python3.12/site-packages/oslo_config/cfg.py:3560}}[00m
2026-10-07 04:05:38.367 3431170 DEBUG oslo_service.backend._eventlet.service [req-5d57eb0c-63dc-462f-a157-0695fb156fb9 - - - - - -] oslo_messaging_rabbit.kombu_missing_consumer_retry_timeout = 60 [00;33m{{(pid=3431170) log_opt_values /opt/stack/data/venv/lib/python3.12/site-packages/oslo_config/cfg.py:3560}}[00m
2026-10-07 04:05:38.368 3431170 DEBUG oslo_service.backend._eventlet.service [req-5d57eb0c-63dc-462f-a157-0695fb156fb9 - - - - - -] oslo_messaging_rabbit.kombu_reconnect_delay = 1.0 [00;33m{{(pid=3431170) log_opt_values /opt/stack/data/venv/lib/python3.12/site-packages/oslo_config/cfg.py:3560}}[00m
2026-10-07 04:05:38.368 3431170 DEBUG oslo_service.backend._eventlet.service [req-5d57eb0c-63dc-462f-a157-0695fb156fb9 - - - - - -] oslo_messaging_rabbit.kombu_reconnect_splay = 0.0 [00;33m{{(pid=3431170) log_opt_values /opt/stack/data/venv/lib/python3.12/site-packages/oslo_config/cfg.py:3560}}[00m
2026-10-07 04:05:38.368 3431170 DEBUG oslo_service.backend._eventlet.service [req-5d57eb0c-63dc-462f-a157-0695fb156fb9 - - - - - -] oslo_messaging_rabbit.processname = cinder-volume [00;33m{{(pid=3431170) log_opt_values /opt/stack/data/venv/lib/python3.12/site-packages/oslo_config/cfg.py:3560}}[00m
2026-10-07 04:05:38.368 3431170 DEBUG oslo_service.backend._eventlet.service [req-5d57eb0c-63dc-462f-a157-0695fb156fb9 - - - - - -] oslo_messaging_rabbit.rabbit_ha_queues = False [00;33m{{(pid=3431170) log_opt_values /opt/stack/data/venv/lib/python3.12/site-packages/oslo_config/cfg.py:3560}}[00m
2026-10-07 04:05:38.368 3431170 DEBUG oslo_service.backend._eventlet.service [req-5d57eb0c-63dc-462f-a157-0695fb156fb9 - - - - - -] oslo_messaging_rabbit.rabbit_interval_max = 30 [00;33m{{(pid=3431170) log_opt_values /opt/stack/data/venv/lib/python3.12/site-packages/oslo_config/cfg.py:3560}}[00m
2026-10-07 04:05:38.368 3431170 DEBUG oslo_service.backend._eventlet.service [req-5d57eb0c-63dc-462f-a157-0695fb156fb9 - - - - - -] oslo_messaging_rabbit.rabbit_login_method = AMQPLAIN [00;33m{{(pid=3431170) log_opt_values /opt/stack/data/venv/lib/python3.12/site-packages/oslo_config/cfg.py:3560}}[00m
2026-10-07 04:05:38.368 3431170 DEBUG oslo_service.backend._eventlet.service [req-5d57eb0c-63dc-462f-a157-0695fb156fb9 - - - - - -] oslo_messaging_rabbit.rabbit_qos_prefetch_count = 0 [00;33m{{(pid=3431170) log_opt_values /opt/stack/data/venv/lib/python3.12/site-packages/oslo_config/cfg.py:3560}}[00m
2026-10-07 04:05:38.368 3431170 DEBUG oslo_service.backend._eventlet.service [req-5d57eb0c-63dc-462f-a157-0695fb156fb9 - - - - - -] oslo_messaging_rabbit.rabbit_quorum_delivery_limit = 0 [00;33m{{(pid=3431170) log_opt_values /opt/stack/data/venv/lib/python3.12/site-packages/oslo_config/cfg.py:3560}}[00m
2026-10-07 04:05:38.368 3431170 DEBUG oslo_service.backend._eventlet.service [req-5d57eb0c-63dc-462f-a157-0695fb156fb9 - - - - - -] oslo_messaging_rabbit.rabbit_quorum_max_memory_bytes = 0 [00;33m{{(pid=3431170) log_opt_values /opt/stack/data/venv/lib/python3.12/site-packages/oslo_config/cfg.py:3560}}[00m
2026-10-07 04:05:38.368 3431170 DEBUG oslo_service.backend._eventlet.service [req-5d57eb0c-63dc-462f-a157-0695fb156fb9 - - - - - -] oslo_messaging_rabbit.rabbit_quorum_max_memory_length = 0 [00;33m{{(pid=3431170) log_opt_values /opt/stack/data/venv/lib/python3.12/site-packages/oslo_config/cfg.py:3560}}[00m
2026-10-07 04:05:38.368 3431170 DEBUG oslo_service.backend._eventlet.service [req-5d57eb0c-63dc-462f-a157-0695fb156fb9 - - - - - -] oslo_messaging_rabbit.rabbit_quorum_queue = False [00;33m{{(pid=3431170) log_opt_values /opt/stack/data/venv/lib/python3.12/site-packages/oslo_config/cfg.py:3560}}[00m
2026-10-07 04:05:38.369 3431170 DEBUG oslo_service.backend._eventlet.service [req-5d57eb0c-63dc-462f-a157-0695fb156fb9 - - - - - -] oslo_messaging_rabbit.rabbit_retry_backoff = 2 [00;33m{{(pid=3431170) log_opt_values /opt/stack/data/venv/lib/python3.12/site-packages/oslo_config/cfg.py:3560}}[00m
2026-10-07 04:05:38.369 3431170 DEBUG oslo_service.backend._eventlet.service [req-5d57eb0c-63dc-462f-a157-0695fb156fb9 - - - - - -] oslo_messaging_rabbit.rabbit_retry_interval = 1 [00;33m{{(pid=3431170) log_opt_values /opt/stack/data/venv/lib/python3.12/site-packages/oslo_config/cfg.py:3560}}[00m
2026-10-07 04:05:38.369 3431170 DEBUG oslo_service.backend._eventlet.service [req-5d57eb0c-63dc-462f-a157-0695fb156fb9 - - - - - -] oslo_messaging_rabbit.rabbit_stream_fanout = False [00;33m{{(pid=3431170) log_opt_values /opt/stack/data/venv/lib/python3.12/site-packages/oslo_config/cfg.py:3560}}[00m
2026-10-07 04:05:38.369 3431170 DEBUG oslo_service.backend._eventlet.service [req-5d57eb0c-63dc-462f-a157-0695fb156fb9 - - - - - -] oslo_messaging_rabbit.rabbit_transient_queues_ttl = 1800 [00;33m{{(pid=3431170) log_opt_values /opt/stack/data/venv/lib/python3.12/site-packages/oslo_config/cfg.py:3560}}[00m
2026-10-07 04:05:38.369 3431170 DEBUG oslo_service.backend._eventlet.service [req-5d57eb0c-63dc-462f-a157-0695fb156fb9 - - - - - -] oslo_messaging_rabbit.rabbit_transient_quorum_queue = False [00;33m{{(pid=3431170) log_opt_values /opt/stack/data/venv/lib/python3.12/site-packages/oslo_config/cfg.py:3560}}[00m
2026-10-07 04:05:38.369 3431170 DEBUG oslo_service.backend._eventlet.service [req-5d57eb0c-63dc-462f-a157-0695fb156fb9 - - - - - -] oslo_messaging_rabbit.rpc_conn_pool_size = 30 [00;33m{{(pid=3431170) log_opt_values /opt/stack/data/venv/lib/python3.12/site-packages/oslo_config/cfg.py:3560}}[00m
2026-10-07 04:05:38.369 3431170 DEBUG oslo_service.backend._eventlet.service [req-5d57eb0c-63dc-462f-a157-0695fb156fb9 - - - - - -] oslo_messaging_rabbit.ssl      = False [00;33m{{(pid=3431170) log_opt_values /opt/stack/data/venv/lib/python3.12/site-packages/oslo_config/cfg.py:3560}}[00m
2026-10-07 04:05:38.369 3431170 DEBUG oslo_service.backend._eventlet.service [req-5d57eb0c-63dc-462f-a157-0695fb156fb9 - - - - - -] oslo_messaging_rabbit.ssl_ca_file =  [00;33m{{(pid=3431170) log_opt_values /opt/stack/data/venv/lib/python3.12/site-packages/oslo_config/cfg.py:3560}}[00m
2026-10-07 04:05:38.369 3431170 DEBUG oslo_service.backend._eventlet.service [req-5d57eb0c-63dc-462f-a157-0695fb156fb9 - - - - - -] oslo_messaging_rabbit.ssl_cert_file =  [00;33m{{(pid=3431170) log_opt_values /opt/stack/data/venv/lib/python3.12/site-packages/oslo_config/cfg.py:3560}}[00m
2026-10-07 04:05:38.369 3431170 DEBUG oslo_service.backend._eventlet.service [req-5d57eb0c-63dc-462f-a157-0695fb156fb9 - - - - - -] oslo_messaging_rabbit.ssl_enforce_fips_mode = False [00;33m{{(pid=3431170) log_opt_values /opt/stack/data/venv/lib/python3.12/site-packages/oslo_config/cfg.py:3560}}[00m
2026-10-07 04:05:38.369 3431170 DEBUG oslo_service.backend._eventlet.service [req-5d57eb0c-63dc-462f-a157-0695fb156fb9 - - - - - -] oslo_messaging_rabbit.ssl_enforce_hostname_verification = True [00;33m{{(pid=3431170) log_opt_values /opt/stack/data/venv/lib/python3.12/site-packages/oslo_config/cfg.py:3560}}[00m
2026-10-07 04:05:38.369 3431170 DEBUG oslo_service.backend._eventlet.service [req-5d57eb0c-63dc-462f-a157-0695fb156fb9 - - - - - -] oslo_messaging_rabbit.ssl_key_file =  [00;33m{{(pid=3431170) log_opt_values /opt/stack/data/venv/lib/python3.12/site-packages/oslo_config/cfg.py:3560}}[00m
2026-10-07 04:05:38.370 3431170 DEBUG oslo_service.backend._eventlet.service [req-5d57eb0c-63dc-462f-a157-0695fb156fb9 - - - - - -] oslo_messaging_rabbit.ssl_version =  [00;33m{{(pid=3431170) log_opt_values /opt/stack/data/venv/lib/python3.12/site-packages/oslo_config/cfg.py:3560}}[00m
2026-10-07 04:05:38.370 3431170 DEBUG oslo_service.backend._eventlet.service [req-5d57eb0c-63dc-462f-a157-0695fb156fb9 - - - - - -] oslo_messaging_rabbit.use_queue_manager = False [00;33m{{(pid=3431170) log_opt_values /opt/stack/data/venv/lib/python3.12/site-packages/oslo_config/cfg.py:3560}}[00m
2026-10-07 04:05:38.370 3431170 DEBUG oslo_service.backend._eventlet.service [req-5d57eb0c-63dc-462f-a157-0695fb156fb9 - - - - - -] oslo_messaging_notifications.driver = [] [00;33m{{(pid=3431170) log_opt_values /opt/stack/data/venv/lib/python3.12/site-packages/oslo_config/cfg.py:3560}}[00m
2026-10-07 04:05:38.370 3431170 DEBUG oslo_service.backend._eventlet.service [req-5d57eb0c-63dc-462f-a157-0695fb156fb9 - - - - - -] oslo_messaging_notifications.retry = -1 [00;33m{{(pid=3431170) log_opt_values /opt/stack/data/venv/lib/python3.12/site-packages/oslo_config/cfg.py:3560}}[00m
2026-10-07 04:05:38.370 3431170 DEBUG oslo_service.backend._eventlet.service [req-5d57eb0c-63dc-462f-a157-0695fb156fb9 - - - - - -] oslo_messaging_notifications.topics = ['notifications'] [00;33m{{(pid=3431170) log_opt_values /opt/stack/data/venv/lib/python3.12/site-packages/oslo_config/cfg.py:3560}}[00m
2026-10-07 04:05:38.370 3431170 DEBUG oslo_service.backend._eventlet.service [req-5d57eb0c-63dc-462f-a157-0695fb156fb9 - - - - - -] oslo_messaging_notifications.transport_url = **** [00;33m{{(pid=3431170) log_opt_values /opt/stack/data/venv/lib/python3.12/site-packages/oslo_config/cfg.py:3560}}[00m
2026-10-07 04:05:38.370 3431170 DEBUG oslo_service.backend._eventlet.service [req-5d57eb0c-63dc-462f-a157-0695fb156fb9 - - - - - -] key_manager.backend            = cinder.keymgr.conf_key_mgr.ConfKeyManager [00;33m{{(pid=3431170) log_opt_values /opt/stack/data/venv/lib/python3.12/site-packages/oslo_config/cfg.py:3560}}[00m
2026-10-07 04:05:38.370 3431170 DEBUG oslo_service.backend._eventlet.service [req-5d57eb0c-63dc-462f-a157-0695fb156fb9 - - - - - -] key_manager.fixed_key          = **** [00;33m{{(pid=3431170) log_opt_values /opt/stack/data/venv/lib/python3.12/site-packages/oslo_config/cfg.py:3560}}[00m
2026-10-07 04:05:38.370 3431170 DEBUG oslo_service.backend._eventlet.service [req-5d57eb0c-63dc-462f-a157-0695fb156fb9 - - - - - -] barbican.auth_endpoint         = http://localhost/identity/v3 [00;33m{{(pid=3431170) log_opt_values /opt/stack/data/venv/lib/python3.12/site-packages/oslo_config/cfg.py:3560}}[00m
2026-10-07 04:05:38.371 3431170 DEBUG oslo_service.backend._eventlet.service [req-5d57eb0c-63dc-462f-a157-0695fb156fb9 - - - - - -] barbican.barbican_api_version  = None [00;33m{{(pid=3431170) log_opt_values /opt/stack/data/venv/lib/python3.12/site-packages/oslo_config/cfg.py:3560}}[00m
2026-10-07 04:05:38.371 3431170 DEBUG oslo_service.backend._eventlet.service [req-5d57eb0c-63dc-462f-a157-0695fb156fb9 - - - - - -] barbican.barbican_endpoint     = None [00;33m{{(pid=3431170) log_opt_values /opt/stack/data/venv/lib/python3.12/site-packages/oslo_config/cfg.py:3560}}[00m
2026-10-07 04:05:38.371 3431170 DEBUG oslo_service.backend._eventlet.service [req-5d57eb0c-63dc-462f-a157-0695fb156fb9 - - - - - -] barbican.barbican_endpoint_type = public [00;33m{{(pid=3431170) log_opt_values /opt/stack/data/venv/lib/python3.12/site-packages/oslo_config/cfg.py:3560}}[00m
2026-10-07 04:05:38.371 3431170 DEBUG oslo_service.backend._eventlet.service [req-5d57eb0c-63dc-462f-a157-0695fb156fb9 - - - - - -] barbican.barbican_region_name  = None [00;33m{{(pid=3431170) log_opt_values /opt/stack/data/venv/lib/python3.12/site-packages/oslo_config/cfg.py:3560}}[00m
2026-10-07 04:05:38.371 3431170 DEBUG oslo_service.backend._eventlet.service [req-5d57eb0c-63dc-462f-a157-0695fb156fb9 - - - - - -] barbican.cafile                = None [00;33m{{(pid=3431170) log_opt_values /opt/stack/data/venv/lib/python3.12/site-packages/oslo_config/cfg.py:3560}}[00m
2026-10-07 04:05:38.371 3431170 DEBUG oslo_service.backend._eventlet.service [req-5d57eb0c-63dc-462f-a157-0695fb156fb9 - - - - - -] barbican.certfile              = None [00;33m{{(pid=3431170) log_opt_values /opt/stack/data/venv/lib/python3.12/site-packages/oslo_config/cfg.py:3560}}[00m
2026-10-07 04:05:38.371 3431170 DEBUG oslo_service.backend._eventlet.service [req-5d57eb0c-63dc-462f-a157-0695fb156fb9 - - - - - -] barbican.collect_timing        = False [00;33m{{(pid=3431170) log_opt_values /opt/stack/data/venv/lib/python3.12/site-packages/oslo_config/cfg.py:3560}}[00m
2026-10-07 04:05:38.371 3431170 DEBUG oslo_service.backend._eventlet.service [req-5d57eb0c-63dc-462f-a157-0695fb156fb9 - - - - - -] barbican.insecure              = False [00;33m{{(pid=3431170) log_opt_values /opt/stack/data/venv/lib/python3.12/site-packages/oslo_config/cfg.py:3560}}[00m
2026-10-07 04:05:38.371 3431170 DEBUG oslo_service.backend._eventlet.service [req-5d57eb0c-63dc-462f-a157-0695fb156fb9 - - - - - -] barbican.keyfile               = None [00;33m{{(pid=3431170) log_opt_values /opt/stack/data/venv/lib/python3.12/site-packages/oslo_config/cfg.py:3560}}[00m
2026-10-07 04:05:38.371 3431170 DEBUG oslo_service.backend._eventlet.service [req-5d57eb0c-63dc-462f-a157-0695fb156fb9 - - - - - -] barbican.number_of_retries     = 60 [00;33m{{(pid=3431170) log_opt_values /opt/stack/data/venv/lib/python3.12/site-packages/oslo_config/cfg.py:3560}}[00m
2026-10-07 04:05:38.371 3431170 DEBUG oslo_service.backend._eventlet.service [req-5d57eb0c-63dc-462f-a157-0695fb156fb9 - - - - - -] barbican.retry_delay           = 1 [00;33m{{(pid=3431170) log_opt_values /opt/stack/data/venv/lib/python3.12/site-packages/oslo_config/cfg.py:3560}}[00m
2026-10-07 04:05:38.372 3431170 DEBUG oslo_service.backend._eventlet.service [req-5d57eb0c-63dc-462f-a157-0695fb156fb9 - - - - - -] barbican.send_service_user_token = False [00;33m{{(pid=3431170) log_opt_values /opt/stack/data/venv/lib/python3.12/site-packages/oslo_config/cfg.py:3560}}[00m
2026-10-07 04:05:38.372 3431170 DEBUG oslo_service.backend._eventlet.service [req-5d57eb0c-63dc-462f-a157-0695fb156fb9 - - - - - -] barbican.split_loggers         = False [00;33m{{(pid=3431170) log_opt_values /opt/stack/data/venv/lib/python3.12/site-packages/oslo_config/cfg.py:3560}}[00m
2026-10-07 04:05:38.372 3431170 DEBUG oslo_service.backend._eventlet.service [req-5d57eb0c-63dc-462f-a157-0695fb156fb9 - - - - - -] barbican.timeout               = None [00;33m{{(pid=3431170) log_opt_values /opt/stack/data/venv/lib/python3.12/site-packages/oslo_config/cfg.py:3560}}[00m
2026-10-07 04:05:38.372 3431170 DEBUG oslo_service.backend._eventlet.service [req-5d57eb0c-63dc-462f-a157-0695fb156fb9 - - - - - -] barbican.tls_ciphers           = None [00;33m{{(pid=3431170) log_opt_values /opt/stack/data/venv/lib/python3.12/site-packages/oslo_config/cfg.py:3560}}[00m
2026-10-07 04:05:38.372 3431170 DEBUG oslo_service.backend._eventlet.service [req-5d57eb0c-63dc-462f-a157-0695fb156fb9 - - - - - -] barbican.tls_min_version       = None [00;33m{{(pid=3431170) log_opt_values /opt/stack/data/venv/lib/python3.12/site-packages/oslo_config/cfg.py:3560}}[00m
2026-10-07 04:05:38.372 3431170 DEBUG oslo_service.backend._eventlet.service [req-5d57eb0c-63dc-462f-a157-0695fb156fb9 - - - - - -] barbican.verify_ssl            = True [00;33m{{(pid=3431170) log_opt_values /opt/stack/data/venv/lib/python3.12/site-packages/oslo_config/cfg.py:3560}}[00m
2026-10-07 04:05:38.372 3431170 DEBUG oslo_service.backend._eventlet.service [req-5d57eb0c-63dc-462f-a157-0695fb156fb9 - - - - - -] barbican.verify_ssl_path       = None [00;33m{{(pid=3431170) log_opt_values /opt/stack/data/venv/lib/python3.12/site-packages/oslo_config/cfg.py:3560}}[00m
2026-10-07 04:05:38.372 3431170 DEBUG oslo_service.backend._eventlet.service [req-5d57eb0c-63dc-462f-a157-0695fb156fb9 - - - - - -] barbican_service_user.auth_section = None [00;33m{{(pid=3431170) log_opt_values /opt/stack/data/venv/lib/python3.12/site-packages/oslo_config/cfg.py:3560}}[00m
2026-10-07 04:05:38.372 3431170 DEBUG oslo_service.backend._eventlet.service [req-5d57eb0c-63dc-462f-a157-0695fb156fb9 - - - - - -] barbican_service_user.auth_type = None [00;33m{{(pid=3431170) log_opt_values /opt/stack/data/venv/lib/python3.12/site-packages/oslo_config/cfg.py:3560}}[00m
2026-10-07 04:05:38.372 3431170 DEBUG oslo_service.backend._eventlet.service [req-5d57eb0c-63dc-462f-a157-0695fb156fb9 - - - - - -] barbican_service_user.cafile   = None [00;33m{{(pid=3431170) log_opt_values /opt/stack/data/venv/lib/python3.12/site-packages/oslo_config/cfg.py:3560}}[00m
2026-10-07 04:05:38.372 3431170 DEBUG oslo_service.backend._eventlet.service [req-5d57eb0c-63dc-462f-a157-0695fb156fb9 - - - - - -] barbican_service_user.certfile = None [00;33m{{(pid=3431170) log_opt_values /opt/stack/data/venv/lib/python3.12/site-packages/oslo_config/cfg.py:3560}}[00m
2026-10-07 04:05:38.373 3431170 DEBUG oslo_service.backend._eventlet.service [req-5d57eb0c-63dc-462f-a157-0695fb156fb9 - - - - - -] barbican_service_user.collect_timing = False [00;33m{{(pid=3431170) log_opt_values /opt/stack/data/venv/lib/python3.12/site-packages/oslo_config/cfg.py:3560}}[00m
2026-10-07 04:05:38.373 3431170 DEBUG oslo_service.backend._eventlet.service [req-5d57eb0c-63dc-462f-a157-0695fb156fb9 - - - - - -] barbican_service_user.insecure = False [00;33m{{(pid=3431170) log_opt_values /opt/stack/data/venv/lib/python3.12/site-packages/oslo_config/cfg.py:3560}}[00m
2026-10-07 04:05:38.373 3431170 DEBUG oslo_service.backend._eventlet.service [req-5d57eb0c-63dc-462f-a157-0695fb156fb9 - - - - - -] barbican_service_user.keyfile  = None [00;33m{{(pid=3431170) log_opt_values /opt/stack/data/venv/lib/python3.12/site-packages/oslo_config/cfg.py:3560}}[00m
2026-10-07 04:05:38.373 3431170 DEBUG oslo_service.backend._eventlet.service [req-5d57eb0c-63dc-462f-a157-0695fb156fb9 - - - - - -] barbican_service_user.split_loggers = False [00;33m{{(pid=3431170) log_opt_values /opt/stack/data/venv/lib/python3.12/site-packages/oslo_config/cfg.py:3560}}[00m
2026-10-07 04:05:38.373 3431170 DEBUG oslo_service.backend._eventlet.service [req-5d57eb0c-63dc-462f-a157-0695fb156fb9 - - - - - -] barbican_service_user.timeout  = None [00;33m{{(pid=3431170) log_opt_values /opt/stack/data/venv/lib/python3.12/site-packages/oslo_config/cfg.py:3560}}[00m
2026-10-07 04:05:38.373 3431170 DEBUG oslo_service.backend._eventlet.service [req-5d57eb0c-63dc-462f-a157-0695fb156fb9 - - - - - -] barbican_service_user.tls_ciphers = None [00;33m{{(pid=3431170) log_opt_values /opt/stack/data/venv/lib/python3.12/site-packages/oslo_config/cfg.py:3560}}[00m
2026-10-07 04:05:38.373 3431170 DEBUG oslo_service.backend._eventlet.service [req-5d57eb0c-63dc-462f-a157-0695fb156fb9 - - - - - -] barbican_service_user.tls_min_version = None [00;33m{{(pid=3431170) log_opt_values /opt/stack/data/venv/lib/python3.12/site-packages/oslo_config/cfg.py:3560}}[00m
2026-10-07 04:05:38.373 3431170 DEBUG oslo_service.backend._eventlet.service [req-5d57eb0c-63dc-462f-a157-0695fb156fb9 - - - - - -] vault.approle_role_id          = **** [00;33m{{(pid=3431170) log_opt_values /opt/stack/data/venv/lib/python3.12/site-packages/oslo_config/cfg.py:3560}}[00m
2026-10-07 04:05:38.373 3431170 DEBUG oslo_service.backend._eventlet.service [req-5d57eb0c-63dc-462f-a157-0695fb156fb9 - - - - - -] vault.approle_secret_id        = **** [00;33m{{(pid=3431170) log_opt_values /opt/stack/data/venv/lib/python3.12/site-packages/oslo_config/cfg.py:3560}}[00m
2026-10-07 04:05:38.373 3431170 DEBUG oslo_service.backend._eventlet.service [req-5d57eb0c-63dc-462f-a157-0695fb156fb9 - - - - - -] vault.auth_method              = approle [00;33m{{(pid=3431170) log_opt_values /opt/stack/data/venv/lib/python3.12/site-packages/oslo_config/cfg.py:3560}}[00m
2026-10-07 04:05:38.373 3431170 DEBUG oslo_service.backend._eventlet.service [req-5d57eb0c-63dc-462f-a157-0695fb156fb9 - - - - - -] vault.auth_path                = None [00;33m{{(pid=3431170) log_opt_values /opt/stack/data/venv/lib/python3.12/site-packages/oslo_config/cfg.py:3560}}[00m
2026-10-07 04:05:38.373 3431170 DEBUG oslo_service.backend._eventlet.service [req-5d57eb0c-63dc-462f-a157-0695fb156fb9 - - - - - -] vault.kv_mountpoint            = secret [00;33m{{(pid=3431170) log_opt_values /opt/stack/data/venv/lib/python3.12/site-packages/oslo_config/cfg.py:3560}}[00m
2026-10-07 04:05:38.374 3431170 DEBUG oslo_service.backend._eventlet.service [req-5d57eb0c-63dc-462f-a157-0695fb156fb9 - - - - - -] vault.kv_path                  = None [00;33m{{(pid=3431170) log_opt_values /opt/stack/data/venv/lib/python3.12/site-packages/oslo_config/cfg.py:3560}}[00m
2026-10-07 04:05:38.374 3431170 DEBUG oslo_service.backend._eventlet.service [req-5d57eb0c-63dc-462f-a157-0695fb156fb9 - - - - - -] vault.kv_version               = 2 [00;33m{{(pid=3431170) log_opt_values /opt/stack/data/venv/lib/python3.12/site-packages/oslo_config/cfg.py:3560}}[00m
2026-10-07 04:05:38.374 3431170 DEBUG oslo_service.backend._eventlet.service [req-5d57eb0c-63dc-462f-a157-0695fb156fb9 - - - - - -] vault.namespace                = None [00;33m{{(pid=3431170) log_opt_values /opt/stack/data/venv/lib/python3.12/site-packages/oslo_config/cfg.py:3560}}[00m
2026-10-07 04:05:38.374 3431170 DEBUG oslo_service.backend._eventlet.service [req-5d57eb0c-63dc-462f-a157-0695fb156fb9 - - - - - -] vault.root_token_id            = **** [00;33m{{(pid=3431170) log_opt_values /opt/stack/data/venv/lib/python3.12/site-packages/oslo_config/cfg.py:3560}}[00m
2026-10-07 04:05:38.374 3431170 DEBUG oslo_service.backend._eventlet.service [req-5d57eb0c-63dc-462f-a157-0695fb156fb9 - - - - - -] vault.ssl_ca_crt_file          = None [00;33m{{(pid=3431170) log_opt_values /opt/stack/data/venv/lib/python3.12/site-packages/oslo_config/cfg.py:3560}}[00m
2026-10-07 04:05:38.374 3431170 DEBUG oslo_service.backend._eventlet.service [req-5d57eb0c-63dc-462f-a157-0695fb156fb9 - - - - - -] vault.timeout                  = 60.0 [00;33m{{(pid=3431170) log_opt_values /opt/stack/data/venv/lib/python3.12/site-packages/oslo_config/cfg.py:3560}}[00m
2026-10-07 04:05:38.374 3431170 DEBUG oslo_service.backend._eventlet.service [req-5d57eb0c-63dc-462f-a157-0695fb156fb9 - - - - - -] vault.token_file               = None [00;33m{{(pid=3431170) log_opt_values /opt/stack/data/venv/lib/python3.12/site-packages/oslo_config/cfg.py:3560}}[00m
2026-10-07 04:05:38.374 3431170 DEBUG oslo_service.backend._eventlet.service [req-5d57eb0c-63dc-462f-a157-0695fb156fb9 - - - - - -] vault.token_role               = None [00;33m{{(pid=3431170) log_opt_values /opt/stack/data/venv/lib/python3.12/site-packages/oslo_config/cfg.py:3560}}[00m
2026-10-07 04:05:38.374 3431170 DEBUG oslo_service.backend._eventlet.service [req-5d57eb0c-63dc-462f-a157-0695fb156fb9 - - - - - -] vault.use_ssl                  = False [00;33m{{(pid=3431170) log_opt_values /opt/stack/data/venv/lib/python3.12/site-packages/oslo_config/cfg.py:3560}}[00m
2026-10-07 04:05:38.374 3431170 DEBUG oslo_service.backend._eventlet.service [req-5d57eb0c-63dc-462f-a157-0695fb156fb9 - - - - - -] vault.vault_url                = http://127.0.0.1:8200 [00;33m{{(pid=3431170) log_opt_values /opt/stack/data/venv/lib/python3.12/site-packages/oslo_config/cfg.py:3560}}[00m
2026-10-07 04:05:38.374 3431170 DEBUG oslo_service.backend._eventlet.service [req-5d57eb0c-63dc-462f-a157-0695fb156fb9 - - - - - -] fc-zone-manager.enable_unsupported_driver = False [00;33m{{(pid=3431170) log_opt_values /opt/stack/data/venv/lib/python3.12/site-packages/oslo_config/cfg.py:3560}}[00m
2026-10-07 04:05:38.375 3431170 DEBUG oslo_service.backend._eventlet.service [req-5d57eb0c-63dc-462f-a157-0695fb156fb9 - - - - - -] fc-zone-manager.fc_fabric_names = None [00;33m{{(pid=3431170) log_opt_values /opt/stack/data/venv/lib/python3.12/site-packages/oslo_config/cfg.py:3560}}[00m
2026-10-07 04:05:38.375 3431170 DEBUG oslo_service.backend._eventlet.service [req-5d57eb0c-63dc-462f-a157-0695fb156fb9 - - - - - -] fc-zone-manager.fc_san_lookup_service = cinder.zonemanager.drivers.brocade.brcd_fc_san_lookup_service.BrcdFCSanLookupService [00;33m{{(pid=3431170) log_opt_values /opt/stack/data/venv/lib/python3.12/site-packages/oslo_config/cfg.py:3560}}[00m
2026-10-07 04:05:38.375 3431170 DEBUG oslo_service.backend._eventlet.service [req-5d57eb0c-63dc-462f-a157-0695fb156fb9 - - - - - -] fc-zone-manager.zone_driver    = cinder.zonemanager.drivers.brocade.brcd_fc_zone_driver.BrcdFCZoneDriver [00;33m{{(pid=3431170) log_opt_values /opt/stack/data/venv/lib/python3.12/site-packages/oslo_config/cfg.py:3560}}[00m
2026-10-07 04:05:38.375 3431170 DEBUG oslo_service.backend._eventlet.service [req-5d57eb0c-63dc-462f-a157-0695fb156fb9 - - - - - -] fc-zone-manager.zoning_policy  = initiator-target [00;33m{{(pid=3431170) log_opt_values /opt/stack/data/venv/lib/python3.12/site-packages/oslo_config/cfg.py:3560}}[00m
2026-10-07 04:05:38.375 3431170 DEBUG oslo_service.backend._eventlet.service [req-5d57eb0c-63dc-462f-a157-0695fb156fb9 - - - - - -] ******************************************************************************** [00;33m{{(pid=3431170) log_opt_values /opt/stack/data/venv/lib/python3.12/site-packages/oslo_config/cfg.py:3567}}[00m
2026-10-07 04:05:38.440 3431182 DEBUG cinder.volume.drivers.hitachi.hbsd_rest_api [req-9c3886ff-a2ec-4799-b15f-b4b3207db835 - - - - - -] ERROR <?xml version="1.0" encoding="iso-8859-1"?> <!DOCTYPE html PUBLIC "-//W3C//DTD XHTML 1.0 Transitional//EN"          "http://www.w3.org/TR/xhtml1/DTD/xhtml1-transitional.dtd"> <html xmlns="http://www.w3.org/1999/xhtml" xml:lang="en" lang="en">  <head>   <title>503 Service Not Available</title>  </head>  <body>   <h1>503 Service Not Available</h1>  </body> </html> [00;33m{{(pid=3431182) _check_rest_api_response /opt/stack/cinder/cinder/volume/drivers/hitachi/hbsd_rest_api.py:485}}[00m
2026-10-07 04:05:43.438 3431182 DEBUG cinder.volume.drivers.hitachi.hbsd_rest_api [req-9c3886ff-a2ec-4799-b15f-b4b3207db835 - - - - - -] ERROR <?xml version="1.0" encoding="iso-8859-1"?> <!DOCTYPE html PUBLIC "-//W3C//DTD XHTML 1.0 Transitional//EN"          "http://www.w3.org/TR/xhtml1/DTD/xhtml1-transitional.dtd"> <html xmlns="http://www.w3.org/1999/xhtml" xml:lang="en" lang="en">  <head>   <title>503 Service Not Available</title>  </head>  <body>   <h1>503 Service Not Available</h1>  </body> </html> [00;33m{{(pid=3431182) _check_rest_api_response /opt/stack/cinder/cinder/volume/drivers/hitachi/hbsd_rest_api.py:485}}[00m
2026-10-07 04:05:48.295 3431170 DEBUG dbcounter [-] [3431170] Writing DB stats cinder:SELECT=5,cinder:UPDATE=1 [00;33m{{(pid=3431170) stat_writer /opt/stack/data/venv/lib/python3.12/site-packages/dbcounter.py:115}}[00m
2026-10-07 04:05:48.441 3431182 DEBUG cinder.volume.drivers.hitachi.hbsd_rest_api [req-9c3886ff-a2ec-4799-b15f-b4b3207db835 - - - - - -] ERROR <?xml version="1.0" encoding="iso-8859-1"?> <!DOCTYPE html PUBLIC "-//W3C//DTD XHTML 1.0 Transitional//EN"          "http://www.w3.org/TR/xhtml1/DTD/xhtml1-transitional.dtd"> <html xmlns="http://www.w3.org/1999/xhtml" xml:lang="en" lang="en">  <head>   <title>503 Service Not Available</title>  </head>  <body>   <h1>503 Service Not Available</h1>  </body> </html> [00;33m{{(pid=3431182) _check_rest_api_response /opt/stack/cinder/cinder/volume/drivers/hitachi/hbsd_rest_api.py:485}}[00m
2026-10-07 04:05:53.443 3431182 DEBUG cinder.volume.drivers.hitachi.hbsd_rest_api [req-9c3886ff-a2ec-4799-b15f-b4b3207db835 - - - - - -] ERROR <?xml version="1.0" encoding="iso-8859-1"?> <!DOCTYPE html PUBLIC "-//W3C//DTD XHTML 1.0 Transitional//EN"          "http://www.w3.org/TR/xhtml1/DTD/xhtml1-transitional.dtd"> <html xmlns="http://www.w3.org/1999/xhtml" xml:lang="en" lang="en">  <head>   <title>503 Service Not Available</title>  </head>  <body>   <h1>503 Service Not Available</h1>  </body> </html> [00;33m{{(pid=3431182) _check_rest_api_response /opt/stack/cinder/cinder/volume/drivers/hitachi/hbsd_rest_api.py:485}}[00m
2026-10-07 04:05:58.463 3431182 DEBUG cinder.volume.drivers.hitachi.hbsd_rest_api [req-9c3886ff-a2ec-4799-b15f-b4b3207db835 - - - - - -] ERROR <?xml version="1.0" encoding="iso-8859-1"?> <!DOCTYPE html PUBLIC "-//W3C//DTD XHTML 1.0 Transitional//EN"          "http://www.w3.org/TR/xhtml1/DTD/xhtml1-transitional.dtd"> <html xmlns="http://www.w3.org/1999/xhtml" xml:lang="en" lang="en">  <head>   <title>503 Service Not Available</title>  </head>  <body>   <h1>503 Service Not Available</h1>  </body> </html> [00;33m{{(pid=3431182) _check_rest_api_response /opt/stack/cinder/cinder/volume/drivers/hitachi/hbsd_rest_api.py:485}}[00m
2026-10-07 04:06:03.455 3431182 DEBUG cinder.volume.drivers.hitachi.hbsd_rest_api [req-9c3886ff-a2ec-4799-b15f-b4b3207db835 - - - - - -] ERROR <?xml version="1.0" encoding="iso-8859-1"?> <!DOCTYPE html PUBLIC "-//W3C//DTD XHTML 1.0 Transitional//EN"          "http://www.w3.org/TR/xhtml1/DTD/xhtml1-transitional.dtd"> <html xmlns="http://www.w3.org/1999/xhtml" xml:lang="en" lang="en">  <head>   <title>503 Service Not Available</title>  </head>  <body>   <h1>503 Service Not Available</h1>  </body> </html> [00;33m{{(pid=3431182) _check_rest_api_response /opt/stack/cinder/cinder/volume/drivers/hitachi/hbsd_rest_api.py:485}}[00m
2026-10-07 04:06:08.538 3431182 DEBUG cinder.volume.drivers.hitachi.hbsd_rest_api [req-9c3886ff-a2ec-4799-b15f-b4b3207db835 - - - - - -] ERROR <?xml version="1.0" encoding="iso-8859-1"?> <!DOCTYPE html PUBLIC "-//W3C//DTD XHTML 1.0 Transitional//EN"          "http://www.w3.org/TR/xhtml1/DTD/xhtml1-transitional.dtd"> <html xmlns="http://www.w3.org/1999/xhtml" xml:lang="en" lang="en">  <head>   <title>503 Service Not Available</title>  </head>  <body>   <h1>503 Service Not Available</h1>  </body> </html> [00;33m{{(pid=3431182) _check_rest_api_response /opt/stack/cinder/cinder/volume/drivers/hitachi/hbsd_rest_api.py:485}}[00m
2026-10-07 04:06:13.456 3431182 DEBUG cinder.volume.drivers.hitachi.hbsd_rest_api [req-9c3886ff-a2ec-4799-b15f-b4b3207db835 - - - - - -] ERROR <?xml version="1.0" encoding="iso-8859-1"?> <!DOCTYPE html PUBLIC "-//W3C//DTD XHTML 1.0 Transitional//EN"          "http://www.w3.org/TR/xhtml1/DTD/xhtml1-transitional.dtd"> <html xmlns="http://www.w3.org/1999/xhtml" xml:lang="en" lang="en">  <head>   <title>503 Service Not Available</title>  </head>  <body>   <h1>503 Service Not Available</h1>  </body> </html> [00;33m{{(pid=3431182) _check_rest_api_response /opt/stack/cinder/cinder/volume/drivers/hitachi/hbsd_rest_api.py:485}}[00m
2026-10-07 04:06:18.478 3431182 DEBUG cinder.volume.drivers.hitachi.hbsd_rest_api [req-9c3886ff-a2ec-4799-b15f-b4b3207db835 - - - - - -] ERROR <?xml version="1.0" encoding="iso-8859-1"?> <!DOCTYPE html PUBLIC "-//W3C//DTD XHTML 1.0 Transitional//EN"          "http://www.w3.org/TR/xhtml1/DTD/xhtml1-transitional.dtd"> <html xmlns="http://www.w3.org/1999/xhtml" xml:lang="en" lang="en">  <head>   <title>503 Service Not Available</title>  </head>  <body>   <h1>503 Service Not Available</h1>  </body> </html> [00;33m{{(pid=3431182) _check_rest_api_response /opt/stack/cinder/cinder/volume/drivers/hitachi/hbsd_rest_api.py:485}}[00m
2026-10-07 04:06:23.457 3431182 DEBUG cinder.volume.drivers.hitachi.hbsd_rest_api [req-9c3886ff-a2ec-4799-b15f-b4b3207db835 - - - - - -] ERROR <?xml version="1.0" encoding="iso-8859-1"?> <!DOCTYPE html PUBLIC "-//W3C//DTD XHTML 1.0 Transitional//EN"          "http://www.w3.org/TR/xhtml1/DTD/xhtml1-transitional.dtd"> <html xmlns="http://www.w3.org/1999/xhtml" xml:lang="en" lang="en">  <head>   <title>503 Service Not Available</title>  </head>  <body>   <h1>503 Service Not Available</h1>  </body> </html> [00;33m{{(pid=3431182) _check_rest_api_response /opt/stack/cinder/cinder/volume/drivers/hitachi/hbsd_rest_api.py:485}}[00m
2026-10-07 04:06:28.461 3431182 DEBUG cinder.volume.drivers.hitachi.hbsd_rest_api [req-9c3886ff-a2ec-4799-b15f-b4b3207db835 - - - - - -] ERROR <?xml version="1.0" encoding="iso-8859-1"?> <!DOCTYPE html PUBLIC "-//W3C//DTD XHTML 1.0 Transitional//EN"          "http://www.w3.org/TR/xhtml1/DTD/xhtml1-transitional.dtd"> <html xmlns="http://www.w3.org/1999/xhtml" xml:lang="en" lang="en">  <head>   <title>503 Service Not Available</title>  </head>  <body>   <h1>503 Service Not Available</h1>  </body> </html> [00;33m{{(pid=3431182) _check_rest_api_response /opt/stack/cinder/cinder/volume/drivers/hitachi/hbsd_rest_api.py:485}}[00m
2026-10-07 04:06:33.467 3431182 DEBUG cinder.volume.drivers.hitachi.hbsd_rest_api [req-9c3886ff-a2ec-4799-b15f-b4b3207db835 - - - - - -] ERROR <?xml version="1.0" encoding="iso-8859-1"?> <!DOCTYPE html PUBLIC "-//W3C//DTD XHTML 1.0 Transitional//EN"          "http://www.w3.org/TR/xhtml1/DTD/xhtml1-transitional.dtd"> <html xmlns="http://www.w3.org/1999/xhtml" xml:lang="en" lang="en">  <head>   <title>503 Service Not Available</title>  </head>  <body>   <h1>503 Service Not Available</h1>  </body> </html> [00;33m{{(pid=3431182) _check_rest_api_response /opt/stack/cinder/cinder/volume/drivers/hitachi/hbsd_rest_api.py:485}}[00m
2026-10-07 04:06:38.463 3431182 DEBUG cinder.volume.drivers.hitachi.hbsd_rest_api [req-9c3886ff-a2ec-4799-b15f-b4b3207db835 - - - - - -] ERROR <?xml version="1.0" encoding="iso-8859-1"?> <!DOCTYPE html PUBLIC "-//W3C//DTD XHTML 1.0 Transitional//EN"          "http://www.w3.org/TR/xhtml1/DTD/xhtml1-transitional.dtd"> <html xmlns="http://www.w3.org/1999/xhtml" xml:lang="en" lang="en">  <head>   <title>503 Service Not Available</title>  </head>  <body>   <h1>503 Service Not Available</h1>  </body> </html> [00;33m{{(pid=3431182) _check_rest_api_response /opt/stack/cinder/cinder/volume/drivers/hitachi/hbsd_rest_api.py:485}}[00m
2026-10-07 04:06:43.467 3431182 DEBUG cinder.volume.drivers.hitachi.hbsd_rest_api [req-9c3886ff-a2ec-4799-b15f-b4b3207db835 - - - - - -] ERROR <?xml version="1.0" encoding="iso-8859-1"?> <!DOCTYPE html PUBLIC "-//W3C//DTD XHTML 1.0 Transitional//EN"          "http://www.w3.org/TR/xhtml1/DTD/xhtml1-transitional.dtd"> <html xmlns="http://www.w3.org/1999/xhtml" xml:lang="en" lang="en">  <head>   <title>503 Service Not Available</title>  </head>  <body>   <h1>503 Service Not Available</h1>  </body> </html> [00;33m{{(pid=3431182) _check_rest_api_response /opt/stack/cinder/cinder/volume/drivers/hitachi/hbsd_rest_api.py:485}}[00m
2026-10-07 04:06:48.464 3431182 DEBUG cinder.volume.drivers.hitachi.hbsd_rest_api [req-9c3886ff-a2ec-4799-b15f-b4b3207db835 - - - - - -] ERROR <?xml version="1.0" encoding="iso-8859-1"?> <!DOCTYPE html PUBLIC "-//W3C//DTD XHTML 1.0 Transitional//EN"          "http://www.w3.org/TR/xhtml1/DTD/xhtml1-transitional.dtd"> <html xmlns="http://www.w3.org/1999/xhtml" xml:lang="en" lang="en">  <head>   <title>503 Service Not Available</title>  </head>  <body>   <h1>503 Service Not Available</h1>  </body> </html> [00;33m{{(pid=3431182) _check_rest_api_response /opt/stack/cinder/cinder/volume/drivers/hitachi/hbsd_rest_api.py:485}}[00m
2026-10-07 04:06:53.467 3431182 DEBUG cinder.volume.drivers.hitachi.hbsd_rest_api [req-9c3886ff-a2ec-4799-b15f-b4b3207db835 - - - - - -] ERROR <?xml version="1.0" encoding="iso-8859-1"?> <!DOCTYPE html PUBLIC "-//W3C//DTD XHTML 1.0 Transitional//EN"          "http://www.w3.org/TR/xhtml1/DTD/xhtml1-transitional.dtd"> <html xmlns="http://www.w3.org/1999/xhtml" xml:lang="en" lang="en">  <head>   <title>503 Service Not Available</title>  </head>  <body>   <h1>503 Service Not Available</h1>  </body> </html> [00;33m{{(pid=3431182) _check_rest_api_response /opt/stack/cinder/cinder/volume/drivers/hitachi/hbsd_rest_api.py:485}}[00m
2026-10-07 04:06:58.469 3431182 DEBUG cinder.volume.drivers.hitachi.hbsd_rest_api [req-9c3886ff-a2ec-4799-b15f-b4b3207db835 - - - - - -] ERROR <?xml version="1.0" encoding="iso-8859-1"?> <!DOCTYPE html PUBLIC "-//W3C//DTD XHTML 1.0 Transitional//EN"          "http://www.w3.org/TR/xhtml1/DTD/xhtml1-transitional.dtd"> <html xmlns="http://www.w3.org/1999/xhtml" xml:lang="en" lang="en">  <head>   <title>503 Service Not Available</title>  </head>  <body>   <h1>503 Service Not Available</h1>  </body> </html> [00;33m{{(pid=3431182) _check_rest_api_response /opt/stack/cinder/cinder/volume/drivers/hitachi/hbsd_rest_api.py:485}}[00m
2026-10-07 04:07:03.508 3431182 DEBUG cinder.volume.drivers.hitachi.hbsd_rest_api [req-9c3886ff-a2ec-4799-b15f-b4b3207db835 - - - - - -] ERROR <?xml version="1.0" encoding="iso-8859-1"?> <!DOCTYPE html PUBLIC "-//W3C//DTD XHTML 1.0 Transitional//EN"          "http://www.w3.org/TR/xhtml1/DTD/xhtml1-transitional.dtd"> <html xmlns="http://www.w3.org/1999/xhtml" xml:lang="en" lang="en">  <head>   <title>503 Service Not Available</title>  </head>  <body>   <h1>503 Service Not Available</h1>  </body> </html> [00;33m{{(pid=3431182) _check_rest_api_response /opt/stack/cinder/cinder/volume/drivers/hitachi/hbsd_rest_api.py:485}}[00m
2026-10-07 04:07:08.483 3431182 DEBUG cinder.volume.drivers.hitachi.hbsd_rest_api [req-9c3886ff-a2ec-4799-b15f-b4b3207db835 - - - - - -] ERROR <?xml version="1.0" encoding="iso-8859-1"?> <!DOCTYPE html PUBLIC "-//W3C//DTD XHTML 1.0 Transitional//EN"          "http://www.w3.org/TR/xhtml1/DTD/xhtml1-transitional.dtd"> <html xmlns="http://www.w3.org/1999/xhtml" xml:lang="en" lang="en">  <head>   <title>503 Service Not Available</title>  </head>  <body>   <h1>503 Service Not Available</h1>  </body> </html> [00;33m{{(pid=3431182) _check_rest_api_response /opt/stack/cinder/cinder/volume/drivers/hitachi/hbsd_rest_api.py:485}}[00m
2026-10-07 04:07:13.498 3431182 DEBUG cinder.volume.drivers.hitachi.hbsd_rest_api [req-9c3886ff-a2ec-4799-b15f-b4b3207db835 - - - - - -] ERROR <?xml version="1.0" encoding="iso-8859-1"?> <!DOCTYPE html PUBLIC "-//W3C//DTD XHTML 1.0 Transitional//EN"          "http://www.w3.org/TR/xhtml1/DTD/xhtml1-transitional.dtd"> <html xmlns="http://www.w3.org/1999/xhtml" xml:lang="en" lang="en">  <head>   <title>503 Service Not Available</title>  </head>  <body>   <h1>503 Service Not Available</h1>  </body> </html> [00;33m{{(pid=3431182) _check_rest_api_response /opt/stack/cinder/cinder/volume/drivers/hitachi/hbsd_rest_api.py:485}}[00m
2026-10-07 04:07:18.475 3431182 DEBUG cinder.volume.drivers.hitachi.hbsd_rest_api [req-9c3886ff-a2ec-4799-b15f-b4b3207db835 - - - - - -] ERROR <?xml version="1.0" encoding="iso-8859-1"?> <!DOCTYPE html PUBLIC "-//W3C//DTD XHTML 1.0 Transitional//EN"          "http://www.w3.org/TR/xhtml1/DTD/xhtml1-transitional.dtd"> <html xmlns="http://www.w3.org/1999/xhtml" xml:lang="en" lang="en">  <head>   <title>503 Service Not Available</title>  </head>  <body>   <h1>503 Service Not Available</h1>  </body> </html> [00;33m{{(pid=3431182) _check_rest_api_response /opt/stack/cinder/cinder/volume/drivers/hitachi/hbsd_rest_api.py:485}}[00m
2026-10-07 04:07:23.475 3431182 DEBUG cinder.volume.drivers.hitachi.hbsd_rest_api [req-9c3886ff-a2ec-4799-b15f-b4b3207db835 - - - - - -] ERROR <?xml version="1.0" encoding="iso-8859-1"?> <!DOCTYPE html PUBLIC "-//W3C//DTD XHTML 1.0 Transitional//EN"          "http://www.w3.org/TR/xhtml1/DTD/xhtml1-transitional.dtd"> <html xmlns="http://www.w3.org/1999/xhtml" xml:lang="en" lang="en">  <head>   <title>503 Service Not Available</title>  </head>  <body>   <h1>503 Service Not Available</h1>  </body> </html> [00;33m{{(pid=3431182) _check_rest_api_response /opt/stack/cinder/cinder/volume/drivers/hitachi/hbsd_rest_api.py:485}}[00m
2026-10-07 04:07:28.497 3431182 DEBUG cinder.volume.drivers.hitachi.hbsd_rest_api [req-9c3886ff-a2ec-4799-b15f-b4b3207db835 - - - - - -] ERROR <?xml version="1.0" encoding="iso-8859-1"?> <!DOCTYPE html PUBLIC "-//W3C//DTD XHTML 1.0 Transitional//EN"          "http://www.w3.org/TR/xhtml1/DTD/xhtml1-transitional.dtd"> <html xmlns="http://www.w3.org/1999/xhtml" xml:lang="en" lang="en">  <head>   <title>503 Service Not Available</title>  </head>  <body>   <h1>503 Service Not Available</h1>  </body> </html> [00;33m{{(pid=3431182) _check_rest_api_response /opt/stack/cinder/cinder/volume/drivers/hitachi/hbsd_rest_api.py:485}}[00m
2026-10-07 04:07:33.492 3431182 DEBUG cinder.volume.drivers.hitachi.hbsd_rest_api [req-9c3886ff-a2ec-4799-b15f-b4b3207db835 - - - - - -] ERROR <?xml version="1.0" encoding="iso-8859-1"?> <!DOCTYPE html PUBLIC "-//W3C//DTD XHTML 1.0 Transitional//EN"          "http://www.w3.org/TR/xhtml1/DTD/xhtml1-transitional.dtd"> <html xmlns="http://www.w3.org/1999/xhtml" xml:lang="en" lang="en">  <head>   <title>503 Service Not Available</title>  </head>  <body>   <h1>503 Service Not Available</h1>  </body> </html> [00;33m{{(pid=3431182) _check_rest_api_response /opt/stack/cinder/cinder/volume/drivers/hitachi/hbsd_rest_api.py:485}}[00m
2026-10-07 04:07:38.484 3431182 DEBUG cinder.volume.drivers.hitachi.hbsd_rest_api [req-9c3886ff-a2ec-4799-b15f-b4b3207db835 - - - - - -] ERROR <?xml version="1.0" encoding="iso-8859-1"?> <!DOCTYPE html PUBLIC "-//W3C//DTD XHTML 1.0 Transitional//EN"          "http://www.w3.org/TR/xhtml1/DTD/xhtml1-transitional.dtd"> <html xmlns="http://www.w3.org/1999/xhtml" xml:lang="en" lang="en">  <head>   <title>503 Service Not Available</title>  </head>  <body>   <h1>503 Service Not Available</h1>  </body> </html> [00;33m{{(pid=3431182) _check_rest_api_response /opt/stack/cinder/cinder/volume/drivers/hitachi/hbsd_rest_api.py:485}}[00m
2026-10-07 04:07:43.512 3431182 DEBUG cinder.volume.drivers.hitachi.hbsd_rest_api [req-9c3886ff-a2ec-4799-b15f-b4b3207db835 - - - - - -] ERROR <?xml version="1.0" encoding="iso-8859-1"?> <!DOCTYPE html PUBLIC "-//W3C//DTD XHTML 1.0 Transitional//EN"          "http://www.w3.org/TR/xhtml1/DTD/xhtml1-transitional.dtd"> <html xmlns="http://www.w3.org/1999/xhtml" xml:lang="en" lang="en">  <head>   <title>503 Service Not Available</title>  </head>  <body>   <h1>503 Service Not Available</h1>  </body> </html> [00;33m{{(pid=3431182) _check_rest_api_response /opt/stack/cinder/cinder/volume/drivers/hitachi/hbsd_rest_api.py:485}}[00m
2026-10-07 04:07:48.492 3431182 DEBUG cinder.volume.drivers.hitachi.hbsd_rest_api [req-9c3886ff-a2ec-4799-b15f-b4b3207db835 - - - - - -] ERROR <?xml version="1.0" encoding="iso-8859-1"?> <!DOCTYPE html PUBLIC "-//W3C//DTD XHTML 1.0 Transitional//EN"          "http://www.w3.org/TR/xhtml1/DTD/xhtml1-transitional.dtd"> <html xmlns="http://www.w3.org/1999/xhtml" xml:lang="en" lang="en">  <head>   <title>503 Service Not Available</title>  </head>  <body>   <h1>503 Service Not Available</h1>  </body> </html> [00;33m{{(pid=3431182) _check_rest_api_response /opt/stack/cinder/cinder/volume/drivers/hitachi/hbsd_rest_api.py:485}}[00m
2026-10-07 04:07:53.482 3431182 DEBUG cinder.volume.drivers.hitachi.hbsd_rest_api [req-9c3886ff-a2ec-4799-b15f-b4b3207db835 - - - - - -] ERROR <?xml version="1.0" encoding="iso-8859-1"?> <!DOCTYPE html PUBLIC "-//W3C//DTD XHTML 1.0 Transitional//EN"          "http://www.w3.org/TR/xhtml1/DTD/xhtml1-transitional.dtd"> <html xmlns="http://www.w3.org/1999/xhtml" xml:lang="en" lang="en">  <head>   <title>503 Service Not Available</title>  </head>  <body>   <h1>503 Service Not Available</h1>  </body> </html> [00;33m{{(pid=3431182) _check_rest_api_response /opt/stack/cinder/cinder/volume/drivers/hitachi/hbsd_rest_api.py:485}}[00m
2026-10-07 04:07:58.490 3431182 DEBUG cinder.volume.drivers.hitachi.hbsd_rest_api [req-9c3886ff-a2ec-4799-b15f-b4b3207db835 - - - - - -] ERROR <?xml version="1.0" encoding="iso-8859-1"?> <!DOCTYPE html PUBLIC "-//W3C//DTD XHTML 1.0 Transitional//EN"          "http://www.w3.org/TR/xhtml1/DTD/xhtml1-transitional.dtd"> <html xmlns="http://www.w3.org/1999/xhtml" xml:lang="en" lang="en">  <head>   <title>503 Service Not Available</title>  </head>  <body>   <h1>503 Service Not Available</h1>  </body> </html> [00;33m{{(pid=3431182) _check_rest_api_response /opt/stack/cinder/cinder/volume/drivers/hitachi/hbsd_rest_api.py:485}}[00m
2026-10-07 04:08:03.483 3431182 DEBUG cinder.volume.drivers.hitachi.hbsd_rest_api [req-9c3886ff-a2ec-4799-b15f-b4b3207db835 - - - - - -] ERROR <?xml version="1.0" encoding="iso-8859-1"?> <!DOCTYPE html PUBLIC "-//W3C//DTD XHTML 1.0 Transitional//EN"          "http://www.w3.org/TR/xhtml1/DTD/xhtml1-transitional.dtd"> <html xmlns="http://www.w3.org/1999/xhtml" xml:lang="en" lang="en">  <head>   <title>503 Service Not Available</title>  </head>  <body>   <h1>503 Service Not Available</h1>  </body> </html> [00;33m{{(pid=3431182) _check_rest_api_response /opt/stack/cinder/cinder/volume/drivers/hitachi/hbsd_rest_api.py:485}}[00m
2026-10-07 04:08:08.487 3431182 DEBUG cinder.volume.drivers.hitachi.hbsd_rest_api [req-9c3886ff-a2ec-4799-b15f-b4b3207db835 - - - - - -] ERROR <?xml version="1.0" encoding="iso-8859-1"?> <!DOCTYPE html PUBLIC "-//W3C//DTD XHTML 1.0 Transitional//EN"          "http://www.w3.org/TR/xhtml1/DTD/xhtml1-transitional.dtd"> <html xmlns="http://www.w3.org/1999/xhtml" xml:lang="en" lang="en">  <head>   <title>503 Service Not Available</title>  </head>  <body>   <h1>503 Service Not Available</h1>  </body> </html> [00;33m{{(pid=3431182) _check_rest_api_response /opt/stack/cinder/cinder/volume/drivers/hitachi/hbsd_rest_api.py:485}}[00m
2026-10-07 04:08:13.485 3431182 DEBUG cinder.volume.drivers.hitachi.hbsd_rest_api [req-9c3886ff-a2ec-4799-b15f-b4b3207db835 - - - - - -] ERROR <?xml version="1.0" encoding="iso-8859-1"?> <!DOCTYPE html PUBLIC "-//W3C//DTD XHTML 1.0 Transitional//EN"          "http://www.w3.org/TR/xhtml1/DTD/xhtml1-transitional.dtd"> <html xmlns="http://www.w3.org/1999/xhtml" xml:lang="en" lang="en">  <head>   <title>503 Service Not Available</title>  </head>  <body>   <h1>503 Service Not Available</h1>  </body> </html> [00;33m{{(pid=3431182) _check_rest_api_response /opt/stack/cinder/cinder/volume/drivers/hitachi/hbsd_rest_api.py:485}}[00m
2026-10-07 04:08:18.488 3431182 DEBUG cinder.volume.drivers.hitachi.hbsd_rest_api [req-9c3886ff-a2ec-4799-b15f-b4b3207db835 - - - - - -] ERROR <?xml version="1.0" encoding="iso-8859-1"?> <!DOCTYPE html PUBLIC "-//W3C//DTD XHTML 1.0 Transitional//EN"          "http://www.w3.org/TR/xhtml1/DTD/xhtml1-transitional.dtd"> <html xmlns="http://www.w3.org/1999/xhtml" xml:lang="en" lang="en">  <head>   <title>503 Service Not Available</title>  </head>  <body>   <h1>503 Service Not Available</h1>  </body> </html> [00;33m{{(pid=3431182) _check_rest_api_response /opt/stack/cinder/cinder/volume/drivers/hitachi/hbsd_rest_api.py:485}}[00m
2026-10-07 04:08:23.495 3431182 DEBUG cinder.volume.drivers.hitachi.hbsd_rest_api [req-9c3886ff-a2ec-4799-b15f-b4b3207db835 - - - - - -] ERROR <?xml version="1.0" encoding="iso-8859-1"?> <!DOCTYPE html PUBLIC "-//W3C//DTD XHTML 1.0 Transitional//EN"          "http://www.w3.org/TR/xhtml1/DTD/xhtml1-transitional.dtd"> <html xmlns="http://www.w3.org/1999/xhtml" xml:lang="en" lang="en">  <head>   <title>503 Service Not Available</title>  </head>  <body>   <h1>503 Service Not Available</h1>  </body> </html> [00;33m{{(pid=3431182) _check_rest_api_response /opt/stack/cinder/cinder/volume/drivers/hitachi/hbsd_rest_api.py:485}}[00m
2026-10-07 04:08:28.494 3431182 DEBUG cinder.volume.drivers.hitachi.hbsd_rest_api [req-9c3886ff-a2ec-4799-b15f-b4b3207db835 - - - - - -] ERROR <?xml version="1.0" encoding="iso-8859-1"?> <!DOCTYPE html PUBLIC "-//W3C//DTD XHTML 1.0 Transitional//EN"          "http://www.w3.org/TR/xhtml1/DTD/xhtml1-transitional.dtd"> <html xmlns="http://www.w3.org/1999/xhtml" xml:lang="en" lang="en">  <head>   <title>503 Service Not Available</title>  </head>  <body>   <h1>503 Service Not Available</h1>  </body> </html> [00;33m{{(pid=3431182) _check_rest_api_response /opt/stack/cinder/cinder/volume/drivers/hitachi/hbsd_rest_api.py:485}}[00m
2026-10-07 04:08:33.517 3431182 DEBUG cinder.volume.drivers.hitachi.hbsd_rest_api [req-9c3886ff-a2ec-4799-b15f-b4b3207db835 - - - - - -] ERROR <?xml version="1.0" encoding="iso-8859-1"?> <!DOCTYPE html PUBLIC "-//W3C//DTD XHTML 1.0 Transitional//EN"          "http://www.w3.org/TR/xhtml1/DTD/xhtml1-transitional.dtd"> <html xmlns="http://www.w3.org/1999/xhtml" xml:lang="en" lang="en">  <head>   <title>503 Service Not Available</title>  </head>  <body>   <h1>503 Service Not Available</h1>  </body> </html> [00;33m{{(pid=3431182) _check_rest_api_response /opt/stack/cinder/cinder/volume/drivers/hitachi/hbsd_rest_api.py:485}}[00m
2026-10-07 04:08:38.492 3431182 DEBUG cinder.volume.drivers.hitachi.hbsd_rest_api [req-9c3886ff-a2ec-4799-b15f-b4b3207db835 - - - - - -] ERROR <?xml version="1.0" encoding="iso-8859-1"?> <!DOCTYPE html PUBLIC "-//W3C//DTD XHTML 1.0 Transitional//EN"          "http://www.w3.org/TR/xhtml1/DTD/xhtml1-transitional.dtd"> <html xmlns="http://www.w3.org/1999/xhtml" xml:lang="en" lang="en">  <head>   <title>503 Service Not Available</title>  </head>  <body>   <h1>503 Service Not Available</h1>  </body> </html> [00;33m{{(pid=3431182) _check_rest_api_response /opt/stack/cinder/cinder/volume/drivers/hitachi/hbsd_rest_api.py:485}}[00m
2026-10-07 04:08:43.513 3431182 DEBUG cinder.volume.drivers.hitachi.hbsd_rest_api [req-9c3886ff-a2ec-4799-b15f-b4b3207db835 - - - - - -] ERROR <?xml version="1.0" encoding="iso-8859-1"?> <!DOCTYPE html PUBLIC "-//W3C//DTD XHTML 1.0 Transitional//EN"          "http://www.w3.org/TR/xhtml1/DTD/xhtml1-transitional.dtd"> <html xmlns="http://www.w3.org/1999/xhtml" xml:lang="en" lang="en">  <head>   <title>503 Service Not Available</title>  </head>  <body>   <h1>503 Service Not Available</h1>  </body> </html> [00;33m{{(pid=3431182) _check_rest_api_response /opt/stack/cinder/cinder/volume/drivers/hitachi/hbsd_rest_api.py:485}}[00m
2026-10-07 04:08:48.494 3431182 DEBUG cinder.volume.drivers.hitachi.hbsd_rest_api [req-9c3886ff-a2ec-4799-b15f-b4b3207db835 - - - - - -] ERROR <?xml version="1.0" encoding="iso-8859-1"?> <!DOCTYPE html PUBLIC "-//W3C//DTD XHTML 1.0 Transitional//EN"          "http://www.w3.org/TR/xhtml1/DTD/xhtml1-transitional.dtd"> <html xmlns="http://www.w3.org/1999/xhtml" xml:lang="en" lang="en">  <head>   <title>503 Service Not Available</title>  </head>  <body>   <h1>503 Service Not Available</h1>  </body> </html> [00;33m{{(pid=3431182) _check_rest_api_response /opt/stack/cinder/cinder/volume/drivers/hitachi/hbsd_rest_api.py:485}}[00m
2026-10-07 04:08:53.494 3431182 DEBUG cinder.volume.drivers.hitachi.hbsd_rest_api [req-9c3886ff-a2ec-4799-b15f-b4b3207db835 - - - - - -] ERROR <?xml version="1.0" encoding="iso-8859-1"?> <!DOCTYPE html PUBLIC "-//W3C//DTD XHTML 1.0 Transitional//EN"          "http://www.w3.org/TR/xhtml1/DTD/xhtml1-transitional.dtd"> <html xmlns="http://www.w3.org/1999/xhtml" xml:lang="en" lang="en">  <head>   <title>503 Service Not Available</title>  </head>  <body>   <h1>503 Service Not Available</h1>  </body> </html> [00;33m{{(pid=3431182) _check_rest_api_response /opt/stack/cinder/cinder/volume/drivers/hitachi/hbsd_rest_api.py:485}}[00m
2026-10-07 04:08:58.502 3431182 DEBUG cinder.volume.drivers.hitachi.hbsd_rest_api [req-9c3886ff-a2ec-4799-b15f-b4b3207db835 - - - - - -] ERROR <?xml version="1.0" encoding="iso-8859-1"?> <!DOCTYPE html PUBLIC "-//W3C//DTD XHTML 1.0 Transitional//EN"          "http://www.w3.org/TR/xhtml1/DTD/xhtml1-transitional.dtd"> <html xmlns="http://www.w3.org/1999/xhtml" xml:lang="en" lang="en">  <head>   <title>503 Service Not Available</title>  </head>  <body>   <h1>503 Service Not Available</h1>  </body> </html> [00;33m{{(pid=3431182) _check_rest_api_response /opt/stack/cinder/cinder/volume/drivers/hitachi/hbsd_rest_api.py:485}}[00m
2026-10-07 04:09:03.502 3431182 DEBUG cinder.volume.drivers.hitachi.hbsd_rest_api [req-9c3886ff-a2ec-4799-b15f-b4b3207db835 - - - - - -] ERROR <?xml version="1.0" encoding="iso-8859-1"?> <!DOCTYPE html PUBLIC "-//W3C//DTD XHTML 1.0 Transitional//EN"          "http://www.w3.org/TR/xhtml1/DTD/xhtml1-transitional.dtd"> <html xmlns="http://www.w3.org/1999/xhtml" xml:lang="en" lang="en">  <head>   <title>503 Service Not Available</title>  </head>  <body>   <h1>503 Service Not Available</h1>  </body> </html> [00;33m{{(pid=3431182) _check_rest_api_response /opt/stack/cinder/cinder/volume/drivers/hitachi/hbsd_rest_api.py:485}}[00m
2026-10-07 04:09:08.500 3431182 DEBUG cinder.volume.drivers.hitachi.hbsd_rest_api [req-9c3886ff-a2ec-4799-b15f-b4b3207db835 - - - - - -] ERROR <?xml version="1.0" encoding="iso-8859-1"?> <!DOCTYPE html PUBLIC "-//W3C//DTD XHTML 1.0 Transitional//EN"          "http://www.w3.org/TR/xhtml1/DTD/xhtml1-transitional.dtd"> <html xmlns="http://www.w3.org/1999/xhtml" xml:lang="en" lang="en">  <head>   <title>503 Service Not Available</title>  </head>  <body>   <h1>503 Service Not Available</h1>  </body> </html> [00;33m{{(pid=3431182) _check_rest_api_response /opt/stack/cinder/cinder/volume/drivers/hitachi/hbsd_rest_api.py:485}}[00m
2026-10-07 04:09:13.526 3431182 DEBUG cinder.volume.drivers.hitachi.hbsd_rest_api [req-9c3886ff-a2ec-4799-b15f-b4b3207db835 - - - - - -] ERROR <?xml version="1.0" encoding="iso-8859-1"?> <!DOCTYPE html PUBLIC "-//W3C//DTD XHTML 1.0 Transitional//EN"          "http://www.w3.org/TR/xhtml1/DTD/xhtml1-transitional.dtd"> <html xmlns="http://www.w3.org/1999/xhtml" xml:lang="en" lang="en">  <head>   <title>503 Service Not Available</title>  </head>  <body>   <h1>503 Service Not Available</h1>  </body> </html> [00;33m{{(pid=3431182) _check_rest_api_response /opt/stack/cinder/cinder/volume/drivers/hitachi/hbsd_rest_api.py:485}}[00m
2026-10-07 04:09:18.512 3431182 DEBUG cinder.volume.drivers.hitachi.hbsd_rest_api [req-9c3886ff-a2ec-4799-b15f-b4b3207db835 - - - - - -] ERROR <?xml version="1.0" encoding="iso-8859-1"?> <!DOCTYPE html PUBLIC "-//W3C//DTD XHTML 1.0 Transitional//EN"          "http://www.w3.org/TR/xhtml1/DTD/xhtml1-transitional.dtd"> <html xmlns="http://www.w3.org/1999/xhtml" xml:lang="en" lang="en">  <head>   <title>503 Service Not Available</title>  </head>  <body>   <h1>503 Service Not Available</h1>  </body> </html> [00;33m{{(pid=3431182) _check_rest_api_response /opt/stack/cinder/cinder/volume/drivers/hitachi/hbsd_rest_api.py:485}}[00m
2026-10-07 04:09:23.512 3431182 DEBUG cinder.volume.drivers.hitachi.hbsd_rest_api [req-9c3886ff-a2ec-4799-b15f-b4b3207db835 - - - - - -] ERROR <?xml version="1.0" encoding="iso-8859-1"?> <!DOCTYPE html PUBLIC "-//W3C//DTD XHTML 1.0 Transitional//EN"          "http://www.w3.org/TR/xhtml1/DTD/xhtml1-transitional.dtd"> <html xmlns="http://www.w3.org/1999/xhtml" xml:lang="en" lang="en">  <head>   <title>503 Service Not Available</title>  </head>  <body>   <h1>503 Service Not Available</h1>  </body> </html> [00;33m{{(pid=3431182) _check_rest_api_response /opt/stack/cinder/cinder/volume/drivers/hitachi/hbsd_rest_api.py:485}}[00m
2026-10-07 04:09:28.505 3431182 DEBUG cinder.volume.drivers.hitachi.hbsd_rest_api [req-9c3886ff-a2ec-4799-b15f-b4b3207db835 - - - - - -] ERROR <?xml version="1.0" encoding="iso-8859-1"?> <!DOCTYPE html PUBLIC "-//W3C//DTD XHTML 1.0 Transitional//EN"          "http://www.w3.org/TR/xhtml1/DTD/xhtml1-transitional.dtd"> <html xmlns="http://www.w3.org/1999/xhtml" xml:lang="en" lang="en">  <head>   <title>503 Service Not Available</title>  </head>  <body>   <h1>503 Service Not Available</h1>  </body> </html> [00;33m{{(pid=3431182) _check_rest_api_response /opt/stack/cinder/cinder/volume/drivers/hitachi/hbsd_rest_api.py:485}}[00m
2026-10-07 04:09:33.506 3431182 DEBUG cinder.volume.drivers.hitachi.hbsd_rest_api [req-9c3886ff-a2ec-4799-b15f-b4b3207db835 - - - - - -] ERROR <?xml version="1.0" encoding="iso-8859-1"?> <!DOCTYPE html PUBLIC "-//W3C//DTD XHTML 1.0 Transitional//EN"          "http://www.w3.org/TR/xhtml1/DTD/xhtml1-transitional.dtd"> <html xmlns="http://www.w3.org/1999/xhtml" xml:lang="en" lang="en">  <head>   <title>503 Service Not Available</title>  </head>  <body>   <h1>503 Service Not Available</h1>  </body> </html> [00;33m{{(pid=3431182) _check_rest_api_response /opt/stack/cinder/cinder/volume/drivers/hitachi/hbsd_rest_api.py:485}}[00m
2026-10-07 04:09:38.545 3431182 DEBUG cinder.volume.drivers.hitachi.hbsd_rest_api [req-9c3886ff-a2ec-4799-b15f-b4b3207db835 - - - - - -] ERROR <?xml version="1.0" encoding="iso-8859-1"?> <!DOCTYPE html PUBLIC "-//W3C//DTD XHTML 1.0 Transitional//EN"          "http://www.w3.org/TR/xhtml1/DTD/xhtml1-transitional.dtd"> <html xmlns="http://www.w3.org/1999/xhtml" xml:lang="en" lang="en">  <head>   <title>503 Service Not Available</title>  </head>  <body>   <h1>503 Service Not Available</h1>  </body> </html> [00;33m{{(pid=3431182) _check_rest_api_response /opt/stack/cinder/cinder/volume/drivers/hitachi/hbsd_rest_api.py:485}}[00m
2026-10-07 04:09:43.506 3431182 DEBUG cinder.volume.drivers.hitachi.hbsd_rest_api [req-9c3886ff-a2ec-4799-b15f-b4b3207db835 - - - - - -] ERROR <?xml version="1.0" encoding="iso-8859-1"?> <!DOCTYPE html PUBLIC "-//W3C//DTD XHTML 1.0 Transitional//EN"          "http://www.w3.org/TR/xhtml1/DTD/xhtml1-transitional.dtd"> <html xmlns="http://www.w3.org/1999/xhtml" xml:lang="en" lang="en">  <head>   <title>503 Service Not Available</title>  </head>  <body>   <h1>503 Service Not Available</h1>  </body> </html> [00;33m{{(pid=3431182) _check_rest_api_response /opt/stack/cinder/cinder/volume/drivers/hitachi/hbsd_rest_api.py:485}}[00m
2026-10-07 04:09:48.509 3431182 DEBUG cinder.volume.drivers.hitachi.hbsd_rest_api [req-9c3886ff-a2ec-4799-b15f-b4b3207db835 - - - - - -] ERROR <?xml version="1.0" encoding="iso-8859-1"?> <!DOCTYPE html PUBLIC "-//W3C//DTD XHTML 1.0 Transitional//EN"          "http://www.w3.org/TR/xhtml1/DTD/xhtml1-transitional.dtd"> <html xmlns="http://www.w3.org/1999/xhtml" xml:lang="en" lang="en">  <head>   <title>503 Service Not Available</title>  </head>  <body>   <h1>503 Service Not Available</h1>  </body> </html> [00;33m{{(pid=3431182) _check_rest_api_response /opt/stack/cinder/cinder/volume/drivers/hitachi/hbsd_rest_api.py:485}}[00m
2026-10-07 04:09:53.512 3431182 DEBUG cinder.volume.drivers.hitachi.hbsd_rest_api [req-9c3886ff-a2ec-4799-b15f-b4b3207db835 - - - - - -] ERROR <?xml version="1.0" encoding="iso-8859-1"?> <!DOCTYPE html PUBLIC "-//W3C//DTD XHTML 1.0 Transitional//EN"          "http://www.w3.org/TR/xhtml1/DTD/xhtml1-transitional.dtd"> <html xmlns="http://www.w3.org/1999/xhtml" xml:lang="en" lang="en">  <head>   <title>503 Service Not Available</title>  </head>  <body>   <h1>503 Service Not Available</h1>  </body> </html> [00;33m{{(pid=3431182) _check_rest_api_response /opt/stack/cinder/cinder/volume/drivers/hitachi/hbsd_rest_api.py:485}}[00m
2026-10-07 04:09:58.530 3431182 DEBUG cinder.volume.drivers.hitachi.hbsd_rest_api [req-9c3886ff-a2ec-4799-b15f-b4b3207db835 - - - - - -] ERROR <?xml version="1.0" encoding="iso-8859-1"?> <!DOCTYPE html PUBLIC "-//W3C//DTD XHTML 1.0 Transitional//EN"          "http://www.w3.org/TR/xhtml1/DTD/xhtml1-transitional.dtd"> <html xmlns="http://www.w3.org/1999/xhtml" xml:lang="en" lang="en">  <head>   <title>503 Service Not Available</title>  </head>  <body>   <h1>503 Service Not Available</h1>  </body> </html> [00;33m{{(pid=3431182) _check_rest_api_response /opt/stack/cinder/cinder/volume/drivers/hitachi/hbsd_rest_api.py:485}}[00m
2026-10-07 04:10:03.511 3431182 DEBUG cinder.volume.drivers.hitachi.hbsd_rest_api [req-9c3886ff-a2ec-4799-b15f-b4b3207db835 - - - - - -] ERROR <?xml version="1.0" encoding="iso-8859-1"?> <!DOCTYPE html PUBLIC "-//W3C//DTD XHTML 1.0 Transitional//EN"          "http://www.w3.org/TR/xhtml1/DTD/xhtml1-transitional.dtd"> <html xmlns="http://www.w3.org/1999/xhtml" xml:lang="en" lang="en">  <head>   <title>503 Service Not Available</title>  </head>  <body>   <h1>503 Service Not Available</h1>  </body> </html> [00;33m{{(pid=3431182) _check_rest_api_response /opt/stack/cinder/cinder/volume/drivers/hitachi/hbsd_rest_api.py:485}}[00m
2026-10-07 04:10:08.512 3431182 DEBUG cinder.volume.drivers.hitachi.hbsd_rest_api [req-9c3886ff-a2ec-4799-b15f-b4b3207db835 - - - - - -] ERROR <?xml version="1.0" encoding="iso-8859-1"?> <!DOCTYPE html PUBLIC "-//W3C//DTD XHTML 1.0 Transitional//EN"          "http://www.w3.org/TR/xhtml1/DTD/xhtml1-transitional.dtd"> <html xmlns="http://www.w3.org/1999/xhtml" xml:lang="en" lang="en">  <head>   <title>503 Service Not Available</title>  </head>  <body>   <h1>503 Service Not Available</h1>  </body> </html> [00;33m{{(pid=3431182) _check_rest_api_response /opt/stack/cinder/cinder/volume/drivers/hitachi/hbsd_rest_api.py:485}}[00m
2026-10-07 04:10:13.515 3431182 DEBUG cinder.volume.drivers.hitachi.hbsd_rest_api [req-9c3886ff-a2ec-4799-b15f-b4b3207db835 - - - - - -] ERROR <?xml version="1.0" encoding="iso-8859-1"?> <!DOCTYPE html PUBLIC "-//W3C//DTD XHTML 1.0 Transitional//EN"          "http://www.w3.org/TR/xhtml1/DTD/xhtml1-transitional.dtd"> <html xmlns="http://www.w3.org/1999/xhtml" xml:lang="en" lang="en">  <head>   <title>503 Service Not Available</title>  </head>  <body>   <h1>503 Service Not Available</h1>  </body> </html> [00;33m{{(pid=3431182) _check_rest_api_response /opt/stack/cinder/cinder/volume/drivers/hitachi/hbsd_rest_api.py:485}}[00m
2026-10-07 04:10:18.516 3431182 DEBUG cinder.volume.drivers.hitachi.hbsd_rest_api [req-9c3886ff-a2ec-4799-b15f-b4b3207db835 - - - - - -] ERROR <?xml version="1.0" encoding="iso-8859-1"?> <!DOCTYPE html PUBLIC "-//W3C//DTD XHTML 1.0 Transitional//EN"          "http://www.w3.org/TR/xhtml1/DTD/xhtml1-transitional.dtd"> <html xmlns="http://www.w3.org/1999/xhtml" xml:lang="en" lang="en">  <head>   <title>503 Service Not Available</title>  </head>  <body>   <h1>503 Service Not Available</h1>  </body> </html> [00;33m{{(pid=3431182) _check_rest_api_response /opt/stack/cinder/cinder/volume/drivers/hitachi/hbsd_rest_api.py:485}}[00m
2026-10-07 04:10:23.517 3431182 DEBUG cinder.volume.drivers.hitachi.hbsd_rest_api [req-9c3886ff-a2ec-4799-b15f-b4b3207db835 - - - - - -] ERROR <?xml version="1.0" encoding="iso-8859-1"?> <!DOCTYPE html PUBLIC "-//W3C//DTD XHTML 1.0 Transitional//EN"          "http://www.w3.org/TR/xhtml1/DTD/xhtml1-transitional.dtd"> <html xmlns="http://www.w3.org/1999/xhtml" xml:lang="en" lang="en">  <head>   <title>503 Service Not Available</title>  </head>  <body>   <h1>503 Service Not Available</h1>  </body> </html> [00;33m{{(pid=3431182) _check_rest_api_response /opt/stack/cinder/cinder/volume/drivers/hitachi/hbsd_rest_api.py:485}}[00m
2026-10-07 04:10:28.521 3431182 DEBUG cinder.volume.drivers.hitachi.hbsd_rest_api [req-9c3886ff-a2ec-4799-b15f-b4b3207db835 - - - - - -] ERROR <?xml version="1.0" encoding="iso-8859-1"?> <!DOCTYPE html PUBLIC "-//W3C//DTD XHTML 1.0 Transitional//EN"          "http://www.w3.org/TR/xhtml1/DTD/xhtml1-transitional.dtd"> <html xmlns="http://www.w3.org/1999/xhtml" xml:lang="en" lang="en">  <head>   <title>503 Service Not Available</title>  </head>  <body>   <h1>503 Service Not Available</h1>  </body> </html> [00;33m{{(pid=3431182) _check_rest_api_response /opt/stack/cinder/cinder/volume/drivers/hitachi/hbsd_rest_api.py:485}}[00m
2026-10-07 04:10:33.520 3431182 DEBUG cinder.volume.drivers.hitachi.hbsd_rest_api [req-9c3886ff-a2ec-4799-b15f-b4b3207db835 - - - - - -] ERROR <?xml version="1.0" encoding="iso-8859-1"?> <!DOCTYPE html PUBLIC "-//W3C//DTD XHTML 1.0 Transitional//EN"          "http://www.w3.org/TR/xhtml1/DTD/xhtml1-transitional.dtd"> <html xmlns="http://www.w3.org/1999/xhtml" xml:lang="en" lang="en">  <head>   <title>503 Service Not Available</title>  </head>  <body>   <h1>503 Service Not Available</h1>  </body> </html> [00;33m{{(pid=3431182) _check_rest_api_response /opt/stack/cinder/cinder/volume/drivers/hitachi/hbsd_rest_api.py:485}}[00m
2026-10-07 04:10:38.528 3431182 DEBUG cinder.volume.drivers.hitachi.hbsd_rest_api [req-9c3886ff-a2ec-4799-b15f-b4b3207db835 - - - - - -] ERROR <?xml version="1.0" encoding="iso-8859-1"?> <!DOCTYPE html PUBLIC "-//W3C//DTD XHTML 1.0 Transitional//EN"          "http://www.w3.org/TR/xhtml1/DTD/xhtml1-transitional.dtd"> <html xmlns="http://www.w3.org/1999/xhtml" xml:lang="en" lang="en">  <head>   <title>503 Service Not Available</title>  </head>  <body>   <h1>503 Service Not Available</h1>  </body> </html> [00;33m{{(pid=3431182) _check_rest_api_response /opt/stack/cinder/cinder/volume/drivers/hitachi/hbsd_rest_api.py:485}}[00m
2026-10-07 04:10:43.522 3431182 DEBUG cinder.volume.drivers.hitachi.hbsd_rest_api [req-9c3886ff-a2ec-4799-b15f-b4b3207db835 - - - - - -] ERROR <?xml version="1.0" encoding="iso-8859-1"?> <!DOCTYPE html PUBLIC "-//W3C//DTD XHTML 1.0 Transitional//EN"          "http://www.w3.org/TR/xhtml1/DTD/xhtml1-transitional.dtd"> <html xmlns="http://www.w3.org/1999/xhtml" xml:lang="en" lang="en">  <head>   <title>503 Service Not Available</title>  </head>  <body>   <h1>503 Service Not Available</h1>  </body> </html> [00;33m{{(pid=3431182) _check_rest_api_response /opt/stack/cinder/cinder/volume/drivers/hitachi/hbsd_rest_api.py:485}}[00m
2026-10-07 04:10:48.535 3431182 DEBUG cinder.volume.drivers.hitachi.hbsd_rest_api [req-9c3886ff-a2ec-4799-b15f-b4b3207db835 - - - - - -] ERROR <?xml version="1.0" encoding="iso-8859-1"?> <!DOCTYPE html PUBLIC "-//W3C//DTD XHTML 1.0 Transitional//EN"          "http://www.w3.org/TR/xhtml1/DTD/xhtml1-transitional.dtd"> <html xmlns="http://www.w3.org/1999/xhtml" xml:lang="en" lang="en">  <head>   <title>503 Service Not Available</title>  </head>  <body>   <h1>503 Service Not Available</h1>  </body> </html> [00;33m{{(pid=3431182) _check_rest_api_response /opt/stack/cinder/cinder/volume/drivers/hitachi/hbsd_rest_api.py:485}}[00m
2026-10-07 04:10:53.523 3431182 DEBUG cinder.volume.drivers.hitachi.hbsd_rest_api [req-9c3886ff-a2ec-4799-b15f-b4b3207db835 - - - - - -] ERROR <?xml version="1.0" encoding="iso-8859-1"?> <!DOCTYPE html PUBLIC "-//W3C//DTD XHTML 1.0 Transitional//EN"          "http://www.w3.org/TR/xhtml1/DTD/xhtml1-transitional.dtd"> <html xmlns="http://www.w3.org/1999/xhtml" xml:lang="en" lang="en">  <head>   <title>503 Service Not Available</title>  </head>  <body>   <h1>503 Service Not Available</h1>  </body> </html> [00;33m{{(pid=3431182) _check_rest_api_response /opt/stack/cinder/cinder/volume/drivers/hitachi/hbsd_rest_api.py:485}}[00m
2026-10-07 04:10:58.530 3431182 DEBUG cinder.volume.drivers.hitachi.hbsd_rest_api [req-9c3886ff-a2ec-4799-b15f-b4b3207db835 - - - - - -] ERROR <?xml version="1.0" encoding="iso-8859-1"?> <!DOCTYPE html PUBLIC "-//W3C//DTD XHTML 1.0 Transitional//EN"          "http://www.w3.org/TR/xhtml1/DTD/xhtml1-transitional.dtd"> <html xmlns="http://www.w3.org/1999/xhtml" xml:lang="en" lang="en">  <head>   <title>503 Service Not Available</title>  </head>  <body>   <h1>503 Service Not Available</h1>  </body> </html> [00;33m{{(pid=3431182) _check_rest_api_response /opt/stack/cinder/cinder/volume/drivers/hitachi/hbsd_rest_api.py:485}}[00m
2026-10-07 04:11:03.546 3431182 DEBUG cinder.volume.drivers.hitachi.hbsd_rest_api [req-9c3886ff-a2ec-4799-b15f-b4b3207db835 - - - - - -] ERROR <?xml version="1.0" encoding="iso-8859-1"?> <!DOCTYPE html PUBLIC "-//W3C//DTD XHTML 1.0 Transitional//EN"          "http://www.w3.org/TR/xhtml1/DTD/xhtml1-transitional.dtd"> <html xmlns="http://www.w3.org/1999/xhtml" xml:lang="en" lang="en">  <head>   <title>503 Service Not Available</title>  </head>  <body>   <h1>503 Service Not Available</h1>  </body> </html> [00;33m{{(pid=3431182) _check_rest_api_response /opt/stack/cinder/cinder/volume/drivers/hitachi/hbsd_rest_api.py:485}}[00m
2026-10-07 04:11:08.533 3431182 DEBUG cinder.volume.drivers.hitachi.hbsd_rest_api [req-9c3886ff-a2ec-4799-b15f-b4b3207db835 - - - - - -] ERROR <?xml version="1.0" encoding="iso-8859-1"?> <!DOCTYPE html PUBLIC "-//W3C//DTD XHTML 1.0 Transitional//EN"          "http://www.w3.org/TR/xhtml1/DTD/xhtml1-transitional.dtd"> <html xmlns="http://www.w3.org/1999/xhtml" xml:lang="en" lang="en">  <head>   <title>503 Service Not Available</title>  </head>  <body>   <h1>503 Service Not Available</h1>  </body> </html> [00;33m{{(pid=3431182) _check_rest_api_response /opt/stack/cinder/cinder/volume/drivers/hitachi/hbsd_rest_api.py:485}}[00m
2026-10-07 04:11:13.529 3431182 DEBUG cinder.volume.drivers.hitachi.hbsd_rest_api [req-9c3886ff-a2ec-4799-b15f-b4b3207db835 - - - - - -] ERROR <?xml version="1.0" encoding="iso-8859-1"?> <!DOCTYPE html PUBLIC "-//W3C//DTD XHTML 1.0 Transitional//EN"          "http://www.w3.org/TR/xhtml1/DTD/xhtml1-transitional.dtd"> <html xmlns="http://www.w3.org/1999/xhtml" xml:lang="en" lang="en">  <head>   <title>503 Service Not Available</title>  </head>  <body>   <h1>503 Service Not Available</h1>  </body> </html> [00;33m{{(pid=3431182) _check_rest_api_response /opt/stack/cinder/cinder/volume/drivers/hitachi/hbsd_rest_api.py:485}}[00m
2026-10-07 04:11:18.550 3431182 DEBUG cinder.volume.drivers.hitachi.hbsd_rest_api [req-9c3886ff-a2ec-4799-b15f-b4b3207db835 - - - - - -] ERROR <?xml version="1.0" encoding="iso-8859-1"?> <!DOCTYPE html PUBLIC "-//W3C//DTD XHTML 1.0 Transitional//EN"          "http://www.w3.org/TR/xhtml1/DTD/xhtml1-transitional.dtd"> <html xmlns="http://www.w3.org/1999/xhtml" xml:lang="en" lang="en">  <head>   <title>503 Service Not Available</title>  </head>  <body>   <h1>503 Service Not Available</h1>  </body> </html> [00;33m{{(pid=3431182) _check_rest_api_response /opt/stack/cinder/cinder/volume/drivers/hitachi/hbsd_rest_api.py:485}}[00m
2026-10-07 04:11:23.531 3431182 DEBUG cinder.volume.drivers.hitachi.hbsd_rest_api [req-9c3886ff-a2ec-4799-b15f-b4b3207db835 - - - - - -] ERROR <?xml version="1.0" encoding="iso-8859-1"?> <!DOCTYPE html PUBLIC "-//W3C//DTD XHTML 1.0 Transitional//EN"          "http://www.w3.org/TR/xhtml1/DTD/xhtml1-transitional.dtd"> <html xmlns="http://www.w3.org/1999/xhtml" xml:lang="en" lang="en">  <head>   <title>503 Service Not Available</title>  </head>  <body>   <h1>503 Service Not Available</h1>  </body> </html> [00;33m{{(pid=3431182) _check_rest_api_response /opt/stack/cinder/cinder/volume/drivers/hitachi/hbsd_rest_api.py:485}}[00m
2026-10-07 04:11:28.544 3431182 DEBUG cinder.volume.drivers.hitachi.hbsd_rest_api [req-9c3886ff-a2ec-4799-b15f-b4b3207db835 - - - - - -] ERROR <?xml version="1.0" encoding="iso-8859-1"?> <!DOCTYPE html PUBLIC "-//W3C//DTD XHTML 1.0 Transitional//EN"          "http://www.w3.org/TR/xhtml1/DTD/xhtml1-transitional.dtd"> <html xmlns="http://www.w3.org/1999/xhtml" xml:lang="en" lang="en">  <head>   <title>503 Service Not Available</title>  </head>  <body>   <h1>503 Service Not Available</h1>  </body> </html> [00;33m{{(pid=3431182) _check_rest_api_response /opt/stack/cinder/cinder/volume/drivers/hitachi/hbsd_rest_api.py:485}}[00m
2026-10-07 04:11:33.540 3431182 DEBUG cinder.volume.drivers.hitachi.hbsd_rest_api [req-9c3886ff-a2ec-4799-b15f-b4b3207db835 - - - - - -] ERROR <?xml version="1.0" encoding="iso-8859-1"?> <!DOCTYPE html PUBLIC "-//W3C//DTD XHTML 1.0 Transitional//EN"          "http://www.w3.org/TR/xhtml1/DTD/xhtml1-transitional.dtd"> <html xmlns="http://www.w3.org/1999/xhtml" xml:lang="en" lang="en">  <head>   <title>503 Service Not Available</title>  </head>  <body>   <h1>503 Service Not Available</h1>  </body> </html> [00;33m{{(pid=3431182) _check_rest_api_response /opt/stack/cinder/cinder/volume/drivers/hitachi/hbsd_rest_api.py:485}}[00m
2026-10-07 04:11:38.537 3431182 DEBUG cinder.volume.drivers.hitachi.hbsd_rest_api [req-9c3886ff-a2ec-4799-b15f-b4b3207db835 - - - - - -] ERROR <?xml version="1.0" encoding="iso-8859-1"?> <!DOCTYPE html PUBLIC "-//W3C//DTD XHTML 1.0 Transitional//EN"          "http://www.w3.org/TR/xhtml1/DTD/xhtml1-transitional.dtd"> <html xmlns="http://www.w3.org/1999/xhtml" xml:lang="en" lang="en">  <head>   <title>503 Service Not Available</title>  </head>  <body>   <h1>503 Service Not Available</h1>  </body> </html> [00;33m{{(pid=3431182) _check_rest_api_response /opt/stack/cinder/cinder/volume/drivers/hitachi/hbsd_rest_api.py:485}}[00m
2026-10-07 04:11:43.593 3431182 DEBUG cinder.volume.drivers.hitachi.hbsd_rest_api [req-9c3886ff-a2ec-4799-b15f-b4b3207db835 - - - - - -] ERROR <?xml version="1.0" encoding="iso-8859-1"?> <!DOCTYPE html PUBLIC "-//W3C//DTD XHTML 1.0 Transitional//EN"          "http://www.w3.org/TR/xhtml1/DTD/xhtml1-transitional.dtd"> <html xmlns="http://www.w3.org/1999/xhtml" xml:lang="en" lang="en">  <head>   <title>503 Service Not Available</title>  </head>  <body>   <h1>503 Service Not Available</h1>  </body> </html> [00;33m{{(pid=3431182) _check_rest_api_response /opt/stack/cinder/cinder/volume/drivers/hitachi/hbsd_rest_api.py:485}}[00m
2026-10-07 04:11:48.664 3431182 DEBUG cinder.volume.drivers.hitachi.hbsd_rest_api [req-9c3886ff-a2ec-4799-b15f-b4b3207db835 - - - - - -] ERROR <?xml version="1.0" encoding="iso-8859-1"?> <!DOCTYPE html PUBLIC "-//W3C//DTD XHTML 1.0 Transitional//EN"          "http://www.w3.org/TR/xhtml1/DTD/xhtml1-transitional.dtd"> <html xmlns="http://www.w3.org/1999/xhtml" xml:lang="en" lang="en">  <head>   <title>503 Service Not Available</title>  </head>  <body>   <h1>503 Service Not Available</h1>  </body> </html> [00;33m{{(pid=3431182) _check_rest_api_response /opt/stack/cinder/cinder/volume/drivers/hitachi/hbsd_rest_api.py:485}}[00m
2026-10-07 04:11:53.539 3431182 DEBUG cinder.volume.drivers.hitachi.hbsd_rest_api [req-9c3886ff-a2ec-4799-b15f-b4b3207db835 - - - - - -] ERROR <?xml version="1.0" encoding="iso-8859-1"?> <!DOCTYPE html PUBLIC "-//W3C//DTD XHTML 1.0 Transitional//EN"          "http://www.w3.org/TR/xhtml1/DTD/xhtml1-transitional.dtd"> <html xmlns="http://www.w3.org/1999/xhtml" xml:lang="en" lang="en">  <head>   <title>503 Service Not Available</title>  </head>  <body>   <h1>503 Service Not Available</h1>  </body> </html> [00;33m{{(pid=3431182) _check_rest_api_response /opt/stack/cinder/cinder/volume/drivers/hitachi/hbsd_rest_api.py:485}}[00m
2026-10-07 04:11:58.558 3431182 DEBUG cinder.volume.drivers.hitachi.hbsd_rest_api [req-9c3886ff-a2ec-4799-b15f-b4b3207db835 - - - - - -] ERROR <?xml version="1.0" encoding="iso-8859-1"?> <!DOCTYPE html PUBLIC "-//W3C//DTD XHTML 1.0 Transitional//EN"          "http://www.w3.org/TR/xhtml1/DTD/xhtml1-transitional.dtd"> <html xmlns="http://www.w3.org/1999/xhtml" xml:lang="en" lang="en">  <head>   <title>503 Service Not Available</title>  </head>  <body>   <h1>503 Service Not Available</h1>  </body> </html> [00;33m{{(pid=3431182) _check_rest_api_response /opt/stack/cinder/cinder/volume/drivers/hitachi/hbsd_rest_api.py:485}}[00m
2026-10-07 04:12:03.543 3431182 DEBUG cinder.volume.drivers.hitachi.hbsd_rest_api [req-9c3886ff-a2ec-4799-b15f-b4b3207db835 - - - - - -] ERROR <?xml version="1.0" encoding="iso-8859-1"?> <!DOCTYPE html PUBLIC "-//W3C//DTD XHTML 1.0 Transitional//EN"          "http://www.w3.org/TR/xhtml1/DTD/xhtml1-transitional.dtd"> <html xmlns="http://www.w3.org/1999/xhtml" xml:lang="en" lang="en">  <head>   <title>503 Service Not Available</title>  </head>  <body>   <h1>503 Service Not Available</h1>  </body> </html> [00;33m{{(pid=3431182) _check_rest_api_response /opt/stack/cinder/cinder/volume/drivers/hitachi/hbsd_rest_api.py:485}}[00m
2026-10-07 04:12:08.551 3431182 DEBUG cinder.volume.drivers.hitachi.hbsd_rest_api [req-9c3886ff-a2ec-4799-b15f-b4b3207db835 - - - - - -] ERROR <?xml version="1.0" encoding="iso-8859-1"?> <!DOCTYPE html PUBLIC "-//W3C//DTD XHTML 1.0 Transitional//EN"          "http://www.w3.org/TR/xhtml1/DTD/xhtml1-transitional.dtd"> <html xmlns="http://www.w3.org/1999/xhtml" xml:lang="en" lang="en">  <head>   <title>503 Service Not Available</title>  </head>  <body>   <h1>503 Service Not Available</h1>  </body> </html> [00;33m{{(pid=3431182) _check_rest_api_response /opt/stack/cinder/cinder/volume/drivers/hitachi/hbsd_rest_api.py:485}}[00m
2026-10-07 04:12:13.541 3431182 DEBUG cinder.volume.drivers.hitachi.hbsd_rest_api [req-9c3886ff-a2ec-4799-b15f-b4b3207db835 - - - - - -] ERROR <?xml version="1.0" encoding="iso-8859-1"?> <!DOCTYPE html PUBLIC "-//W3C//DTD XHTML 1.0 Transitional//EN"          "http://www.w3.org/TR/xhtml1/DTD/xhtml1-transitional.dtd"> <html xmlns="http://www.w3.org/1999/xhtml" xml:lang="en" lang="en">  <head>   <title>503 Service Not Available</title>  </head>  <body>   <h1>503 Service Not Available</h1>  </body> </html> [00;33m{{(pid=3431182) _check_rest_api_response /opt/stack/cinder/cinder/volume/drivers/hitachi/hbsd_rest_api.py:485}}[00m
2026-10-07 04:12:18.553 3431182 DEBUG cinder.volume.drivers.hitachi.hbsd_rest_api [req-9c3886ff-a2ec-4799-b15f-b4b3207db835 - - - - - -] ERROR <?xml version="1.0" encoding="iso-8859-1"?> <!DOCTYPE html PUBLIC "-//W3C//DTD XHTML 1.0 Transitional//EN"          "http://www.w3.org/TR/xhtml1/DTD/xhtml1-transitional.dtd"> <html xmlns="http://www.w3.org/1999/xhtml" xml:lang="en" lang="en">  <head>   <title>503 Service Not Available</title>  </head>  <body>   <h1>503 Service Not Available</h1>  </body> </html> [00;33m{{(pid=3431182) _check_rest_api_response /opt/stack/cinder/cinder/volume/drivers/hitachi/hbsd_rest_api.py:485}}[00m
2026-10-07 04:12:23.552 3431182 DEBUG cinder.volume.drivers.hitachi.hbsd_rest_api [req-9c3886ff-a2ec-4799-b15f-b4b3207db835 - - - - - -] ERROR <?xml version="1.0" encoding="iso-8859-1"?> <!DOCTYPE html PUBLIC "-//W3C//DTD XHTML 1.0 Transitional//EN"          "http://www.w3.org/TR/xhtml1/DTD/xhtml1-transitional.dtd"> <html xmlns="http://www.w3.org/1999/xhtml" xml:lang="en" lang="en">  <head>   <title>503 Service Not Available</title>  </head>  <body>   <h1>503 Service Not Available</h1>  </body> </html> [00;33m{{(pid=3431182) _check_rest_api_response /opt/stack/cinder/cinder/volume/drivers/hitachi/hbsd_rest_api.py:485}}[00m
2026-10-07 04:12:28.547 3431182 DEBUG cinder.volume.drivers.hitachi.hbsd_rest_api [req-9c3886ff-a2ec-4799-b15f-b4b3207db835 - - - - - -] ERROR <?xml version="1.0" encoding="iso-8859-1"?> <!DOCTYPE html PUBLIC "-//W3C//DTD XHTML 1.0 Transitional//EN"          "http://www.w3.org/TR/xhtml1/DTD/xhtml1-transitional.dtd"> <html xmlns="http://www.w3.org/1999/xhtml" xml:lang="en" lang="en">  <head>   <title>503 Service Not Available</title>  </head>  <body>   <h1>503 Service Not Available</h1>  </body> </html> [00;33m{{(pid=3431182) _check_rest_api_response /opt/stack/cinder/cinder/volume/drivers/hitachi/hbsd_rest_api.py:485}}[00m
2026-10-07 04:12:33.556 3431182 DEBUG cinder.volume.drivers.hitachi.hbsd_rest_api [req-9c3886ff-a2ec-4799-b15f-b4b3207db835 - - - - - -] ERROR <?xml version="1.0" encoding="iso-8859-1"?> <!DOCTYPE html PUBLIC "-//W3C//DTD XHTML 1.0 Transitional//EN"          "http://www.w3.org/TR/xhtml1/DTD/xhtml1-transitional.dtd"> <html xmlns="http://www.w3.org/1999/xhtml" xml:lang="en" lang="en">  <head>   <title>503 Service Not Available</title>  </head>  <body>   <h1>503 Service Not Available</h1>  </body> </html> [00;33m{{(pid=3431182) _check_rest_api_response /opt/stack/cinder/cinder/volume/drivers/hitachi/hbsd_rest_api.py:485}}[00m
2026-10-07 04:12:38.551 3431182 DEBUG cinder.volume.drivers.hitachi.hbsd_rest_api [req-9c3886ff-a2ec-4799-b15f-b4b3207db835 - - - - - -] ERROR <?xml version="1.0" encoding="iso-8859-1"?> <!DOCTYPE html PUBLIC "-//W3C//DTD XHTML 1.0 Transitional//EN"          "http://www.w3.org/TR/xhtml1/DTD/xhtml1-transitional.dtd"> <html xmlns="http://www.w3.org/1999/xhtml" xml:lang="en" lang="en">  <head>   <title>503 Service Not Available</title>  </head>  <body>   <h1>503 Service Not Available</h1>  </body> </html> [00;33m{{(pid=3431182) _check_rest_api_response /opt/stack/cinder/cinder/volume/drivers/hitachi/hbsd_rest_api.py:485}}[00m
2026-10-07 04:12:43.553 3431182 DEBUG cinder.volume.drivers.hitachi.hbsd_rest_api [req-9c3886ff-a2ec-4799-b15f-b4b3207db835 - - - - - -] ERROR <?xml version="1.0" encoding="iso-8859-1"?> <!DOCTYPE html PUBLIC "-//W3C//DTD XHTML 1.0 Transitional//EN"          "http://www.w3.org/TR/xhtml1/DTD/xhtml1-transitional.dtd"> <html xmlns="http://www.w3.org/1999/xhtml" xml:lang="en" lang="en">  <head>   <title>503 Service Not Available</title>  </head>  <body>   <h1>503 Service Not Available</h1>  </body> </html> [00;33m{{(pid=3431182) _check_rest_api_response /opt/stack/cinder/cinder/volume/drivers/hitachi/hbsd_rest_api.py:485}}[00m
2026-10-07 04:12:48.590 3431182 DEBUG cinder.volume.drivers.hitachi.hbsd_rest_api [req-9c3886ff-a2ec-4799-b15f-b4b3207db835 - - - - - -] ERROR <?xml version="1.0" encoding="iso-8859-1"?> <!DOCTYPE html PUBLIC "-//W3C//DTD XHTML 1.0 Transitional//EN"          "http://www.w3.org/TR/xhtml1/DTD/xhtml1-transitional.dtd"> <html xmlns="http://www.w3.org/1999/xhtml" xml:lang="en" lang="en">  <head>   <title>503 Service Not Available</title>  </head>  <body>   <h1>503 Service Not Available</h1>  </body> </html> [00;33m{{(pid=3431182) _check_rest_api_response /opt/stack/cinder/cinder/volume/drivers/hitachi/hbsd_rest_api.py:485}}[00m
2026-10-07 04:12:53.552 3431182 DEBUG cinder.volume.drivers.hitachi.hbsd_rest_api [req-9c3886ff-a2ec-4799-b15f-b4b3207db835 - - - - - -] ERROR <?xml version="1.0" encoding="iso-8859-1"?> <!DOCTYPE html PUBLIC "-//W3C//DTD XHTML 1.0 Transitional//EN"          "http://www.w3.org/TR/xhtml1/DTD/xhtml1-transitional.dtd"> <html xmlns="http://www.w3.org/1999/xhtml" xml:lang="en" lang="en">  <head>   <title>503 Service Not Available</title>  </head>  <body>   <h1>503 Service Not Available</h1>  </body> </html> [00;33m{{(pid=3431182) _check_rest_api_response /opt/stack/cinder/cinder/volume/drivers/hitachi/hbsd_rest_api.py:485}}[00m
2026-10-07 04:12:58.555 3431182 DEBUG cinder.volume.drivers.hitachi.hbsd_rest_api [req-9c3886ff-a2ec-4799-b15f-b4b3207db835 - - - - - -] ERROR <?xml version="1.0" encoding="iso-8859-1"?> <!DOCTYPE html PUBLIC "-//W3C//DTD XHTML 1.0 Transitional//EN"          "http://www.w3.org/TR/xhtml1/DTD/xhtml1-transitional.dtd"> <html xmlns="http://www.w3.org/1999/xhtml" xml:lang="en" lang="en">  <head>   <title>503 Service Not Available</title>  </head>  <body>   <h1>503 Service Not Available</h1>  </body> </html> [00;33m{{(pid=3431182) _check_rest_api_response /opt/stack/cinder/cinder/volume/drivers/hitachi/hbsd_rest_api.py:485}}[00m
2026-10-07 04:13:03.553 3431182 DEBUG cinder.volume.drivers.hitachi.hbsd_rest_api [req-9c3886ff-a2ec-4799-b15f-b4b3207db835 - - - - - -] ERROR <?xml version="1.0" encoding="iso-8859-1"?> <!DOCTYPE html PUBLIC "-//W3C//DTD XHTML 1.0 Transitional//EN"          "http://www.w3.org/TR/xhtml1/DTD/xhtml1-transitional.dtd"> <html xmlns="http://www.w3.org/1999/xhtml" xml:lang="en" lang="en">  <head>   <title>503 Service Not Available</title>  </head>  <body>   <h1>503 Service Not Available</h1>  </body> </html> [00;33m{{(pid=3431182) _check_rest_api_response /opt/stack/cinder/cinder/volume/drivers/hitachi/hbsd_rest_api.py:485}}[00m
2026-10-07 04:13:08.558 3431182 DEBUG cinder.volume.drivers.hitachi.hbsd_rest_api [req-9c3886ff-a2ec-4799-b15f-b4b3207db835 - - - - - -] ERROR <?xml version="1.0" encoding="iso-8859-1"?> <!DOCTYPE html PUBLIC "-//W3C//DTD XHTML 1.0 Transitional//EN"          "http://www.w3.org/TR/xhtml1/DTD/xhtml1-transitional.dtd"> <html xmlns="http://www.w3.org/1999/xhtml" xml:lang="en" lang="en">  <head>   <title>503 Service Not Available</title>  </head>  <body>   <h1>503 Service Not Available</h1>  </body> </html> [00;33m{{(pid=3431182) _check_rest_api_response /opt/stack/cinder/cinder/volume/drivers/hitachi/hbsd_rest_api.py:485}}[00m
2026-10-07 04:13:13.596 3431182 DEBUG cinder.volume.drivers.hitachi.hbsd_rest_api [req-9c3886ff-a2ec-4799-b15f-b4b3207db835 - - - - - -] ERROR <?xml version="1.0" encoding="iso-8859-1"?> <!DOCTYPE html PUBLIC "-//W3C//DTD XHTML 1.0 Transitional//EN"          "http://www.w3.org/TR/xhtml1/DTD/xhtml1-transitional.dtd"> <html xmlns="http://www.w3.org/1999/xhtml" xml:lang="en" lang="en">  <head>   <title>503 Service Not Available</title>  </head>  <body>   <h1>503 Service Not Available</h1>  </body> </html> [00;33m{{(pid=3431182) _check_rest_api_response /opt/stack/cinder/cinder/volume/drivers/hitachi/hbsd_rest_api.py:485}}[00m
2026-10-07 04:13:18.561 3431182 DEBUG cinder.volume.drivers.hitachi.hbsd_rest_api [req-9c3886ff-a2ec-4799-b15f-b4b3207db835 - - - - - -] ERROR <?xml version="1.0" encoding="iso-8859-1"?> <!DOCTYPE html PUBLIC "-//W3C//DTD XHTML 1.0 Transitional//EN"          "http://www.w3.org/TR/xhtml1/DTD/xhtml1-transitional.dtd"> <html xmlns="http://www.w3.org/1999/xhtml" xml:lang="en" lang="en">  <head>   <title>503 Service Not Available</title>  </head>  <body>   <h1>503 Service Not Available</h1>  </body> </html> [00;33m{{(pid=3431182) _check_rest_api_response /opt/stack/cinder/cinder/volume/drivers/hitachi/hbsd_rest_api.py:485}}[00m
2026-10-07 04:13:23.566 3431182 DEBUG cinder.volume.drivers.hitachi.hbsd_rest_api [req-9c3886ff-a2ec-4799-b15f-b4b3207db835 - - - - - -] ERROR <?xml version="1.0" encoding="iso-8859-1"?> <!DOCTYPE html PUBLIC "-//W3C//DTD XHTML 1.0 Transitional//EN"          "http://www.w3.org/TR/xhtml1/DTD/xhtml1-transitional.dtd"> <html xmlns="http://www.w3.org/1999/xhtml" xml:lang="en" lang="en">  <head>   <title>503 Service Not Available</title>  </head>  <body>   <h1>503 Service Not Available</h1>  </body> </html> [00;33m{{(pid=3431182) _check_rest_api_response /opt/stack/cinder/cinder/volume/drivers/hitachi/hbsd_rest_api.py:485}}[00m
2026-10-07 04:13:28.628 3431182 DEBUG cinder.volume.drivers.hitachi.hbsd_rest_api [req-9c3886ff-a2ec-4799-b15f-b4b3207db835 - - - - - -] ERROR <?xml version="1.0" encoding="iso-8859-1"?> <!DOCTYPE html PUBLIC "-//W3C//DTD XHTML 1.0 Transitional//EN"          "http://www.w3.org/TR/xhtml1/DTD/xhtml1-transitional.dtd"> <html xmlns="http://www.w3.org/1999/xhtml" xml:lang="en" lang="en">  <head>   <title>503 Service Not Available</title>  </head>  <body>   <h1>503 Service Not Available</h1>  </body> </html> [00;33m{{(pid=3431182) _check_rest_api_response /opt/stack/cinder/cinder/volume/drivers/hitachi/hbsd_rest_api.py:485}}[00m
2026-10-07 04:13:33.574 3431182 DEBUG cinder.volume.drivers.hitachi.hbsd_rest_api [req-9c3886ff-a2ec-4799-b15f-b4b3207db835 - - - - - -] ERROR <?xml version="1.0" encoding="iso-8859-1"?> <!DOCTYPE html PUBLIC "-//W3C//DTD XHTML 1.0 Transitional//EN"          "http://www.w3.org/TR/xhtml1/DTD/xhtml1-transitional.dtd"> <html xmlns="http://www.w3.org/1999/xhtml" xml:lang="en" lang="en">  <head>   <title>503 Service Not Available</title>  </head>  <body>   <h1>503 Service Not Available</h1>  </body> </html> [00;33m{{(pid=3431182) _check_rest_api_response /opt/stack/cinder/cinder/volume/drivers/hitachi/hbsd_rest_api.py:485}}[00m
2026-10-07 04:13:38.565 3431182 DEBUG cinder.volume.drivers.hitachi.hbsd_rest_api [req-9c3886ff-a2ec-4799-b15f-b4b3207db835 - - - - - -] ERROR <?xml version="1.0" encoding="iso-8859-1"?> <!DOCTYPE html PUBLIC "-//W3C//DTD XHTML 1.0 Transitional//EN"          "http://www.w3.org/TR/xhtml1/DTD/xhtml1-transitional.dtd"> <html xmlns="http://www.w3.org/1999/xhtml" xml:lang="en" lang="en">  <head>   <title>503 Service Not Available</title>  </head>  <body>   <h1>503 Service Not Available</h1>  </body> </html> [00;33m{{(pid=3431182) _check_rest_api_response /opt/stack/cinder/cinder/volume/drivers/hitachi/hbsd_rest_api.py:485}}[00m
2026-10-07 04:13:43.566 3431182 DEBUG cinder.volume.drivers.hitachi.hbsd_rest_api [req-9c3886ff-a2ec-4799-b15f-b4b3207db835 - - - - - -] ERROR <?xml version="1.0" encoding="iso-8859-1"?> <!DOCTYPE html PUBLIC "-//W3C//DTD XHTML 1.0 Transitional//EN"          "http://www.w3.org/TR/xhtml1/DTD/xhtml1-transitional.dtd"> <html xmlns="http://www.w3.org/1999/xhtml" xml:lang="en" lang="en">  <head>   <title>503 Service Not Available</title>  </head>  <body>   <h1>503 Service Not Available</h1>  </body> </html> [00;33m{{(pid=3431182) _check_rest_api_response /opt/stack/cinder/cinder/volume/drivers/hitachi/hbsd_rest_api.py:485}}[00m
2026-10-07 04:13:48.578 3431182 DEBUG cinder.volume.drivers.hitachi.hbsd_rest_api [req-9c3886ff-a2ec-4799-b15f-b4b3207db835 - - - - - -] ERROR <?xml version="1.0" encoding="iso-8859-1"?> <!DOCTYPE html PUBLIC "-//W3C//DTD XHTML 1.0 Transitional//EN"          "http://www.w3.org/TR/xhtml1/DTD/xhtml1-transitional.dtd"> <html xmlns="http://www.w3.org/1999/xhtml" xml:lang="en" lang="en">  <head>   <title>503 Service Not Available</title>  </head>  <body>   <h1>503 Service Not Available</h1>  </body> </html> [00;33m{{(pid=3431182) _check_rest_api_response /opt/stack/cinder/cinder/volume/drivers/hitachi/hbsd_rest_api.py:485}}[00m
2026-10-07 04:13:53.567 3431182 DEBUG cinder.volume.drivers.hitachi.hbsd_rest_api [req-9c3886ff-a2ec-4799-b15f-b4b3207db835 - - - - - -] ERROR <?xml version="1.0" encoding="iso-8859-1"?> <!DOCTYPE html PUBLIC "-//W3C//DTD XHTML 1.0 Transitional//EN"          "http://www.w3.org/TR/xhtml1/DTD/xhtml1-transitional.dtd"> <html xmlns="http://www.w3.org/1999/xhtml" xml:lang="en" lang="en">  <head>   <title>503 Service Not Available</title>  </head>  <body>   <h1>503 Service Not Available</h1>  </body> </html> [00;33m{{(pid=3431182) _check_rest_api_response /opt/stack/cinder/cinder/volume/drivers/hitachi/hbsd_rest_api.py:485}}[00m
2026-10-07 04:13:58.570 3431182 DEBUG cinder.volume.drivers.hitachi.hbsd_rest_api [req-9c3886ff-a2ec-4799-b15f-b4b3207db835 - - - - - -] ERROR <?xml version="1.0" encoding="iso-8859-1"?> <!DOCTYPE html PUBLIC "-//W3C//DTD XHTML 1.0 Transitional//EN"          "http://www.w3.org/TR/xhtml1/DTD/xhtml1-transitional.dtd"> <html xmlns="http://www.w3.org/1999/xhtml" xml:lang="en" lang="en">  <head>   <title>503 Service Not Available</title>  </head>  <body>   <h1>503 Service Not Available</h1>  </body> </html> [00;33m{{(pid=3431182) _check_rest_api_response /opt/stack/cinder/cinder/volume/drivers/hitachi/hbsd_rest_api.py:485}}[00m
2026-10-07 04:14:03.569 3431182 DEBUG cinder.volume.drivers.hitachi.hbsd_rest_api [req-9c3886ff-a2ec-4799-b15f-b4b3207db835 - - - - - -] ERROR <?xml version="1.0" encoding="iso-8859-1"?> <!DOCTYPE html PUBLIC "-//W3C//DTD XHTML 1.0 Transitional//EN"          "http://www.w3.org/TR/xhtml1/DTD/xhtml1-transitional.dtd"> <html xmlns="http://www.w3.org/1999/xhtml" xml:lang="en" lang="en">  <head>   <title>503 Service Not Available</title>  </head>  <body>   <h1>503 Service Not Available</h1>  </body> </html> [00;33m{{(pid=3431182) _check_rest_api_response /opt/stack/cinder/cinder/volume/drivers/hitachi/hbsd_rest_api.py:485}}[00m
2026-10-07 04:14:08.574 3431182 DEBUG cinder.volume.drivers.hitachi.hbsd_rest_api [req-9c3886ff-a2ec-4799-b15f-b4b3207db835 - - - - - -] ERROR <?xml version="1.0" encoding="iso-8859-1"?> <!DOCTYPE html PUBLIC "-//W3C//DTD XHTML 1.0 Transitional//EN"          "http://www.w3.org/TR/xhtml1/DTD/xhtml1-transitional.dtd"> <html xmlns="http://www.w3.org/1999/xhtml" xml:lang="en" lang="en">  <head>   <title>503 Service Not Available</title>  </head>  <body>   <h1>503 Service Not Available</h1>  </body> </html> [00;33m{{(pid=3431182) _check_rest_api_response /opt/stack/cinder/cinder/volume/drivers/hitachi/hbsd_rest_api.py:485}}[00m
2026-10-07 04:14:13.587 3431182 DEBUG cinder.volume.drivers.hitachi.hbsd_rest_api [req-9c3886ff-a2ec-4799-b15f-b4b3207db835 - - - - - -] ERROR <?xml version="1.0" encoding="iso-8859-1"?> <!DOCTYPE html PUBLIC "-//W3C//DTD XHTML 1.0 Transitional//EN"          "http://www.w3.org/TR/xhtml1/DTD/xhtml1-transitional.dtd"> <html xmlns="http://www.w3.org/1999/xhtml" xml:lang="en" lang="en">  <head>   <title>503 Service Not Available</title>  </head>  <body>   <h1>503 Service Not Available</h1>  </body> </html> [00;33m{{(pid=3431182) _check_rest_api_response /opt/stack/cinder/cinder/volume/drivers/hitachi/hbsd_rest_api.py:485}}[00m
2026-10-07 04:14:18.581 3431182 DEBUG cinder.volume.drivers.hitachi.hbsd_rest_api [req-9c3886ff-a2ec-4799-b15f-b4b3207db835 - - - - - -] ERROR <?xml version="1.0" encoding="iso-8859-1"?> <!DOCTYPE html PUBLIC "-//W3C//DTD XHTML 1.0 Transitional//EN"          "http://www.w3.org/TR/xhtml1/DTD/xhtml1-transitional.dtd"> <html xmlns="http://www.w3.org/1999/xhtml" xml:lang="en" lang="en">  <head>   <title>503 Service Not Available</title>  </head>  <body>   <h1>503 Service Not Available</h1>  </body> </html> [00;33m{{(pid=3431182) _check_rest_api_response /opt/stack/cinder/cinder/volume/drivers/hitachi/hbsd_rest_api.py:485}}[00m
2026-10-07 04:14:23.572 3431182 DEBUG cinder.volume.drivers.hitachi.hbsd_rest_api [req-9c3886ff-a2ec-4799-b15f-b4b3207db835 - - - - - -] ERROR <?xml version="1.0" encoding="iso-8859-1"?> <!DOCTYPE html PUBLIC "-//W3C//DTD XHTML 1.0 Transitional//EN"          "http://www.w3.org/TR/xhtml1/DTD/xhtml1-transitional.dtd"> <html xmlns="http://www.w3.org/1999/xhtml" xml:lang="en" lang="en">  <head>   <title>503 Service Not Available</title>  </head>  <body>   <h1>503 Service Not Available</h1>  </body> </html> [00;33m{{(pid=3431182) _check_rest_api_response /opt/stack/cinder/cinder/volume/drivers/hitachi/hbsd_rest_api.py:485}}[00m
2026-10-07 04:14:28.581 3431182 DEBUG cinder.volume.drivers.hitachi.hbsd_rest_api [req-9c3886ff-a2ec-4799-b15f-b4b3207db835 - - - - - -] ERROR <?xml version="1.0" encoding="iso-8859-1"?> <!DOCTYPE html PUBLIC "-//W3C//DTD XHTML 1.0 Transitional//EN"          "http://www.w3.org/TR/xhtml1/DTD/xhtml1-transitional.dtd"> <html xmlns="http://www.w3.org/1999/xhtml" xml:lang="en" lang="en">  <head>   <title>503 Service Not Available</title>  </head>  <body>   <h1>503 Service Not Available</h1>  </body> </html> [00;33m{{(pid=3431182) _check_rest_api_response /opt/stack/cinder/cinder/volume/drivers/hitachi/hbsd_rest_api.py:485}}[00m
2026-10-07 04:14:33.575 3431182 DEBUG cinder.volume.drivers.hitachi.hbsd_rest_api [req-9c3886ff-a2ec-4799-b15f-b4b3207db835 - - - - - -] ERROR <?xml version="1.0" encoding="iso-8859-1"?> <!DOCTYPE html PUBLIC "-//W3C//DTD XHTML 1.0 Transitional//EN"          "http://www.w3.org/TR/xhtml1/DTD/xhtml1-transitional.dtd"> <html xmlns="http://www.w3.org/1999/xhtml" xml:lang="en" lang="en">  <head>   <title>503 Service Not Available</title>  </head>  <body>   <h1>503 Service Not Available</h1>  </body> </html> [00;33m{{(pid=3431182) _check_rest_api_response /opt/stack/cinder/cinder/volume/drivers/hitachi/hbsd_rest_api.py:485}}[00m
2026-10-07 04:14:38.583 3431182 DEBUG cinder.volume.drivers.hitachi.hbsd_rest_api [req-9c3886ff-a2ec-4799-b15f-b4b3207db835 - - - - - -] ERROR <?xml version="1.0" encoding="iso-8859-1"?> <!DOCTYPE html PUBLIC "-//W3C//DTD XHTML 1.0 Transitional//EN"          "http://www.w3.org/TR/xhtml1/DTD/xhtml1-transitional.dtd"> <html xmlns="http://www.w3.org/1999/xhtml" xml:lang="en" lang="en">  <head>   <title>503 Service Not Available</title>  </head>  <body>   <h1>503 Service Not Available</h1>  </body> </html> [00;33m{{(pid=3431182) _check_rest_api_response /opt/stack/cinder/cinder/volume/drivers/hitachi/hbsd_rest_api.py:485}}[00m
2026-10-07 04:14:43.581 3431182 DEBUG cinder.volume.drivers.hitachi.hbsd_rest_api [req-9c3886ff-a2ec-4799-b15f-b4b3207db835 - - - - - -] ERROR <?xml version="1.0" encoding="iso-8859-1"?> <!DOCTYPE html PUBLIC "-//W3C//DTD XHTML 1.0 Transitional//EN"          "http://www.w3.org/TR/xhtml1/DTD/xhtml1-transitional.dtd"> <html xmlns="http://www.w3.org/1999/xhtml" xml:lang="en" lang="en">  <head>   <title>503 Service Not Available</title>  </head>  <body>   <h1>503 Service Not Available</h1>  </body> </html> [00;33m{{(pid=3431182) _check_rest_api_response /opt/stack/cinder/cinder/volume/drivers/hitachi/hbsd_rest_api.py:485}}[00m
2026-10-07 04:14:48.582 3431182 DEBUG cinder.volume.drivers.hitachi.hbsd_rest_api [req-9c3886ff-a2ec-4799-b15f-b4b3207db835 - - - - - -] ERROR <?xml version="1.0" encoding="iso-8859-1"?> <!DOCTYPE html PUBLIC "-//W3C//DTD XHTML 1.0 Transitional//EN"          "http://www.w3.org/TR/xhtml1/DTD/xhtml1-transitional.dtd"> <html xmlns="http://www.w3.org/1999/xhtml" xml:lang="en" lang="en">  <head>   <title>503 Service Not Available</title>  </head>  <body>   <h1>503 Service Not Available</h1>  </body> </html> [00;33m{{(pid=3431182) _check_rest_api_response /opt/stack/cinder/cinder/volume/drivers/hitachi/hbsd_rest_api.py:485}}[00m
2026-10-07 04:14:53.600 3431182 DEBUG cinder.volume.drivers.hitachi.hbsd_rest_api [req-9c3886ff-a2ec-4799-b15f-b4b3207db835 - - - - - -] ERROR <?xml version="1.0" encoding="iso-8859-1"?> <!DOCTYPE html PUBLIC "-//W3C//DTD XHTML 1.0 Transitional//EN"          "http://www.w3.org/TR/xhtml1/DTD/xhtml1-transitional.dtd"> <html xmlns="http://www.w3.org/1999/xhtml" xml:lang="en" lang="en">  <head>   <title>503 Service Not Available</title>  </head>  <body>   <h1>503 Service Not Available</h1>  </body> </html> [00;33m{{(pid=3431182) _check_rest_api_response /opt/stack/cinder/cinder/volume/drivers/hitachi/hbsd_rest_api.py:485}}[00m
2026-10-07 04:14:58.601 3431182 DEBUG cinder.volume.drivers.hitachi.hbsd_rest_api [req-9c3886ff-a2ec-4799-b15f-b4b3207db835 - - - - - -] ERROR <?xml version="1.0" encoding="iso-8859-1"?> <!DOCTYPE html PUBLIC "-//W3C//DTD XHTML 1.0 Transitional//EN"          "http://www.w3.org/TR/xhtml1/DTD/xhtml1-transitional.dtd"> <html xmlns="http://www.w3.org/1999/xhtml" xml:lang="en" lang="en">  <head>   <title>503 Service Not Available</title>  </head>  <body>   <h1>503 Service Not Available</h1>  </body> </html> [00;33m{{(pid=3431182) _check_rest_api_response /opt/stack/cinder/cinder/volume/drivers/hitachi/hbsd_rest_api.py:485}}[00m
2026-10-07 04:15:03.593 3431182 DEBUG cinder.volume.drivers.hitachi.hbsd_rest_api [req-9c3886ff-a2ec-4799-b15f-b4b3207db835 - - - - - -] ERROR <?xml version="1.0" encoding="iso-8859-1"?> <!DOCTYPE html PUBLIC "-//W3C//DTD XHTML 1.0 Transitional//EN"          "http://www.w3.org/TR/xhtml1/DTD/xhtml1-transitional.dtd"> <html xmlns="http://www.w3.org/1999/xhtml" xml:lang="en" lang="en">  <head>   <title>503 Service Not Available</title>  </head>  <body>   <h1>503 Service Not Available</h1>  </body> </html> [00;33m{{(pid=3431182) _check_rest_api_response /opt/stack/cinder/cinder/volume/drivers/hitachi/hbsd_rest_api.py:485}}[00m
2026-10-07 04:15:08.584 3431182 DEBUG cinder.volume.drivers.hitachi.hbsd_rest_api [req-9c3886ff-a2ec-4799-b15f-b4b3207db835 - - - - - -] ERROR <?xml version="1.0" encoding="iso-8859-1"?> <!DOCTYPE html PUBLIC "-//W3C//DTD XHTML 1.0 Transitional//EN"          "http://www.w3.org/TR/xhtml1/DTD/xhtml1-transitional.dtd"> <html xmlns="http://www.w3.org/1999/xhtml" xml:lang="en" lang="en">  <head>   <title>503 Service Not Available</title>  </head>  <body>   <h1>503 Service Not Available</h1>  </body> </html> [00;33m{{(pid=3431182) _check_rest_api_response /opt/stack/cinder/cinder/volume/drivers/hitachi/hbsd_rest_api.py:485}}[00m
2026-10-07 04:15:13.585 3431182 DEBUG cinder.volume.drivers.hitachi.hbsd_rest_api [req-9c3886ff-a2ec-4799-b15f-b4b3207db835 - - - - - -] ERROR <?xml version="1.0" encoding="iso-8859-1"?> <!DOCTYPE html PUBLIC "-//W3C//DTD XHTML 1.0 Transitional//EN"          "http://www.w3.org/TR/xhtml1/DTD/xhtml1-transitional.dtd"> <html xmlns="http://www.w3.org/1999/xhtml" xml:lang="en" lang="en">  <head>   <title>503 Service Not Available</title>  </head>  <body>   <h1>503 Service Not Available</h1>  </body> </html> [00;33m{{(pid=3431182) _check_rest_api_response /opt/stack/cinder/cinder/volume/drivers/hitachi/hbsd_rest_api.py:485}}[00m
2026-10-07 04:15:18.586 3431182 DEBUG cinder.volume.drivers.hitachi.hbsd_rest_api [req-9c3886ff-a2ec-4799-b15f-b4b3207db835 - - - - - -] ERROR <?xml version="1.0" encoding="iso-8859-1"?> <!DOCTYPE html PUBLIC "-//W3C//DTD XHTML 1.0 Transitional//EN"          "http://www.w3.org/TR/xhtml1/DTD/xhtml1-transitional.dtd"> <html xmlns="http://www.w3.org/1999/xhtml" xml:lang="en" lang="en">  <head>   <title>503 Service Not Available</title>  </head>  <body>   <h1>503 Service Not Available</h1>  </body> </html> [00;33m{{(pid=3431182) _check_rest_api_response /opt/stack/cinder/cinder/volume/drivers/hitachi/hbsd_rest_api.py:485}}[00m
2026-10-07 04:15:23.603 3431182 DEBUG cinder.volume.drivers.hitachi.hbsd_rest_api [req-9c3886ff-a2ec-4799-b15f-b4b3207db835 - - - - - -] ERROR <?xml version="1.0" encoding="iso-8859-1"?> <!DOCTYPE html PUBLIC "-//W3C//DTD XHTML 1.0 Transitional//EN"          "http://www.w3.org/TR/xhtml1/DTD/xhtml1-transitional.dtd"> <html xmlns="http://www.w3.org/1999/xhtml" xml:lang="en" lang="en">  <head>   <title>503 Service Not Available</title>  </head>  <body>   <h1>503 Service Not Available</h1>  </body> </html> [00;33m{{(pid=3431182) _check_rest_api_response /opt/stack/cinder/cinder/volume/drivers/hitachi/hbsd_rest_api.py:485}}[00m
2026-10-07 04:15:28.597 3431182 DEBUG cinder.volume.drivers.hitachi.hbsd_rest_api [req-9c3886ff-a2ec-4799-b15f-b4b3207db835 - - - - - -] ERROR <?xml version="1.0" encoding="iso-8859-1"?> <!DOCTYPE html PUBLIC "-//W3C//DTD XHTML 1.0 Transitional//EN"          "http://www.w3.org/TR/xhtml1/DTD/xhtml1-transitional.dtd"> <html xmlns="http://www.w3.org/1999/xhtml" xml:lang="en" lang="en">  <head>   <title>503 Service Not Available</title>  </head>  <body>   <h1>503 Service Not Available</h1>  </body> </html> [00;33m{{(pid=3431182) _check_rest_api_response /opt/stack/cinder/cinder/volume/drivers/hitachi/hbsd_rest_api.py:485}}[00m
2026-10-07 04:15:33.608 3431182 DEBUG cinder.volume.drivers.hitachi.hbsd_rest_api [req-9c3886ff-a2ec-4799-b15f-b4b3207db835 - - - - - -] ERROR <?xml version="1.0" encoding="iso-8859-1"?> <!DOCTYPE html PUBLIC "-//W3C//DTD XHTML 1.0 Transitional//EN"          "http://www.w3.org/TR/xhtml1/DTD/xhtml1-transitional.dtd"> <html xmlns="http://www.w3.org/1999/xhtml" xml:lang="en" lang="en">  <head>   <title>503 Service Not Available</title>  </head>  <body>   <h1>503 Service Not Available</h1>  </body> </html> [00;33m{{(pid=3431182) _check_rest_api_response /opt/stack/cinder/cinder/volume/drivers/hitachi/hbsd_rest_api.py:485}}[00m
2026-10-07 04:15:38.593 3431182 DEBUG cinder.volume.drivers.hitachi.hbsd_rest_api [req-9c3886ff-a2ec-4799-b15f-b4b3207db835 - - - - - -] ERROR <?xml version="1.0" encoding="iso-8859-1"?> <!DOCTYPE html PUBLIC "-//W3C//DTD XHTML 1.0 Transitional//EN"          "http://www.w3.org/TR/xhtml1/DTD/xhtml1-transitional.dtd"> <html xmlns="http://www.w3.org/1999/xhtml" xml:lang="en" lang="en">  <head>   <title>503 Service Not Available</title>  </head>  <body>   <h1>503 Service Not Available</h1>  </body> </html> [00;33m{{(pid=3431182) _check_rest_api_response /opt/stack/cinder/cinder/volume/drivers/hitachi/hbsd_rest_api.py:485}}[00m
2026-10-07 04:15:43.593 3431182 DEBUG cinder.volume.drivers.hitachi.hbsd_rest_api [req-9c3886ff-a2ec-4799-b15f-b4b3207db835 - - - - - -] ERROR <?xml version="1.0" encoding="iso-8859-1"?> <!DOCTYPE html PUBLIC "-//W3C//DTD XHTML 1.0 Transitional//EN"          "http://www.w3.org/TR/xhtml1/DTD/xhtml1-transitional.dtd"> <html xmlns="http://www.w3.org/1999/xhtml" xml:lang="en" lang="en">  <head>   <title>503 Service Not Available</title>  </head>  <body>   <h1>503 Service Not Available</h1>  </body> </html> [00;33m{{(pid=3431182) _check_rest_api_response /opt/stack/cinder/cinder/volume/drivers/hitachi/hbsd_rest_api.py:485}}[00m
2026-10-07 04:15:48.597 3431182 DEBUG cinder.volume.drivers.hitachi.hbsd_rest_api [req-9c3886ff-a2ec-4799-b15f-b4b3207db835 - - - - - -] ERROR <?xml version="1.0" encoding="iso-8859-1"?> <!DOCTYPE html PUBLIC "-//W3C//DTD XHTML 1.0 Transitional//EN"          "http://www.w3.org/TR/xhtml1/DTD/xhtml1-transitional.dtd"> <html xmlns="http://www.w3.org/1999/xhtml" xml:lang="en" lang="en">  <head>   <title>503 Service Not Available</title>  </head>  <body>   <h1>503 Service Not Available</h1>  </body> </html> [00;33m{{(pid=3431182) _check_rest_api_response /opt/stack/cinder/cinder/volume/drivers/hitachi/hbsd_rest_api.py:485}}[00m
2026-10-07 04:15:53.601 3431182 DEBUG cinder.volume.drivers.hitachi.hbsd_rest_api [req-9c3886ff-a2ec-4799-b15f-b4b3207db835 - - - - - -] ERROR <?xml version="1.0" encoding="iso-8859-1"?> <!DOCTYPE html PUBLIC "-//W3C//DTD XHTML 1.0 Transitional//EN"          "http://www.w3.org/TR/xhtml1/DTD/xhtml1-transitional.dtd"> <html xmlns="http://www.w3.org/1999/xhtml" xml:lang="en" lang="en">  <head>   <title>503 Service Not Available</title>  </head>  <body>   <h1>503 Service Not Available</h1>  </body> </html> [00;33m{{(pid=3431182) _check_rest_api_response /opt/stack/cinder/cinder/volume/drivers/hitachi/hbsd_rest_api.py:485}}[00m
2026-10-07 04:15:58.639 3431182 DEBUG cinder.volume.drivers.hitachi.hbsd_rest_api [req-9c3886ff-a2ec-4799-b15f-b4b3207db835 - - - - - -] ERROR <?xml version="1.0" encoding="iso-8859-1"?> <!DOCTYPE html PUBLIC "-//W3C//DTD XHTML 1.0 Transitional//EN"          "http://www.w3.org/TR/xhtml1/DTD/xhtml1-transitional.dtd"> <html xmlns="http://www.w3.org/1999/xhtml" xml:lang="en" lang="en">  <head>   <title>503 Service Not Available</title>  </head>  <body>   <h1>503 Service Not Available</h1>  </body> </html> [00;33m{{(pid=3431182) _check_rest_api_response /opt/stack/cinder/cinder/volume/drivers/hitachi/hbsd_rest_api.py:485}}[00m
2026-10-07 04:16:03.597 3431182 DEBUG cinder.volume.drivers.hitachi.hbsd_rest_api [req-9c3886ff-a2ec-4799-b15f-b4b3207db835 - - - - - -] ERROR <?xml version="1.0" encoding="iso-8859-1"?> <!DOCTYPE html PUBLIC "-//W3C//DTD XHTML 1.0 Transitional//EN"          "http://www.w3.org/TR/xhtml1/DTD/xhtml1-transitional.dtd"> <html xmlns="http://www.w3.org/1999/xhtml" xml:lang="en" lang="en">  <head>   <title>503 Service Not Available</title>  </head>  <body>   <h1>503 Service Not Available</h1>  </body> </html> [00;33m{{(pid=3431182) _check_rest_api_response /opt/stack/cinder/cinder/volume/drivers/hitachi/hbsd_rest_api.py:485}}[00m
2026-10-07 04:16:08.599 3431182 DEBUG cinder.volume.drivers.hitachi.hbsd_rest_api [req-9c3886ff-a2ec-4799-b15f-b4b3207db835 - - - - - -] ERROR <?xml version="1.0" encoding="iso-8859-1"?> <!DOCTYPE html PUBLIC "-//W3C//DTD XHTML 1.0 Transitional//EN"          "http://www.w3.org/TR/xhtml1/DTD/xhtml1-transitional.dtd"> <html xmlns="http://www.w3.org/1999/xhtml" xml:lang="en" lang="en">  <head>   <title>503 Service Not Available</title>  </head>  <body>   <h1>503 Service Not Available</h1>  </body> </html> [00;33m{{(pid=3431182) _check_rest_api_response /opt/stack/cinder/cinder/volume/drivers/hitachi/hbsd_rest_api.py:485}}[00m
2026-10-07 04:16:13.617 3431182 DEBUG cinder.volume.drivers.hitachi.hbsd_rest_api [req-9c3886ff-a2ec-4799-b15f-b4b3207db835 - - - - - -] ERROR <?xml version="1.0" encoding="iso-8859-1"?> <!DOCTYPE html PUBLIC "-//W3C//DTD XHTML 1.0 Transitional//EN"          "http://www.w3.org/TR/xhtml1/DTD/xhtml1-transitional.dtd"> <html xmlns="http://www.w3.org/1999/xhtml" xml:lang="en" lang="en">  <head>   <title>503 Service Not Available</title>  </head>  <body>   <h1>503 Service Not Available</h1>  </body> </html> [00;33m{{(pid=3431182) _check_rest_api_response /opt/stack/cinder/cinder/volume/drivers/hitachi/hbsd_rest_api.py:485}}[00m
2026-10-07 04:16:18.622 3431182 DEBUG cinder.volume.drivers.hitachi.hbsd_rest_api [req-9c3886ff-a2ec-4799-b15f-b4b3207db835 - - - - - -] ERROR <?xml version="1.0" encoding="iso-8859-1"?> <!DOCTYPE html PUBLIC "-//W3C//DTD XHTML 1.0 Transitional//EN"          "http://www.w3.org/TR/xhtml1/DTD/xhtml1-transitional.dtd"> <html xmlns="http://www.w3.org/1999/xhtml" xml:lang="en" lang="en">  <head>   <title>503 Service Not Available</title>  </head>  <body>   <h1>503 Service Not Available</h1>  </body> </html> [00;33m{{(pid=3431182) _check_rest_api_response /opt/stack/cinder/cinder/volume/drivers/hitachi/hbsd_rest_api.py:485}}[00m
2026-10-07 04:16:23.599 3431182 DEBUG cinder.volume.drivers.hitachi.hbsd_rest_api [req-9c3886ff-a2ec-4799-b15f-b4b3207db835 - - - - - -] ERROR <?xml version="1.0" encoding="iso-8859-1"?> <!DOCTYPE html PUBLIC "-//W3C//DTD XHTML 1.0 Transitional//EN"          "http://www.w3.org/TR/xhtml1/DTD/xhtml1-transitional.dtd"> <html xmlns="http://www.w3.org/1999/xhtml" xml:lang="en" lang="en">  <head>   <title>503 Service Not Available</title>  </head>  <body>   <h1>503 Service Not Available</h1>  </body> </html> [00;33m{{(pid=3431182) _check_rest_api_response /opt/stack/cinder/cinder/volume/drivers/hitachi/hbsd_rest_api.py:485}}[00m
2026-10-07 04:16:28.607 3431182 DEBUG cinder.volume.drivers.hitachi.hbsd_rest_api [req-9c3886ff-a2ec-4799-b15f-b4b3207db835 - - - - - -] ERROR <?xml version="1.0" encoding="iso-8859-1"?> <!DOCTYPE html PUBLIC "-//W3C//DTD XHTML 1.0 Transitional//EN"          "http://www.w3.org/TR/xhtml1/DTD/xhtml1-transitional.dtd"> <html xmlns="http://www.w3.org/1999/xhtml" xml:lang="en" lang="en">  <head>   <title>503 Service Not Available</title>  </head>  <body>   <h1>503 Service Not Available</h1>  </body> </html> [00;33m{{(pid=3431182) _check_rest_api_response /opt/stack/cinder/cinder/volume/drivers/hitachi/hbsd_rest_api.py:485}}[00m
2026-10-07 04:16:33.648 3431182 DEBUG cinder.volume.drivers.hitachi.hbsd_rest_api [req-9c3886ff-a2ec-4799-b15f-b4b3207db835 - - - - - -] ERROR <?xml version="1.0" encoding="iso-8859-1"?> <!DOCTYPE html PUBLIC "-//W3C//DTD XHTML 1.0 Transitional//EN"          "http://www.w3.org/TR/xhtml1/DTD/xhtml1-transitional.dtd"> <html xmlns="http://www.w3.org/1999/xhtml" xml:lang="en" lang="en">  <head>   <title>503 Service Not Available</title>  </head>  <body>   <h1>503 Service Not Available</h1>  </body> </html> [00;33m{{(pid=3431182) _check_rest_api_response /opt/stack/cinder/cinder/volume/drivers/hitachi/hbsd_rest_api.py:485}}[00m
2026-10-07 04:16:38.612 3431182 DEBUG cinder.volume.drivers.hitachi.hbsd_rest_api [req-9c3886ff-a2ec-4799-b15f-b4b3207db835 - - - - - -] ERROR <?xml version="1.0" encoding="iso-8859-1"?> <!DOCTYPE html PUBLIC "-//W3C//DTD XHTML 1.0 Transitional//EN"          "http://www.w3.org/TR/xhtml1/DTD/xhtml1-transitional.dtd"> <html xmlns="http://www.w3.org/1999/xhtml" xml:lang="en" lang="en">  <head>   <title>503 Service Not Available</title>  </head>  <body>   <h1>503 Service Not Available</h1>  </body> </html> [00;33m{{(pid=3431182) _check_rest_api_response /opt/stack/cinder/cinder/volume/drivers/hitachi/hbsd_rest_api.py:485}}[00m
2026-10-07 04:16:43.607 3431182 DEBUG cinder.volume.drivers.hitachi.hbsd_rest_api [req-9c3886ff-a2ec-4799-b15f-b4b3207db835 - - - - - -] ERROR <?xml version="1.0" encoding="iso-8859-1"?> <!DOCTYPE html PUBLIC "-//W3C//DTD XHTML 1.0 Transitional//EN"          "http://www.w3.org/TR/xhtml1/DTD/xhtml1-transitional.dtd"> <html xmlns="http://www.w3.org/1999/xhtml" xml:lang="en" lang="en">  <head>   <title>503 Service Not Available</title>  </head>  <body>   <h1>503 Service Not Available</h1>  </body> </html> [00;33m{{(pid=3431182) _check_rest_api_response /opt/stack/cinder/cinder/volume/drivers/hitachi/hbsd_rest_api.py:485}}[00m
2026-10-07 04:16:48.612 3431182 DEBUG cinder.volume.drivers.hitachi.hbsd_rest_api [req-9c3886ff-a2ec-4799-b15f-b4b3207db835 - - - - - -] ERROR <?xml version="1.0" encoding="iso-8859-1"?> <!DOCTYPE html PUBLIC "-//W3C//DTD XHTML 1.0 Transitional//EN"          "http://www.w3.org/TR/xhtml1/DTD/xhtml1-transitional.dtd"> <html xmlns="http://www.w3.org/1999/xhtml" xml:lang="en" lang="en">  <head>   <title>503 Service Not Available</title>  </head>  <body>   <h1>503 Service Not Available</h1>  </body> </html> [00;33m{{(pid=3431182) _check_rest_api_response /opt/stack/cinder/cinder/volume/drivers/hitachi/hbsd_rest_api.py:485}}[00m
2026-10-07 04:16:53.610 3431182 DEBUG cinder.volume.drivers.hitachi.hbsd_rest_api [req-9c3886ff-a2ec-4799-b15f-b4b3207db835 - - - - - -] ERROR <?xml version="1.0" encoding="iso-8859-1"?> <!DOCTYPE html PUBLIC "-//W3C//DTD XHTML 1.0 Transitional//EN"          "http://www.w3.org/TR/xhtml1/DTD/xhtml1-transitional.dtd"> <html xmlns="http://www.w3.org/1999/xhtml" xml:lang="en" lang="en">  <head>   <title>503 Service Not Available</title>  </head>  <body>   <h1>503 Service Not Available</h1>  </body> </html> [00;33m{{(pid=3431182) _check_rest_api_response /opt/stack/cinder/cinder/volume/drivers/hitachi/hbsd_rest_api.py:485}}[00m
2026-10-07 04:16:58.611 3431182 DEBUG cinder.volume.drivers.hitachi.hbsd_rest_api [req-9c3886ff-a2ec-4799-b15f-b4b3207db835 - - - - - -] ERROR <?xml version="1.0" encoding="iso-8859-1"?> <!DOCTYPE html PUBLIC "-//W3C//DTD XHTML 1.0 Transitional//EN"          "http://www.w3.org/TR/xhtml1/DTD/xhtml1-transitional.dtd"> <html xmlns="http://www.w3.org/1999/xhtml" xml:lang="en" lang="en">  <head>   <title>503 Service Not Available</title>  </head>  <body>   <h1>503 Service Not Available</h1>  </body> </html> [00;33m{{(pid=3431182) _check_rest_api_response /opt/stack/cinder/cinder/volume/drivers/hitachi/hbsd_rest_api.py:485}}[00m
2026-10-07 04:17:03.611 3431182 DEBUG cinder.volume.drivers.hitachi.hbsd_rest_api [req-9c3886ff-a2ec-4799-b15f-b4b3207db835 - - - - - -] ERROR <?xml version="1.0" encoding="iso-8859-1"?> <!DOCTYPE html PUBLIC "-//W3C//DTD XHTML 1.0 Transitional//EN"          "http://www.w3.org/TR/xhtml1/DTD/xhtml1-transitional.dtd"> <html xmlns="http://www.w3.org/1999/xhtml" xml:lang="en" lang="en">  <head>   <title>503 Service Not Available</title>  </head>  <body>   <h1>503 Service Not Available</h1>  </body> </html> [00;33m{{(pid=3431182) _check_rest_api_response /opt/stack/cinder/cinder/volume/drivers/hitachi/hbsd_rest_api.py:485}}[00m
2026-10-07 04:17:08.615 3431182 DEBUG cinder.volume.drivers.hitachi.hbsd_rest_api [req-9c3886ff-a2ec-4799-b15f-b4b3207db835 - - - - - -] ERROR <?xml version="1.0" encoding="iso-8859-1"?> <!DOCTYPE html PUBLIC "-//W3C//DTD XHTML 1.0 Transitional//EN"          "http://www.w3.org/TR/xhtml1/DTD/xhtml1-transitional.dtd"> <html xmlns="http://www.w3.org/1999/xhtml" xml:lang="en" lang="en">  <head>   <title>503 Service Not Available</title>  </head>  <body>   <h1>503 Service Not Available</h1>  </body> </html> [00;33m{{(pid=3431182) _check_rest_api_response /opt/stack/cinder/cinder/volume/drivers/hitachi/hbsd_rest_api.py:485}}[00m
2026-10-07 04:17:13.613 3431182 DEBUG cinder.volume.drivers.hitachi.hbsd_rest_api [req-9c3886ff-a2ec-4799-b15f-b4b3207db835 - - - - - -] ERROR <?xml version="1.0" encoding="iso-8859-1"?> <!DOCTYPE html PUBLIC "-//W3C//DTD XHTML 1.0 Transitional//EN"          "http://www.w3.org/TR/xhtml1/DTD/xhtml1-transitional.dtd"> <html xmlns="http://www.w3.org/1999/xhtml" xml:lang="en" lang="en">  <head>   <title>503 Service Not Available</title>  </head>  <body>   <h1>503 Service Not Available</h1>  </body> </html> [00;33m{{(pid=3431182) _check_rest_api_response /opt/stack/cinder/cinder/volume/drivers/hitachi/hbsd_rest_api.py:485}}[00m
2026-10-07 04:17:18.627 3431182 DEBUG cinder.volume.drivers.hitachi.hbsd_rest_api [req-9c3886ff-a2ec-4799-b15f-b4b3207db835 - - - - - -] ERROR <?xml version="1.0" encoding="iso-8859-1"?> <!DOCTYPE html PUBLIC "-//W3C//DTD XHTML 1.0 Transitional//EN"          "http://www.w3.org/TR/xhtml1/DTD/xhtml1-transitional.dtd"> <html xmlns="http://www.w3.org/1999/xhtml" xml:lang="en" lang="en">  <head>   <title>503 Service Not Available</title>  </head>  <body>   <h1>503 Service Not Available</h1>  </body> </html> [00;33m{{(pid=3431182) _check_rest_api_response /opt/stack/cinder/cinder/volume/drivers/hitachi/hbsd_rest_api.py:485}}[00m
2026-10-07 04:17:23.616 3431182 DEBUG cinder.volume.drivers.hitachi.hbsd_rest_api [req-9c3886ff-a2ec-4799-b15f-b4b3207db835 - - - - - -] ERROR <?xml version="1.0" encoding="iso-8859-1"?> <!DOCTYPE html PUBLIC "-//W3C//DTD XHTML 1.0 Transitional//EN"          "http://www.w3.org/TR/xhtml1/DTD/xhtml1-transitional.dtd"> <html xmlns="http://www.w3.org/1999/xhtml" xml:lang="en" lang="en">  <head>   <title>503 Service Not Available</title>  </head>  <body>   <h1>503 Service Not Available</h1>  </body> </html> [00;33m{{(pid=3431182) _check_rest_api_response /opt/stack/cinder/cinder/volume/drivers/hitachi/hbsd_rest_api.py:485}}[00m
2026-10-07 04:17:28.617 3431182 DEBUG cinder.volume.drivers.hitachi.hbsd_rest_api [req-9c3886ff-a2ec-4799-b15f-b4b3207db835 - - - - - -] ERROR <?xml version="1.0" encoding="iso-8859-1"?> <!DOCTYPE html PUBLIC "-//W3C//DTD XHTML 1.0 Transitional//EN"          "http://www.w3.org/TR/xhtml1/DTD/xhtml1-transitional.dtd"> <html xmlns="http://www.w3.org/1999/xhtml" xml:lang="en" lang="en">  <head>   <title>503 Service Not Available</title>  </head>  <body>   <h1>503 Service Not Available</h1>  </body> </html> [00;33m{{(pid=3431182) _check_rest_api_response /opt/stack/cinder/cinder/volume/drivers/hitachi/hbsd_rest_api.py:485}}[00m
2026-10-07 04:17:33.620 3431182 DEBUG cinder.volume.drivers.hitachi.hbsd_rest_api [req-9c3886ff-a2ec-4799-b15f-b4b3207db835 - - - - - -] ERROR <?xml version="1.0" encoding="iso-8859-1"?> <!DOCTYPE html PUBLIC "-//W3C//DTD XHTML 1.0 Transitional//EN"          "http://www.w3.org/TR/xhtml1/DTD/xhtml1-transitional.dtd"> <html xmlns="http://www.w3.org/1999/xhtml" xml:lang="en" lang="en">  <head>   <title>503 Service Not Available</title>  </head>  <body>   <h1>503 Service Not Available</h1>  </body> </html> [00;33m{{(pid=3431182) _check_rest_api_response /opt/stack/cinder/cinder/volume/drivers/hitachi/hbsd_rest_api.py:485}}[00m
2026-10-07 04:17:38.620 3431182 DEBUG cinder.volume.drivers.hitachi.hbsd_rest_api [req-9c3886ff-a2ec-4799-b15f-b4b3207db835 - - - - - -] ERROR <?xml version="1.0" encoding="iso-8859-1"?> <!DOCTYPE html PUBLIC "-//W3C//DTD XHTML 1.0 Transitional//EN"          "http://www.w3.org/TR/xhtml1/DTD/xhtml1-transitional.dtd"> <html xmlns="http://www.w3.org/1999/xhtml" xml:lang="en" lang="en">  <head>   <title>503 Service Not Available</title>  </head>  <body>   <h1>503 Service Not Available</h1>  </body> </html> [00;33m{{(pid=3431182) _check_rest_api_response /opt/stack/cinder/cinder/volume/drivers/hitachi/hbsd_rest_api.py:485}}[00m
2026-10-07 04:17:43.642 3431182 DEBUG cinder.volume.drivers.hitachi.hbsd_rest_api [req-9c3886ff-a2ec-4799-b15f-b4b3207db835 - - - - - -] ERROR <?xml version="1.0" encoding="iso-8859-1"?> <!DOCTYPE html PUBLIC "-//W3C//DTD XHTML 1.0 Transitional//EN"          "http://www.w3.org/TR/xhtml1/DTD/xhtml1-transitional.dtd"> <html xmlns="http://www.w3.org/1999/xhtml" xml:lang="en" lang="en">  <head>   <title>503 Service Not Available</title>  </head>  <body>   <h1>503 Service Not Available</h1>  </body> </html> [00;33m{{(pid=3431182) _check_rest_api_response /opt/stack/cinder/cinder/volume/drivers/hitachi/hbsd_rest_api.py:485}}[00m
2026-10-07 04:17:48.622 3431182 DEBUG cinder.volume.drivers.hitachi.hbsd_rest_api [req-9c3886ff-a2ec-4799-b15f-b4b3207db835 - - - - - -] ERROR <?xml version="1.0" encoding="iso-8859-1"?> <!DOCTYPE html PUBLIC "-//W3C//DTD XHTML 1.0 Transitional//EN"          "http://www.w3.org/TR/xhtml1/DTD/xhtml1-transitional.dtd"> <html xmlns="http://www.w3.org/1999/xhtml" xml:lang="en" lang="en">  <head>   <title>503 Service Not Available</title>  </head>  <body>   <h1>503 Service Not Available</h1>  </body> </html> [00;33m{{(pid=3431182) _check_rest_api_response /opt/stack/cinder/cinder/volume/drivers/hitachi/hbsd_rest_api.py:485}}[00m
2026-10-07 04:17:53.622 3431182 DEBUG cinder.volume.drivers.hitachi.hbsd_rest_api [req-9c3886ff-a2ec-4799-b15f-b4b3207db835 - - - - - -] ERROR <?xml version="1.0" encoding="iso-8859-1"?> <!DOCTYPE html PUBLIC "-//W3C//DTD XHTML 1.0 Transitional//EN"          "http://www.w3.org/TR/xhtml1/DTD/xhtml1-transitional.dtd"> <html xmlns="http://www.w3.org/1999/xhtml" xml:lang="en" lang="en">  <head>   <title>503 Service Not Available</title>  </head>  <body>   <h1>503 Service Not Available</h1>  </body> </html> [00;33m{{(pid=3431182) _check_rest_api_response /opt/stack/cinder/cinder/volume/drivers/hitachi/hbsd_rest_api.py:485}}[00m
2026-10-07 04:17:58.641 3431182 DEBUG cinder.volume.drivers.hitachi.hbsd_rest_api [req-9c3886ff-a2ec-4799-b15f-b4b3207db835 - - - - - -] ERROR <?xml version="1.0" encoding="iso-8859-1"?> <!DOCTYPE html PUBLIC "-//W3C//DTD XHTML 1.0 Transitional//EN"          "http://www.w3.org/TR/xhtml1/DTD/xhtml1-transitional.dtd"> <html xmlns="http://www.w3.org/1999/xhtml" xml:lang="en" lang="en">  <head>   <title>503 Service Not Available</title>  </head>  <body>   <h1>503 Service Not Available</h1>  </body> </html> [00;33m{{(pid=3431182) _check_rest_api_response /opt/stack/cinder/cinder/volume/drivers/hitachi/hbsd_rest_api.py:485}}[00m
2026-10-07 04:18:03.623 3431182 DEBUG cinder.volume.drivers.hitachi.hbsd_rest_api [req-9c3886ff-a2ec-4799-b15f-b4b3207db835 - - - - - -] ERROR <?xml version="1.0" encoding="iso-8859-1"?> <!DOCTYPE html PUBLIC "-//W3C//DTD XHTML 1.0 Transitional//EN"          "http://www.w3.org/TR/xhtml1/DTD/xhtml1-transitional.dtd"> <html xmlns="http://www.w3.org/1999/xhtml" xml:lang="en" lang="en">  <head>   <title>503 Service Not Available</title>  </head>  <body>   <h1>503 Service Not Available</h1>  </body> </html> [00;33m{{(pid=3431182) _check_rest_api_response /opt/stack/cinder/cinder/volume/drivers/hitachi/hbsd_rest_api.py:485}}[00m
2026-10-07 04:18:08.625 3431182 DEBUG cinder.volume.drivers.hitachi.hbsd_rest_api [req-9c3886ff-a2ec-4799-b15f-b4b3207db835 - - - - - -] ERROR <?xml version="1.0" encoding="iso-8859-1"?> <!DOCTYPE html PUBLIC "-//W3C//DTD XHTML 1.0 Transitional//EN"          "http://www.w3.org/TR/xhtml1/DTD/xhtml1-transitional.dtd"> <html xmlns="http://www.w3.org/1999/xhtml" xml:lang="en" lang="en">  <head>   <title>503 Service Not Available</title>  </head>  <body>   <h1>503 Service Not Available</h1>  </body> </html> [00;33m{{(pid=3431182) _check_rest_api_response /opt/stack/cinder/cinder/volume/drivers/hitachi/hbsd_rest_api.py:485}}[00m
2026-10-07 04:18:13.639 3431182 DEBUG cinder.volume.drivers.hitachi.hbsd_rest_api [req-9c3886ff-a2ec-4799-b15f-b4b3207db835 - - - - - -] ERROR <?xml version="1.0" encoding="iso-8859-1"?> <!DOCTYPE html PUBLIC "-//W3C//DTD XHTML 1.0 Transitional//EN"          "http://www.w3.org/TR/xhtml1/DTD/xhtml1-transitional.dtd"> <html xmlns="http://www.w3.org/1999/xhtml" xml:lang="en" lang="en">  <head>   <title>503 Service Not Available</title>  </head>  <body>   <h1>503 Service Not Available</h1>  </body> </html> [00;33m{{(pid=3431182) _check_rest_api_response /opt/stack/cinder/cinder/volume/drivers/hitachi/hbsd_rest_api.py:485}}[00m
2026-10-07 04:18:18.637 3431182 DEBUG cinder.volume.drivers.hitachi.hbsd_rest_api [req-9c3886ff-a2ec-4799-b15f-b4b3207db835 - - - - - -] ERROR <?xml version="1.0" encoding="iso-8859-1"?> <!DOCTYPE html PUBLIC "-//W3C//DTD XHTML 1.0 Transitional//EN"          "http://www.w3.org/TR/xhtml1/DTD/xhtml1-transitional.dtd"> <html xmlns="http://www.w3.org/1999/xhtml" xml:lang="en" lang="en">  <head>   <title>503 Service Not Available</title>  </head>  <body>   <h1>503 Service Not Available</h1>  </body> </html> [00;33m{{(pid=3431182) _check_rest_api_response /opt/stack/cinder/cinder/volume/drivers/hitachi/hbsd_rest_api.py:485}}[00m
2026-10-07 04:18:23.631 3431182 DEBUG cinder.volume.drivers.hitachi.hbsd_rest_api [req-9c3886ff-a2ec-4799-b15f-b4b3207db835 - - - - - -] ERROR <?xml version="1.0" encoding="iso-8859-1"?> <!DOCTYPE html PUBLIC "-//W3C//DTD XHTML 1.0 Transitional//EN"          "http://www.w3.org/TR/xhtml1/DTD/xhtml1-transitional.dtd"> <html xmlns="http://www.w3.org/1999/xhtml" xml:lang="en" lang="en">  <head>   <title>503 Service Not Available</title>  </head>  <body>   <h1>503 Service Not Available</h1>  </body> </html> [00;33m{{(pid=3431182) _check_rest_api_response /opt/stack/cinder/cinder/volume/drivers/hitachi/hbsd_rest_api.py:485}}[00m
2026-10-07 04:18:28.634 3431182 DEBUG cinder.volume.drivers.hitachi.hbsd_rest_api [req-9c3886ff-a2ec-4799-b15f-b4b3207db835 - - - - - -] ERROR <?xml version="1.0" encoding="iso-8859-1"?> <!DOCTYPE html PUBLIC "-//W3C//DTD XHTML 1.0 Transitional//EN"          "http://www.w3.org/TR/xhtml1/DTD/xhtml1-transitional.dtd"> <html xmlns="http://www.w3.org/1999/xhtml" xml:lang="en" lang="en">  <head>   <title>503 Service Not Available</title>  </head>  <body>   <h1>503 Service Not Available</h1>  </body> </html> [00;33m{{(pid=3431182) _check_rest_api_response /opt/stack/cinder/cinder/volume/drivers/hitachi/hbsd_rest_api.py:485}}[00m
2026-10-07 04:18:33.640 3431182 DEBUG cinder.volume.drivers.hitachi.hbsd_rest_api [req-9c3886ff-a2ec-4799-b15f-b4b3207db835 - - - - - -] ERROR <?xml version="1.0" encoding="iso-8859-1"?> <!DOCTYPE html PUBLIC "-//W3C//DTD XHTML 1.0 Transitional//EN"          "http://www.w3.org/TR/xhtml1/DTD/xhtml1-transitional.dtd"> <html xmlns="http://www.w3.org/1999/xhtml" xml:lang="en" lang="en">  <head>   <title>503 Service Not Available</title>  </head>  <body>   <h1>503 Service Not Available</h1>  </body> </html> [00;33m{{(pid=3431182) _check_rest_api_response /opt/stack/cinder/cinder/volume/drivers/hitachi/hbsd_rest_api.py:485}}[00m
2026-10-07 04:18:38.676 3431182 DEBUG cinder.volume.drivers.hitachi.hbsd_rest_api [req-9c3886ff-a2ec-4799-b15f-b4b3207db835 - - - - - -] ERROR <?xml version="1.0" encoding="iso-8859-1"?> <!DOCTYPE html PUBLIC "-//W3C//DTD XHTML 1.0 Transitional//EN"          "http://www.w3.org/TR/xhtml1/DTD/xhtml1-transitional.dtd"> <html xmlns="http://www.w3.org/1999/xhtml" xml:lang="en" lang="en">  <head>   <title>503 Service Not Available</title>  </head>  <body>   <h1>503 Service Not Available</h1>  </body> </html> [00;33m{{(pid=3431182) _check_rest_api_response /opt/stack/cinder/cinder/volume/drivers/hitachi/hbsd_rest_api.py:485}}[00m
2026-10-07 04:18:43.635 3431182 DEBUG cinder.volume.drivers.hitachi.hbsd_rest_api [req-9c3886ff-a2ec-4799-b15f-b4b3207db835 - - - - - -] ERROR <?xml version="1.0" encoding="iso-8859-1"?> <!DOCTYPE html PUBLIC "-//W3C//DTD XHTML 1.0 Transitional//EN"          "http://www.w3.org/TR/xhtml1/DTD/xhtml1-transitional.dtd"> <html xmlns="http://www.w3.org/1999/xhtml" xml:lang="en" lang="en">  <head>   <title>503 Service Not Available</title>  </head>  <body>   <h1>503 Service Not Available</h1>  </body> </html> [00;33m{{(pid=3431182) _check_rest_api_response /opt/stack/cinder/cinder/volume/drivers/hitachi/hbsd_rest_api.py:485}}[00m
2026-10-07 04:18:48.648 3431182 DEBUG cinder.volume.drivers.hitachi.hbsd_rest_api [req-9c3886ff-a2ec-4799-b15f-b4b3207db835 - - - - - -] ERROR <?xml version="1.0" encoding="iso-8859-1"?> <!DOCTYPE html PUBLIC "-//W3C//DTD XHTML 1.0 Transitional//EN"          "http://www.w3.org/TR/xhtml1/DTD/xhtml1-transitional.dtd"> <html xmlns="http://www.w3.org/1999/xhtml" xml:lang="en" lang="en">  <head>   <title>503 Service Not Available</title>  </head>  <body>   <h1>503 Service Not Available</h1>  </body> </html> [00;33m{{(pid=3431182) _check_rest_api_response /opt/stack/cinder/cinder/volume/drivers/hitachi/hbsd_rest_api.py:485}}[00m
2026-10-07 04:18:53.640 3431182 DEBUG cinder.volume.drivers.hitachi.hbsd_rest_api [req-9c3886ff-a2ec-4799-b15f-b4b3207db835 - - - - - -] ERROR <?xml version="1.0" encoding="iso-8859-1"?> <!DOCTYPE html PUBLIC "-//W3C//DTD XHTML 1.0 Transitional//EN"          "http://www.w3.org/TR/xhtml1/DTD/xhtml1-transitional.dtd"> <html xmlns="http://www.w3.org/1999/xhtml" xml:lang="en" lang="en">  <head>   <title>503 Service Not Available</title>  </head>  <body>   <h1>503 Service Not Available</h1>  </body> </html> [00;33m{{(pid=3431182) _check_rest_api_response /opt/stack/cinder/cinder/volume/drivers/hitachi/hbsd_rest_api.py:485}}[00m
2026-10-07 04:18:58.640 3431182 DEBUG cinder.volume.drivers.hitachi.hbsd_rest_api [req-9c3886ff-a2ec-4799-b15f-b4b3207db835 - - - - - -] ERROR <?xml version="1.0" encoding="iso-8859-1"?> <!DOCTYPE html PUBLIC "-//W3C//DTD XHTML 1.0 Transitional//EN"          "http://www.w3.org/TR/xhtml1/DTD/xhtml1-transitional.dtd"> <html xmlns="http://www.w3.org/1999/xhtml" xml:lang="en" lang="en">  <head>   <title>503 Service Not Available</title>  </head>  <body>   <h1>503 Service Not Available</h1>  </body> </html> [00;33m{{(pid=3431182) _check_rest_api_response /opt/stack/cinder/cinder/volume/drivers/hitachi/hbsd_rest_api.py:485}}[00m
2026-10-07 04:19:03.640 3431182 DEBUG cinder.volume.drivers.hitachi.hbsd_rest_api [req-9c3886ff-a2ec-4799-b15f-b4b3207db835 - - - - - -] ERROR <?xml version="1.0" encoding="iso-8859-1"?> <!DOCTYPE html PUBLIC "-//W3C//DTD XHTML 1.0 Transitional//EN"          "http://www.w3.org/TR/xhtml1/DTD/xhtml1-transitional.dtd"> <html xmlns="http://www.w3.org/1999/xhtml" xml:lang="en" lang="en">  <head>   <title>503 Service Not Available</title>  </head>  <body>   <h1>503 Service Not Available</h1>  </body> </html> [00;33m{{(pid=3431182) _check_rest_api_response /opt/stack/cinder/cinder/volume/drivers/hitachi/hbsd_rest_api.py:485}}[00m
2026-10-07 04:19:08.645 3431182 DEBUG cinder.volume.drivers.hitachi.hbsd_rest_api [req-9c3886ff-a2ec-4799-b15f-b4b3207db835 - - - - - -] ERROR <?xml version="1.0" encoding="iso-8859-1"?> <!DOCTYPE html PUBLIC "-//W3C//DTD XHTML 1.0 Transitional//EN"          "http://www.w3.org/TR/xhtml1/DTD/xhtml1-transitional.dtd"> <html xmlns="http://www.w3.org/1999/xhtml" xml:lang="en" lang="en">  <head>   <title>503 Service Not Available</title>  </head>  <body>   <h1>503 Service Not Available</h1>  </body> </html> [00;33m{{(pid=3431182) _check_rest_api_response /opt/stack/cinder/cinder/volume/drivers/hitachi/hbsd_rest_api.py:485}}[00m
2026-10-07 04:19:13.662 3431182 DEBUG cinder.volume.drivers.hitachi.hbsd_rest_api [req-9c3886ff-a2ec-4799-b15f-b4b3207db835 - - - - - -] ERROR <?xml version="1.0" encoding="iso-8859-1"?> <!DOCTYPE html PUBLIC "-//W3C//DTD XHTML 1.0 Transitional//EN"          "http://www.w3.org/TR/xhtml1/DTD/xhtml1-transitional.dtd"> <html xmlns="http://www.w3.org/1999/xhtml" xml:lang="en" lang="en">  <head>   <title>503 Service Not Available</title>  </head>  <body>   <h1>503 Service Not Available</h1>  </body> </html> [00;33m{{(pid=3431182) _check_rest_api_response /opt/stack/cinder/cinder/volume/drivers/hitachi/hbsd_rest_api.py:485}}[00m
2026-10-07 04:19:18.642 3431182 DEBUG cinder.volume.drivers.hitachi.hbsd_rest_api [req-9c3886ff-a2ec-4799-b15f-b4b3207db835 - - - - - -] ERROR <?xml version="1.0" encoding="iso-8859-1"?> <!DOCTYPE html PUBLIC "-//W3C//DTD XHTML 1.0 Transitional//EN"          "http://www.w3.org/TR/xhtml1/DTD/xhtml1-transitional.dtd"> <html xmlns="http://www.w3.org/1999/xhtml" xml:lang="en" lang="en">  <head>   <title>503 Service Not Available</title>  </head>  <body>   <h1>503 Service Not Available</h1>  </body> </html> [00;33m{{(pid=3431182) _check_rest_api_response /opt/stack/cinder/cinder/volume/drivers/hitachi/hbsd_rest_api.py:485}}[00m
2026-10-07 04:19:23.643 3431182 DEBUG cinder.volume.drivers.hitachi.hbsd_rest_api [req-9c3886ff-a2ec-4799-b15f-b4b3207db835 - - - - - -] ERROR <?xml version="1.0" encoding="iso-8859-1"?> <!DOCTYPE html PUBLIC "-//W3C//DTD XHTML 1.0 Transitional//EN"          "http://www.w3.org/TR/xhtml1/DTD/xhtml1-transitional.dtd"> <html xmlns="http://www.w3.org/1999/xhtml" xml:lang="en" lang="en">  <head>   <title>503 Service Not Available</title>  </head>  <body>   <h1>503 Service Not Available</h1>  </body> </html> [00;33m{{(pid=3431182) _check_rest_api_response /opt/stack/cinder/cinder/volume/drivers/hitachi/hbsd_rest_api.py:485}}[00m
2026-10-07 04:19:28.646 3431182 DEBUG cinder.volume.drivers.hitachi.hbsd_rest_api [req-9c3886ff-a2ec-4799-b15f-b4b3207db835 - - - - - -] ERROR <?xml version="1.0" encoding="iso-8859-1"?> <!DOCTYPE html PUBLIC "-//W3C//DTD XHTML 1.0 Transitional//EN"          "http://www.w3.org/TR/xhtml1/DTD/xhtml1-transitional.dtd"> <html xmlns="http://www.w3.org/1999/xhtml" xml:lang="en" lang="en">  <head>   <title>503 Service Not Available</title>  </head>  <body>   <h1>503 Service Not Available</h1>  </body> </html> [00;33m{{(pid=3431182) _check_rest_api_response /opt/stack/cinder/cinder/volume/drivers/hitachi/hbsd_rest_api.py:485}}[00m
2026-10-07 04:19:33.674 3431182 DEBUG cinder.volume.drivers.hitachi.hbsd_rest_api [req-9c3886ff-a2ec-4799-b15f-b4b3207db835 - - - - - -] ERROR <?xml version="1.0" encoding="iso-8859-1"?> <!DOCTYPE html PUBLIC "-//W3C//DTD XHTML 1.0 Transitional//EN"          "http://www.w3.org/TR/xhtml1/DTD/xhtml1-transitional.dtd"> <html xmlns="http://www.w3.org/1999/xhtml" xml:lang="en" lang="en">  <head>   <title>503 Service Not Available</title>  </head>  <body>   <h1>503 Service Not Available</h1>  </body> </html> [00;33m{{(pid=3431182) _check_rest_api_response /opt/stack/cinder/cinder/volume/drivers/hitachi/hbsd_rest_api.py:485}}[00m
2026-10-07 04:19:38.649 3431182 DEBUG cinder.volume.drivers.hitachi.hbsd_rest_api [req-9c3886ff-a2ec-4799-b15f-b4b3207db835 - - - - - -] ERROR <?xml version="1.0" encoding="iso-8859-1"?> <!DOCTYPE html PUBLIC "-//W3C//DTD XHTML 1.0 Transitional//EN"          "http://www.w3.org/TR/xhtml1/DTD/xhtml1-transitional.dtd"> <html xmlns="http://www.w3.org/1999/xhtml" xml:lang="en" lang="en">  <head>   <title>503 Service Not Available</title>  </head>  <body>   <h1>503 Service Not Available</h1>  </body> </html> [00;33m{{(pid=3431182) _check_rest_api_response /opt/stack/cinder/cinder/volume/drivers/hitachi/hbsd_rest_api.py:485}}[00m
2026-10-07 04:19:43.660 3431182 DEBUG cinder.volume.drivers.hitachi.hbsd_rest_api [req-9c3886ff-a2ec-4799-b15f-b4b3207db835 - - - - - -] ERROR <?xml version="1.0" encoding="iso-8859-1"?> <!DOCTYPE html PUBLIC "-//W3C//DTD XHTML 1.0 Transitional//EN"          "http://www.w3.org/TR/xhtml1/DTD/xhtml1-transitional.dtd"> <html xmlns="http://www.w3.org/1999/xhtml" xml:lang="en" lang="en">  <head>   <title>503 Service Not Available</title>  </head>  <body>   <h1>503 Service Not Available</h1>  </body> </html> [00;33m{{(pid=3431182) _check_rest_api_response /opt/stack/cinder/cinder/volume/drivers/hitachi/hbsd_rest_api.py:485}}[00m
2026-10-07 04:19:48.650 3431182 DEBUG cinder.volume.drivers.hitachi.hbsd_rest_api [req-9c3886ff-a2ec-4799-b15f-b4b3207db835 - - - - - -] ERROR <?xml version="1.0" encoding="iso-8859-1"?> <!DOCTYPE html PUBLIC "-//W3C//DTD XHTML 1.0 Transitional//EN"          "http://www.w3.org/TR/xhtml1/DTD/xhtml1-transitional.dtd"> <html xmlns="http://www.w3.org/1999/xhtml" xml:lang="en" lang="en">  <head>   <title>503 Service Not Available</title>  </head>  <body>   <h1>503 Service Not Available</h1>  </body> </html> [00;33m{{(pid=3431182) _check_rest_api_response /opt/stack/cinder/cinder/volume/drivers/hitachi/hbsd_rest_api.py:485}}[00m
2026-10-07 04:19:53.651 3431182 DEBUG cinder.volume.drivers.hitachi.hbsd_rest_api [req-9c3886ff-a2ec-4799-b15f-b4b3207db835 - - - - - -] ERROR <?xml version="1.0" encoding="iso-8859-1"?> <!DOCTYPE html PUBLIC "-//W3C//DTD XHTML 1.0 Transitional//EN"          "http://www.w3.org/TR/xhtml1/DTD/xhtml1-transitional.dtd"> <html xmlns="http://www.w3.org/1999/xhtml" xml:lang="en" lang="en">  <head>   <title>503 Service Not Available</title>  </head>  <body>   <h1>503 Service Not Available</h1>  </body> </html> [00;33m{{(pid=3431182) _check_rest_api_response /opt/stack/cinder/cinder/volume/drivers/hitachi/hbsd_rest_api.py:485}}[00m
2026-10-07 04:19:58.652 3431182 DEBUG cinder.volume.drivers.hitachi.hbsd_rest_api [req-9c3886ff-a2ec-4799-b15f-b4b3207db835 - - - - - -] ERROR <?xml version="1.0" encoding="iso-8859-1"?> <!DOCTYPE html PUBLIC "-//W3C//DTD XHTML 1.0 Transitional//EN"          "http://www.w3.org/TR/xhtml1/DTD/xhtml1-transitional.dtd"> <html xmlns="http://www.w3.org/1999/xhtml" xml:lang="en" lang="en">  <head>   <title>503 Service Not Available</title>  </head>  <body>   <h1>503 Service Not Available</h1>  </body> </html> [00;33m{{(pid=3431182) _check_rest_api_response /opt/stack/cinder/cinder/volume/drivers/hitachi/hbsd_rest_api.py:485}}[00m
2026-10-07 04:20:03.656 3431182 DEBUG cinder.volume.drivers.hitachi.hbsd_rest_api [req-9c3886ff-a2ec-4799-b15f-b4b3207db835 - - - - - -] ERROR <?xml version="1.0" encoding="iso-8859-1"?> <!DOCTYPE html PUBLIC "-//W3C//DTD XHTML 1.0 Transitional//EN"          "http://www.w3.org/TR/xhtml1/DTD/xhtml1-transitional.dtd"> <html xmlns="http://www.w3.org/1999/xhtml" xml:lang="en" lang="en">  <head>   <title>503 Service Not Available</title>  </head>  <body>   <h1>503 Service Not Available</h1>  </body> </html> [00;33m{{(pid=3431182) _check_rest_api_response /opt/stack/cinder/cinder/volume/drivers/hitachi/hbsd_rest_api.py:485}}[00m
2026-10-07 04:20:08.656 3431182 DEBUG cinder.volume.drivers.hitachi.hbsd_rest_api [req-9c3886ff-a2ec-4799-b15f-b4b3207db835 - - - - - -] ERROR <?xml version="1.0" encoding="iso-8859-1"?> <!DOCTYPE html PUBLIC "-//W3C//DTD XHTML 1.0 Transitional//EN"          "http://www.w3.org/TR/xhtml1/DTD/xhtml1-transitional.dtd"> <html xmlns="http://www.w3.org/1999/xhtml" xml:lang="en" lang="en">  <head>   <title>503 Service Not Available</title>  </head>  <body>   <h1>503 Service Not Available</h1>  </body> </html> [00;33m{{(pid=3431182) _check_rest_api_response /opt/stack/cinder/cinder/volume/drivers/hitachi/hbsd_rest_api.py:485}}[00m
2026-10-07 04:20:13.658 3431182 DEBUG cinder.volume.drivers.hitachi.hbsd_rest_api [req-9c3886ff-a2ec-4799-b15f-b4b3207db835 - - - - - -] ERROR <?xml version="1.0" encoding="iso-8859-1"?> <!DOCTYPE html PUBLIC "-//W3C//DTD XHTML 1.0 Transitional//EN"          "http://www.w3.org/TR/xhtml1/DTD/xhtml1-transitional.dtd"> <html xmlns="http://www.w3.org/1999/xhtml" xml:lang="en" lang="en">  <head>   <title>503 Service Not Available</title>  </head>  <body>   <h1>503 Service Not Available</h1>  </body> </html> [00;33m{{(pid=3431182) _check_rest_api_response /opt/stack/cinder/cinder/volume/drivers/hitachi/hbsd_rest_api.py:485}}[00m
2026-10-07 04:20:18.665 3431182 DEBUG cinder.volume.drivers.hitachi.hbsd_rest_api [req-9c3886ff-a2ec-4799-b15f-b4b3207db835 - - - - - -] ERROR <?xml version="1.0" encoding="iso-8859-1"?> <!DOCTYPE html PUBLIC "-//W3C//DTD XHTML 1.0 Transitional//EN"          "http://www.w3.org/TR/xhtml1/DTD/xhtml1-transitional.dtd"> <html xmlns="http://www.w3.org/1999/xhtml" xml:lang="en" lang="en">  <head>   <title>503 Service Not Available</title>  </head>  <body>   <h1>503 Service Not Available</h1>  </body> </html> [00;33m{{(pid=3431182) _check_rest_api_response /opt/stack/cinder/cinder/volume/drivers/hitachi/hbsd_rest_api.py:485}}[00m
2026-10-07 04:20:23.660 3431182 DEBUG cinder.volume.drivers.hitachi.hbsd_rest_api [req-9c3886ff-a2ec-4799-b15f-b4b3207db835 - - - - - -] ERROR <?xml version="1.0" encoding="iso-8859-1"?> <!DOCTYPE html PUBLIC "-//W3C//DTD XHTML 1.0 Transitional//EN"          "http://www.w3.org/TR/xhtml1/DTD/xhtml1-transitional.dtd"> <html xmlns="http://www.w3.org/1999/xhtml" xml:lang="en" lang="en">  <head>   <title>503 Service Not Available</title>  </head>  <body>   <h1>503 Service Not Available</h1>  </body> </html> [00;33m{{(pid=3431182) _check_rest_api_response /opt/stack/cinder/cinder/volume/drivers/hitachi/hbsd_rest_api.py:485}}[00m
2026-10-07 04:20:28.661 3431182 DEBUG cinder.volume.drivers.hitachi.hbsd_rest_api [req-9c3886ff-a2ec-4799-b15f-b4b3207db835 - - - - - -] ERROR <?xml version="1.0" encoding="iso-8859-1"?> <!DOCTYPE html PUBLIC "-//W3C//DTD XHTML 1.0 Transitional//EN"          "http://www.w3.org/TR/xhtml1/DTD/xhtml1-transitional.dtd"> <html xmlns="http://www.w3.org/1999/xhtml" xml:lang="en" lang="en">  <head>   <title>503 Service Not Available</title>  </head>  <body>   <h1>503 Service Not Available</h1>  </body> </html> [00;33m{{(pid=3431182) _check_rest_api_response /opt/stack/cinder/cinder/volume/drivers/hitachi/hbsd_rest_api.py:485}}[00m
2026-10-07 04:20:33.674 3431182 DEBUG cinder.volume.drivers.hitachi.hbsd_rest_api [req-9c3886ff-a2ec-4799-b15f-b4b3207db835 - - - - - -] ERROR <?xml version="1.0" encoding="iso-8859-1"?> <!DOCTYPE html PUBLIC "-//W3C//DTD XHTML 1.0 Transitional//EN"          "http://www.w3.org/TR/xhtml1/DTD/xhtml1-transitional.dtd"> <html xmlns="http://www.w3.org/1999/xhtml" xml:lang="en" lang="en">  <head>   <title>503 Service Not Available</title>  </head>  <body>   <h1>503 Service Not Available</h1>  </body> </html> [00;33m{{(pid=3431182) _check_rest_api_response /opt/stack/cinder/cinder/volume/drivers/hitachi/hbsd_rest_api.py:485}}[00m
2026-10-07 04:20:38.669 3431182 DEBUG cinder.volume.drivers.hitachi.hbsd_rest_api [req-9c3886ff-a2ec-4799-b15f-b4b3207db835 - - - - - -] ERROR <?xml version="1.0" encoding="iso-8859-1"?> <!DOCTYPE html PUBLIC "-//W3C//DTD XHTML 1.0 Transitional//EN"          "http://www.w3.org/TR/xhtml1/DTD/xhtml1-transitional.dtd"> <html xmlns="http://www.w3.org/1999/xhtml" xml:lang="en" lang="en">  <head>   <title>503 Service Not Available</title>  </head>  <body>   <h1>503 Service Not Available</h1>  </body> </html> [00;33m{{(pid=3431182) _check_rest_api_response /opt/stack/cinder/cinder/volume/drivers/hitachi/hbsd_rest_api.py:485}}[00m
2026-10-07 04:20:43.671 3431182 DEBUG cinder.volume.drivers.hitachi.hbsd_rest_api [req-9c3886ff-a2ec-4799-b15f-b4b3207db835 - - - - - -] ERROR <?xml version="1.0" encoding="iso-8859-1"?> <!DOCTYPE html PUBLIC "-//W3C//DTD XHTML 1.0 Transitional//EN"          "http://www.w3.org/TR/xhtml1/DTD/xhtml1-transitional.dtd"> <html xmlns="http://www.w3.org/1999/xhtml" xml:lang="en" lang="en">  <head>   <title>503 Service Not Available</title>  </head>  <body>   <h1>503 Service Not Available</h1>  </body> </html> [00;33m{{(pid=3431182) _check_rest_api_response /opt/stack/cinder/cinder/volume/drivers/hitachi/hbsd_rest_api.py:485}}[00m
2026-10-07 04:20:48.679 3431182 DEBUG cinder.volume.drivers.hitachi.hbsd_rest_api [req-9c3886ff-a2ec-4799-b15f-b4b3207db835 - - - - - -] ERROR <?xml version="1.0" encoding="iso-8859-1"?> <!DOCTYPE html PUBLIC "-//W3C//DTD XHTML 1.0 Transitional//EN"          "http://www.w3.org/TR/xhtml1/DTD/xhtml1-transitional.dtd"> <html xmlns="http://www.w3.org/1999/xhtml" xml:lang="en" lang="en">  <head>   <title>503 Service Not Available</title>  </head>  <body>   <h1>503 Service Not Available</h1>  </body> </html> [00;33m{{(pid=3431182) _check_rest_api_response /opt/stack/cinder/cinder/volume/drivers/hitachi/hbsd_rest_api.py:485}}[00m
2026-10-07 04:20:53.675 3431182 DEBUG cinder.volume.drivers.hitachi.hbsd_rest_api [req-9c3886ff-a2ec-4799-b15f-b4b3207db835 - - - - - -] ERROR <?xml version="1.0" encoding="iso-8859-1"?> <!DOCTYPE html PUBLIC "-//W3C//DTD XHTML 1.0 Transitional//EN"          "http://www.w3.org/TR/xhtml1/DTD/xhtml1-transitional.dtd"> <html xmlns="http://www.w3.org/1999/xhtml" xml:lang="en" lang="en">  <head>   <title>503 Service Not Available</title>  </head>  <body>   <h1>503 Service Not Available</h1>  </body> </html> [00;33m{{(pid=3431182) _check_rest_api_response /opt/stack/cinder/cinder/volume/drivers/hitachi/hbsd_rest_api.py:485}}[00m
2026-10-07 04:20:58.666 3431182 DEBUG cinder.volume.drivers.hitachi.hbsd_rest_api [req-9c3886ff-a2ec-4799-b15f-b4b3207db835 - - - - - -] ERROR <?xml version="1.0" encoding="iso-8859-1"?> <!DOCTYPE html PUBLIC "-//W3C//DTD XHTML 1.0 Transitional//EN"          "http://www.w3.org/TR/xhtml1/DTD/xhtml1-transitional.dtd"> <html xmlns="http://www.w3.org/1999/xhtml" xml:lang="en" lang="en">  <head>   <title>503 Service Not Available</title>  </head>  <body>   <h1>503 Service Not Available</h1>  </body> </html> [00;33m{{(pid=3431182) _check_rest_api_response /opt/stack/cinder/cinder/volume/drivers/hitachi/hbsd_rest_api.py:485}}[00m
2026-10-07 04:21:03.670 3431182 DEBUG cinder.volume.drivers.hitachi.hbsd_rest_api [req-9c3886ff-a2ec-4799-b15f-b4b3207db835 - - - - - -] ERROR <?xml version="1.0" encoding="iso-8859-1"?> <!DOCTYPE html PUBLIC "-//W3C//DTD XHTML 1.0 Transitional//EN"          "http://www.w3.org/TR/xhtml1/DTD/xhtml1-transitional.dtd"> <html xmlns="http://www.w3.org/1999/xhtml" xml:lang="en" lang="en">  <head>   <title>503 Service Not Available</title>  </head>  <body>   <h1>503 Service Not Available</h1>  </body> </html> [00;33m{{(pid=3431182) _check_rest_api_response /opt/stack/cinder/cinder/volume/drivers/hitachi/hbsd_rest_api.py:485}}[00m
2026-10-07 04:21:08.670 3431182 DEBUG cinder.volume.drivers.hitachi.hbsd_rest_api [req-9c3886ff-a2ec-4799-b15f-b4b3207db835 - - - - - -] ERROR <?xml version="1.0" encoding="iso-8859-1"?> <!DOCTYPE html PUBLIC "-//W3C//DTD XHTML 1.0 Transitional//EN"          "http://www.w3.org/TR/xhtml1/DTD/xhtml1-transitional.dtd"> <html xmlns="http://www.w3.org/1999/xhtml" xml:lang="en" lang="en">  <head>   <title>503 Service Not Available</title>  </head>  <body>   <h1>503 Service Not Available</h1>  </body> </html> [00;33m{{(pid=3431182) _check_rest_api_response /opt/stack/cinder/cinder/volume/drivers/hitachi/hbsd_rest_api.py:485}}[00m
2026-10-07 04:21:13.677 3431182 DEBUG cinder.volume.drivers.hitachi.hbsd_rest_api [req-9c3886ff-a2ec-4799-b15f-b4b3207db835 - - - - - -] ERROR <?xml version="1.0" encoding="iso-8859-1"?> <!DOCTYPE html PUBLIC "-//W3C//DTD XHTML 1.0 Transitional//EN"          "http://www.w3.org/TR/xhtml1/DTD/xhtml1-transitional.dtd"> <html xmlns="http://www.w3.org/1999/xhtml" xml:lang="en" lang="en">  <head>   <title>503 Service Not Available</title>  </head>  <body>   <h1>503 Service Not Available</h1>  </body> </html> [00;33m{{(pid=3431182) _check_rest_api_response /opt/stack/cinder/cinder/volume/drivers/hitachi/hbsd_rest_api.py:485}}[00m
2026-10-07 04:21:18.672 3431182 DEBUG cinder.volume.drivers.hitachi.hbsd_rest_api [req-9c3886ff-a2ec-4799-b15f-b4b3207db835 - - - - - -] ERROR <?xml version="1.0" encoding="iso-8859-1"?> <!DOCTYPE html PUBLIC "-//W3C//DTD XHTML 1.0 Transitional//EN"          "http://www.w3.org/TR/xhtml1/DTD/xhtml1-transitional.dtd"> <html xmlns="http://www.w3.org/1999/xhtml" xml:lang="en" lang="en">  <head>   <title>503 Service Not Available</title>  </head>  <body>   <h1>503 Service Not Available</h1>  </body> </html> [00;33m{{(pid=3431182) _check_rest_api_response /opt/stack/cinder/cinder/volume/drivers/hitachi/hbsd_rest_api.py:485}}[00m
2026-10-07 04:21:23.674 3431182 DEBUG cinder.volume.drivers.hitachi.hbsd_rest_api [req-9c3886ff-a2ec-4799-b15f-b4b3207db835 - - - - - -] ERROR <?xml version="1.0" encoding="iso-8859-1"?> <!DOCTYPE html PUBLIC "-//W3C//DTD XHTML 1.0 Transitional//EN"          "http://www.w3.org/TR/xhtml1/DTD/xhtml1-transitional.dtd"> <html xmlns="http://www.w3.org/1999/xhtml" xml:lang="en" lang="en">  <head>   <title>503 Service Not Available</title>  </head>  <body>   <h1>503 Service Not Available</h1>  </body> </html> [00;33m{{(pid=3431182) _check_rest_api_response /opt/stack/cinder/cinder/volume/drivers/hitachi/hbsd_rest_api.py:485}}[00m
2026-10-07 04:21:28.684 3431182 DEBUG cinder.volume.drivers.hitachi.hbsd_rest_api [req-9c3886ff-a2ec-4799-b15f-b4b3207db835 - - - - - -] ERROR <?xml version="1.0" encoding="iso-8859-1"?> <!DOCTYPE html PUBLIC "-//W3C//DTD XHTML 1.0 Transitional//EN"          "http://www.w3.org/TR/xhtml1/DTD/xhtml1-transitional.dtd"> <html xmlns="http://www.w3.org/1999/xhtml" xml:lang="en" lang="en">  <head>   <title>503 Service Not Available</title>  </head>  <body>   <h1>503 Service Not Available</h1>  </body> </html> [00;33m{{(pid=3431182) _check_rest_api_response /opt/stack/cinder/cinder/volume/drivers/hitachi/hbsd_rest_api.py:485}}[00m
2026-10-07 04:21:33.685 3431182 DEBUG cinder.volume.drivers.hitachi.hbsd_rest_api [req-9c3886ff-a2ec-4799-b15f-b4b3207db835 - - - - - -] ERROR <?xml version="1.0" encoding="iso-8859-1"?> <!DOCTYPE html PUBLIC "-//W3C//DTD XHTML 1.0 Transitional//EN"          "http://www.w3.org/TR/xhtml1/DTD/xhtml1-transitional.dtd"> <html xmlns="http://www.w3.org/1999/xhtml" xml:lang="en" lang="en">  <head>   <title>503 Service Not Available</title>  </head>  <body>   <h1>503 Service Not Available</h1>  </body> </html> [00;33m{{(pid=3431182) _check_rest_api_response /opt/stack/cinder/cinder/volume/drivers/hitachi/hbsd_rest_api.py:485}}[00m
2026-10-07 04:21:38.681 3431182 DEBUG cinder.volume.drivers.hitachi.hbsd_rest_api [req-9c3886ff-a2ec-4799-b15f-b4b3207db835 - - - - - -] ERROR <?xml version="1.0" encoding="iso-8859-1"?> <!DOCTYPE html PUBLIC "-//W3C//DTD XHTML 1.0 Transitional//EN"          "http://www.w3.org/TR/xhtml1/DTD/xhtml1-transitional.dtd"> <html xmlns="http://www.w3.org/1999/xhtml" xml:lang="en" lang="en">  <head>   <title>503 Service Not Available</title>  </head>  <body>   <h1>503 Service Not Available</h1>  </body> </html> [00;33m{{(pid=3431182) _check_rest_api_response /opt/stack/cinder/cinder/volume/drivers/hitachi/hbsd_rest_api.py:485}}[00m
2026-10-07 04:21:43.692 3431182 DEBUG cinder.volume.drivers.hitachi.hbsd_rest_api [req-9c3886ff-a2ec-4799-b15f-b4b3207db835 - - - - - -] ERROR <?xml version="1.0" encoding="iso-8859-1"?> <!DOCTYPE html PUBLIC "-//W3C//DTD XHTML 1.0 Transitional//EN"          "http://www.w3.org/TR/xhtml1/DTD/xhtml1-transitional.dtd"> <html xmlns="http://www.w3.org/1999/xhtml" xml:lang="en" lang="en">  <head>   <title>503 Service Not Available</title>  </head>  <body>   <h1>503 Service Not Available</h1>  </body> </html> [00;33m{{(pid=3431182) _check_rest_api_response /opt/stack/cinder/cinder/volume/drivers/hitachi/hbsd_rest_api.py:485}}[00m
2026-10-07 04:21:48.682 3431182 DEBUG cinder.volume.drivers.hitachi.hbsd_rest_api [req-9c3886ff-a2ec-4799-b15f-b4b3207db835 - - - - - -] ERROR <?xml version="1.0" encoding="iso-8859-1"?> <!DOCTYPE html PUBLIC "-//W3C//DTD XHTML 1.0 Transitional//EN"          "http://www.w3.org/TR/xhtml1/DTD/xhtml1-transitional.dtd"> <html xmlns="http://www.w3.org/1999/xhtml" xml:lang="en" lang="en">  <head>   <title>503 Service Not Available</title>  </head>  <body>   <h1>503 Service Not Available</h1>  </body> </html> [00;33m{{(pid=3431182) _check_rest_api_response /opt/stack/cinder/cinder/volume/drivers/hitachi/hbsd_rest_api.py:485}}[00m
2026-10-07 04:21:53.683 3431182 DEBUG cinder.volume.drivers.hitachi.hbsd_rest_api [req-9c3886ff-a2ec-4799-b15f-b4b3207db835 - - - - - -] ERROR <?xml version="1.0" encoding="iso-8859-1"?> <!DOCTYPE html PUBLIC "-//W3C//DTD XHTML 1.0 Transitional//EN"          "http://www.w3.org/TR/xhtml1/DTD/xhtml1-transitional.dtd"> <html xmlns="http://www.w3.org/1999/xhtml" xml:lang="en" lang="en">  <head>   <title>503 Service Not Available</title>  </head>  <body>   <h1>503 Service Not Available</h1>  </body> </html> [00;33m{{(pid=3431182) _check_rest_api_response /opt/stack/cinder/cinder/volume/drivers/hitachi/hbsd_rest_api.py:485}}[00m
2026-10-07 04:21:58.703 3431182 DEBUG cinder.volume.drivers.hitachi.hbsd_rest_api [req-9c3886ff-a2ec-4799-b15f-b4b3207db835 - - - - - -] ERROR <?xml version="1.0" encoding="iso-8859-1"?> <!DOCTYPE html PUBLIC "-//W3C//DTD XHTML 1.0 Transitional//EN"          "http://www.w3.org/TR/xhtml1/DTD/xhtml1-transitional.dtd"> <html xmlns="http://www.w3.org/1999/xhtml" xml:lang="en" lang="en">  <head>   <title>503 Service Not Available</title>  </head>  <body>   <h1>503 Service Not Available</h1>  </body> </html> [00;33m{{(pid=3431182) _check_rest_api_response /opt/stack/cinder/cinder/volume/drivers/hitachi/hbsd_rest_api.py:485}}[00m
2026-10-07 04:22:03.696 3431182 DEBUG cinder.volume.drivers.hitachi.hbsd_rest_api [req-9c3886ff-a2ec-4799-b15f-b4b3207db835 - - - - - -] ERROR <?xml version="1.0" encoding="iso-8859-1"?> <!DOCTYPE html PUBLIC "-//W3C//DTD XHTML 1.0 Transitional//EN"          "http://www.w3.org/TR/xhtml1/DTD/xhtml1-transitional.dtd"> <html xmlns="http://www.w3.org/1999/xhtml" xml:lang="en" lang="en">  <head>   <title>503 Service Not Available</title>  </head>  <body>   <h1>503 Service Not Available</h1>  </body> </html> [00;33m{{(pid=3431182) _check_rest_api_response /opt/stack/cinder/cinder/volume/drivers/hitachi/hbsd_rest_api.py:485}}[00m
2026-10-07 04:22:08.689 3431182 DEBUG cinder.volume.drivers.hitachi.hbsd_rest_api [req-9c3886ff-a2ec-4799-b15f-b4b3207db835 - - - - - -] ERROR <?xml version="1.0" encoding="iso-8859-1"?> <!DOCTYPE html PUBLIC "-//W3C//DTD XHTML 1.0 Transitional//EN"          "http://www.w3.org/TR/xhtml1/DTD/xhtml1-transitional.dtd"> <html xmlns="http://www.w3.org/1999/xhtml" xml:lang="en" lang="en">  <head>   <title>503 Service Not Available</title>  </head>  <body>   <h1>503 Service Not Available</h1>  </body> </html> [00;33m{{(pid=3431182) _check_rest_api_response /opt/stack/cinder/cinder/volume/drivers/hitachi/hbsd_rest_api.py:485}}[00m
2026-10-07 04:22:13.690 3431182 DEBUG cinder.volume.drivers.hitachi.hbsd_rest_api [req-9c3886ff-a2ec-4799-b15f-b4b3207db835 - - - - - -] ERROR <?xml version="1.0" encoding="iso-8859-1"?> <!DOCTYPE html PUBLIC "-//W3C//DTD XHTML 1.0 Transitional//EN"          "http://www.w3.org/TR/xhtml1/DTD/xhtml1-transitional.dtd"> <html xmlns="http://www.w3.org/1999/xhtml" xml:lang="en" lang="en">  <head>   <title>503 Service Not Available</title>  </head>  <body>   <h1>503 Service Not Available</h1>  </body> </html> [00;33m{{(pid=3431182) _check_rest_api_response /opt/stack/cinder/cinder/volume/drivers/hitachi/hbsd_rest_api.py:485}}[00m
2026-10-07 04:22:18.691 3431182 DEBUG cinder.volume.drivers.hitachi.hbsd_rest_api [req-9c3886ff-a2ec-4799-b15f-b4b3207db835 - - - - - -] ERROR <?xml version="1.0" encoding="iso-8859-1"?> <!DOCTYPE html PUBLIC "-//W3C//DTD XHTML 1.0 Transitional//EN"          "http://www.w3.org/TR/xhtml1/DTD/xhtml1-transitional.dtd"> <html xmlns="http://www.w3.org/1999/xhtml" xml:lang="en" lang="en">  <head>   <title>503 Service Not Available</title>  </head>  <body>   <h1>503 Service Not Available</h1>  </body> </html> [00;33m{{(pid=3431182) _check_rest_api_response /opt/stack/cinder/cinder/volume/drivers/hitachi/hbsd_rest_api.py:485}}[00m
2026-10-07 04:22:23.693 3431182 DEBUG cinder.volume.drivers.hitachi.hbsd_rest_api [req-9c3886ff-a2ec-4799-b15f-b4b3207db835 - - - - - -] ERROR <?xml version="1.0" encoding="iso-8859-1"?> <!DOCTYPE html PUBLIC "-//W3C//DTD XHTML 1.0 Transitional//EN"          "http://www.w3.org/TR/xhtml1/DTD/xhtml1-transitional.dtd"> <html xmlns="http://www.w3.org/1999/xhtml" xml:lang="en" lang="en">  <head>   <title>503 Service Not Available</title>  </head>  <body>   <h1>503 Service Not Available</h1>  </body> </html> [00;33m{{(pid=3431182) _check_rest_api_response /opt/stack/cinder/cinder/volume/drivers/hitachi/hbsd_rest_api.py:485}}[00m
2026-10-07 04:22:28.692 3431182 DEBUG cinder.volume.drivers.hitachi.hbsd_rest_api [req-9c3886ff-a2ec-4799-b15f-b4b3207db835 - - - - - -] ERROR <?xml version="1.0" encoding="iso-8859-1"?> <!DOCTYPE html PUBLIC "-//W3C//DTD XHTML 1.0 Transitional//EN"          "http://www.w3.org/TR/xhtml1/DTD/xhtml1-transitional.dtd"> <html xmlns="http://www.w3.org/1999/xhtml" xml:lang="en" lang="en">  <head>   <title>503 Service Not Available</title>  </head>  <body>   <h1>503 Service Not Available</h1>  </body> </html> [00;33m{{(pid=3431182) _check_rest_api_response /opt/stack/cinder/cinder/volume/drivers/hitachi/hbsd_rest_api.py:485}}[00m
2026-10-07 04:22:33.702 3431182 DEBUG cinder.volume.drivers.hitachi.hbsd_rest_api [req-9c3886ff-a2ec-4799-b15f-b4b3207db835 - - - - - -] ERROR <?xml version="1.0" encoding="iso-8859-1"?> <!DOCTYPE html PUBLIC "-//W3C//DTD XHTML 1.0 Transitional//EN"          "http://www.w3.org/TR/xhtml1/DTD/xhtml1-transitional.dtd"> <html xmlns="http://www.w3.org/1999/xhtml" xml:lang="en" lang="en">  <head>   <title>503 Service Not Available</title>  </head>  <body>   <h1>503 Service Not Available</h1>  </body> </html> [00;33m{{(pid=3431182) _check_rest_api_response /opt/stack/cinder/cinder/volume/drivers/hitachi/hbsd_rest_api.py:485}}[00m
2026-10-07 04:22:38.697 3431182 DEBUG cinder.volume.drivers.hitachi.hbsd_rest_api [req-9c3886ff-a2ec-4799-b15f-b4b3207db835 - - - - - -] ERROR <?xml version="1.0" encoding="iso-8859-1"?> <!DOCTYPE html PUBLIC "-//W3C//DTD XHTML 1.0 Transitional//EN"          "http://www.w3.org/TR/xhtml1/DTD/xhtml1-transitional.dtd"> <html xmlns="http://www.w3.org/1999/xhtml" xml:lang="en" lang="en">  <head>   <title>503 Service Not Available</title>  </head>  <body>   <h1>503 Service Not Available</h1>  </body> </html> [00;33m{{(pid=3431182) _check_rest_api_response /opt/stack/cinder/cinder/volume/drivers/hitachi/hbsd_rest_api.py:485}}[00m
2026-10-07 04:22:43.702 3431182 DEBUG cinder.volume.drivers.hitachi.hbsd_rest_api [req-9c3886ff-a2ec-4799-b15f-b4b3207db835 - - - - - -] ERROR <?xml version="1.0" encoding="iso-8859-1"?> <!DOCTYPE html PUBLIC "-//W3C//DTD XHTML 1.0 Transitional//EN"          "http://www.w3.org/TR/xhtml1/DTD/xhtml1-transitional.dtd"> <html xmlns="http://www.w3.org/1999/xhtml" xml:lang="en" lang="en">  <head>   <title>503 Service Not Available</title>  </head>  <body>   <h1>503 Service Not Available</h1>  </body> </html> [00;33m{{(pid=3431182) _check_rest_api_response /opt/stack/cinder/cinder/volume/drivers/hitachi/hbsd_rest_api.py:485}}[00m
2026-10-07 04:22:48.695 3431182 DEBUG cinder.volume.drivers.hitachi.hbsd_rest_api [req-9c3886ff-a2ec-4799-b15f-b4b3207db835 - - - - - -] ERROR <?xml version="1.0" encoding="iso-8859-1"?> <!DOCTYPE html PUBLIC "-//W3C//DTD XHTML 1.0 Transitional//EN"          "http://www.w3.org/TR/xhtml1/DTD/xhtml1-transitional.dtd"> <html xmlns="http://www.w3.org/1999/xhtml" xml:lang="en" lang="en">  <head>   <title>503 Service Not Available</title>  </head>  <body>   <h1>503 Service Not Available</h1>  </body> </html> [00;33m{{(pid=3431182) _check_rest_api_response /opt/stack/cinder/cinder/volume/drivers/hitachi/hbsd_rest_api.py:485}}[00m
2026-10-07 04:22:53.698 3431182 DEBUG cinder.volume.drivers.hitachi.hbsd_rest_api [req-9c3886ff-a2ec-4799-b15f-b4b3207db835 - - - - - -] ERROR <?xml version="1.0" encoding="iso-8859-1"?> <!DOCTYPE html PUBLIC "-//W3C//DTD XHTML 1.0 Transitional//EN"          "http://www.w3.org/TR/xhtml1/DTD/xhtml1-transitional.dtd"> <html xmlns="http://www.w3.org/1999/xhtml" xml:lang="en" lang="en">  <head>   <title>503 Service Not Available</title>  </head>  <body>   <h1>503 Service Not Available</h1>  </body> </html> [00;33m{{(pid=3431182) _check_rest_api_response /opt/stack/cinder/cinder/volume/drivers/hitachi/hbsd_rest_api.py:485}}[00m
2026-10-07 04:22:58.712 3431182 DEBUG cinder.volume.drivers.hitachi.hbsd_rest_api [req-9c3886ff-a2ec-4799-b15f-b4b3207db835 - - - - - -] ERROR <?xml version="1.0" encoding="iso-8859-1"?> <!DOCTYPE html PUBLIC "-//W3C//DTD XHTML 1.0 Transitional//EN"          "http://www.w3.org/TR/xhtml1/DTD/xhtml1-transitional.dtd"> <html xmlns="http://www.w3.org/1999/xhtml" xml:lang="en" lang="en">  <head>   <title>503 Service Not Available</title>  </head>  <body>   <h1>503 Service Not Available</h1>  </body> </html> [00;33m{{(pid=3431182) _check_rest_api_response /opt/stack/cinder/cinder/volume/drivers/hitachi/hbsd_rest_api.py:485}}[00m
2026-10-07 04:23:03.703 3431182 DEBUG cinder.volume.drivers.hitachi.hbsd_rest_api [req-9c3886ff-a2ec-4799-b15f-b4b3207db835 - - - - - -] ERROR <?xml version="1.0" encoding="iso-8859-1"?> <!DOCTYPE html PUBLIC "-//W3C//DTD XHTML 1.0 Transitional//EN"          "http://www.w3.org/TR/xhtml1/DTD/xhtml1-transitional.dtd"> <html xmlns="http://www.w3.org/1999/xhtml" xml:lang="en" lang="en">  <head>   <title>503 Service Not Available</title>  </head>  <body>   <h1>503 Service Not Available</h1>  </body> </html> [00;33m{{(pid=3431182) _check_rest_api_response /opt/stack/cinder/cinder/volume/drivers/hitachi/hbsd_rest_api.py:485}}[00m
2026-10-07 04:23:08.703 3431182 DEBUG cinder.volume.drivers.hitachi.hbsd_rest_api [req-9c3886ff-a2ec-4799-b15f-b4b3207db835 - - - - - -] ERROR <?xml version="1.0" encoding="iso-8859-1"?> <!DOCTYPE html PUBLIC "-//W3C//DTD XHTML 1.0 Transitional//EN"          "http://www.w3.org/TR/xhtml1/DTD/xhtml1-transitional.dtd"> <html xmlns="http://www.w3.org/1999/xhtml" xml:lang="en" lang="en">  <head>   <title>503 Service Not Available</title>  </head>  <body>   <h1>503 Service Not Available</h1>  </body> </html> [00;33m{{(pid=3431182) _check_rest_api_response /opt/stack/cinder/cinder/volume/drivers/hitachi/hbsd_rest_api.py:485}}[00m
2026-10-07 04:23:13.770 3431182 DEBUG cinder.volume.drivers.hitachi.hbsd_rest_api [req-9c3886ff-a2ec-4799-b15f-b4b3207db835 - - - - - -] ERROR <?xml version="1.0" encoding="iso-8859-1"?> <!DOCTYPE html PUBLIC "-//W3C//DTD XHTML 1.0 Transitional//EN"          "http://www.w3.org/TR/xhtml1/DTD/xhtml1-transitional.dtd"> <html xmlns="http://www.w3.org/1999/xhtml" xml:lang="en" lang="en">  <head>   <title>503 Service Not Available</title>  </head>  <body>   <h1>503 Service Not Available</h1>  </body> </html> [00;33m{{(pid=3431182) _check_rest_api_response /opt/stack/cinder/cinder/volume/drivers/hitachi/hbsd_rest_api.py:485}}[00m
2026-10-07 04:23:18.713 3431182 DEBUG cinder.volume.drivers.hitachi.hbsd_rest_api [req-9c3886ff-a2ec-4799-b15f-b4b3207db835 - - - - - -] ERROR <?xml version="1.0" encoding="iso-8859-1"?> <!DOCTYPE html PUBLIC "-//W3C//DTD XHTML 1.0 Transitional//EN"          "http://www.w3.org/TR/xhtml1/DTD/xhtml1-transitional.dtd"> <html xmlns="http://www.w3.org/1999/xhtml" xml:lang="en" lang="en">  <head>   <title>503 Service Not Available</title>  </head>  <body>   <h1>503 Service Not Available</h1>  </body> </html> [00;33m{{(pid=3431182) _check_rest_api_response /opt/stack/cinder/cinder/volume/drivers/hitachi/hbsd_rest_api.py:485}}[00m
2026-10-07 04:23:23.705 3431182 DEBUG cinder.volume.drivers.hitachi.hbsd_rest_api [req-9c3886ff-a2ec-4799-b15f-b4b3207db835 - - - - - -] ERROR <?xml version="1.0" encoding="iso-8859-1"?> <!DOCTYPE html PUBLIC "-//W3C//DTD XHTML 1.0 Transitional//EN"          "http://www.w3.org/TR/xhtml1/DTD/xhtml1-transitional.dtd"> <html xmlns="http://www.w3.org/1999/xhtml" xml:lang="en" lang="en">  <head>   <title>503 Service Not Available</title>  </head>  <body>   <h1>503 Service Not Available</h1>  </body> </html> [00;33m{{(pid=3431182) _check_rest_api_response /opt/stack/cinder/cinder/volume/drivers/hitachi/hbsd_rest_api.py:485}}[00m
2026-10-07 04:23:28.716 3431182 DEBUG cinder.volume.drivers.hitachi.hbsd_rest_api [req-9c3886ff-a2ec-4799-b15f-b4b3207db835 - - - - - -] ERROR <?xml version="1.0" encoding="iso-8859-1"?> <!DOCTYPE html PUBLIC "-//W3C//DTD XHTML 1.0 Transitional//EN"          "http://www.w3.org/TR/xhtml1/DTD/xhtml1-transitional.dtd"> <html xmlns="http://www.w3.org/1999/xhtml" xml:lang="en" lang="en">  <head>   <title>503 Service Not Available</title>  </head>  <body>   <h1>503 Service Not Available</h1>  </body> </html> [00;33m{{(pid=3431182) _check_rest_api_response /opt/stack/cinder/cinder/volume/drivers/hitachi/hbsd_rest_api.py:485}}[00m
2026-10-07 04:23:33.740 3431182 DEBUG cinder.volume.drivers.hitachi.hbsd_rest_api [req-9c3886ff-a2ec-4799-b15f-b4b3207db835 - - - - - -] ERROR <?xml version="1.0" encoding="iso-8859-1"?> <!DOCTYPE html PUBLIC "-//W3C//DTD XHTML 1.0 Transitional//EN"          "http://www.w3.org/TR/xhtml1/DTD/xhtml1-transitional.dtd"> <html xmlns="http://www.w3.org/1999/xhtml" xml:lang="en" lang="en">  <head>   <title>503 Service Not Available</title>  </head>  <body>   <h1>503 Service Not Available</h1>  </body> </html> [00;33m{{(pid=3431182) _check_rest_api_response /opt/stack/cinder/cinder/volume/drivers/hitachi/hbsd_rest_api.py:485}}[00m
2026-10-07 04:23:38.720 3431182 DEBUG cinder.volume.drivers.hitachi.hbsd_rest_api [req-9c3886ff-a2ec-4799-b15f-b4b3207db835 - - - - - -] ERROR <?xml version="1.0" encoding="iso-8859-1"?> <!DOCTYPE html PUBLIC "-//W3C//DTD XHTML 1.0 Transitional//EN"          "http://www.w3.org/TR/xhtml1/DTD/xhtml1-transitional.dtd"> <html xmlns="http://www.w3.org/1999/xhtml" xml:lang="en" lang="en">  <head>   <title>503 Service Not Available</title>  </head>  <body>   <h1>503 Service Not Available</h1>  </body> </html> [00;33m{{(pid=3431182) _check_rest_api_response /opt/stack/cinder/cinder/volume/drivers/hitachi/hbsd_rest_api.py:485}}[00m
2026-10-07 04:23:43.712 3431182 DEBUG cinder.volume.drivers.hitachi.hbsd_rest_api [req-9c3886ff-a2ec-4799-b15f-b4b3207db835 - - - - - -] ERROR <?xml version="1.0" encoding="iso-8859-1"?> <!DOCTYPE html PUBLIC "-//W3C//DTD XHTML 1.0 Transitional//EN"          "http://www.w3.org/TR/xhtml1/DTD/xhtml1-transitional.dtd"> <html xmlns="http://www.w3.org/1999/xhtml" xml:lang="en" lang="en">  <head>   <title>503 Service Not Available</title>  </head>  <body>   <h1>503 Service Not Available</h1>  </body> </html> [00;33m{{(pid=3431182) _check_rest_api_response /opt/stack/cinder/cinder/volume/drivers/hitachi/hbsd_rest_api.py:485}}[00m
2026-10-07 04:23:48.712 3431182 DEBUG cinder.volume.drivers.hitachi.hbsd_rest_api [req-9c3886ff-a2ec-4799-b15f-b4b3207db835 - - - - - -] ERROR <?xml version="1.0" encoding="iso-8859-1"?> <!DOCTYPE html PUBLIC "-//W3C//DTD XHTML 1.0 Transitional//EN"          "http://www.w3.org/TR/xhtml1/DTD/xhtml1-transitional.dtd"> <html xmlns="http://www.w3.org/1999/xhtml" xml:lang="en" lang="en">  <head>   <title>503 Service Not Available</title>  </head>  <body>   <h1>503 Service Not Available</h1>  </body> </html> [00;33m{{(pid=3431182) _check_rest_api_response /opt/stack/cinder/cinder/volume/drivers/hitachi/hbsd_rest_api.py:485}}[00m
2026-10-07 04:23:53.737 3431182 DEBUG cinder.volume.drivers.hitachi.hbsd_rest_api [req-9c3886ff-a2ec-4799-b15f-b4b3207db835 - - - - - -] ERROR <?xml version="1.0" encoding="iso-8859-1"?> <!DOCTYPE html PUBLIC "-//W3C//DTD XHTML 1.0 Transitional//EN"          "http://www.w3.org/TR/xhtml1/DTD/xhtml1-transitional.dtd"> <html xmlns="http://www.w3.org/1999/xhtml" xml:lang="en" lang="en">  <head>   <title>503 Service Not Available</title>  </head>  <body>   <h1>503 Service Not Available</h1>  </body> </html> [00;33m{{(pid=3431182) _check_rest_api_response /opt/stack/cinder/cinder/volume/drivers/hitachi/hbsd_rest_api.py:485}}[00m
2026-10-07 04:23:58.717 3431182 DEBUG cinder.volume.drivers.hitachi.hbsd_rest_api [req-9c3886ff-a2ec-4799-b15f-b4b3207db835 - - - - - -] ERROR <?xml version="1.0" encoding="iso-8859-1"?> <!DOCTYPE html PUBLIC "-//W3C//DTD XHTML 1.0 Transitional//EN"          "http://www.w3.org/TR/xhtml1/DTD/xhtml1-transitional.dtd"> <html xmlns="http://www.w3.org/1999/xhtml" xml:lang="en" lang="en">  <head>   <title>503 Service Not Available</title>  </head>  <body>   <h1>503 Service Not Available</h1>  </body> </html> [00;33m{{(pid=3431182) _check_rest_api_response /opt/stack/cinder/cinder/volume/drivers/hitachi/hbsd_rest_api.py:485}}[00m
2026-10-07 04:24:03.731 3431182 DEBUG cinder.volume.drivers.hitachi.hbsd_rest_api [req-9c3886ff-a2ec-4799-b15f-b4b3207db835 - - - - - -] ERROR <?xml version="1.0" encoding="iso-8859-1"?> <!DOCTYPE html PUBLIC "-//W3C//DTD XHTML 1.0 Transitional//EN"          "http://www.w3.org/TR/xhtml1/DTD/xhtml1-transitional.dtd"> <html xmlns="http://www.w3.org/1999/xhtml" xml:lang="en" lang="en">  <head>   <title>503 Service Not Available</title>  </head>  <body>   <h1>503 Service Not Available</h1>  </body> </html> [00;33m{{(pid=3431182) _check_rest_api_response /opt/stack/cinder/cinder/volume/drivers/hitachi/hbsd_rest_api.py:485}}[00m
2026-10-07 04:24:08.719 3431182 DEBUG cinder.volume.drivers.hitachi.hbsd_rest_api [req-9c3886ff-a2ec-4799-b15f-b4b3207db835 - - - - - -] ERROR <?xml version="1.0" encoding="iso-8859-1"?> <!DOCTYPE html PUBLIC "-//W3C//DTD XHTML 1.0 Transitional//EN"          "http://www.w3.org/TR/xhtml1/DTD/xhtml1-transitional.dtd"> <html xmlns="http://www.w3.org/1999/xhtml" xml:lang="en" lang="en">  <head>   <title>503 Service Not Available</title>  </head>  <body>   <h1>503 Service Not Available</h1>  </body> </html> [00;33m{{(pid=3431182) _check_rest_api_response /opt/stack/cinder/cinder/volume/drivers/hitachi/hbsd_rest_api.py:485}}[00m
2026-10-07 04:24:13.721 3431182 DEBUG cinder.volume.drivers.hitachi.hbsd_rest_api [req-9c3886ff-a2ec-4799-b15f-b4b3207db835 - - - - - -] ERROR <?xml version="1.0" encoding="iso-8859-1"?> <!DOCTYPE html PUBLIC "-//W3C//DTD XHTML 1.0 Transitional//EN"          "http://www.w3.org/TR/xhtml1/DTD/xhtml1-transitional.dtd"> <html xmlns="http://www.w3.org/1999/xhtml" xml:lang="en" lang="en">  <head>   <title>503 Service Not Available</title>  </head>  <body>   <h1>503 Service Not Available</h1>  </body> </html> [00;33m{{(pid=3431182) _check_rest_api_response /opt/stack/cinder/cinder/volume/drivers/hitachi/hbsd_rest_api.py:485}}[00m
2026-10-07 04:24:18.721 3431182 DEBUG cinder.volume.drivers.hitachi.hbsd_rest_api [req-9c3886ff-a2ec-4799-b15f-b4b3207db835 - - - - - -] ERROR <?xml version="1.0" encoding="iso-8859-1"?> <!DOCTYPE html PUBLIC "-//W3C//DTD XHTML 1.0 Transitional//EN"          "http://www.w3.org/TR/xhtml1/DTD/xhtml1-transitional.dtd"> <html xmlns="http://www.w3.org/1999/xhtml" xml:lang="en" lang="en">  <head>   <title>503 Service Not Available</title>  </head>  <body>   <h1>503 Service Not Available</h1>  </body> </html> [00;33m{{(pid=3431182) _check_rest_api_response /opt/stack/cinder/cinder/volume/drivers/hitachi/hbsd_rest_api.py:485}}[00m
2026-10-07 04:24:23.721 3431182 DEBUG cinder.volume.drivers.hitachi.hbsd_rest_api [req-9c3886ff-a2ec-4799-b15f-b4b3207db835 - - - - - -] ERROR <?xml version="1.0" encoding="iso-8859-1"?> <!DOCTYPE html PUBLIC "-//W3C//DTD XHTML 1.0 Transitional//EN"          "http://www.w3.org/TR/xhtml1/DTD/xhtml1-transitional.dtd"> <html xmlns="http://www.w3.org/1999/xhtml" xml:lang="en" lang="en">  <head>   <title>503 Service Not Available</title>  </head>  <body>   <h1>503 Service Not Available</h1>  </body> </html> [00;33m{{(pid=3431182) _check_rest_api_response /opt/stack/cinder/cinder/volume/drivers/hitachi/hbsd_rest_api.py:485}}[00m
2026-10-07 04:24:28.765 3431182 DEBUG cinder.volume.drivers.hitachi.hbsd_rest_api [req-9c3886ff-a2ec-4799-b15f-b4b3207db835 - - - - - -] ERROR <?xml version="1.0" encoding="iso-8859-1"?> <!DOCTYPE html PUBLIC "-//W3C//DTD XHTML 1.0 Transitional//EN"          "http://www.w3.org/TR/xhtml1/DTD/xhtml1-transitional.dtd"> <html xmlns="http://www.w3.org/1999/xhtml" xml:lang="en" lang="en">  <head>   <title>503 Service Not Available</title>  </head>  <body>   <h1>503 Service Not Available</h1>  </body> </html> [00;33m{{(pid=3431182) _check_rest_api_response /opt/stack/cinder/cinder/volume/drivers/hitachi/hbsd_rest_api.py:485}}[00m
2026-10-07 04:24:33.736 3431182 DEBUG cinder.volume.drivers.hitachi.hbsd_rest_api [req-9c3886ff-a2ec-4799-b15f-b4b3207db835 - - - - - -] ERROR <?xml version="1.0" encoding="iso-8859-1"?> <!DOCTYPE html PUBLIC "-//W3C//DTD XHTML 1.0 Transitional//EN"          "http://www.w3.org/TR/xhtml1/DTD/xhtml1-transitional.dtd"> <html xmlns="http://www.w3.org/1999/xhtml" xml:lang="en" lang="en">  <head>   <title>503 Service Not Available</title>  </head>  <body>   <h1>503 Service Not Available</h1>  </body> </html> [00;33m{{(pid=3431182) _check_rest_api_response /opt/stack/cinder/cinder/volume/drivers/hitachi/hbsd_rest_api.py:485}}[00m
2026-10-07 04:24:38.731 3431182 DEBUG cinder.volume.drivers.hitachi.hbsd_rest_api [req-9c3886ff-a2ec-4799-b15f-b4b3207db835 - - - - - -] ERROR <?xml version="1.0" encoding="iso-8859-1"?> <!DOCTYPE html PUBLIC "-//W3C//DTD XHTML 1.0 Transitional//EN"          "http://www.w3.org/TR/xhtml1/DTD/xhtml1-transitional.dtd"> <html xmlns="http://www.w3.org/1999/xhtml" xml:lang="en" lang="en">  <head>   <title>503 Service Not Available</title>  </head>  <body>   <h1>503 Service Not Available</h1>  </body> </html> [00;33m{{(pid=3431182) _check_rest_api_response /opt/stack/cinder/cinder/volume/drivers/hitachi/hbsd_rest_api.py:485}}[00m
2026-10-07 04:24:43.728 3431182 DEBUG cinder.volume.drivers.hitachi.hbsd_rest_api [req-9c3886ff-a2ec-4799-b15f-b4b3207db835 - - - - - -] ERROR <?xml version="1.0" encoding="iso-8859-1"?> <!DOCTYPE html PUBLIC "-//W3C//DTD XHTML 1.0 Transitional//EN"          "http://www.w3.org/TR/xhtml1/DTD/xhtml1-transitional.dtd"> <html xmlns="http://www.w3.org/1999/xhtml" xml:lang="en" lang="en">  <head>   <title>503 Service Not Available</title>  </head>  <body>   <h1>503 Service Not Available</h1>  </body> </html> [00;33m{{(pid=3431182) _check_rest_api_response /opt/stack/cinder/cinder/volume/drivers/hitachi/hbsd_rest_api.py:485}}[00m
2026-10-07 04:24:48.737 3431182 DEBUG cinder.volume.drivers.hitachi.hbsd_rest_api [req-9c3886ff-a2ec-4799-b15f-b4b3207db835 - - - - - -] ERROR <?xml version="1.0" encoding="iso-8859-1"?> <!DOCTYPE html PUBLIC "-//W3C//DTD XHTML 1.0 Transitional//EN"          "http://www.w3.org/TR/xhtml1/DTD/xhtml1-transitional.dtd"> <html xmlns="http://www.w3.org/1999/xhtml" xml:lang="en" lang="en">  <head>   <title>503 Service Not Available</title>  </head>  <body>   <h1>503 Service Not Available</h1>  </body> </html> [00;33m{{(pid=3431182) _check_rest_api_response /opt/stack/cinder/cinder/volume/drivers/hitachi/hbsd_rest_api.py:485}}[00m
2026-10-07 04:24:53.733 3431182 DEBUG cinder.volume.drivers.hitachi.hbsd_rest_api [req-9c3886ff-a2ec-4799-b15f-b4b3207db835 - - - - - -] ERROR <?xml version="1.0" encoding="iso-8859-1"?> <!DOCTYPE html PUBLIC "-//W3C//DTD XHTML 1.0 Transitional//EN"          "http://www.w3.org/TR/xhtml1/DTD/xhtml1-transitional.dtd"> <html xmlns="http://www.w3.org/1999/xhtml" xml:lang="en" lang="en">  <head>   <title>503 Service Not Available</title>  </head>  <body>   <h1>503 Service Not Available</h1>  </body> </html> [00;33m{{(pid=3431182) _check_rest_api_response /opt/stack/cinder/cinder/volume/drivers/hitachi/hbsd_rest_api.py:485}}[00m
2026-10-07 04:24:58.735 3431182 DEBUG cinder.volume.drivers.hitachi.hbsd_rest_api [req-9c3886ff-a2ec-4799-b15f-b4b3207db835 - - - - - -] ERROR <?xml version="1.0" encoding="iso-8859-1"?> <!DOCTYPE html PUBLIC "-//W3C//DTD XHTML 1.0 Transitional//EN"          "http://www.w3.org/TR/xhtml1/DTD/xhtml1-transitional.dtd"> <html xmlns="http://www.w3.org/1999/xhtml" xml:lang="en" lang="en">  <head>   <title>503 Service Not Available</title>  </head>  <body>   <h1>503 Service Not Available</h1>  </body> </html> [00;33m{{(pid=3431182) _check_rest_api_response /opt/stack/cinder/cinder/volume/drivers/hitachi/hbsd_rest_api.py:485}}[00m
2026-10-07 04:25:03.730 3431182 DEBUG cinder.volume.drivers.hitachi.hbsd_rest_api [req-9c3886ff-a2ec-4799-b15f-b4b3207db835 - - - - - -] ERROR <?xml version="1.0" encoding="iso-8859-1"?> <!DOCTYPE html PUBLIC "-//W3C//DTD XHTML 1.0 Transitional//EN"          "http://www.w3.org/TR/xhtml1/DTD/xhtml1-transitional.dtd"> <html xmlns="http://www.w3.org/1999/xhtml" xml:lang="en" lang="en">  <head>   <title>503 Service Not Available</title>  </head>  <body>   <h1>503 Service Not Available</h1>  </body> </html> [00;33m{{(pid=3431182) _check_rest_api_response /opt/stack/cinder/cinder/volume/drivers/hitachi/hbsd_rest_api.py:485}}[00m
2026-10-07 04:25:08.741 3431182 DEBUG cinder.volume.drivers.hitachi.hbsd_rest_api [req-9c3886ff-a2ec-4799-b15f-b4b3207db835 - - - - - -] ERROR <?xml version="1.0" encoding="iso-8859-1"?> <!DOCTYPE html PUBLIC "-//W3C//DTD XHTML 1.0 Transitional//EN"          "http://www.w3.org/TR/xhtml1/DTD/xhtml1-transitional.dtd"> <html xmlns="http://www.w3.org/1999/xhtml" xml:lang="en" lang="en">  <head>   <title>503 Service Not Available</title>  </head>  <body>   <h1>503 Service Not Available</h1>  </body> </html> [00;33m{{(pid=3431182) _check_rest_api_response /opt/stack/cinder/cinder/volume/drivers/hitachi/hbsd_rest_api.py:485}}[00m
2026-10-07 04:25:13.732 3431182 DEBUG cinder.volume.drivers.hitachi.hbsd_rest_api [req-9c3886ff-a2ec-4799-b15f-b4b3207db835 - - - - - -] ERROR <?xml version="1.0" encoding="iso-8859-1"?> <!DOCTYPE html PUBLIC "-//W3C//DTD XHTML 1.0 Transitional//EN"          "http://www.w3.org/TR/xhtml1/DTD/xhtml1-transitional.dtd"> <html xmlns="http://www.w3.org/1999/xhtml" xml:lang="en" lang="en">  <head>   <title>503 Service Not Available</title>  </head>  <body>   <h1>503 Service Not Available</h1>  </body> </html> [00;33m{{(pid=3431182) _check_rest_api_response /opt/stack/cinder/cinder/volume/drivers/hitachi/hbsd_rest_api.py:485}}[00m
2026-10-07 04:25:18.740 3431182 DEBUG cinder.volume.drivers.hitachi.hbsd_rest_api [req-9c3886ff-a2ec-4799-b15f-b4b3207db835 - - - - - -] ERROR <?xml version="1.0" encoding="iso-8859-1"?> <!DOCTYPE html PUBLIC "-//W3C//DTD XHTML 1.0 Transitional//EN"          "http://www.w3.org/TR/xhtml1/DTD/xhtml1-transitional.dtd"> <html xmlns="http://www.w3.org/1999/xhtml" xml:lang="en" lang="en">  <head>   <title>503 Service Not Available</title>  </head>  <body>   <h1>503 Service Not Available</h1>  </body> </html> [00;33m{{(pid=3431182) _check_rest_api_response /opt/stack/cinder/cinder/volume/drivers/hitachi/hbsd_rest_api.py:485}}[00m
2026-10-07 04:25:23.752 3431182 DEBUG cinder.volume.drivers.hitachi.hbsd_rest_api [req-9c3886ff-a2ec-4799-b15f-b4b3207db835 - - - - - -] ERROR <?xml version="1.0" encoding="iso-8859-1"?> <!DOCTYPE html PUBLIC "-//W3C//DTD XHTML 1.0 Transitional//EN"          "http://www.w3.org/TR/xhtml1/DTD/xhtml1-transitional.dtd"> <html xmlns="http://www.w3.org/1999/xhtml" xml:lang="en" lang="en">  <head>   <title>503 Service Not Available</title>  </head>  <body>   <h1>503 Service Not Available</h1>  </body> </html> [00;33m{{(pid=3431182) _check_rest_api_response /opt/stack/cinder/cinder/volume/drivers/hitachi/hbsd_rest_api.py:485}}[00m
2026-10-07 04:25:28.764 3431182 DEBUG cinder.volume.drivers.hitachi.hbsd_rest_api [req-9c3886ff-a2ec-4799-b15f-b4b3207db835 - - - - - -] ERROR <?xml version="1.0" encoding="iso-8859-1"?> <!DOCTYPE html PUBLIC "-//W3C//DTD XHTML 1.0 Transitional//EN"          "http://www.w3.org/TR/xhtml1/DTD/xhtml1-transitional.dtd"> <html xmlns="http://www.w3.org/1999/xhtml" xml:lang="en" lang="en">  <head>   <title>503 Service Not Available</title>  </head>  <body>   <h1>503 Service Not Available</h1>  </body> </html> [00;33m{{(pid=3431182) _check_rest_api_response /opt/stack/cinder/cinder/volume/drivers/hitachi/hbsd_rest_api.py:485}}[00m
2026-10-07 04:25:33.741 3431182 DEBUG cinder.volume.drivers.hitachi.hbsd_rest_api [req-9c3886ff-a2ec-4799-b15f-b4b3207db835 - - - - - -] ERROR <?xml version="1.0" encoding="iso-8859-1"?> <!DOCTYPE html PUBLIC "-//W3C//DTD XHTML 1.0 Transitional//EN"          "http://www.w3.org/TR/xhtml1/DTD/xhtml1-transitional.dtd"> <html xmlns="http://www.w3.org/1999/xhtml" xml:lang="en" lang="en">  <head>   <title>503 Service Not Available</title>  </head>  <body>   <h1>503 Service Not Available</h1>  </body> </html> [00;33m{{(pid=3431182) _check_rest_api_response /opt/stack/cinder/cinder/volume/drivers/hitachi/hbsd_rest_api.py:485}}[00m
2026-10-07 04:25:38.750 3431182 DEBUG cinder.volume.drivers.hitachi.hbsd_rest_api [req-9c3886ff-a2ec-4799-b15f-b4b3207db835 - - - - - -] ERROR <?xml version="1.0" encoding="iso-8859-1"?> <!DOCTYPE html PUBLIC "-//W3C//DTD XHTML 1.0 Transitional//EN"          "http://www.w3.org/TR/xhtml1/DTD/xhtml1-transitional.dtd"> <html xmlns="http://www.w3.org/1999/xhtml" xml:lang="en" lang="en">  <head>   <title>503 Service Not Available</title>  </head>  <body>   <h1>503 Service Not Available</h1>  </body> </html> [00;33m{{(pid=3431182) _check_rest_api_response /opt/stack/cinder/cinder/volume/drivers/hitachi/hbsd_rest_api.py:485}}[00m
2026-10-07 04:25:43.754 3431182 DEBUG cinder.volume.drivers.hitachi.hbsd_rest_api [req-9c3886ff-a2ec-4799-b15f-b4b3207db835 - - - - - -] ERROR <?xml version="1.0" encoding="iso-8859-1"?> <!DOCTYPE html PUBLIC "-//W3C//DTD XHTML 1.0 Transitional//EN"          "http://www.w3.org/TR/xhtml1/DTD/xhtml1-transitional.dtd"> <html xmlns="http://www.w3.org/1999/xhtml" xml:lang="en" lang="en">  <head>   <title>503 Service Not Available</title>  </head>  <body>   <h1>503 Service Not Available</h1>  </body> </html> [00;33m{{(pid=3431182) _check_rest_api_response /opt/stack/cinder/cinder/volume/drivers/hitachi/hbsd_rest_api.py:485}}[00m
