2026-10-06 13:11:36.617 1967773 DEBUG dbcounter [-] [1967773] Writing DB stats cinder:SELECT=1,cinder:UPDATE=1 [00;33m{{(pid=1967773) stat_writer /opt/stack/data/venv/lib/python3.12/site-packages/dbcounter.py:115}}[00m
2026-10-06 13:12:59.955 1967773 DEBUG cinder.volume.drivers.hitachi.hbsd_rest_api [-] _keep_session thread is started [00;33m{{(pid=1967773) _keep_session /opt/stack/cinder/cinder/volume/drivers/hitachi/hbsd_rest_api.py:595}}[00m
2026-10-06 13:12:59.955 1967773 DEBUG cinder.volume.drivers.hitachi.hbsd_rest_api [-] ==> _get_object: call "{'self': <cinder.volume.drivers.hitachi.hbsd_rest_api.RestApiClient object at 0x7b494d5bcf80>, 'url': 'https://172.25.45.103:443/ConfigurationManager/v1/objects/storages/A34000810045/sessions/7927', 'kwargs': {'no_retry': True, 'no_log': True}, 'params': None}" [00;33m{{(pid=1967773) trace_logging_wrapper /opt/stack/cinder/cinder/volume/volume_utils.py:1498}}[00m
2026-10-06 13:13:00.005 1967773 DEBUG cinder.volume.drivers.hitachi.hbsd_rest_api [-] <== _get_object: return (49ms) {'token': '***', 'sessionId': 7927} [00;33m{{(pid=1967773) trace_logging_wrapper /opt/stack/cinder/cinder/volume/volume_utils.py:1523}}[00m
2026-10-06 13:13:36.617 1967773 DEBUG dbcounter [-] [1967773] Writing DB stats cinder:SELECT=1 [00;33m{{(pid=1967773) stat_writer /opt/stack/data/venv/lib/python3.12/site-packages/dbcounter.py:115}}[00m
2026-10-06 13:13:36.619 1967773 DEBUG dbcounter [-] [1967773] Writing DB stats cinder:UPDATE=1 [00;33m{{(pid=1967773) stat_writer /opt/stack/data/venv/lib/python3.12/site-packages/dbcounter.py:115}}[00m
2026-10-06 13:15:36.621 1967773 DEBUG dbcounter [-] [1967773] Writing DB stats cinder:SELECT=1,cinder:UPDATE=1 [00;33m{{(pid=1967773) stat_writer /opt/stack/data/venv/lib/python3.12/site-packages/dbcounter.py:115}}[00m
2026-10-06 13:15:59.959 1967773 DEBUG cinder.volume.drivers.hitachi.hbsd_rest_api [-] _keep_session thread is started [00;33m{{(pid=1967773) _keep_session /opt/stack/cinder/cinder/volume/drivers/hitachi/hbsd_rest_api.py:595}}[00m
2026-10-06 13:15:59.960 1967773 DEBUG cinder.volume.drivers.hitachi.hbsd_rest_api [-] ==> _get_object: call "{'self': <cinder.volume.drivers.hitachi.hbsd_rest_api.RestApiClient object at 0x7b494d5bcf80>, 'url': 'https://172.25.45.103:443/ConfigurationManager/v1/objects/storages/A34000810045/sessions/7927', 'kwargs': {'no_retry': True, 'no_log': True}, 'params': None}" [00;33m{{(pid=1967773) trace_logging_wrapper /opt/stack/cinder/cinder/volume/volume_utils.py:1498}}[00m
2026-10-06 13:16:00.569 1967678 INFO oslo_service.backend._eventlet.service [req-58c1b7e0-13cb-4c97-aaf4-bcfa157c8858 - - - - - -] Caught SIGTERM, stopping children
2026-10-06 13:16:00.570 1967678 DEBUG oslo_concurrency.lockutils [req-58c1b7e0-13cb-4c97-aaf4-bcfa157c8858 - - - - - -] Acquiring lock "singleton_lock" [00;33m{{(pid=1967678) lock /opt/stack/data/venv/lib/python3.12/site-packages/oslo_concurrency/lockutils.py:396}}[00m
2026-10-06 13:16:00.571 1967678 DEBUG oslo_concurrency.lockutils [req-58c1b7e0-13cb-4c97-aaf4-bcfa157c8858 - - - - - -] Acquired lock "singleton_lock" [00;33m{{(pid=1967678) lock /opt/stack/data/venv/lib/python3.12/site-packages/oslo_concurrency/lockutils.py:399}}[00m
2026-10-06 13:16:00.571 1967678 DEBUG oslo_concurrency.lockutils [req-58c1b7e0-13cb-4c97-aaf4-bcfa157c8858 - - - - - -] Releasing lock "singleton_lock" [00;33m{{(pid=1967678) lock /opt/stack/data/venv/lib/python3.12/site-packages/oslo_concurrency/lockutils.py:419}}[00m
2026-10-06 13:16:00.572 1967678 DEBUG oslo_service.backend._eventlet.service [req-58c1b7e0-13cb-4c97-aaf4-bcfa157c8858 - - - - - -] Stop services. [00;33m{{(pid=1967678) stop /opt/stack/data/venv/lib/python3.12/site-packages/oslo_service/backend/_eventlet/service.py:611}}[00m
2026-10-06 13:16:00.572 1967678 DEBUG oslo_service.backend._eventlet.service [req-58c1b7e0-13cb-4c97-aaf4-bcfa157c8858 - - - - - -] Killing children. [00;33m{{(pid=1967678) stop /opt/stack/data/venv/lib/python3.12/site-packages/oslo_service/backend/_eventlet/service.py:616}}[00m
2026-10-06 13:16:00.572 1967678 INFO oslo_service.backend._eventlet.service [req-58c1b7e0-13cb-4c97-aaf4-bcfa157c8858 - - - - - -] Waiting on 1 children to exit
2026-10-06 13:16:02.248 1967773 DEBUG cinder.volume.drivers.hitachi.hbsd_rest_api [-] <== _get_object: return (2287ms) {'token': '***', 'sessionId': 7927} [00;33m{{(pid=1967773) trace_logging_wrapper /opt/stack/cinder/cinder/volume/volume_utils.py:1523}}[00m
2026-10-06 13:16:02.369 1967773 DEBUG oslo_concurrency.lockutils [req-58c1b7e0-13cb-4c97-aaf4-bcfa157c8858 - - - - - -] Acquiring lock "singleton_lock" [00;33m{{(pid=1967773) lock /opt/stack/data/venv/lib/python3.12/site-packages/oslo_concurrency/lockutils.py:396}}[00m
2026-10-06 13:16:02.369 1967773 DEBUG oslo_concurrency.lockutils [req-58c1b7e0-13cb-4c97-aaf4-bcfa157c8858 - - - - - -] Acquired lock "singleton_lock" [00;33m{{(pid=1967773) lock /opt/stack/data/venv/lib/python3.12/site-packages/oslo_concurrency/lockutils.py:399}}[00m
2026-10-06 13:16:02.369 1967773 DEBUG oslo_concurrency.lockutils [req-58c1b7e0-13cb-4c97-aaf4-bcfa157c8858 - - - - - -] Releasing lock "singleton_lock" [00;33m{{(pid=1967773) lock /opt/stack/data/venv/lib/python3.12/site-packages/oslo_concurrency/lockutils.py:419}}[00m
2026-10-06 13:16:02.374 1967773 WARNING amqp [req-58c1b7e0-13cb-4c97-aaf4-bcfa157c8858 - - - - - -] Received method (60, 30) during closing channel 1. This method will be ignored
2026-10-06 13:16:02.378 1967773 WARNING amqp [req-58c1b7e0-13cb-4c97-aaf4-bcfa157c8858 - - - - - -] Received method (60, 30) during closing channel 1. This method will be ignored
2026-10-06 13:16:02.391 1967678 INFO oslo_service.backend._eventlet.service [req-58c1b7e0-13cb-4c97-aaf4-bcfa157c8858 - - - - - -] Child 1967773 exited with status 0
2026-10-06 13:16:03.308 2043448 DEBUG oslo_concurrency.lockutils [-] Acquiring lock "singleton_lock" [00;33m{{(pid=2043448) lock /opt/stack/data/venv/lib/python3.12/site-packages/oslo_concurrency/lockutils.py:396}}[00m
2026-10-06 13:16:03.309 2043448 DEBUG oslo_concurrency.lockutils [-] Acquired lock "singleton_lock" [00;33m{{(pid=2043448) lock /opt/stack/data/venv/lib/python3.12/site-packages/oslo_concurrency/lockutils.py:399}}[00m
2026-10-06 13:16:03.309 2043448 DEBUG oslo_concurrency.lockutils [-] Releasing lock "singleton_lock" [00;33m{{(pid=2043448) lock /opt/stack/data/venv/lib/python3.12/site-packages/oslo_concurrency/lockutils.py:419}}[00m
2026-10-06 13:16:03.509 2043448 INFO dbcounter [req-8a6ed289-f9b1-46c5-b9c3-4dc5e45c2de5 - - - - - -] Registered counter for database cinder
2026-10-06 13:16:03.540 2043448 DEBUG oslo_db.sqlalchemy.engines [req-8a6ed289-f9b1-46c5-b9c3-4dc5e45c2de5 - - - - - -] MySQL server mode set to STRICT_TRANS_TABLES,STRICT_ALL_TABLES,NO_ZERO_IN_DATE,NO_ZERO_DATE,ERROR_FOR_DIVISION_BY_ZERO,TRADITIONAL,NO_ENGINE_SUBSTITUTION [00;33m{{(pid=2043448) _check_effective_sql_mode /opt/stack/data/venv/lib/python3.12/site-packages/oslo_db/sqlalchemy/engines.py:325}}[00m
2026-10-06 13:16:03.666 2043448 DEBUG dbcounter [-] [2043448] Writer thread running [00;33m{{(pid=2043448) stat_writer /opt/stack/data/venv/lib/python3.12/site-packages/dbcounter.py:102}}[00m
2026-10-06 13:16:03.670 2043448 INFO cinder.rpc [req-8a6ed289-f9b1-46c5-b9c3-4dc5e45c2de5 - - - - - -] Automatically selected cinder-scheduler objects version 1.39 as minimum service version.
2026-10-06 13:16:03.675 2043448 INFO cinder.rpc [req-8a6ed289-f9b1-46c5-b9c3-4dc5e45c2de5 - - - - - -] Automatically selected cinder-scheduler RPC version 3.12 as minimum service version.
2026-10-06 13:16:03.701 2043448 DEBUG oslo_db.sqlalchemy.engines [req-8a6ed289-f9b1-46c5-b9c3-4dc5e45c2de5 - - - - - -] MySQL server mode set to STRICT_TRANS_TABLES,STRICT_ALL_TABLES,NO_ZERO_IN_DATE,NO_ZERO_DATE,ERROR_FOR_DIVISION_BY_ZERO,TRADITIONAL,NO_ENGINE_SUBSTITUTION [00;33m{{(pid=2043448) _check_effective_sql_mode /opt/stack/data/venv/lib/python3.12/site-packages/oslo_db/sqlalchemy/engines.py:325}}[00m
2026-10-06 13:16:03.718 2043448 INFO cinder.volume.manager [req-8a6ed289-f9b1-46c5-b9c3-4dc5e45c2de5 - - - - - -] Determined volume DB was empty at startup.
2026-10-06 13:16:03.718 2043448 DEBUG cinder.volume.manager [req-8a6ed289-f9b1-46c5-b9c3-4dc5e45c2de5 - - - - - -] Cinder Volume DB check: vol_db_empty=True [00;33m{{(pid=2043448) __init__ /opt/stack/cinder/cinder/volume/manager.py:288}}[00m
2026-10-06 13:16:03.723 2043448 WARNING cinder.volume.manager [req-8a6ed289-f9b1-46c5-b9c3-4dc5e45c2de5 - - - - - -] Suppressing requests library SSL Warnings
2026-10-06 13:16:03.723 2043448 WARNING stevedore.named [req-8a6ed289-f9b1-46c5-b9c3-4dc5e45c2de5 - - - - - -] Could not load cinder.keymgr.conf_key_mgr.ConfKeyManager
2026-10-06 13:16:03.723 2043448 WARNING castellan.key_manager [req-8a6ed289-f9b1-46c5-b9c3-4dc5e45c2de5 - - - - - -] Deprecation Warning : cinder.keymgr.conf_key_mgr.ConfKeyManager is not a stevedore based driver, trying to load it as a class: stevedore.exception.NoMatches: No 'castellan.drivers' driver found, looking for 'cinder.keymgr.conf_key_mgr.ConfKeyManager'
2026-10-06 13:16:03.724 2043448 WARNING cinder.keymgr.conf_key_mgr [req-8a6ed289-f9b1-46c5-b9c3-4dc5e45c2de5 - - - - - -] This key manager is insecure and is not recommended for production deployments: stevedore.exception.NoMatches: No 'castellan.drivers' driver found, looking for 'cinder.keymgr.conf_key_mgr.ConfKeyManager'
2026-10-06 13:16:03.768 2043448 INFO cinder.volume.drivers.hitachi.hbsd_utils [req-8a6ed289-f9b1-46c5-b9c3-4dc5e45c2de5 - - - - - -] MSGID0004-I: Initialization of HBSDISCSIDriver 2.7.2 started.
2026-10-06 13:16:03.771 2043448 INFO cinder.volume.manager [req-8a6ed289-f9b1-46c5-b9c3-4dc5e45c2de5 - - - - - -] Image-volume cache disabled for host devstack-92-210@hitachi.
2026-10-06 13:16:03.796 2043448 DEBUG oslo_db.sqlalchemy.engines [req-8a6ed289-f9b1-46c5-b9c3-4dc5e45c2de5 - - - - - -] MySQL server mode set to STRICT_TRANS_TABLES,STRICT_ALL_TABLES,NO_ZERO_IN_DATE,NO_ZERO_DATE,ERROR_FOR_DIVISION_BY_ZERO,TRADITIONAL,NO_ENGINE_SUBSTITUTION [00;33m{{(pid=2043448) _check_effective_sql_mode /opt/stack/data/venv/lib/python3.12/site-packages/oslo_db/sqlalchemy/engines.py:325}}[00m
2026-10-06 13:16:03.804 2043448 INFO oslo_service.backend._eventlet.service [req-8a6ed289-f9b1-46c5-b9c3-4dc5e45c2de5 - - - - - -] Starting 1 workers
2026-10-06 13:16:03.809 2043448 DEBUG oslo_service.backend._eventlet.service [req-8a6ed289-f9b1-46c5-b9c3-4dc5e45c2de5 - - - - - -] Started child 2043460 [00;33m{{(pid=2043448) _start_child /opt/stack/data/venv/lib/python3.12/site-packages/oslo_service/backend/_eventlet/service.py:491}}[00m
2026-10-06 13:16:03.811 2043448 DEBUG oslo_service.backend._eventlet.service [req-8a6ed289-f9b1-46c5-b9c3-4dc5e45c2de5 - - - - - -] Full set of CONF: [00;33m{{(pid=2043448) wait /opt/stack/data/venv/lib/python3.12/site-packages/oslo_service/backend/_eventlet/service.py:565}}[00m
2026-10-06 13:16:03.811 2043448 DEBUG oslo_service.backend._eventlet.service [req-8a6ed289-f9b1-46c5-b9c3-4dc5e45c2de5 - - - - - -] ******************************************************************************** [00;33m{{(pid=2043448) log_opt_values /opt/stack/data/venv/lib/python3.12/site-packages/oslo_config/cfg.py:3533}}[00m
2026-10-06 13:16:03.811 2043448 DEBUG oslo_service.backend._eventlet.service [req-8a6ed289-f9b1-46c5-b9c3-4dc5e45c2de5 - - - - - -] Configuration options gathered from: [00;33m{{(pid=2043448) log_opt_values /opt/stack/data/venv/lib/python3.12/site-packages/oslo_config/cfg.py:3534}}[00m
2026-10-06 13:16:03.811 2043448 DEBUG oslo_service.backend._eventlet.service [req-8a6ed289-f9b1-46c5-b9c3-4dc5e45c2de5 - - - - - -] command line args: ['--config-file', '/etc/cinder/cinder.conf'] [00;33m{{(pid=2043448) log_opt_values /opt/stack/data/venv/lib/python3.12/site-packages/oslo_config/cfg.py:3535}}[00m
2026-10-06 13:16:03.811 2043448 DEBUG oslo_service.backend._eventlet.service [req-8a6ed289-f9b1-46c5-b9c3-4dc5e45c2de5 - - - - - -] config files: ['/etc/cinder/cinder.conf'] [00;33m{{(pid=2043448) log_opt_values /opt/stack/data/venv/lib/python3.12/site-packages/oslo_config/cfg.py:3536}}[00m
2026-10-06 13:16:03.811 2043448 DEBUG oslo_service.backend._eventlet.service [req-8a6ed289-f9b1-46c5-b9c3-4dc5e45c2de5 - - - - - -] ================================================================================ [00;33m{{(pid=2043448) log_opt_values /opt/stack/data/venv/lib/python3.12/site-packages/oslo_config/cfg.py:3541}}[00m
2026-10-06 13:16:03.811 2043448 DEBUG oslo_service.backend._eventlet.service [req-8a6ed289-f9b1-46c5-b9c3-4dc5e45c2de5 - - - - - -] allow_availability_zone_fallback = False [00;33m{{(pid=2043448) log_opt_values /opt/stack/data/venv/lib/python3.12/site-packages/oslo_config/cfg.py:3549}}[00m
2026-10-06 13:16:03.812 2043448 DEBUG oslo_service.backend._eventlet.service [req-8a6ed289-f9b1-46c5-b9c3-4dc5e45c2de5 - - - - - -] allow_compression_on_image_upload = False [00;33m{{(pid=2043448) log_opt_values /opt/stack/data/venv/lib/python3.12/site-packages/oslo_config/cfg.py:3549}}[00m
2026-10-06 13:16:03.812 2043448 DEBUG oslo_service.backend._eventlet.service [req-8a6ed289-f9b1-46c5-b9c3-4dc5e45c2de5 - - - - - -] allowed_direct_url_schemes     = [] [00;33m{{(pid=2043448) log_opt_values /opt/stack/data/venv/lib/python3.12/site-packages/oslo_config/cfg.py:3549}}[00m
2026-10-06 13:16:03.812 2043448 DEBUG oslo_service.backend._eventlet.service [req-8a6ed289-f9b1-46c5-b9c3-4dc5e45c2de5 - - - - - -] api_rate_limit                 = True [00;33m{{(pid=2043448) log_opt_values /opt/stack/data/venv/lib/python3.12/site-packages/oslo_config/cfg.py:3549}}[00m
2026-10-06 13:16:03.812 2043448 DEBUG oslo_service.backend._eventlet.service [req-8a6ed289-f9b1-46c5-b9c3-4dc5e45c2de5 - - - - - -] auth_strategy                  = keystone [00;33m{{(pid=2043448) log_opt_values /opt/stack/data/venv/lib/python3.12/site-packages/oslo_config/cfg.py:3549}}[00m
2026-10-06 13:16:03.812 2043448 DEBUG oslo_service.backend._eventlet.service [req-8a6ed289-f9b1-46c5-b9c3-4dc5e45c2de5 - - - - - -] backend_availability_zone      = None [00;33m{{(pid=2043448) log_opt_values /opt/stack/data/venv/lib/python3.12/site-packages/oslo_config/cfg.py:3549}}[00m
2026-10-06 13:16:03.812 2043448 DEBUG oslo_service.backend._eventlet.service [req-8a6ed289-f9b1-46c5-b9c3-4dc5e45c2de5 - - - - - -] backend_host                   = None [00;33m{{(pid=2043448) log_opt_values /opt/stack/data/venv/lib/python3.12/site-packages/oslo_config/cfg.py:3549}}[00m
2026-10-06 13:16:03.812 2043448 DEBUG oslo_service.backend._eventlet.service [req-8a6ed289-f9b1-46c5-b9c3-4dc5e45c2de5 - - - - - -] backend_name                   = None [00;33m{{(pid=2043448) log_opt_values /opt/stack/data/venv/lib/python3.12/site-packages/oslo_config/cfg.py:3549}}[00m
2026-10-06 13:16:03.812 2043448 DEBUG oslo_service.backend._eventlet.service [req-8a6ed289-f9b1-46c5-b9c3-4dc5e45c2de5 - - - - - -] backend_stats_polling_interval = 60 [00;33m{{(pid=2043448) log_opt_values /opt/stack/data/venv/lib/python3.12/site-packages/oslo_config/cfg.py:3549}}[00m
2026-10-06 13:16:03.812 2043448 DEBUG oslo_service.backend._eventlet.service [req-8a6ed289-f9b1-46c5-b9c3-4dc5e45c2de5 - - - - - -] backup_api_class               = cinder.backup.api.API [00;33m{{(pid=2043448) log_opt_values /opt/stack/data/venv/lib/python3.12/site-packages/oslo_config/cfg.py:3549}}[00m
2026-10-06 13:16:03.812 2043448 DEBUG oslo_service.backend._eventlet.service [req-8a6ed289-f9b1-46c5-b9c3-4dc5e45c2de5 - - - - - -] backup_manager                 = cinder.backup.manager.BackupManager [00;33m{{(pid=2043448) log_opt_values /opt/stack/data/venv/lib/python3.12/site-packages/oslo_config/cfg.py:3549}}[00m
2026-10-06 13:16:03.812 2043448 DEBUG oslo_service.backend._eventlet.service [req-8a6ed289-f9b1-46c5-b9c3-4dc5e45c2de5 - - - - - -] backup_name_template           = backup-%s [00;33m{{(pid=2043448) log_opt_values /opt/stack/data/venv/lib/python3.12/site-packages/oslo_config/cfg.py:3549}}[00m
2026-10-06 13:16:03.813 2043448 DEBUG oslo_service.backend._eventlet.service [req-8a6ed289-f9b1-46c5-b9c3-4dc5e45c2de5 - - - - - -] backup_use_same_host           = False [00;33m{{(pid=2043448) log_opt_values /opt/stack/data/venv/lib/python3.12/site-packages/oslo_config/cfg.py:3549}}[00m
2026-10-06 13:16:03.813 2043448 DEBUG oslo_service.backend._eventlet.service [req-8a6ed289-f9b1-46c5-b9c3-4dc5e45c2de5 - - - - - -] backup_use_temp_snapshot       = False [00;33m{{(pid=2043448) log_opt_values /opt/stack/data/venv/lib/python3.12/site-packages/oslo_config/cfg.py:3549}}[00m
2026-10-06 13:16:03.813 2043448 DEBUG oslo_service.backend._eventlet.service [req-8a6ed289-f9b1-46c5-b9c3-4dc5e45c2de5 - - - - - -] chap_password                  = **** [00;33m{{(pid=2043448) log_opt_values /opt/stack/data/venv/lib/python3.12/site-packages/oslo_config/cfg.py:3549}}[00m
2026-10-06 13:16:03.813 2043448 DEBUG oslo_service.backend._eventlet.service [req-8a6ed289-f9b1-46c5-b9c3-4dc5e45c2de5 - - - - - -] chap_username                  =  [00;33m{{(pid=2043448) log_opt_values /opt/stack/data/venv/lib/python3.12/site-packages/oslo_config/cfg.py:3549}}[00m
2026-10-06 13:16:03.813 2043448 DEBUG oslo_service.backend._eventlet.service [req-8a6ed289-f9b1-46c5-b9c3-4dc5e45c2de5 - - - - - -] chiscsi_conf                   = /etc/chelsio-iscsi/chiscsi.conf [00;33m{{(pid=2043448) log_opt_values /opt/stack/data/venv/lib/python3.12/site-packages/oslo_config/cfg.py:3549}}[00m
2026-10-06 13:16:03.813 2043448 DEBUG oslo_service.backend._eventlet.service [req-8a6ed289-f9b1-46c5-b9c3-4dc5e45c2de5 - - - - - -] cinder_internal_tenant_project_id = 640e862d239447faa1343e721b246765 [00;33m{{(pid=2043448) log_opt_values /opt/stack/data/venv/lib/python3.12/site-packages/oslo_config/cfg.py:3549}}[00m
2026-10-06 13:16:03.813 2043448 DEBUG oslo_service.backend._eventlet.service [req-8a6ed289-f9b1-46c5-b9c3-4dc5e45c2de5 - - - - - -] cinder_internal_tenant_user_id = 0a669a5f6b024e3686340c46db9ef220 [00;33m{{(pid=2043448) log_opt_values /opt/stack/data/venv/lib/python3.12/site-packages/oslo_config/cfg.py:3549}}[00m
2026-10-06 13:16:03.813 2043448 DEBUG oslo_service.backend._eventlet.service [req-8a6ed289-f9b1-46c5-b9c3-4dc5e45c2de5 - - - - - -] cluster                        = None [00;33m{{(pid=2043448) log_opt_values /opt/stack/data/venv/lib/python3.12/site-packages/oslo_config/cfg.py:3549}}[00m
2026-10-06 13:16:03.813 2043448 DEBUG oslo_service.backend._eventlet.service [req-8a6ed289-f9b1-46c5-b9c3-4dc5e45c2de5 - - - - - -] compression_format             = gzip [00;33m{{(pid=2043448) log_opt_values /opt/stack/data/venv/lib/python3.12/site-packages/oslo_config/cfg.py:3549}}[00m
2026-10-06 13:16:03.813 2043448 DEBUG oslo_service.backend._eventlet.service [req-8a6ed289-f9b1-46c5-b9c3-4dc5e45c2de5 - - - - - -] compute_api_class              = cinder.compute.nova.API [00;33m{{(pid=2043448) log_opt_values /opt/stack/data/venv/lib/python3.12/site-packages/oslo_config/cfg.py:3549}}[00m
2026-10-06 13:16:03.813 2043460 INFO cinder.service [-] Starting cinder-volume node (version 28.0.0)
2026-10-06 13:16:03.813 2043448 DEBUG oslo_service.backend._eventlet.service [req-8a6ed289-f9b1-46c5-b9c3-4dc5e45c2de5 - - - - - -] config_dir                     = [] [00;33m{{(pid=2043448) log_opt_values /opt/stack/data/venv/lib/python3.12/site-packages/oslo_config/cfg.py:3549}}[00m
2026-10-06 13:16:03.814 2043448 DEBUG oslo_service.backend._eventlet.service [req-8a6ed289-f9b1-46c5-b9c3-4dc5e45c2de5 - - - - - -] config_file                    = ['/etc/cinder/cinder.conf'] [00;33m{{(pid=2043448) log_opt_values /opt/stack/data/venv/lib/python3.12/site-packages/oslo_config/cfg.py:3549}}[00m
2026-10-06 13:16:03.814 2043448 DEBUG oslo_service.backend._eventlet.service [req-8a6ed289-f9b1-46c5-b9c3-4dc5e45c2de5 - - - - - -] config_source                  = [] [00;33m{{(pid=2043448) log_opt_values /opt/stack/data/venv/lib/python3.12/site-packages/oslo_config/cfg.py:3549}}[00m
2026-10-06 13:16:03.815 2043448 DEBUG oslo_service.backend._eventlet.service [req-8a6ed289-f9b1-46c5-b9c3-4dc5e45c2de5 - - - - - -] consistencygroup_api_class     = cinder.consistencygroup.api.API [00;33m{{(pid=2043448) log_opt_values /opt/stack/data/venv/lib/python3.12/site-packages/oslo_config/cfg.py:3549}}[00m
2026-10-06 13:16:03.815 2043448 DEBUG oslo_service.backend._eventlet.service [req-8a6ed289-f9b1-46c5-b9c3-4dc5e45c2de5 - - - - - -] control_exchange               = openstack [00;33m{{(pid=2043448) log_opt_values /opt/stack/data/venv/lib/python3.12/site-packages/oslo_config/cfg.py:3549}}[00m
2026-10-06 13:16:03.815 2043448 DEBUG oslo_service.backend._eventlet.service [req-8a6ed289-f9b1-46c5-b9c3-4dc5e45c2de5 - - - - - -] debug                          = True [00;33m{{(pid=2043448) log_opt_values /opt/stack/data/venv/lib/python3.12/site-packages/oslo_config/cfg.py:3549}}[00m
2026-10-06 13:16:03.815 2043448 DEBUG oslo_service.backend._eventlet.service [req-8a6ed289-f9b1-46c5-b9c3-4dc5e45c2de5 - - - - - -] default_availability_zone      = None [00;33m{{(pid=2043448) log_opt_values /opt/stack/data/venv/lib/python3.12/site-packages/oslo_config/cfg.py:3549}}[00m
2026-10-06 13:16:03.815 2043448 DEBUG oslo_service.backend._eventlet.service [req-8a6ed289-f9b1-46c5-b9c3-4dc5e45c2de5 - - - - - -] default_group_type             = None [00;33m{{(pid=2043448) log_opt_values /opt/stack/data/venv/lib/python3.12/site-packages/oslo_config/cfg.py:3549}}[00m
2026-10-06 13:16:03.815 2043448 DEBUG oslo_service.backend._eventlet.service [req-8a6ed289-f9b1-46c5-b9c3-4dc5e45c2de5 - - - - - -] default_log_levels             = ['amqp=WARN', 'boto=WARN', 'sqlalchemy=WARN', 'suds=INFO', 'oslo.messaging=INFO', 'oslo_messaging=INFO', 'iso8601=WARN', 'requests.packages.urllib3.connectionpool=WARN', 'urllib3.connectionpool=WARN', 'websocket=WARN', 'requests.packages.urllib3.util.retry=WARN', 'urllib3.util.retry=WARN', 'keystonemiddleware=WARN', 'routes.middleware=WARN', 'stevedore=WARN', 'taskflow=WARN', 'keystoneauth=WARN', 'oslo.cache=INFO', 'oslo_policy=INFO', 'dogpile.core.dogpile=INFO'] [00;33m{{(pid=2043448) log_opt_values /opt/stack/data/venv/lib/python3.12/site-packages/oslo_config/cfg.py:3549}}[00m
2026-10-06 13:16:03.815 2043448 DEBUG oslo_service.backend._eventlet.service [req-8a6ed289-f9b1-46c5-b9c3-4dc5e45c2de5 - - - - - -] default_volume_type            = hitachi [00;33m{{(pid=2043448) log_opt_values /opt/stack/data/venv/lib/python3.12/site-packages/oslo_config/cfg.py:3549}}[00m
2026-10-06 13:16:03.815 2043448 DEBUG oslo_service.backend._eventlet.service [req-8a6ed289-f9b1-46c5-b9c3-4dc5e45c2de5 - - - - - -] disk_geometry                  = None [00;33m{{(pid=2043448) log_opt_values /opt/stack/data/venv/lib/python3.12/site-packages/oslo_config/cfg.py:3549}}[00m
2026-10-06 13:16:03.815 2043448 DEBUG oslo_service.backend._eventlet.service [req-8a6ed289-f9b1-46c5-b9c3-4dc5e45c2de5 - - - - - -] driver_client_cert             = None [00;33m{{(pid=2043448) log_opt_values /opt/stack/data/venv/lib/python3.12/site-packages/oslo_config/cfg.py:3549}}[00m
2026-10-06 13:16:03.815 2043448 DEBUG oslo_service.backend._eventlet.service [req-8a6ed289-f9b1-46c5-b9c3-4dc5e45c2de5 - - - - - -] driver_client_cert_key         = None [00;33m{{(pid=2043448) log_opt_values /opt/stack/data/venv/lib/python3.12/site-packages/oslo_config/cfg.py:3549}}[00m
2026-10-06 13:16:03.815 2043448 DEBUG oslo_service.backend._eventlet.service [req-8a6ed289-f9b1-46c5-b9c3-4dc5e45c2de5 - - - - - -] driver_data_namespace          = None [00;33m{{(pid=2043448) log_opt_values /opt/stack/data/venv/lib/python3.12/site-packages/oslo_config/cfg.py:3549}}[00m
2026-10-06 13:16:03.816 2043448 DEBUG oslo_service.backend._eventlet.service [req-8a6ed289-f9b1-46c5-b9c3-4dc5e45c2de5 - - - - - -] driver_ssl_cert_path           = None [00;33m{{(pid=2043448) log_opt_values /opt/stack/data/venv/lib/python3.12/site-packages/oslo_config/cfg.py:3549}}[00m
2026-10-06 13:16:03.816 2043448 DEBUG oslo_service.backend._eventlet.service [req-8a6ed289-f9b1-46c5-b9c3-4dc5e45c2de5 - - - - - -] driver_ssl_cert_verify         = False [00;33m{{(pid=2043448) log_opt_values /opt/stack/data/venv/lib/python3.12/site-packages/oslo_config/cfg.py:3549}}[00m
2026-10-06 13:16:03.816 2043448 DEBUG oslo_service.backend._eventlet.service [req-8a6ed289-f9b1-46c5-b9c3-4dc5e45c2de5 - - - - - -] driver_use_ssl                 = False [00;33m{{(pid=2043448) log_opt_values /opt/stack/data/venv/lib/python3.12/site-packages/oslo_config/cfg.py:3549}}[00m
2026-10-06 13:16:03.816 2043448 DEBUG oslo_service.backend._eventlet.service [req-8a6ed289-f9b1-46c5-b9c3-4dc5e45c2de5 - - - - - -] enable_new_services            = True [00;33m{{(pid=2043448) log_opt_values /opt/stack/data/venv/lib/python3.12/site-packages/oslo_config/cfg.py:3549}}[00m
2026-10-06 13:16:03.816 2043448 DEBUG oslo_service.backend._eventlet.service [req-8a6ed289-f9b1-46c5-b9c3-4dc5e45c2de5 - - - - - -] enable_unsupported_driver      = False [00;33m{{(pid=2043448) log_opt_values /opt/stack/data/venv/lib/python3.12/site-packages/oslo_config/cfg.py:3549}}[00m
2026-10-06 13:16:03.816 2043448 DEBUG oslo_service.backend._eventlet.service [req-8a6ed289-f9b1-46c5-b9c3-4dc5e45c2de5 - - - - - -] enabled_backends               = ['hitachi'] [00;33m{{(pid=2043448) log_opt_values /opt/stack/data/venv/lib/python3.12/site-packages/oslo_config/cfg.py:3549}}[00m
2026-10-06 13:16:03.816 2043448 DEBUG oslo_service.backend._eventlet.service [req-8a6ed289-f9b1-46c5-b9c3-4dc5e45c2de5 - - - - - -] enforce_multipath_for_image_xfer = False [00;33m{{(pid=2043448) log_opt_values /opt/stack/data/venv/lib/python3.12/site-packages/oslo_config/cfg.py:3549}}[00m
2026-10-06 13:16:03.816 2043448 DEBUG oslo_service.backend._eventlet.service [req-8a6ed289-f9b1-46c5-b9c3-4dc5e45c2de5 - - - - - -] filter_function                = None [00;33m{{(pid=2043448) log_opt_values /opt/stack/data/venv/lib/python3.12/site-packages/oslo_config/cfg.py:3549}}[00m
2026-10-06 13:16:03.816 2043448 DEBUG oslo_service.backend._eventlet.service [req-8a6ed289-f9b1-46c5-b9c3-4dc5e45c2de5 - - - - - -] glance_api_insecure            = False [00;33m{{(pid=2043448) log_opt_values /opt/stack/data/venv/lib/python3.12/site-packages/oslo_config/cfg.py:3549}}[00m
2026-10-06 13:16:03.816 2043448 DEBUG oslo_service.backend._eventlet.service [req-8a6ed289-f9b1-46c5-b9c3-4dc5e45c2de5 - - - - - -] glance_api_servers             = ['http://172.25.92.210/image'] [00;33m{{(pid=2043448) log_opt_values /opt/stack/data/venv/lib/python3.12/site-packages/oslo_config/cfg.py:3549}}[00m
2026-10-06 13:16:03.816 2043448 DEBUG oslo_service.backend._eventlet.service [req-8a6ed289-f9b1-46c5-b9c3-4dc5e45c2de5 - - - - - -] glance_api_ssl_compression     = False [00;33m{{(pid=2043448) log_opt_values /opt/stack/data/venv/lib/python3.12/site-packages/oslo_config/cfg.py:3549}}[00m
2026-10-06 13:16:03.816 2043448 DEBUG oslo_service.backend._eventlet.service [req-8a6ed289-f9b1-46c5-b9c3-4dc5e45c2de5 - - - - - -] glance_ca_certificates_file    = None [00;33m{{(pid=2043448) log_opt_values /opt/stack/data/venv/lib/python3.12/site-packages/oslo_config/cfg.py:3549}}[00m
2026-10-06 13:16:03.817 2043448 DEBUG oslo_service.backend._eventlet.service [req-8a6ed289-f9b1-46c5-b9c3-4dc5e45c2de5 - - - - - -] glance_catalog_info            = image:glance:publicURL [00;33m{{(pid=2043448) log_opt_values /opt/stack/data/venv/lib/python3.12/site-packages/oslo_config/cfg.py:3549}}[00m
2026-10-06 13:16:03.817 2043448 DEBUG oslo_service.backend._eventlet.service [req-8a6ed289-f9b1-46c5-b9c3-4dc5e45c2de5 - - - - - -] glance_certfile                = None [00;33m{{(pid=2043448) log_opt_values /opt/stack/data/venv/lib/python3.12/site-packages/oslo_config/cfg.py:3549}}[00m
2026-10-06 13:16:03.817 2043448 DEBUG oslo_service.backend._eventlet.service [req-8a6ed289-f9b1-46c5-b9c3-4dc5e45c2de5 - - - - - -] glance_core_properties         = ['checksum', 'container_format', 'disk_format', 'image_name', 'image_id', 'min_disk', 'min_ram', 'name', 'size'] [00;33m{{(pid=2043448) log_opt_values /opt/stack/data/venv/lib/python3.12/site-packages/oslo_config/cfg.py:3549}}[00m
2026-10-06 13:16:03.817 2043448 DEBUG oslo_service.backend._eventlet.service [req-8a6ed289-f9b1-46c5-b9c3-4dc5e45c2de5 - - - - - -] glance_keyfile                 = None [00;33m{{(pid=2043448) log_opt_values /opt/stack/data/venv/lib/python3.12/site-packages/oslo_config/cfg.py:3549}}[00m
2026-10-06 13:16:03.817 2043448 DEBUG oslo_service.backend._eventlet.service [req-8a6ed289-f9b1-46c5-b9c3-4dc5e45c2de5 - - - - - -] glance_num_retries             = 3 [00;33m{{(pid=2043448) log_opt_values /opt/stack/data/venv/lib/python3.12/site-packages/oslo_config/cfg.py:3549}}[00m
2026-10-06 13:16:03.817 2043448 DEBUG oslo_service.backend._eventlet.service [req-8a6ed289-f9b1-46c5-b9c3-4dc5e45c2de5 - - - - - -] glance_request_timeout         = None [00;33m{{(pid=2043448) log_opt_values /opt/stack/data/venv/lib/python3.12/site-packages/oslo_config/cfg.py:3549}}[00m
2026-10-06 13:16:03.817 2043448 DEBUG oslo_service.backend._eventlet.service [req-8a6ed289-f9b1-46c5-b9c3-4dc5e45c2de5 - - - - - -] goodness_function              = None [00;33m{{(pid=2043448) log_opt_values /opt/stack/data/venv/lib/python3.12/site-packages/oslo_config/cfg.py:3549}}[00m
2026-10-06 13:16:03.817 2043448 DEBUG oslo_service.backend._eventlet.service [req-8a6ed289-f9b1-46c5-b9c3-4dc5e45c2de5 - - - - - -] graceful_shutdown_timeout      = 5 [00;33m{{(pid=2043448) log_opt_values /opt/stack/data/venv/lib/python3.12/site-packages/oslo_config/cfg.py:3549}}[00m
2026-10-06 13:16:03.817 2043448 DEBUG oslo_service.backend._eventlet.service [req-8a6ed289-f9b1-46c5-b9c3-4dc5e45c2de5 - - - - - -] group_api_class                = cinder.group.api.API [00;33m{{(pid=2043448) log_opt_values /opt/stack/data/venv/lib/python3.12/site-packages/oslo_config/cfg.py:3549}}[00m
2026-10-06 13:16:03.817 2043448 DEBUG oslo_service.backend._eventlet.service [req-8a6ed289-f9b1-46c5-b9c3-4dc5e45c2de5 - - - - - -] hitachi_mirror_auth_password   = **** [00;33m{{(pid=2043448) log_opt_values /opt/stack/data/venv/lib/python3.12/site-packages/oslo_config/cfg.py:3549}}[00m
2026-10-06 13:16:03.817 2043448 DEBUG oslo_service.backend._eventlet.service [req-8a6ed289-f9b1-46c5-b9c3-4dc5e45c2de5 - - - - - -] hitachi_mirror_auth_user       = None [00;33m{{(pid=2043448) log_opt_values /opt/stack/data/venv/lib/python3.12/site-packages/oslo_config/cfg.py:3549}}[00m
2026-10-06 13:16:03.817 2043448 DEBUG oslo_service.backend._eventlet.service [req-8a6ed289-f9b1-46c5-b9c3-4dc5e45c2de5 - - - - - -] hitachi_mirror_compute_target_ports = [] [00;33m{{(pid=2043448) log_opt_values /opt/stack/data/venv/lib/python3.12/site-packages/oslo_config/cfg.py:3549}}[00m
2026-10-06 13:16:03.818 2043448 DEBUG oslo_service.backend._eventlet.service [req-8a6ed289-f9b1-46c5-b9c3-4dc5e45c2de5 - - - - - -] hitachi_mirror_ldev_range      = None [00;33m{{(pid=2043448) log_opt_values /opt/stack/data/venv/lib/python3.12/site-packages/oslo_config/cfg.py:3549}}[00m
2026-10-06 13:16:03.818 2043448 DEBUG oslo_service.backend._eventlet.service [req-8a6ed289-f9b1-46c5-b9c3-4dc5e45c2de5 - - - - - -] hitachi_mirror_pair_target_number = 0 [00;33m{{(pid=2043448) log_opt_values /opt/stack/data/venv/lib/python3.12/site-packages/oslo_config/cfg.py:3549}}[00m
2026-10-06 13:16:03.818 2043448 DEBUG oslo_service.backend._eventlet.service [req-8a6ed289-f9b1-46c5-b9c3-4dc5e45c2de5 - - - - - -] hitachi_mirror_pool            = None [00;33m{{(pid=2043448) log_opt_values /opt/stack/data/venv/lib/python3.12/site-packages/oslo_config/cfg.py:3549}}[00m
2026-10-06 13:16:03.818 2043448 DEBUG oslo_service.backend._eventlet.service [req-8a6ed289-f9b1-46c5-b9c3-4dc5e45c2de5 - - - - - -] hitachi_mirror_rest_api_ip     = None [00;33m{{(pid=2043448) log_opt_values /opt/stack/data/venv/lib/python3.12/site-packages/oslo_config/cfg.py:3549}}[00m
2026-10-06 13:16:03.818 2043448 DEBUG oslo_service.backend._eventlet.service [req-8a6ed289-f9b1-46c5-b9c3-4dc5e45c2de5 - - - - - -] hitachi_mirror_rest_api_port   = 443 [00;33m{{(pid=2043448) log_opt_values /opt/stack/data/venv/lib/python3.12/site-packages/oslo_config/cfg.py:3549}}[00m
2026-10-06 13:16:03.818 2043448 DEBUG oslo_service.backend._eventlet.service [req-8a6ed289-f9b1-46c5-b9c3-4dc5e45c2de5 - - - - - -] hitachi_mirror_rest_pair_target_ports = [] [00;33m{{(pid=2043448) log_opt_values /opt/stack/data/venv/lib/python3.12/site-packages/oslo_config/cfg.py:3549}}[00m
2026-10-06 13:16:03.818 2043448 DEBUG oslo_service.backend._eventlet.service [req-8a6ed289-f9b1-46c5-b9c3-4dc5e45c2de5 - - - - - -] hitachi_mirror_rest_password   = **** [00;33m{{(pid=2043448) log_opt_values /opt/stack/data/venv/lib/python3.12/site-packages/oslo_config/cfg.py:3549}}[00m
2026-10-06 13:16:03.818 2043448 DEBUG oslo_service.backend._eventlet.service [req-8a6ed289-f9b1-46c5-b9c3-4dc5e45c2de5 - - - - - -] hitachi_mirror_rest_user       = None [00;33m{{(pid=2043448) log_opt_values /opt/stack/data/venv/lib/python3.12/site-packages/oslo_config/cfg.py:3549}}[00m
2026-10-06 13:16:03.818 2043448 DEBUG oslo_service.backend._eventlet.service [req-8a6ed289-f9b1-46c5-b9c3-4dc5e45c2de5 - - - - - -] hitachi_mirror_snap_pool       = None [00;33m{{(pid=2043448) log_opt_values /opt/stack/data/venv/lib/python3.12/site-packages/oslo_config/cfg.py:3549}}[00m
2026-10-06 13:16:03.818 2043448 DEBUG oslo_service.backend._eventlet.service [req-8a6ed289-f9b1-46c5-b9c3-4dc5e45c2de5 - - - - - -] hitachi_mirror_ssl_cert_path   = None [00;33m{{(pid=2043448) log_opt_values /opt/stack/data/venv/lib/python3.12/site-packages/oslo_config/cfg.py:3549}}[00m
2026-10-06 13:16:03.818 2043448 DEBUG oslo_service.backend._eventlet.service [req-8a6ed289-f9b1-46c5-b9c3-4dc5e45c2de5 - - - - - -] hitachi_mirror_ssl_cert_verify = False [00;33m{{(pid=2043448) log_opt_values /opt/stack/data/venv/lib/python3.12/site-packages/oslo_config/cfg.py:3549}}[00m
2026-10-06 13:16:03.818 2043448 DEBUG oslo_service.backend._eventlet.service [req-8a6ed289-f9b1-46c5-b9c3-4dc5e45c2de5 - - - - - -] hitachi_mirror_storage_id      = None [00;33m{{(pid=2043448) log_opt_values /opt/stack/data/venv/lib/python3.12/site-packages/oslo_config/cfg.py:3549}}[00m
2026-10-06 13:16:03.818 2043448 DEBUG oslo_service.backend._eventlet.service [req-8a6ed289-f9b1-46c5-b9c3-4dc5e45c2de5 - - - - - -] hitachi_mirror_target_ports    = [] [00;33m{{(pid=2043448) log_opt_values /opt/stack/data/venv/lib/python3.12/site-packages/oslo_config/cfg.py:3549}}[00m
2026-10-06 13:16:03.819 2043448 DEBUG oslo_service.backend._eventlet.service [req-8a6ed289-f9b1-46c5-b9c3-4dc5e45c2de5 - - - - - -] hitachi_mirror_use_chap_auth   = False [00;33m{{(pid=2043448) log_opt_values /opt/stack/data/venv/lib/python3.12/site-packages/oslo_config/cfg.py:3549}}[00m
2026-10-06 13:16:03.819 2043448 DEBUG oslo_service.backend._eventlet.service [req-8a6ed289-f9b1-46c5-b9c3-4dc5e45c2de5 - - - - - -] hitachi_path_group_id          = 0 [00;33m{{(pid=2043448) log_opt_values /opt/stack/data/venv/lib/python3.12/site-packages/oslo_config/cfg.py:3549}}[00m
2026-10-06 13:16:03.819 2043448 DEBUG oslo_service.backend._eventlet.service [req-8a6ed289-f9b1-46c5-b9c3-4dc5e45c2de5 - - - - - -] hitachi_quorum_disk_id         = None [00;33m{{(pid=2043448) log_opt_values /opt/stack/data/venv/lib/python3.12/site-packages/oslo_config/cfg.py:3549}}[00m
2026-10-06 13:16:03.819 2043448 DEBUG oslo_service.backend._eventlet.service [req-8a6ed289-f9b1-46c5-b9c3-4dc5e45c2de5 - - - - - -] hitachi_replication_copy_speed = 3 [00;33m{{(pid=2043448) log_opt_values /opt/stack/data/venv/lib/python3.12/site-packages/oslo_config/cfg.py:3549}}[00m
2026-10-06 13:16:03.819 2043448 DEBUG oslo_service.backend._eventlet.service [req-8a6ed289-f9b1-46c5-b9c3-4dc5e45c2de5 - - - - - -] hitachi_replication_journal_creation_speed = L [00;33m{{(pid=2043448) log_opt_values /opt/stack/data/venv/lib/python3.12/site-packages/oslo_config/cfg.py:3549}}[00m
2026-10-06 13:16:03.819 2043448 DEBUG oslo_service.backend._eventlet.service [req-8a6ed289-f9b1-46c5-b9c3-4dc5e45c2de5 - - - - - -] hitachi_replication_journal_overflow_tolerance = 60 [00;33m{{(pid=2043448) log_opt_values /opt/stack/data/venv/lib/python3.12/site-packages/oslo_config/cfg.py:3549}}[00m
2026-10-06 13:16:03.819 2043448 DEBUG oslo_service.backend._eventlet.service [req-8a6ed289-f9b1-46c5-b9c3-4dc5e45c2de5 - - - - - -] hitachi_replication_journal_path_failure_tolerance = 5 [00;33m{{(pid=2043448) log_opt_values /opt/stack/data/venv/lib/python3.12/site-packages/oslo_config/cfg.py:3549}}[00m
2026-10-06 13:16:03.819 2043448 DEBUG oslo_service.backend._eventlet.service [req-8a6ed289-f9b1-46c5-b9c3-4dc5e45c2de5 - - - - - -] hitachi_replication_journal_size = None [00;33m{{(pid=2043448) log_opt_values /opt/stack/data/venv/lib/python3.12/site-packages/oslo_config/cfg.py:3549}}[00m
2026-10-06 13:16:03.819 2043448 DEBUG oslo_service.backend._eventlet.service [req-8a6ed289-f9b1-46c5-b9c3-4dc5e45c2de5 - - - - - -] hitachi_replication_journal_transfer_speed = 256 [00;33m{{(pid=2043448) log_opt_values /opt/stack/data/venv/lib/python3.12/site-packages/oslo_config/cfg.py:3549}}[00m
2026-10-06 13:16:03.819 2043448 DEBUG oslo_service.backend._eventlet.service [req-8a6ed289-f9b1-46c5-b9c3-4dc5e45c2de5 - - - - - -] hitachi_replication_journal_use_cache = True [00;33m{{(pid=2043448) log_opt_values /opt/stack/data/venv/lib/python3.12/site-packages/oslo_config/cfg.py:3549}}[00m
2026-10-06 13:16:03.819 2043448 DEBUG oslo_service.backend._eventlet.service [req-8a6ed289-f9b1-46c5-b9c3-4dc5e45c2de5 - - - - - -] hitachi_replication_mun        = 1 [00;33m{{(pid=2043448) log_opt_values /opt/stack/data/venv/lib/python3.12/site-packages/oslo_config/cfg.py:3549}}[00m
2026-10-06 13:16:03.819 2043448 DEBUG oslo_service.backend._eventlet.service [req-8a6ed289-f9b1-46c5-b9c3-4dc5e45c2de5 - - - - - -] hitachi_replication_number     = 0 [00;33m{{(pid=2043448) log_opt_values /opt/stack/data/venv/lib/python3.12/site-packages/oslo_config/cfg.py:3549}}[00m
2026-10-06 13:16:03.820 2043448 DEBUG oslo_service.backend._eventlet.service [req-8a6ed289-f9b1-46c5-b9c3-4dc5e45c2de5 - - - - - -] hitachi_replication_status_check_long_interval = 600 [00;33m{{(pid=2043448) log_opt_values /opt/stack/data/venv/lib/python3.12/site-packages/oslo_config/cfg.py:3549}}[00m
2026-10-06 13:16:03.820 2043448 DEBUG oslo_service.backend._eventlet.service [req-8a6ed289-f9b1-46c5-b9c3-4dc5e45c2de5 - - - - - -] hitachi_replication_status_check_short_interval = 5 [00;33m{{(pid=2043448) log_opt_values /opt/stack/data/venv/lib/python3.12/site-packages/oslo_config/cfg.py:3549}}[00m
2026-10-06 13:16:03.820 2043448 DEBUG oslo_service.backend._eventlet.service [req-8a6ed289-f9b1-46c5-b9c3-4dc5e45c2de5 - - - - - -] hitachi_replication_status_check_timeout = 86400 [00;33m{{(pid=2043448) log_opt_values /opt/stack/data/venv/lib/python3.12/site-packages/oslo_config/cfg.py:3549}}[00m
2026-10-06 13:16:03.820 2043448 DEBUG oslo_service.backend._eventlet.service [req-8a6ed289-f9b1-46c5-b9c3-4dc5e45c2de5 - - - - - -] hitachi_set_mirror_reserve_attribute = True [00;33m{{(pid=2043448) log_opt_values /opt/stack/data/venv/lib/python3.12/site-packages/oslo_config/cfg.py:3549}}[00m
2026-10-06 13:16:03.820 2043448 DEBUG oslo_service.backend._eventlet.service [req-8a6ed289-f9b1-46c5-b9c3-4dc5e45c2de5 - - - - - -] host                           = devstack-92-210 [00;33m{{(pid=2043448) log_opt_values /opt/stack/data/venv/lib/python3.12/site-packages/oslo_config/cfg.py:3549}}[00m
2026-10-06 13:16:03.820 2043448 DEBUG oslo_service.backend._eventlet.service [req-8a6ed289-f9b1-46c5-b9c3-4dc5e45c2de5 - - - - - -] image_compress_on_upload       = True [00;33m{{(pid=2043448) log_opt_values /opt/stack/data/venv/lib/python3.12/site-packages/oslo_config/cfg.py:3549}}[00m
2026-10-06 13:16:03.820 2043448 DEBUG oslo_service.backend._eventlet.service [req-8a6ed289-f9b1-46c5-b9c3-4dc5e45c2de5 - - - - - -] image_conversion_address_space_limit = 1 [00;33m{{(pid=2043448) log_opt_values /opt/stack/data/venv/lib/python3.12/site-packages/oslo_config/cfg.py:3549}}[00m
2026-10-06 13:16:03.820 2043448 DEBUG oslo_service.backend._eventlet.service [req-8a6ed289-f9b1-46c5-b9c3-4dc5e45c2de5 - - - - - -] image_conversion_cpu_limit     = 60 [00;33m{{(pid=2043448) log_opt_values /opt/stack/data/venv/lib/python3.12/site-packages/oslo_config/cfg.py:3549}}[00m
2026-10-06 13:16:03.820 2043448 DEBUG oslo_service.backend._eventlet.service [req-8a6ed289-f9b1-46c5-b9c3-4dc5e45c2de5 - - - - - -] image_conversion_dir           = /opt/stack/data/cinder/conversion [00;33m{{(pid=2043448) log_opt_values /opt/stack/data/venv/lib/python3.12/site-packages/oslo_config/cfg.py:3549}}[00m
2026-10-06 13:16:03.820 2043448 DEBUG oslo_service.backend._eventlet.service [req-8a6ed289-f9b1-46c5-b9c3-4dc5e45c2de5 - - - - - -] image_conversion_disable       = False [00;33m{{(pid=2043448) log_opt_values /opt/stack/data/venv/lib/python3.12/site-packages/oslo_config/cfg.py:3549}}[00m
2026-10-06 13:16:03.821 2043448 DEBUG oslo_service.backend._eventlet.service [req-8a6ed289-f9b1-46c5-b9c3-4dc5e45c2de5 - - - - - -] image_upload_use_cinder_backend = False [00;33m{{(pid=2043448) log_opt_values /opt/stack/data/venv/lib/python3.12/site-packages/oslo_config/cfg.py:3549}}[00m
2026-10-06 13:16:03.821 2043448 DEBUG oslo_service.backend._eventlet.service [req-8a6ed289-f9b1-46c5-b9c3-4dc5e45c2de5 - - - - - -] image_upload_use_internal_tenant = False [00;33m{{(pid=2043448) log_opt_values /opt/stack/data/venv/lib/python3.12/site-packages/oslo_config/cfg.py:3549}}[00m
2026-10-06 13:16:03.821 2043448 DEBUG oslo_service.backend._eventlet.service [req-8a6ed289-f9b1-46c5-b9c3-4dc5e45c2de5 - - - - - -] image_volume_cache_enabled     = False [00;33m{{(pid=2043448) log_opt_values /opt/stack/data/venv/lib/python3.12/site-packages/oslo_config/cfg.py:3549}}[00m
2026-10-06 13:16:03.821 2043448 DEBUG oslo_service.backend._eventlet.service [req-8a6ed289-f9b1-46c5-b9c3-4dc5e45c2de5 - - - - - -] image_volume_cache_max_count   = 0 [00;33m{{(pid=2043448) log_opt_values /opt/stack/data/venv/lib/python3.12/site-packages/oslo_config/cfg.py:3549}}[00m
2026-10-06 13:16:03.821 2043448 DEBUG oslo_service.backend._eventlet.service [req-8a6ed289-f9b1-46c5-b9c3-4dc5e45c2de5 - - - - - -] image_volume_cache_max_size_gb = 0 [00;33m{{(pid=2043448) log_opt_values /opt/stack/data/venv/lib/python3.12/site-packages/oslo_config/cfg.py:3549}}[00m
2026-10-06 13:16:03.821 2043448 DEBUG oslo_service.backend._eventlet.service [req-8a6ed289-f9b1-46c5-b9c3-4dc5e45c2de5 - - - - - -] init_host_max_objects_retrieval = 0 [00;33m{{(pid=2043448) log_opt_values /opt/stack/data/venv/lib/python3.12/site-packages/oslo_config/cfg.py:3549}}[00m
2026-10-06 13:16:03.821 2043448 DEBUG oslo_service.backend._eventlet.service [req-8a6ed289-f9b1-46c5-b9c3-4dc5e45c2de5 - - - - - -] instance_format                = [instance: %(uuid)s]  [00;33m{{(pid=2043448) log_opt_values /opt/stack/data/venv/lib/python3.12/site-packages/oslo_config/cfg.py:3549}}[00m
2026-10-06 13:16:03.821 2043448 DEBUG oslo_service.backend._eventlet.service [req-8a6ed289-f9b1-46c5-b9c3-4dc5e45c2de5 - - - - - -] instance_uuid_format           = [instance: %(uuid)s]  [00;33m{{(pid=2043448) log_opt_values /opt/stack/data/venv/lib/python3.12/site-packages/oslo_config/cfg.py:3549}}[00m
2026-10-06 13:16:03.821 2043448 DEBUG oslo_service.backend._eventlet.service [req-8a6ed289-f9b1-46c5-b9c3-4dc5e45c2de5 - - - - - -] iscsi_target_flags             =  [00;33m{{(pid=2043448) log_opt_values /opt/stack/data/venv/lib/python3.12/site-packages/oslo_config/cfg.py:3549}}[00m
2026-10-06 13:16:03.821 2043448 DEBUG oslo_service.backend._eventlet.service [req-8a6ed289-f9b1-46c5-b9c3-4dc5e45c2de5 - - - - - -] iscsi_write_cache              = on [00;33m{{(pid=2043448) log_opt_values /opt/stack/data/venv/lib/python3.12/site-packages/oslo_config/cfg.py:3549}}[00m
2026-10-06 13:16:03.821 2043448 DEBUG oslo_service.backend._eventlet.service [req-8a6ed289-f9b1-46c5-b9c3-4dc5e45c2de5 - - - - - -] iser_helper                    = tgtadm [00;33m{{(pid=2043448) log_opt_values /opt/stack/data/venv/lib/python3.12/site-packages/oslo_config/cfg.py:3549}}[00m
2026-10-06 13:16:03.822 2043448 DEBUG oslo_service.backend._eventlet.service [req-8a6ed289-f9b1-46c5-b9c3-4dc5e45c2de5 - - - - - -] iser_ip_address                = 172.25.92.210 [00;33m{{(pid=2043448) log_opt_values /opt/stack/data/venv/lib/python3.12/site-packages/oslo_config/cfg.py:3549}}[00m
2026-10-06 13:16:03.822 2043448 DEBUG oslo_service.backend._eventlet.service [req-8a6ed289-f9b1-46c5-b9c3-4dc5e45c2de5 - - - - - -] iser_port                      = 3260 [00;33m{{(pid=2043448) log_opt_values /opt/stack/data/venv/lib/python3.12/site-packages/oslo_config/cfg.py:3549}}[00m
2026-10-06 13:16:03.822 2043448 DEBUG oslo_service.backend._eventlet.service [req-8a6ed289-f9b1-46c5-b9c3-4dc5e45c2de5 - - - - - -] iser_target_prefix             = iqn.2010-10.org.openstack: [00;33m{{(pid=2043448) log_opt_values /opt/stack/data/venv/lib/python3.12/site-packages/oslo_config/cfg.py:3549}}[00m
2026-10-06 13:16:03.822 2043448 DEBUG oslo_service.backend._eventlet.service [req-8a6ed289-f9b1-46c5-b9c3-4dc5e45c2de5 - - - - - -] log_color                      = False [00;33m{{(pid=2043448) log_opt_values /opt/stack/data/venv/lib/python3.12/site-packages/oslo_config/cfg.py:3549}}[00m
2026-10-06 13:16:03.822 2043448 DEBUG oslo_service.backend._eventlet.service [req-8a6ed289-f9b1-46c5-b9c3-4dc5e45c2de5 - - - - - -] log_config_append              = None [00;33m{{(pid=2043448) log_opt_values /opt/stack/data/venv/lib/python3.12/site-packages/oslo_config/cfg.py:3549}}[00m
2026-10-06 13:16:03.822 2043448 DEBUG oslo_service.backend._eventlet.service [req-8a6ed289-f9b1-46c5-b9c3-4dc5e45c2de5 - - - - - -] log_date_format                = %Y-%m-%d %H:%M:%S [00;33m{{(pid=2043448) log_opt_values /opt/stack/data/venv/lib/python3.12/site-packages/oslo_config/cfg.py:3549}}[00m
2026-10-06 13:16:03.822 2043448 DEBUG oslo_service.backend._eventlet.service [req-8a6ed289-f9b1-46c5-b9c3-4dc5e45c2de5 - - - - - -] log_dir                        = /var/log/cinder [00;33m{{(pid=2043448) log_opt_values /opt/stack/data/venv/lib/python3.12/site-packages/oslo_config/cfg.py:3549}}[00m
2026-10-06 13:16:03.822 2043448 DEBUG oslo_service.backend._eventlet.service [req-8a6ed289-f9b1-46c5-b9c3-4dc5e45c2de5 - - - - - -] log_file                       = None [00;33m{{(pid=2043448) log_opt_values /opt/stack/data/venv/lib/python3.12/site-packages/oslo_config/cfg.py:3549}}[00m
2026-10-06 13:16:03.822 2043448 DEBUG oslo_service.backend._eventlet.service [req-8a6ed289-f9b1-46c5-b9c3-4dc5e45c2de5 - - - - - -] log_options                    = True [00;33m{{(pid=2043448) log_opt_values /opt/stack/data/venv/lib/python3.12/site-packages/oslo_config/cfg.py:3549}}[00m
2026-10-06 13:16:03.822 2043448 DEBUG oslo_service.backend._eventlet.service [req-8a6ed289-f9b1-46c5-b9c3-4dc5e45c2de5 - - - - - -] log_rotate_interval            = 1 [00;33m{{(pid=2043448) log_opt_values /opt/stack/data/venv/lib/python3.12/site-packages/oslo_config/cfg.py:3549}}[00m
2026-10-06 13:16:03.822 2043448 DEBUG oslo_service.backend._eventlet.service [req-8a6ed289-f9b1-46c5-b9c3-4dc5e45c2de5 - - - - - -] log_rotate_interval_type       = days [00;33m{{(pid=2043448) log_opt_values /opt/stack/data/venv/lib/python3.12/site-packages/oslo_config/cfg.py:3549}}[00m
2026-10-06 13:16:03.822 2043448 DEBUG oslo_service.backend._eventlet.service [req-8a6ed289-f9b1-46c5-b9c3-4dc5e45c2de5 - - - - - -] log_rotation_type              = none [00;33m{{(pid=2043448) log_opt_values /opt/stack/data/venv/lib/python3.12/site-packages/oslo_config/cfg.py:3549}}[00m
2026-10-06 13:16:03.822 2043448 DEBUG oslo_service.backend._eventlet.service [req-8a6ed289-f9b1-46c5-b9c3-4dc5e45c2de5 - - - - - -] logging_context_format_string  = %(asctime)s.%(msecs)03d %(process)d %(levelname)s %(name)s [%(request_id)s %(user_identity)s] %(instance)s%(message)s [00;33m{{(pid=2043448) log_opt_values /opt/stack/data/venv/lib/python3.12/site-packages/oslo_config/cfg.py:3549}}[00m
2026-10-06 13:16:03.823 2043448 DEBUG oslo_service.backend._eventlet.service [req-8a6ed289-f9b1-46c5-b9c3-4dc5e45c2de5 - - - - - -] logging_debug_format_suffix    = [00;33m{{(pid=%(process)d) %(funcName)s %(pathname)s:%(lineno)d}}[00m [00;33m{{(pid=2043448) log_opt_values /opt/stack/data/venv/lib/python3.12/site-packages/oslo_config/cfg.py:3549}}[00m
2026-10-06 13:16:03.823 2043448 DEBUG oslo_service.backend._eventlet.service [req-8a6ed289-f9b1-46c5-b9c3-4dc5e45c2de5 - - - - - -] logging_default_format_string  = %(asctime)s.%(msecs)03d %(process)d %(levelname)s %(name)s [-] %(instance)s%(message)s [00;33m{{(pid=2043448) log_opt_values /opt/stack/data/venv/lib/python3.12/site-packages/oslo_config/cfg.py:3549}}[00m
2026-10-06 13:16:03.823 2043448 DEBUG oslo_service.backend._eventlet.service [req-8a6ed289-f9b1-46c5-b9c3-4dc5e45c2de5 - - - - - -] logging_exception_prefix       = ERROR %(name)s [01;35m%(instance)s[00m [00;33m{{(pid=2043448) log_opt_values /opt/stack/data/venv/lib/python3.12/site-packages/oslo_config/cfg.py:3549}}[00m
2026-10-06 13:16:03.823 2043448 DEBUG oslo_service.backend._eventlet.service [req-8a6ed289-f9b1-46c5-b9c3-4dc5e45c2de5 - - - - - -] logging_user_identity_format   = %(user)s %(project)s %(domain)s %(system_scope)s %(user_domain)s %(project_domain)s [00;33m{{(pid=2043448) log_opt_values /opt/stack/data/venv/lib/python3.12/site-packages/oslo_config/cfg.py:3549}}[00m
2026-10-06 13:16:03.823 2043448 DEBUG oslo_service.backend._eventlet.service [req-8a6ed289-f9b1-46c5-b9c3-4dc5e45c2de5 - - - - - -] max_age                        = 0 [00;33m{{(pid=2043448) log_opt_values /opt/stack/data/venv/lib/python3.12/site-packages/oslo_config/cfg.py:3549}}[00m
2026-10-06 13:16:03.823 2043448 DEBUG oslo_service.backend._eventlet.service [req-8a6ed289-f9b1-46c5-b9c3-4dc5e45c2de5 - - - - - -] max_logfile_count              = 30 [00;33m{{(pid=2043448) log_opt_values /opt/stack/data/venv/lib/python3.12/site-packages/oslo_config/cfg.py:3549}}[00m
2026-10-06 13:16:03.823 2043448 DEBUG oslo_service.backend._eventlet.service [req-8a6ed289-f9b1-46c5-b9c3-4dc5e45c2de5 - - - - - -] max_logfile_size_mb            = 200 [00;33m{{(pid=2043448) log_opt_values /opt/stack/data/venv/lib/python3.12/site-packages/oslo_config/cfg.py:3549}}[00m
2026-10-06 13:16:03.823 2043448 DEBUG oslo_service.backend._eventlet.service [req-8a6ed289-f9b1-46c5-b9c3-4dc5e45c2de5 - - - - - -] max_over_subscription_ratio    = 20.0 [00;33m{{(pid=2043448) log_opt_values /opt/stack/data/venv/lib/python3.12/site-packages/oslo_config/cfg.py:3549}}[00m
2026-10-06 13:16:03.823 2043448 DEBUG oslo_service.backend._eventlet.service [req-8a6ed289-f9b1-46c5-b9c3-4dc5e45c2de5 - - - - - -] message_reap_interval          = 86400 [00;33m{{(pid=2043448) log_opt_values /opt/stack/data/venv/lib/python3.12/site-packages/oslo_config/cfg.py:3549}}[00m
2026-10-06 13:16:03.823 2043448 DEBUG oslo_service.backend._eventlet.service [req-8a6ed289-f9b1-46c5-b9c3-4dc5e45c2de5 - - - - - -] message_ttl                    = 2592000 [00;33m{{(pid=2043448) log_opt_values /opt/stack/data/venv/lib/python3.12/site-packages/oslo_config/cfg.py:3549}}[00m
2026-10-06 13:16:03.823 2043448 DEBUG oslo_service.backend._eventlet.service [req-8a6ed289-f9b1-46c5-b9c3-4dc5e45c2de5 - - - - - -] migration_create_volume_timeout_secs = 300 [00;33m{{(pid=2043448) log_opt_values /opt/stack/data/venv/lib/python3.12/site-packages/oslo_config/cfg.py:3549}}[00m
2026-10-06 13:16:03.823 2043448 DEBUG oslo_service.backend._eventlet.service [req-8a6ed289-f9b1-46c5-b9c3-4dc5e45c2de5 - - - - - -] monkey_patch                   = False [00;33m{{(pid=2043448) log_opt_values /opt/stack/data/venv/lib/python3.12/site-packages/oslo_config/cfg.py:3549}}[00m
2026-10-06 13:16:03.824 2043448 DEBUG oslo_service.backend._eventlet.service [req-8a6ed289-f9b1-46c5-b9c3-4dc5e45c2de5 - - - - - -] monkey_patch_modules           = [] [00;33m{{(pid=2043448) log_opt_values /opt/stack/data/venv/lib/python3.12/site-packages/oslo_config/cfg.py:3549}}[00m
2026-10-06 13:16:03.824 2043448 DEBUG oslo_service.backend._eventlet.service [req-8a6ed289-f9b1-46c5-b9c3-4dc5e45c2de5 - - - - - -] my_ip                          = 172.25.92.210 [00;33m{{(pid=2043448) log_opt_values /opt/stack/data/venv/lib/python3.12/site-packages/oslo_config/cfg.py:3549}}[00m
2026-10-06 13:16:03.824 2043448 DEBUG oslo_service.backend._eventlet.service [req-8a6ed289-f9b1-46c5-b9c3-4dc5e45c2de5 - - - - - -] no_snapshot_gb_quota           = False [00;33m{{(pid=2043448) log_opt_values /opt/stack/data/venv/lib/python3.12/site-packages/oslo_config/cfg.py:3549}}[00m
2026-10-06 13:16:03.824 2043448 DEBUG oslo_service.backend._eventlet.service [req-8a6ed289-f9b1-46c5-b9c3-4dc5e45c2de5 - - - - - -] num_iser_scan_tries            = 3 [00;33m{{(pid=2043448) log_opt_values /opt/stack/data/venv/lib/python3.12/site-packages/oslo_config/cfg.py:3549}}[00m
2026-10-06 13:16:03.824 2043448 DEBUG oslo_service.backend._eventlet.service [req-8a6ed289-f9b1-46c5-b9c3-4dc5e45c2de5 - - - - - -] num_shell_tries                = 3 [00;33m{{(pid=2043448) log_opt_values /opt/stack/data/venv/lib/python3.12/site-packages/oslo_config/cfg.py:3549}}[00m
2026-10-06 13:16:03.824 2043448 DEBUG oslo_service.backend._eventlet.service [req-8a6ed289-f9b1-46c5-b9c3-4dc5e45c2de5 - - - - - -] num_volume_device_scan_tries   = 100 [00;33m{{(pid=2043448) log_opt_values /opt/stack/data/venv/lib/python3.12/site-packages/oslo_config/cfg.py:3549}}[00m
2026-10-06 13:16:03.824 2043448 DEBUG oslo_service.backend._eventlet.service [req-8a6ed289-f9b1-46c5-b9c3-4dc5e45c2de5 - - - - - -] nvmeof_conn_info_version       = 1 [00;33m{{(pid=2043448) log_opt_values /opt/stack/data/venv/lib/python3.12/site-packages/oslo_config/cfg.py:3549}}[00m
2026-10-06 13:16:03.824 2043448 DEBUG oslo_service.backend._eventlet.service [req-8a6ed289-f9b1-46c5-b9c3-4dc5e45c2de5 - - - - - -] nvmet_ns_id                    = 10 [00;33m{{(pid=2043448) log_opt_values /opt/stack/data/venv/lib/python3.12/site-packages/oslo_config/cfg.py:3549}}[00m
2026-10-06 13:16:03.824 2043460 INFO cinder.volume.manager [req-07c073b4-7bb4-4de6-b0de-803968aa596a - - - - - -] Starting volume driver HBSDISCSIDriver (2.7.2)
2026-10-06 13:16:03.824 2043448 DEBUG oslo_service.backend._eventlet.service [req-8a6ed289-f9b1-46c5-b9c3-4dc5e45c2de5 - - - - - -] nvmet_port_id                  = 1 [00;33m{{(pid=2043448) log_opt_values /opt/stack/data/venv/lib/python3.12/site-packages/oslo_config/cfg.py:3549}}[00m
2026-10-06 13:16:03.825 2043460 DEBUG cinder.volume.drivers.hitachi.hbsd_iscsi [req-07c073b4-7bb4-4de6-b0de-803968aa596a - - - - - -] ==> do_setup: call "{'self': <cinder.volume.drivers.hitachi.hbsd_iscsi.HBSDISCSIDriver object at 0x7b3bc2c32fc0>, 'context': <cinder.context.RequestContext object at 0x7b3bc2720b30>}" [00;33m{{(pid=2043460) trace_logging_wrapper /opt/stack/cinder/cinder/volume/volume_utils.py:1498}}[00m
2026-10-06 13:16:03.825 2043448 DEBUG oslo_service.backend._eventlet.service [req-8a6ed289-f9b1-46c5-b9c3-4dc5e45c2de5 - - - - - -] osapi_max_limit                = 1000 [00;33m{{(pid=2043448) log_opt_values /opt/stack/data/venv/lib/python3.12/site-packages/oslo_config/cfg.py:3549}}[00m
2026-10-06 13:16:03.825 2043448 DEBUG oslo_service.backend._eventlet.service [req-8a6ed289-f9b1-46c5-b9c3-4dc5e45c2de5 - - - - - -] osapi_volume_ext_list          = [] [00;33m{{(pid=2043448) log_opt_values /opt/stack/data/venv/lib/python3.12/site-packages/oslo_config/cfg.py:3549}}[00m
2026-10-06 13:16:03.825 2043448 DEBUG oslo_service.backend._eventlet.service [req-8a6ed289-f9b1-46c5-b9c3-4dc5e45c2de5 - - - - - -] osapi_volume_extension         = ['cinder.api.contrib.standard_extensions'] [00;33m{{(pid=2043448) log_opt_values /opt/stack/data/venv/lib/python3.12/site-packages/oslo_config/cfg.py:3549}}[00m
2026-10-06 13:16:03.825 2043448 DEBUG oslo_service.backend._eventlet.service [req-8a6ed289-f9b1-46c5-b9c3-4dc5e45c2de5 - - - - - -] osapi_volume_listen            = 0.0.0.0 [00;33m{{(pid=2043448) log_opt_values /opt/stack/data/venv/lib/python3.12/site-packages/oslo_config/cfg.py:3549}}[00m
2026-10-06 13:16:03.825 2043448 DEBUG oslo_service.backend._eventlet.service [req-8a6ed289-f9b1-46c5-b9c3-4dc5e45c2de5 - - - - - -] osapi_volume_listen_port       = 8776 [00;33m{{(pid=2043448) log_opt_values /opt/stack/data/venv/lib/python3.12/site-packages/oslo_config/cfg.py:3549}}[00m
2026-10-06 13:16:03.825 2043448 DEBUG oslo_service.backend._eventlet.service [req-8a6ed289-f9b1-46c5-b9c3-4dc5e45c2de5 - - - - - -] osapi_volume_use_ssl           = False [00;33m{{(pid=2043448) log_opt_values /opt/stack/data/venv/lib/python3.12/site-packages/oslo_config/cfg.py:3549}}[00m
2026-10-06 13:16:03.826 2043448 DEBUG oslo_service.backend._eventlet.service [req-8a6ed289-f9b1-46c5-b9c3-4dc5e45c2de5 - - - - - -] osapi_volume_workers           = None [00;33m{{(pid=2043448) log_opt_values /opt/stack/data/venv/lib/python3.12/site-packages/oslo_config/cfg.py:3549}}[00m
2026-10-06 13:16:03.826 2043448 DEBUG oslo_service.backend._eventlet.service [req-8a6ed289-f9b1-46c5-b9c3-4dc5e45c2de5 - - - - - -] per_volume_size_limit          = -1 [00;33m{{(pid=2043448) log_opt_values /opt/stack/data/venv/lib/python3.12/site-packages/oslo_config/cfg.py:3549}}[00m
2026-10-06 13:16:03.826 2043448 DEBUG oslo_service.backend._eventlet.service [req-8a6ed289-f9b1-46c5-b9c3-4dc5e45c2de5 - - - - - -] periodic_fuzzy_delay           = 60 [00;33m{{(pid=2043448) log_opt_values /opt/stack/data/venv/lib/python3.12/site-packages/oslo_config/cfg.py:3549}}[00m
2026-10-06 13:16:03.826 2043448 DEBUG oslo_service.backend._eventlet.service [req-8a6ed289-f9b1-46c5-b9c3-4dc5e45c2de5 - - - - - -] periodic_interval              = 3600 [00;33m{{(pid=2043448) log_opt_values /opt/stack/data/venv/lib/python3.12/site-packages/oslo_config/cfg.py:3549}}[00m
2026-10-06 13:16:03.826 2043448 DEBUG oslo_service.backend._eventlet.service [req-8a6ed289-f9b1-46c5-b9c3-4dc5e45c2de5 - - - - - -] project_id_regex               = [0-9a-f\-]+ [00;33m{{(pid=2043448) log_opt_values /opt/stack/data/venv/lib/python3.12/site-packages/oslo_config/cfg.py:3549}}[00m
2026-10-06 13:16:03.826 2043448 DEBUG oslo_service.backend._eventlet.service [req-8a6ed289-f9b1-46c5-b9c3-4dc5e45c2de5 - - - - - -] public_endpoint                = None [00;33m{{(pid=2043448) log_opt_values /opt/stack/data/venv/lib/python3.12/site-packages/oslo_config/cfg.py:3549}}[00m
2026-10-06 13:16:03.826 2043448 DEBUG oslo_service.backend._eventlet.service [req-8a6ed289-f9b1-46c5-b9c3-4dc5e45c2de5 - - - - - -] publish_errors                 = False [00;33m{{(pid=2043448) log_opt_values /opt/stack/data/venv/lib/python3.12/site-packages/oslo_config/cfg.py:3549}}[00m
2026-10-06 13:16:03.826 2043448 DEBUG oslo_service.backend._eventlet.service [req-8a6ed289-f9b1-46c5-b9c3-4dc5e45c2de5 - - - - - -] quota_backup_gigabytes         = 1000 [00;33m{{(pid=2043448) log_opt_values /opt/stack/data/venv/lib/python3.12/site-packages/oslo_config/cfg.py:3549}}[00m
2026-10-06 13:16:03.826 2043448 DEBUG oslo_service.backend._eventlet.service [req-8a6ed289-f9b1-46c5-b9c3-4dc5e45c2de5 - - - - - -] quota_backups                  = 50 [00;33m{{(pid=2043448) log_opt_values /opt/stack/data/venv/lib/python3.12/site-packages/oslo_config/cfg.py:3549}}[00m
2026-10-06 13:16:03.826 2043448 DEBUG oslo_service.backend._eventlet.service [req-8a6ed289-f9b1-46c5-b9c3-4dc5e45c2de5 - - - - - -] quota_driver                   = cinder.quota.DbQuotaDriver [00;33m{{(pid=2043448) log_opt_values /opt/stack/data/venv/lib/python3.12/site-packages/oslo_config/cfg.py:3549}}[00m
2026-10-06 13:16:03.826 2043448 DEBUG oslo_service.backend._eventlet.service [req-8a6ed289-f9b1-46c5-b9c3-4dc5e45c2de5 - - - - - -] quota_gigabytes                = 1000 [00;33m{{(pid=2043448) log_opt_values /opt/stack/data/venv/lib/python3.12/site-packages/oslo_config/cfg.py:3549}}[00m
2026-10-06 13:16:03.826 2043460 DEBUG cinder.volume.drivers.hitachi.hbsd_rest [req-07c073b4-7bb4-4de6-b0de-803968aa596a - - - - - -] Setting ldev_range: [22000, 29399] [00;33m{{(pid=2043460) check_param /opt/stack/cinder/cinder/volume/drivers/hitachi/hbsd_rest.py:826}}[00m
2026-10-06 13:16:03.826 2043448 DEBUG oslo_service.backend._eventlet.service [req-8a6ed289-f9b1-46c5-b9c3-4dc5e45c2de5 - - - - - -] quota_groups                   = 10 [00;33m{{(pid=2043448) log_opt_values /opt/stack/data/venv/lib/python3.12/site-packages/oslo_config/cfg.py:3549}}[00m
2026-10-06 13:16:03.827 2043448 DEBUG oslo_service.backend._eventlet.service [req-8a6ed289-f9b1-46c5-b9c3-4dc5e45c2de5 - - - - - -] quota_snapshots                = 50 [00;33m{{(pid=2043448) log_opt_values /opt/stack/data/venv/lib/python3.12/site-packages/oslo_config/cfg.py:3549}}[00m
2026-10-06 13:16:03.827 2043448 DEBUG oslo_service.backend._eventlet.service [req-8a6ed289-f9b1-46c5-b9c3-4dc5e45c2de5 - - - - - -] quota_volumes                  = 50 [00;33m{{(pid=2043448) log_opt_values /opt/stack/data/venv/lib/python3.12/site-packages/oslo_config/cfg.py:3549}}[00m
2026-10-06 13:16:03.827 2043448 DEBUG oslo_service.backend._eventlet.service [req-8a6ed289-f9b1-46c5-b9c3-4dc5e45c2de5 - - - - - -] rate_limit_burst               = 0 [00;33m{{(pid=2043448) log_opt_values /opt/stack/data/venv/lib/python3.12/site-packages/oslo_config/cfg.py:3549}}[00m
2026-10-06 13:16:03.827 2043448 DEBUG oslo_service.backend._eventlet.service [req-8a6ed289-f9b1-46c5-b9c3-4dc5e45c2de5 - - - - - -] rate_limit_except_level        = CRITICAL [00;33m{{(pid=2043448) log_opt_values /opt/stack/data/venv/lib/python3.12/site-packages/oslo_config/cfg.py:3549}}[00m
2026-10-06 13:16:03.827 2043448 DEBUG oslo_service.backend._eventlet.service [req-8a6ed289-f9b1-46c5-b9c3-4dc5e45c2de5 - - - - - -] rate_limit_interval            = 0 [00;33m{{(pid=2043448) log_opt_values /opt/stack/data/venv/lib/python3.12/site-packages/oslo_config/cfg.py:3549}}[00m
2026-10-06 13:16:03.827 2043460 DEBUG cinder.volume.drivers.hitachi.hbsd_rest_api [req-07c073b4-7bb4-4de6-b0de-803968aa596a - - - - - -] Trying to login. [00;33m{{(pid=2043460) login /opt/stack/cinder/cinder/volume/drivers/hitachi/hbsd_rest_api.py:554}}[00m
2026-10-06 13:16:03.828 2043448 DEBUG oslo_service.backend._eventlet.service [req-8a6ed289-f9b1-46c5-b9c3-4dc5e45c2de5 - - - - - -] reinit_driver_count            = 3 [00;33m{{(pid=2043448) log_opt_values /opt/stack/data/venv/lib/python3.12/site-packages/oslo_config/cfg.py:3549}}[00m
2026-10-06 13:16:03.828 2043448 DEBUG oslo_service.backend._eventlet.service [req-8a6ed289-f9b1-46c5-b9c3-4dc5e45c2de5 - - - - - -] replication_device             = **** [00;33m{{(pid=2043448) log_opt_values /opt/stack/data/venv/lib/python3.12/site-packages/oslo_config/cfg.py:3549}}[00m
2026-10-06 13:16:03.828 2043448 DEBUG oslo_service.backend._eventlet.service [req-8a6ed289-f9b1-46c5-b9c3-4dc5e45c2de5 - - - - - -] report_discard_supported       = False [00;33m{{(pid=2043448) log_opt_values /opt/stack/data/venv/lib/python3.12/site-packages/oslo_config/cfg.py:3549}}[00m
2026-10-06 13:16:03.828 2043448 DEBUG oslo_service.backend._eventlet.service [req-8a6ed289-f9b1-46c5-b9c3-4dc5e45c2de5 - - - - - -] report_interval                = 120 [00;33m{{(pid=2043448) log_opt_values /opt/stack/data/venv/lib/python3.12/site-packages/oslo_config/cfg.py:3549}}[00m
2026-10-06 13:16:03.828 2043460 DEBUG cinder.volume.drivers.hitachi.hbsd_rest_api [req-07c073b4-7bb4-4de6-b0de-803968aa596a - - - - - -] ==> _login: call "{'self': <cinder.volume.drivers.hitachi.hbsd_rest_api.RestApiClient object at 0x7b3bc2a97170>, 'do_raise': True}" [00;33m{{(pid=2043460) trace_logging_wrapper /opt/stack/cinder/cinder/volume/volume_utils.py:1498}}[00m
2026-10-06 13:16:03.828 2043448 DEBUG oslo_service.backend._eventlet.service [req-8a6ed289-f9b1-46c5-b9c3-4dc5e45c2de5 - - - - - -] reservation_clean_interval     = 86400 [00;33m{{(pid=2043448) log_opt_values /opt/stack/data/venv/lib/python3.12/site-packages/oslo_config/cfg.py:3549}}[00m
2026-10-06 13:16:03.829 2043448 DEBUG oslo_service.backend._eventlet.service [req-8a6ed289-f9b1-46c5-b9c3-4dc5e45c2de5 - - - - - -] reservation_expire             = 86400 [00;33m{{(pid=2043448) log_opt_values /opt/stack/data/venv/lib/python3.12/site-packages/oslo_config/cfg.py:3549}}[00m
2026-10-06 13:16:03.829 2043448 DEBUG oslo_service.backend._eventlet.service [req-8a6ed289-f9b1-46c5-b9c3-4dc5e45c2de5 - - - - - -] reserved_image_namespaces      = [] [00;33m{{(pid=2043448) log_opt_values /opt/stack/data/venv/lib/python3.12/site-packages/oslo_config/cfg.py:3549}}[00m
2026-10-06 13:16:03.829 2043448 DEBUG oslo_service.backend._eventlet.service [req-8a6ed289-f9b1-46c5-b9c3-4dc5e45c2de5 - - - - - -] reserved_percentage            = 0 [00;33m{{(pid=2043448) log_opt_values /opt/stack/data/venv/lib/python3.12/site-packages/oslo_config/cfg.py:3549}}[00m
2026-10-06 13:16:03.829 2043448 DEBUG oslo_service.backend._eventlet.service [req-8a6ed289-f9b1-46c5-b9c3-4dc5e45c2de5 - - - - - -] resource_query_filters_file    = /etc/cinder/resource_filters.json [00;33m{{(pid=2043448) log_opt_values /opt/stack/data/venv/lib/python3.12/site-packages/oslo_config/cfg.py:3549}}[00m
2026-10-06 13:16:03.830 2043448 DEBUG oslo_service.backend._eventlet.service [req-8a6ed289-f9b1-46c5-b9c3-4dc5e45c2de5 - - - - - -] rootwrap_config                = /etc/cinder/rootwrap.conf [00;33m{{(pid=2043448) log_opt_values /opt/stack/data/venv/lib/python3.12/site-packages/oslo_config/cfg.py:3549}}[00m
2026-10-06 13:16:03.830 2043448 DEBUG oslo_service.backend._eventlet.service [req-8a6ed289-f9b1-46c5-b9c3-4dc5e45c2de5 - - - - - -] rpc_response_timeout           = 3600 [00;33m{{(pid=2043448) log_opt_values /opt/stack/data/venv/lib/python3.12/site-packages/oslo_config/cfg.py:3549}}[00m
2026-10-06 13:16:03.830 2043448 DEBUG oslo_service.backend._eventlet.service [req-8a6ed289-f9b1-46c5-b9c3-4dc5e45c2de5 - - - - - -] run_external_periodic_tasks    = True [00;33m{{(pid=2043448) log_opt_values /opt/stack/data/venv/lib/python3.12/site-packages/oslo_config/cfg.py:3549}}[00m
2026-10-06 13:16:03.830 2043448 DEBUG oslo_service.backend._eventlet.service [req-8a6ed289-f9b1-46c5-b9c3-4dc5e45c2de5 - - - - - -] scheduler_manager              = cinder.scheduler.manager.SchedulerManager [00;33m{{(pid=2043448) log_opt_values /opt/stack/data/venv/lib/python3.12/site-packages/oslo_config/cfg.py:3549}}[00m
2026-10-06 13:16:03.830 2043448 DEBUG oslo_service.backend._eventlet.service [req-8a6ed289-f9b1-46c5-b9c3-4dc5e45c2de5 - - - - - -] scst_target_driver             = iscsi [00;33m{{(pid=2043448) log_opt_values /opt/stack/data/venv/lib/python3.12/site-packages/oslo_config/cfg.py:3549}}[00m
2026-10-06 13:16:03.830 2043448 DEBUG oslo_service.backend._eventlet.service [req-8a6ed289-f9b1-46c5-b9c3-4dc5e45c2de5 - - - - - -] scst_target_iqn_name           = None [00;33m{{(pid=2043448) log_opt_values /opt/stack/data/venv/lib/python3.12/site-packages/oslo_config/cfg.py:3549}}[00m
2026-10-06 13:16:03.830 2043448 DEBUG oslo_service.backend._eventlet.service [req-8a6ed289-f9b1-46c5-b9c3-4dc5e45c2de5 - - - - - -] service_down_time              = 720 [00;33m{{(pid=2043448) log_opt_values /opt/stack/data/venv/lib/python3.12/site-packages/oslo_config/cfg.py:3549}}[00m
2026-10-06 13:16:03.830 2043448 DEBUG oslo_service.backend._eventlet.service [req-8a6ed289-f9b1-46c5-b9c3-4dc5e45c2de5 - - - - - -] shell_completion               = None [00;33m{{(pid=2043448) log_opt_values /opt/stack/data/venv/lib/python3.12/site-packages/oslo_config/cfg.py:3549}}[00m
2026-10-06 13:16:03.830 2043448 DEBUG oslo_service.backend._eventlet.service [req-8a6ed289-f9b1-46c5-b9c3-4dc5e45c2de5 - - - - - -] snapshot_name_template         = snapshot-%s [00;33m{{(pid=2043448) log_opt_values /opt/stack/data/venv/lib/python3.12/site-packages/oslo_config/cfg.py:3549}}[00m
2026-10-06 13:16:03.830 2043448 DEBUG oslo_service.backend._eventlet.service [req-8a6ed289-f9b1-46c5-b9c3-4dc5e45c2de5 - - - - - -] split_loggers                  = False [00;33m{{(pid=2043448) log_opt_values /opt/stack/data/venv/lib/python3.12/site-packages/oslo_config/cfg.py:3549}}[00m
2026-10-06 13:16:03.830 2043448 DEBUG oslo_service.backend._eventlet.service [req-8a6ed289-f9b1-46c5-b9c3-4dc5e45c2de5 - - - - - -] ssh_hosts_key_file             = /opt/stack/data/cinder/ssh_known_hosts [00;33m{{(pid=2043448) log_opt_values /opt/stack/data/venv/lib/python3.12/site-packages/oslo_config/cfg.py:3549}}[00m
2026-10-06 13:16:03.830 2043448 DEBUG oslo_service.backend._eventlet.service [req-8a6ed289-f9b1-46c5-b9c3-4dc5e45c2de5 - - - - - -] state_path                     = /opt/stack/data/cinder [00;33m{{(pid=2043448) log_opt_values /opt/stack/data/venv/lib/python3.12/site-packages/oslo_config/cfg.py:3549}}[00m
2026-10-06 13:16:03.830 2043448 DEBUG oslo_service.backend._eventlet.service [req-8a6ed289-f9b1-46c5-b9c3-4dc5e45c2de5 - - - - - -] storage_availability_zone      = nova [00;33m{{(pid=2043448) log_opt_values /opt/stack/data/venv/lib/python3.12/site-packages/oslo_config/cfg.py:3549}}[00m
2026-10-06 13:16:03.831 2043448 DEBUG oslo_service.backend._eventlet.service [req-8a6ed289-f9b1-46c5-b9c3-4dc5e45c2de5 - - - - - -] storage_protocol               = iSCSI [00;33m{{(pid=2043448) log_opt_values /opt/stack/data/venv/lib/python3.12/site-packages/oslo_config/cfg.py:3549}}[00m
2026-10-06 13:16:03.831 2043448 DEBUG oslo_service.backend._eventlet.service [req-8a6ed289-f9b1-46c5-b9c3-4dc5e45c2de5 - - - - - -] strict_ssh_host_key_policy     = False [00;33m{{(pid=2043448) log_opt_values /opt/stack/data/venv/lib/python3.12/site-packages/oslo_config/cfg.py:3549}}[00m
2026-10-06 13:16:03.831 2043448 DEBUG oslo_service.backend._eventlet.service [req-8a6ed289-f9b1-46c5-b9c3-4dc5e45c2de5 - - - - - -] syslog_log_facility            = LOG_USER [00;33m{{(pid=2043448) log_opt_values /opt/stack/data/venv/lib/python3.12/site-packages/oslo_config/cfg.py:3549}}[00m
2026-10-06 13:16:03.831 2043448 DEBUG oslo_service.backend._eventlet.service [req-8a6ed289-f9b1-46c5-b9c3-4dc5e45c2de5 - - - - - -] target_helper                  = lioadm [00;33m{{(pid=2043448) log_opt_values /opt/stack/data/venv/lib/python3.12/site-packages/oslo_config/cfg.py:3549}}[00m
2026-10-06 13:16:03.831 2043448 DEBUG oslo_service.backend._eventlet.service [req-8a6ed289-f9b1-46c5-b9c3-4dc5e45c2de5 - - - - - -] target_ip_address              = 172.25.92.210 [00;33m{{(pid=2043448) log_opt_values /opt/stack/data/venv/lib/python3.12/site-packages/oslo_config/cfg.py:3549}}[00m
2026-10-06 13:16:03.831 2043448 DEBUG oslo_service.backend._eventlet.service [req-8a6ed289-f9b1-46c5-b9c3-4dc5e45c2de5 - - - - - -] target_port                    = 3260 [00;33m{{(pid=2043448) log_opt_values /opt/stack/data/venv/lib/python3.12/site-packages/oslo_config/cfg.py:3549}}[00m
2026-10-06 13:16:03.831 2043448 DEBUG oslo_service.backend._eventlet.service [req-8a6ed289-f9b1-46c5-b9c3-4dc5e45c2de5 - - - - - -] target_prefix                  = iqn.2010-10.org.openstack: [00;33m{{(pid=2043448) log_opt_values /opt/stack/data/venv/lib/python3.12/site-packages/oslo_config/cfg.py:3549}}[00m
2026-10-06 13:16:03.831 2043448 DEBUG oslo_service.backend._eventlet.service [req-8a6ed289-f9b1-46c5-b9c3-4dc5e45c2de5 - - - - - -] target_protocol                = iscsi [00;33m{{(pid=2043448) log_opt_values /opt/stack/data/venv/lib/python3.12/site-packages/oslo_config/cfg.py:3549}}[00m
2026-10-06 13:16:03.831 2043448 DEBUG oslo_service.backend._eventlet.service [req-8a6ed289-f9b1-46c5-b9c3-4dc5e45c2de5 - - - - - -] target_secondary_ip_addresses  = [] [00;33m{{(pid=2043448) log_opt_values /opt/stack/data/venv/lib/python3.12/site-packages/oslo_config/cfg.py:3549}}[00m
2026-10-06 13:16:03.831 2043448 DEBUG oslo_service.backend._eventlet.service [req-8a6ed289-f9b1-46c5-b9c3-4dc5e45c2de5 - - - - - -] trace_flags                    = None [00;33m{{(pid=2043448) log_opt_values /opt/stack/data/venv/lib/python3.12/site-packages/oslo_config/cfg.py:3549}}[00m
2026-10-06 13:16:03.831 2043448 DEBUG oslo_service.backend._eventlet.service [req-8a6ed289-f9b1-46c5-b9c3-4dc5e45c2de5 - - - - - -] transfer_api_class             = cinder.transfer.api.API [00;33m{{(pid=2043448) log_opt_values /opt/stack/data/venv/lib/python3.12/site-packages/oslo_config/cfg.py:3549}}[00m
2026-10-06 13:16:03.832 2043448 DEBUG oslo_service.backend._eventlet.service [req-8a6ed289-f9b1-46c5-b9c3-4dc5e45c2de5 - - - - - -] transport_url                  = **** [00;33m{{(pid=2043448) log_opt_values /opt/stack/data/venv/lib/python3.12/site-packages/oslo_config/cfg.py:3549}}[00m
2026-10-06 13:16:03.832 2043448 DEBUG oslo_service.backend._eventlet.service [req-8a6ed289-f9b1-46c5-b9c3-4dc5e45c2de5 - - - - - -] until_refresh                  = 0 [00;33m{{(pid=2043448) log_opt_values /opt/stack/data/venv/lib/python3.12/site-packages/oslo_config/cfg.py:3549}}[00m
2026-10-06 13:16:03.832 2043448 DEBUG oslo_service.backend._eventlet.service [req-8a6ed289-f9b1-46c5-b9c3-4dc5e45c2de5 - - - - - -] use_chap_auth                  = False [00;33m{{(pid=2043448) log_opt_values /opt/stack/data/venv/lib/python3.12/site-packages/oslo_config/cfg.py:3549}}[00m
2026-10-06 13:16:03.832 2043448 DEBUG oslo_service.backend._eventlet.service [req-8a6ed289-f9b1-46c5-b9c3-4dc5e45c2de5 - - - - - -] use_default_quota_class        = True [00;33m{{(pid=2043448) log_opt_values /opt/stack/data/venv/lib/python3.12/site-packages/oslo_config/cfg.py:3549}}[00m
2026-10-06 13:16:03.832 2043448 DEBUG oslo_service.backend._eventlet.service [req-8a6ed289-f9b1-46c5-b9c3-4dc5e45c2de5 - - - - - -] use_journal                    = False [00;33m{{(pid=2043448) log_opt_values /opt/stack/data/venv/lib/python3.12/site-packages/oslo_config/cfg.py:3549}}[00m
2026-10-06 13:16:03.832 2043448 DEBUG oslo_service.backend._eventlet.service [req-8a6ed289-f9b1-46c5-b9c3-4dc5e45c2de5 - - - - - -] use_json                       = False [00;33m{{(pid=2043448) log_opt_values /opt/stack/data/venv/lib/python3.12/site-packages/oslo_config/cfg.py:3549}}[00m
2026-10-06 13:16:03.832 2043448 DEBUG oslo_service.backend._eventlet.service [req-8a6ed289-f9b1-46c5-b9c3-4dc5e45c2de5 - - - - - -] use_multipath_for_image_xfer   = False [00;33m{{(pid=2043448) log_opt_values /opt/stack/data/venv/lib/python3.12/site-packages/oslo_config/cfg.py:3549}}[00m
2026-10-06 13:16:03.832 2043448 DEBUG oslo_service.backend._eventlet.service [req-8a6ed289-f9b1-46c5-b9c3-4dc5e45c2de5 - - - - - -] use_stderr                     = False [00;33m{{(pid=2043448) log_opt_values /opt/stack/data/venv/lib/python3.12/site-packages/oslo_config/cfg.py:3549}}[00m
2026-10-06 13:16:03.832 2043448 DEBUG oslo_service.backend._eventlet.service [req-8a6ed289-f9b1-46c5-b9c3-4dc5e45c2de5 - - - - - -] use_syslog                     = False [00;33m{{(pid=2043448) log_opt_values /opt/stack/data/venv/lib/python3.12/site-packages/oslo_config/cfg.py:3549}}[00m
2026-10-06 13:16:03.832 2043448 DEBUG oslo_service.backend._eventlet.service [req-8a6ed289-f9b1-46c5-b9c3-4dc5e45c2de5 - - - - - -] verify_glance_signatures       = enabled [00;33m{{(pid=2043448) log_opt_values /opt/stack/data/venv/lib/python3.12/site-packages/oslo_config/cfg.py:3549}}[00m
2026-10-06 13:16:03.832 2043448 DEBUG oslo_service.backend._eventlet.service [req-8a6ed289-f9b1-46c5-b9c3-4dc5e45c2de5 - - - - - -] vmdk_allowed_types             = ['streamOptimized', 'monolithicSparse'] [00;33m{{(pid=2043448) log_opt_values /opt/stack/data/venv/lib/python3.12/site-packages/oslo_config/cfg.py:3549}}[00m
2026-10-06 13:16:03.832 2043448 DEBUG oslo_service.backend._eventlet.service [req-8a6ed289-f9b1-46c5-b9c3-4dc5e45c2de5 - - - - - -] volume_api_class               = cinder.volume.api.API [00;33m{{(pid=2043448) log_opt_values /opt/stack/data/venv/lib/python3.12/site-packages/oslo_config/cfg.py:3549}}[00m
2026-10-06 13:16:03.833 2043448 DEBUG oslo_service.backend._eventlet.service [req-8a6ed289-f9b1-46c5-b9c3-4dc5e45c2de5 - - - - - -] volume_backend_name            = None [00;33m{{(pid=2043448) log_opt_values /opt/stack/data/venv/lib/python3.12/site-packages/oslo_config/cfg.py:3549}}[00m
2026-10-06 13:16:03.833 2043448 DEBUG oslo_service.backend._eventlet.service [req-8a6ed289-f9b1-46c5-b9c3-4dc5e45c2de5 - - - - - -] volume_clear                   = zero [00;33m{{(pid=2043448) log_opt_values /opt/stack/data/venv/lib/python3.12/site-packages/oslo_config/cfg.py:3549}}[00m
2026-10-06 13:16:03.833 2043448 DEBUG oslo_service.backend._eventlet.service [req-8a6ed289-f9b1-46c5-b9c3-4dc5e45c2de5 - - - - - -] volume_clear_ionice            = None [00;33m{{(pid=2043448) log_opt_values /opt/stack/data/venv/lib/python3.12/site-packages/oslo_config/cfg.py:3549}}[00m
2026-10-06 13:16:03.833 2043448 DEBUG oslo_service.backend._eventlet.service [req-8a6ed289-f9b1-46c5-b9c3-4dc5e45c2de5 - - - - - -] volume_clear_size              = 0 [00;33m{{(pid=2043448) log_opt_values /opt/stack/data/venv/lib/python3.12/site-packages/oslo_config/cfg.py:3549}}[00m
2026-10-06 13:16:03.833 2043448 DEBUG oslo_service.backend._eventlet.service [req-8a6ed289-f9b1-46c5-b9c3-4dc5e45c2de5 - - - - - -] volume_copy_blkio_cgroup_name  = cinder-volume-copy [00;33m{{(pid=2043448) log_opt_values /opt/stack/data/venv/lib/python3.12/site-packages/oslo_config/cfg.py:3549}}[00m
2026-10-06 13:16:03.833 2043448 DEBUG oslo_service.backend._eventlet.service [req-8a6ed289-f9b1-46c5-b9c3-4dc5e45c2de5 - - - - - -] volume_copy_bps_limit          = 0 [00;33m{{(pid=2043448) log_opt_values /opt/stack/data/venv/lib/python3.12/site-packages/oslo_config/cfg.py:3549}}[00m
2026-10-06 13:16:03.833 2043448 DEBUG oslo_service.backend._eventlet.service [req-8a6ed289-f9b1-46c5-b9c3-4dc5e45c2de5 - - - - - -] volume_dd_blocksize            = 1M [00;33m{{(pid=2043448) log_opt_values /opt/stack/data/venv/lib/python3.12/site-packages/oslo_config/cfg.py:3549}}[00m
2026-10-06 13:16:03.833 2043448 DEBUG oslo_service.backend._eventlet.service [req-8a6ed289-f9b1-46c5-b9c3-4dc5e45c2de5 - - - - - -] volume_manager                 = cinder.volume.manager.VolumeManager [00;33m{{(pid=2043448) log_opt_values /opt/stack/data/venv/lib/python3.12/site-packages/oslo_config/cfg.py:3549}}[00m
2026-10-06 13:16:03.833 2043448 DEBUG oslo_service.backend._eventlet.service [req-8a6ed289-f9b1-46c5-b9c3-4dc5e45c2de5 - - - - - -] volume_name_template           = volume-%s [00;33m{{(pid=2043448) log_opt_values /opt/stack/data/venv/lib/python3.12/site-packages/oslo_config/cfg.py:3549}}[00m
2026-10-06 13:16:03.833 2043448 DEBUG oslo_service.backend._eventlet.service [req-8a6ed289-f9b1-46c5-b9c3-4dc5e45c2de5 - - - - - -] volume_service_inithost_offload = False [00;33m{{(pid=2043448) log_opt_values /opt/stack/data/venv/lib/python3.12/site-packages/oslo_config/cfg.py:3549}}[00m
2026-10-06 13:16:03.833 2043448 DEBUG oslo_service.backend._eventlet.service [req-8a6ed289-f9b1-46c5-b9c3-4dc5e45c2de5 - - - - - -] volume_usage_audit_period      = month [00;33m{{(pid=2043448) log_opt_values /opt/stack/data/venv/lib/python3.12/site-packages/oslo_config/cfg.py:3549}}[00m
2026-10-06 13:16:03.833 2043448 DEBUG oslo_service.backend._eventlet.service [req-8a6ed289-f9b1-46c5-b9c3-4dc5e45c2de5 - - - - - -] volumes_dir                    = /opt/stack/data/cinder/volumes [00;33m{{(pid=2043448) log_opt_values /opt/stack/data/venv/lib/python3.12/site-packages/oslo_config/cfg.py:3549}}[00m
2026-10-06 13:16:03.834 2043448 DEBUG oslo_service.backend._eventlet.service [req-8a6ed289-f9b1-46c5-b9c3-4dc5e45c2de5 - - - - - -] zoning_mode                    = None [00;33m{{(pid=2043448) log_opt_values /opt/stack/data/venv/lib/python3.12/site-packages/oslo_config/cfg.py:3549}}[00m
2026-10-06 13:16:03.834 2043448 DEBUG oslo_service.backend._eventlet.service [req-8a6ed289-f9b1-46c5-b9c3-4dc5e45c2de5 - - - - - -] os_brick.lightos_discovery_client_address = localhost [00;33m{{(pid=2043448) log_opt_values /opt/stack/data/venv/lib/python3.12/site-packages/oslo_config/cfg.py:3560}}[00m
2026-10-06 13:16:03.834 2043448 DEBUG oslo_service.backend._eventlet.service [req-8a6ed289-f9b1-46c5-b9c3-4dc5e45c2de5 - - - - - -] os_brick.lightos_discovery_client_dir_path = /etc/discovery-client/discovery.d/ [00;33m{{(pid=2043448) log_opt_values /opt/stack/data/venv/lib/python3.12/site-packages/oslo_config/cfg.py:3560}}[00m
2026-10-06 13:16:03.834 2043448 DEBUG oslo_service.backend._eventlet.service [req-8a6ed289-f9b1-46c5-b9c3-4dc5e45c2de5 - - - - - -] os_brick.lightos_discovery_client_port = 6060 [00;33m{{(pid=2043448) log_opt_values /opt/stack/data/venv/lib/python3.12/site-packages/oslo_config/cfg.py:3560}}[00m
2026-10-06 13:16:03.834 2043448 DEBUG oslo_service.backend._eventlet.service [req-8a6ed289-f9b1-46c5-b9c3-4dc5e45c2de5 - - - - - -] os_brick.lock_path             = /opt/stack/data/os_brick [00;33m{{(pid=2043448) log_opt_values /opt/stack/data/venv/lib/python3.12/site-packages/oslo_config/cfg.py:3560}}[00m
2026-10-06 13:16:03.834 2043448 DEBUG oslo_service.backend._eventlet.service [req-8a6ed289-f9b1-46c5-b9c3-4dc5e45c2de5 - - - - - -] os_brick.wait_mpath_device_attempts = 4 [00;33m{{(pid=2043448) log_opt_values /opt/stack/data/venv/lib/python3.12/site-packages/oslo_config/cfg.py:3560}}[00m
2026-10-06 13:16:03.834 2043448 DEBUG oslo_service.backend._eventlet.service [req-8a6ed289-f9b1-46c5-b9c3-4dc5e45c2de5 - - - - - -] os_brick.wait_mpath_device_interval = 1 [00;33m{{(pid=2043448) log_opt_values /opt/stack/data/venv/lib/python3.12/site-packages/oslo_config/cfg.py:3560}}[00m
2026-10-06 13:16:03.834 2043448 DEBUG oslo_service.backend._eventlet.service [req-8a6ed289-f9b1-46c5-b9c3-4dc5e45c2de5 - - - - - -] oslo_middleware.http_basic_auth_user_file = /etc/htpasswd [00;33m{{(pid=2043448) log_opt_values /opt/stack/data/venv/lib/python3.12/site-packages/oslo_config/cfg.py:3560}}[00m
2026-10-06 13:16:03.834 2043448 DEBUG oslo_service.backend._eventlet.service [req-8a6ed289-f9b1-46c5-b9c3-4dc5e45c2de5 - - - - - -] oslo_concurrency.disable_process_locking = False [00;33m{{(pid=2043448) log_opt_values /opt/stack/data/venv/lib/python3.12/site-packages/oslo_config/cfg.py:3560}}[00m
2026-10-06 13:16:03.835 2043448 DEBUG oslo_service.backend._eventlet.service [req-8a6ed289-f9b1-46c5-b9c3-4dc5e45c2de5 - - - - - -] oslo_concurrency.lock_path     = /opt/stack/data/cinder [00;33m{{(pid=2043448) log_opt_values /opt/stack/data/venv/lib/python3.12/site-packages/oslo_config/cfg.py:3560}}[00m
2026-10-06 13:16:03.835 2043448 DEBUG oslo_service.backend._eventlet.service [req-8a6ed289-f9b1-46c5-b9c3-4dc5e45c2de5 - - - - - -] oslo_versionedobjects.fatal_exception_format_errors = False [00;33m{{(pid=2043448) log_opt_values /opt/stack/data/venv/lib/python3.12/site-packages/oslo_config/cfg.py:3560}}[00m
2026-10-06 13:16:03.835 2043448 DEBUG oslo_service.backend._eventlet.service [req-8a6ed289-f9b1-46c5-b9c3-4dc5e45c2de5 - - - - - -] keystone_authtoken.auth_section = None [00;33m{{(pid=2043448) log_opt_values /opt/stack/data/venv/lib/python3.12/site-packages/oslo_config/cfg.py:3560}}[00m
2026-10-06 13:16:03.835 2043448 DEBUG oslo_service.backend._eventlet.service [req-8a6ed289-f9b1-46c5-b9c3-4dc5e45c2de5 - - - - - -] keystone_authtoken.auth_type   = password [00;33m{{(pid=2043448) log_opt_values /opt/stack/data/venv/lib/python3.12/site-packages/oslo_config/cfg.py:3560}}[00m
2026-10-06 13:16:03.835 2043448 DEBUG oslo_service.backend._eventlet.service [req-8a6ed289-f9b1-46c5-b9c3-4dc5e45c2de5 - - - - - -] keystone_authtoken.auth_version = None [00;33m{{(pid=2043448) log_opt_values /opt/stack/data/venv/lib/python3.12/site-packages/oslo_config/cfg.py:3560}}[00m
2026-10-06 13:16:03.835 2043448 DEBUG oslo_service.backend._eventlet.service [req-8a6ed289-f9b1-46c5-b9c3-4dc5e45c2de5 - - - - - -] keystone_authtoken.cache       = None [00;33m{{(pid=2043448) log_opt_values /opt/stack/data/venv/lib/python3.12/site-packages/oslo_config/cfg.py:3560}}[00m
2026-10-06 13:16:03.835 2043448 DEBUG oslo_service.backend._eventlet.service [req-8a6ed289-f9b1-46c5-b9c3-4dc5e45c2de5 - - - - - -] keystone_authtoken.cafile      = /opt/stack/data/ca-bundle.pem [00;33m{{(pid=2043448) log_opt_values /opt/stack/data/venv/lib/python3.12/site-packages/oslo_config/cfg.py:3560}}[00m
2026-10-06 13:16:03.835 2043448 DEBUG oslo_service.backend._eventlet.service [req-8a6ed289-f9b1-46c5-b9c3-4dc5e45c2de5 - - - - - -] keystone_authtoken.certfile    = None [00;33m{{(pid=2043448) log_opt_values /opt/stack/data/venv/lib/python3.12/site-packages/oslo_config/cfg.py:3560}}[00m
2026-10-06 13:16:03.835 2043448 DEBUG oslo_service.backend._eventlet.service [req-8a6ed289-f9b1-46c5-b9c3-4dc5e45c2de5 - - - - - -] keystone_authtoken.delay_auth_decision = False [00;33m{{(pid=2043448) log_opt_values /opt/stack/data/venv/lib/python3.12/site-packages/oslo_config/cfg.py:3560}}[00m
2026-10-06 13:16:03.835 2043448 DEBUG oslo_service.backend._eventlet.service [req-8a6ed289-f9b1-46c5-b9c3-4dc5e45c2de5 - - - - - -] keystone_authtoken.enforce_token_bind = permissive [00;33m{{(pid=2043448) log_opt_values /opt/stack/data/venv/lib/python3.12/site-packages/oslo_config/cfg.py:3560}}[00m
2026-10-06 13:16:03.835 2043448 DEBUG oslo_service.backend._eventlet.service [req-8a6ed289-f9b1-46c5-b9c3-4dc5e45c2de5 - - - - - -] keystone_authtoken.http_connect_timeout = None [00;33m{{(pid=2043448) log_opt_values /opt/stack/data/venv/lib/python3.12/site-packages/oslo_config/cfg.py:3560}}[00m
2026-10-06 13:16:03.836 2043448 DEBUG oslo_service.backend._eventlet.service [req-8a6ed289-f9b1-46c5-b9c3-4dc5e45c2de5 - - - - - -] keystone_authtoken.http_request_max_retries = 3 [00;33m{{(pid=2043448) log_opt_values /opt/stack/data/venv/lib/python3.12/site-packages/oslo_config/cfg.py:3560}}[00m
2026-10-06 13:16:03.836 2043448 DEBUG oslo_service.backend._eventlet.service [req-8a6ed289-f9b1-46c5-b9c3-4dc5e45c2de5 - - - - - -] keystone_authtoken.include_service_catalog = True [00;33m{{(pid=2043448) log_opt_values /opt/stack/data/venv/lib/python3.12/site-packages/oslo_config/cfg.py:3560}}[00m
2026-10-06 13:16:03.836 2043448 DEBUG oslo_service.backend._eventlet.service [req-8a6ed289-f9b1-46c5-b9c3-4dc5e45c2de5 - - - - - -] keystone_authtoken.insecure    = False [00;33m{{(pid=2043448) log_opt_values /opt/stack/data/venv/lib/python3.12/site-packages/oslo_config/cfg.py:3560}}[00m
2026-10-06 13:16:03.836 2043448 DEBUG oslo_service.backend._eventlet.service [req-8a6ed289-f9b1-46c5-b9c3-4dc5e45c2de5 - - - - - -] keystone_authtoken.interface   = public [00;33m{{(pid=2043448) log_opt_values /opt/stack/data/venv/lib/python3.12/site-packages/oslo_config/cfg.py:3560}}[00m
2026-10-06 13:16:03.836 2043448 DEBUG oslo_service.backend._eventlet.service [req-8a6ed289-f9b1-46c5-b9c3-4dc5e45c2de5 - - - - - -] keystone_authtoken.keyfile     = None [00;33m{{(pid=2043448) log_opt_values /opt/stack/data/venv/lib/python3.12/site-packages/oslo_config/cfg.py:3560}}[00m
2026-10-06 13:16:03.836 2043448 DEBUG oslo_service.backend._eventlet.service [req-8a6ed289-f9b1-46c5-b9c3-4dc5e45c2de5 - - - - - -] keystone_authtoken.memcache_password = **** [00;33m{{(pid=2043448) log_opt_values /opt/stack/data/venv/lib/python3.12/site-packages/oslo_config/cfg.py:3560}}[00m
2026-10-06 13:16:03.836 2043448 DEBUG oslo_service.backend._eventlet.service [req-8a6ed289-f9b1-46c5-b9c3-4dc5e45c2de5 - - - - - -] keystone_authtoken.memcache_pool_conn_get_timeout = 10 [00;33m{{(pid=2043448) log_opt_values /opt/stack/data/venv/lib/python3.12/site-packages/oslo_config/cfg.py:3560}}[00m
2026-10-06 13:16:03.836 2043448 DEBUG oslo_service.backend._eventlet.service [req-8a6ed289-f9b1-46c5-b9c3-4dc5e45c2de5 - - - - - -] keystone_authtoken.memcache_pool_dead_retry = 300 [00;33m{{(pid=2043448) log_opt_values /opt/stack/data/venv/lib/python3.12/site-packages/oslo_config/cfg.py:3560}}[00m
2026-10-06 13:16:03.836 2043448 DEBUG oslo_service.backend._eventlet.service [req-8a6ed289-f9b1-46c5-b9c3-4dc5e45c2de5 - - - - - -] keystone_authtoken.memcache_pool_maxsize = 10 [00;33m{{(pid=2043448) log_opt_values /opt/stack/data/venv/lib/python3.12/site-packages/oslo_config/cfg.py:3560}}[00m
2026-10-06 13:16:03.836 2043448 DEBUG oslo_service.backend._eventlet.service [req-8a6ed289-f9b1-46c5-b9c3-4dc5e45c2de5 - - - - - -] keystone_authtoken.memcache_pool_socket_timeout = 3 [00;33m{{(pid=2043448) log_opt_values /opt/stack/data/venv/lib/python3.12/site-packages/oslo_config/cfg.py:3560}}[00m
2026-10-06 13:16:03.836 2043448 DEBUG oslo_service.backend._eventlet.service [req-8a6ed289-f9b1-46c5-b9c3-4dc5e45c2de5 - - - - - -] keystone_authtoken.memcache_pool_unused_timeout = 60 [00;33m{{(pid=2043448) log_opt_values /opt/stack/data/venv/lib/python3.12/site-packages/oslo_config/cfg.py:3560}}[00m
2026-10-06 13:16:03.836 2043448 DEBUG oslo_service.backend._eventlet.service [req-8a6ed289-f9b1-46c5-b9c3-4dc5e45c2de5 - - - - - -] keystone_authtoken.memcache_sasl_enabled = False [00;33m{{(pid=2043448) log_opt_values /opt/stack/data/venv/lib/python3.12/site-packages/oslo_config/cfg.py:3560}}[00m
2026-10-06 13:16:03.836 2043448 DEBUG oslo_service.backend._eventlet.service [req-8a6ed289-f9b1-46c5-b9c3-4dc5e45c2de5 - - - - - -] keystone_authtoken.memcache_secret_key = **** [00;33m{{(pid=2043448) log_opt_values /opt/stack/data/venv/lib/python3.12/site-packages/oslo_config/cfg.py:3560}}[00m
2026-10-06 13:16:03.837 2043448 DEBUG oslo_service.backend._eventlet.service [req-8a6ed289-f9b1-46c5-b9c3-4dc5e45c2de5 - - - - - -] keystone_authtoken.memcache_security_strategy = None [00;33m{{(pid=2043448) log_opt_values /opt/stack/data/venv/lib/python3.12/site-packages/oslo_config/cfg.py:3560}}[00m
2026-10-06 13:16:03.837 2043448 DEBUG oslo_service.backend._eventlet.service [req-8a6ed289-f9b1-46c5-b9c3-4dc5e45c2de5 - - - - - -] keystone_authtoken.memcache_tls_allowed_ciphers = None [00;33m{{(pid=2043448) log_opt_values /opt/stack/data/venv/lib/python3.12/site-packages/oslo_config/cfg.py:3560}}[00m
2026-10-06 13:16:03.837 2043448 DEBUG oslo_service.backend._eventlet.service [req-8a6ed289-f9b1-46c5-b9c3-4dc5e45c2de5 - - - - - -] keystone_authtoken.memcache_tls_cafile = None [00;33m{{(pid=2043448) log_opt_values /opt/stack/data/venv/lib/python3.12/site-packages/oslo_config/cfg.py:3560}}[00m
2026-10-06 13:16:03.837 2043448 DEBUG oslo_service.backend._eventlet.service [req-8a6ed289-f9b1-46c5-b9c3-4dc5e45c2de5 - - - - - -] keystone_authtoken.memcache_tls_certfile = None [00;33m{{(pid=2043448) log_opt_values /opt/stack/data/venv/lib/python3.12/site-packages/oslo_config/cfg.py:3560}}[00m
2026-10-06 13:16:03.837 2043448 DEBUG oslo_service.backend._eventlet.service [req-8a6ed289-f9b1-46c5-b9c3-4dc5e45c2de5 - - - - - -] keystone_authtoken.memcache_tls_enabled = False [00;33m{{(pid=2043448) log_opt_values /opt/stack/data/venv/lib/python3.12/site-packages/oslo_config/cfg.py:3560}}[00m
2026-10-06 13:16:03.837 2043448 DEBUG oslo_service.backend._eventlet.service [req-8a6ed289-f9b1-46c5-b9c3-4dc5e45c2de5 - - - - - -] keystone_authtoken.memcache_tls_keyfile = None [00;33m{{(pid=2043448) log_opt_values /opt/stack/data/venv/lib/python3.12/site-packages/oslo_config/cfg.py:3560}}[00m
2026-10-06 13:16:03.837 2043448 DEBUG oslo_service.backend._eventlet.service [req-8a6ed289-f9b1-46c5-b9c3-4dc5e45c2de5 - - - - - -] keystone_authtoken.memcache_use_advanced_pool = True [00;33m{{(pid=2043448) log_opt_values /opt/stack/data/venv/lib/python3.12/site-packages/oslo_config/cfg.py:3560}}[00m
2026-10-06 13:16:03.837 2043448 DEBUG oslo_service.backend._eventlet.service [req-8a6ed289-f9b1-46c5-b9c3-4dc5e45c2de5 - - - - - -] keystone_authtoken.memcache_username = None [00;33m{{(pid=2043448) log_opt_values /opt/stack/data/venv/lib/python3.12/site-packages/oslo_config/cfg.py:3560}}[00m
2026-10-06 13:16:03.837 2043448 DEBUG oslo_service.backend._eventlet.service [req-8a6ed289-f9b1-46c5-b9c3-4dc5e45c2de5 - - - - - -] keystone_authtoken.memcached_servers = ['localhost:11211'] [00;33m{{(pid=2043448) log_opt_values /opt/stack/data/venv/lib/python3.12/site-packages/oslo_config/cfg.py:3560}}[00m
2026-10-06 13:16:03.837 2043448 DEBUG oslo_service.backend._eventlet.service [req-8a6ed289-f9b1-46c5-b9c3-4dc5e45c2de5 - - - - - -] keystone_authtoken.region_name = None [00;33m{{(pid=2043448) log_opt_values /opt/stack/data/venv/lib/python3.12/site-packages/oslo_config/cfg.py:3560}}[00m
2026-10-06 13:16:03.837 2043448 DEBUG oslo_service.backend._eventlet.service [req-8a6ed289-f9b1-46c5-b9c3-4dc5e45c2de5 - - - - - -] keystone_authtoken.service_token_roles = ['service'] [00;33m{{(pid=2043448) log_opt_values /opt/stack/data/venv/lib/python3.12/site-packages/oslo_config/cfg.py:3560}}[00m
2026-10-06 13:16:03.837 2043448 DEBUG oslo_service.backend._eventlet.service [req-8a6ed289-f9b1-46c5-b9c3-4dc5e45c2de5 - - - - - -] keystone_authtoken.service_token_roles_required = True [00;33m{{(pid=2043448) log_opt_values /opt/stack/data/venv/lib/python3.12/site-packages/oslo_config/cfg.py:3560}}[00m
2026-10-06 13:16:03.838 2043448 DEBUG oslo_service.backend._eventlet.service [req-8a6ed289-f9b1-46c5-b9c3-4dc5e45c2de5 - - - - - -] keystone_authtoken.service_type = None [00;33m{{(pid=2043448) log_opt_values /opt/stack/data/venv/lib/python3.12/site-packages/oslo_config/cfg.py:3560}}[00m
2026-10-06 13:16:03.838 2043448 DEBUG oslo_service.backend._eventlet.service [req-8a6ed289-f9b1-46c5-b9c3-4dc5e45c2de5 - - - - - -] keystone_authtoken.token_cache_time = 300 [00;33m{{(pid=2043448) log_opt_values /opt/stack/data/venv/lib/python3.12/site-packages/oslo_config/cfg.py:3560}}[00m
2026-10-06 13:16:03.838 2043448 DEBUG oslo_service.backend._eventlet.service [req-8a6ed289-f9b1-46c5-b9c3-4dc5e45c2de5 - - - - - -] keystone_authtoken.www_authenticate_uri = http://172.25.92.210/identity [00;33m{{(pid=2043448) log_opt_values /opt/stack/data/venv/lib/python3.12/site-packages/oslo_config/cfg.py:3560}}[00m
2026-10-06 13:16:03.838 2043448 DEBUG oslo_service.backend._eventlet.service [req-8a6ed289-f9b1-46c5-b9c3-4dc5e45c2de5 - - - - - -] cache.backend                  = dogpile.cache.null [00;33m{{(pid=2043448) log_opt_values /opt/stack/data/venv/lib/python3.12/site-packages/oslo_config/cfg.py:3560}}[00m
2026-10-06 13:16:03.838 2043448 DEBUG oslo_service.backend._eventlet.service [req-8a6ed289-f9b1-46c5-b9c3-4dc5e45c2de5 - - - - - -] cache.backend_argument         = **** [00;33m{{(pid=2043448) log_opt_values /opt/stack/data/venv/lib/python3.12/site-packages/oslo_config/cfg.py:3560}}[00m
2026-10-06 13:16:03.838 2043448 DEBUG oslo_service.backend._eventlet.service [req-8a6ed289-f9b1-46c5-b9c3-4dc5e45c2de5 - - - - - -] cache.backend_expiration_time  = None [00;33m{{(pid=2043448) log_opt_values /opt/stack/data/venv/lib/python3.12/site-packages/oslo_config/cfg.py:3560}}[00m
2026-10-06 13:16:03.838 2043448 DEBUG oslo_service.backend._eventlet.service [req-8a6ed289-f9b1-46c5-b9c3-4dc5e45c2de5 - - - - - -] cache.config_prefix            = cache.oslo [00;33m{{(pid=2043448) log_opt_values /opt/stack/data/venv/lib/python3.12/site-packages/oslo_config/cfg.py:3560}}[00m
2026-10-06 13:16:03.838 2043448 DEBUG oslo_service.backend._eventlet.service [req-8a6ed289-f9b1-46c5-b9c3-4dc5e45c2de5 - - - - - -] cache.debug_cache_backend      = False [00;33m{{(pid=2043448) log_opt_values /opt/stack/data/venv/lib/python3.12/site-packages/oslo_config/cfg.py:3560}}[00m
2026-10-06 13:16:03.838 2043448 DEBUG oslo_service.backend._eventlet.service [req-8a6ed289-f9b1-46c5-b9c3-4dc5e45c2de5 - - - - - -] cache.enable_retry_client      = False [00;33m{{(pid=2043448) log_opt_values /opt/stack/data/venv/lib/python3.12/site-packages/oslo_config/cfg.py:3560}}[00m
2026-10-06 13:16:03.838 2043448 DEBUG oslo_service.backend._eventlet.service [req-8a6ed289-f9b1-46c5-b9c3-4dc5e45c2de5 - - - - - -] cache.enable_socket_keepalive  = False [00;33m{{(pid=2043448) log_opt_values /opt/stack/data/venv/lib/python3.12/site-packages/oslo_config/cfg.py:3560}}[00m
2026-10-06 13:16:03.838 2043448 DEBUG oslo_service.backend._eventlet.service [req-8a6ed289-f9b1-46c5-b9c3-4dc5e45c2de5 - - - - - -] cache.enabled                  = False [00;33m{{(pid=2043448) log_opt_values /opt/stack/data/venv/lib/python3.12/site-packages/oslo_config/cfg.py:3560}}[00m
2026-10-06 13:16:03.838 2043448 DEBUG oslo_service.backend._eventlet.service [req-8a6ed289-f9b1-46c5-b9c3-4dc5e45c2de5 - - - - - -] cache.expiration_time          = 600 [00;33m{{(pid=2043448) log_opt_values /opt/stack/data/venv/lib/python3.12/site-packages/oslo_config/cfg.py:3560}}[00m
2026-10-06 13:16:03.839 2043448 DEBUG oslo_service.backend._eventlet.service [req-8a6ed289-f9b1-46c5-b9c3-4dc5e45c2de5 - - - - - -] cache.hashclient_dead_timeout  = 60.0 [00;33m{{(pid=2043448) log_opt_values /opt/stack/data/venv/lib/python3.12/site-packages/oslo_config/cfg.py:3560}}[00m
2026-10-06 13:16:03.839 2043448 DEBUG oslo_service.backend._eventlet.service [req-8a6ed289-f9b1-46c5-b9c3-4dc5e45c2de5 - - - - - -] cache.hashclient_retry_attempts = 2 [00;33m{{(pid=2043448) log_opt_values /opt/stack/data/venv/lib/python3.12/site-packages/oslo_config/cfg.py:3560}}[00m
2026-10-06 13:16:03.839 2043448 DEBUG oslo_service.backend._eventlet.service [req-8a6ed289-f9b1-46c5-b9c3-4dc5e45c2de5 - - - - - -] cache.hashclient_retry_timeout = 1.0 [00;33m{{(pid=2043448) log_opt_values /opt/stack/data/venv/lib/python3.12/site-packages/oslo_config/cfg.py:3560}}[00m
2026-10-06 13:16:03.839 2043448 DEBUG oslo_service.backend._eventlet.service [req-8a6ed289-f9b1-46c5-b9c3-4dc5e45c2de5 - - - - - -] cache.memcache_dead_retry      = 300 [00;33m{{(pid=2043448) log_opt_values /opt/stack/data/venv/lib/python3.12/site-packages/oslo_config/cfg.py:3560}}[00m
2026-10-06 13:16:03.839 2043448 DEBUG oslo_service.backend._eventlet.service [req-8a6ed289-f9b1-46c5-b9c3-4dc5e45c2de5 - - - - - -] cache.memcache_pool_connection_get_timeout = 10 [00;33m{{(pid=2043448) log_opt_values /opt/stack/data/venv/lib/python3.12/site-packages/oslo_config/cfg.py:3560}}[00m
2026-10-06 13:16:03.839 2043448 DEBUG oslo_service.backend._eventlet.service [req-8a6ed289-f9b1-46c5-b9c3-4dc5e45c2de5 - - - - - -] cache.memcache_pool_flush_on_reconnect = False [00;33m{{(pid=2043448) log_opt_values /opt/stack/data/venv/lib/python3.12/site-packages/oslo_config/cfg.py:3560}}[00m
2026-10-06 13:16:03.839 2043448 DEBUG oslo_service.backend._eventlet.service [req-8a6ed289-f9b1-46c5-b9c3-4dc5e45c2de5 - - - - - -] cache.memcache_pool_maxsize    = 10 [00;33m{{(pid=2043448) log_opt_values /opt/stack/data/venv/lib/python3.12/site-packages/oslo_config/cfg.py:3560}}[00m
2026-10-06 13:16:03.839 2043448 DEBUG oslo_service.backend._eventlet.service [req-8a6ed289-f9b1-46c5-b9c3-4dc5e45c2de5 - - - - - -] cache.memcache_pool_unused_timeout = 60 [00;33m{{(pid=2043448) log_opt_values /opt/stack/data/venv/lib/python3.12/site-packages/oslo_config/cfg.py:3560}}[00m
2026-10-06 13:16:03.839 2043448 DEBUG oslo_service.backend._eventlet.service [req-8a6ed289-f9b1-46c5-b9c3-4dc5e45c2de5 - - - - - -] cache.memcache_sasl_enabled    = False [00;33m{{(pid=2043448) log_opt_values /opt/stack/data/venv/lib/python3.12/site-packages/oslo_config/cfg.py:3560}}[00m
2026-10-06 13:16:03.839 2043448 DEBUG oslo_service.backend._eventlet.service [req-8a6ed289-f9b1-46c5-b9c3-4dc5e45c2de5 - - - - - -] cache.memcache_servers         = ['localhost:11211'] [00;33m{{(pid=2043448) log_opt_values /opt/stack/data/venv/lib/python3.12/site-packages/oslo_config/cfg.py:3560}}[00m
2026-10-06 13:16:03.839 2043448 DEBUG oslo_service.backend._eventlet.service [req-8a6ed289-f9b1-46c5-b9c3-4dc5e45c2de5 - - - - - -] cache.password                 = **** [00;33m{{(pid=2043448) log_opt_values /opt/stack/data/venv/lib/python3.12/site-packages/oslo_config/cfg.py:3560}}[00m
2026-10-06 13:16:03.839 2043448 DEBUG oslo_service.backend._eventlet.service [req-8a6ed289-f9b1-46c5-b9c3-4dc5e45c2de5 - - - - - -] cache.proxies                  = [] [00;33m{{(pid=2043448) log_opt_values /opt/stack/data/venv/lib/python3.12/site-packages/oslo_config/cfg.py:3560}}[00m
2026-10-06 13:16:03.839 2043448 DEBUG oslo_service.backend._eventlet.service [req-8a6ed289-f9b1-46c5-b9c3-4dc5e45c2de5 - - - - - -] cache.redis_db                 = 0 [00;33m{{(pid=2043448) log_opt_values /opt/stack/data/venv/lib/python3.12/site-packages/oslo_config/cfg.py:3560}}[00m
2026-10-06 13:16:03.840 2043448 DEBUG oslo_service.backend._eventlet.service [req-8a6ed289-f9b1-46c5-b9c3-4dc5e45c2de5 - - - - - -] cache.redis_sentinel_service_name = mymaster [00;33m{{(pid=2043448) log_opt_values /opt/stack/data/venv/lib/python3.12/site-packages/oslo_config/cfg.py:3560}}[00m
2026-10-06 13:16:03.840 2043448 DEBUG oslo_service.backend._eventlet.service [req-8a6ed289-f9b1-46c5-b9c3-4dc5e45c2de5 - - - - - -] cache.redis_sentinels          = ['localhost:26379'] [00;33m{{(pid=2043448) log_opt_values /opt/stack/data/venv/lib/python3.12/site-packages/oslo_config/cfg.py:3560}}[00m
2026-10-06 13:16:03.840 2043448 DEBUG oslo_service.backend._eventlet.service [req-8a6ed289-f9b1-46c5-b9c3-4dc5e45c2de5 - - - - - -] cache.redis_server             = localhost:6379 [00;33m{{(pid=2043448) log_opt_values /opt/stack/data/venv/lib/python3.12/site-packages/oslo_config/cfg.py:3560}}[00m
2026-10-06 13:16:03.840 2043448 DEBUG oslo_service.backend._eventlet.service [req-8a6ed289-f9b1-46c5-b9c3-4dc5e45c2de5 - - - - - -] cache.retry_attempts           = 2 [00;33m{{(pid=2043448) log_opt_values /opt/stack/data/venv/lib/python3.12/site-packages/oslo_config/cfg.py:3560}}[00m
2026-10-06 13:16:03.840 2043448 DEBUG oslo_service.backend._eventlet.service [req-8a6ed289-f9b1-46c5-b9c3-4dc5e45c2de5 - - - - - -] cache.retry_delay              = 0.0 [00;33m{{(pid=2043448) log_opt_values /opt/stack/data/venv/lib/python3.12/site-packages/oslo_config/cfg.py:3560}}[00m
2026-10-06 13:16:03.840 2043448 DEBUG oslo_service.backend._eventlet.service [req-8a6ed289-f9b1-46c5-b9c3-4dc5e45c2de5 - - - - - -] cache.socket_keepalive_count   = 1 [00;33m{{(pid=2043448) log_opt_values /opt/stack/data/venv/lib/python3.12/site-packages/oslo_config/cfg.py:3560}}[00m
2026-10-06 13:16:03.840 2043448 DEBUG oslo_service.backend._eventlet.service [req-8a6ed289-f9b1-46c5-b9c3-4dc5e45c2de5 - - - - - -] cache.socket_keepalive_idle    = 1 [00;33m{{(pid=2043448) log_opt_values /opt/stack/data/venv/lib/python3.12/site-packages/oslo_config/cfg.py:3560}}[00m
2026-10-06 13:16:03.840 2043448 DEBUG oslo_service.backend._eventlet.service [req-8a6ed289-f9b1-46c5-b9c3-4dc5e45c2de5 - - - - - -] cache.socket_keepalive_interval = 1 [00;33m{{(pid=2043448) log_opt_values /opt/stack/data/venv/lib/python3.12/site-packages/oslo_config/cfg.py:3560}}[00m
2026-10-06 13:16:03.840 2043448 DEBUG oslo_service.backend._eventlet.service [req-8a6ed289-f9b1-46c5-b9c3-4dc5e45c2de5 - - - - - -] cache.socket_timeout           = 1.0 [00;33m{{(pid=2043448) log_opt_values /opt/stack/data/venv/lib/python3.12/site-packages/oslo_config/cfg.py:3560}}[00m
2026-10-06 13:16:03.840 2043448 DEBUG oslo_service.backend._eventlet.service [req-8a6ed289-f9b1-46c5-b9c3-4dc5e45c2de5 - - - - - -] cache.tls_allowed_ciphers      = None [00;33m{{(pid=2043448) log_opt_values /opt/stack/data/venv/lib/python3.12/site-packages/oslo_config/cfg.py:3560}}[00m
2026-10-06 13:16:03.840 2043448 DEBUG oslo_service.backend._eventlet.service [req-8a6ed289-f9b1-46c5-b9c3-4dc5e45c2de5 - - - - - -] cache.tls_cafile               = None [00;33m{{(pid=2043448) log_opt_values /opt/stack/data/venv/lib/python3.12/site-packages/oslo_config/cfg.py:3560}}[00m
2026-10-06 13:16:03.840 2043448 DEBUG oslo_service.backend._eventlet.service [req-8a6ed289-f9b1-46c5-b9c3-4dc5e45c2de5 - - - - - -] cache.tls_certfile             = None [00;33m{{(pid=2043448) log_opt_values /opt/stack/data/venv/lib/python3.12/site-packages/oslo_config/cfg.py:3560}}[00m
2026-10-06 13:16:03.841 2043448 DEBUG oslo_service.backend._eventlet.service [req-8a6ed289-f9b1-46c5-b9c3-4dc5e45c2de5 - - - - - -] cache.tls_enabled              = False [00;33m{{(pid=2043448) log_opt_values /opt/stack/data/venv/lib/python3.12/site-packages/oslo_config/cfg.py:3560}}[00m
2026-10-06 13:16:03.841 2043448 DEBUG oslo_service.backend._eventlet.service [req-8a6ed289-f9b1-46c5-b9c3-4dc5e45c2de5 - - - - - -] cache.tls_keyfile              = None [00;33m{{(pid=2043448) log_opt_values /opt/stack/data/venv/lib/python3.12/site-packages/oslo_config/cfg.py:3560}}[00m
2026-10-06 13:16:03.841 2043448 DEBUG oslo_service.backend._eventlet.service [req-8a6ed289-f9b1-46c5-b9c3-4dc5e45c2de5 - - - - - -] cache.username                 = None [00;33m{{(pid=2043448) log_opt_values /opt/stack/data/venv/lib/python3.12/site-packages/oslo_config/cfg.py:3560}}[00m
2026-10-06 13:16:03.841 2043448 DEBUG oslo_service.backend._eventlet.service [req-8a6ed289-f9b1-46c5-b9c3-4dc5e45c2de5 - - - - - -] coordination.backend_url       = **** [00;33m{{(pid=2043448) log_opt_values /opt/stack/data/venv/lib/python3.12/site-packages/oslo_config/cfg.py:3560}}[00m
2026-10-06 13:16:03.841 2043448 DEBUG oslo_service.backend._eventlet.service [req-8a6ed289-f9b1-46c5-b9c3-4dc5e45c2de5 - - - - - -] database.asyncio_connection    = **** [00;33m{{(pid=2043448) log_opt_values /opt/stack/data/venv/lib/python3.12/site-packages/oslo_config/cfg.py:3560}}[00m
2026-10-06 13:16:03.841 2043448 DEBUG oslo_service.backend._eventlet.service [req-8a6ed289-f9b1-46c5-b9c3-4dc5e45c2de5 - - - - - -] database.asyncio_slave_connection = **** [00;33m{{(pid=2043448) log_opt_values /opt/stack/data/venv/lib/python3.12/site-packages/oslo_config/cfg.py:3560}}[00m
2026-10-06 13:16:03.841 2043448 DEBUG oslo_service.backend._eventlet.service [req-8a6ed289-f9b1-46c5-b9c3-4dc5e45c2de5 - - - - - -] database.backend               = sqlalchemy [00;33m{{(pid=2043448) log_opt_values /opt/stack/data/venv/lib/python3.12/site-packages/oslo_config/cfg.py:3560}}[00m
2026-10-06 13:16:03.841 2043448 DEBUG oslo_service.backend._eventlet.service [req-8a6ed289-f9b1-46c5-b9c3-4dc5e45c2de5 - - - - - -] database.connection            = **** [00;33m{{(pid=2043448) log_opt_values /opt/stack/data/venv/lib/python3.12/site-packages/oslo_config/cfg.py:3560}}[00m
2026-10-06 13:16:03.841 2043448 DEBUG oslo_service.backend._eventlet.service [req-8a6ed289-f9b1-46c5-b9c3-4dc5e45c2de5 - - - - - -] database.connection_debug      = 0 [00;33m{{(pid=2043448) log_opt_values /opt/stack/data/venv/lib/python3.12/site-packages/oslo_config/cfg.py:3560}}[00m
2026-10-06 13:16:03.841 2043448 DEBUG oslo_service.backend._eventlet.service [req-8a6ed289-f9b1-46c5-b9c3-4dc5e45c2de5 - - - - - -] database.connection_parameters =  [00;33m{{(pid=2043448) log_opt_values /opt/stack/data/venv/lib/python3.12/site-packages/oslo_config/cfg.py:3560}}[00m
2026-10-06 13:16:03.841 2043448 DEBUG oslo_service.backend._eventlet.service [req-8a6ed289-f9b1-46c5-b9c3-4dc5e45c2de5 - - - - - -] database.connection_recycle_time = 3600 [00;33m{{(pid=2043448) log_opt_values /opt/stack/data/venv/lib/python3.12/site-packages/oslo_config/cfg.py:3560}}[00m
2026-10-06 13:16:03.841 2043448 DEBUG oslo_service.backend._eventlet.service [req-8a6ed289-f9b1-46c5-b9c3-4dc5e45c2de5 - - - - - -] database.connection_trace      = False [00;33m{{(pid=2043448) log_opt_values /opt/stack/data/venv/lib/python3.12/site-packages/oslo_config/cfg.py:3560}}[00m
2026-10-06 13:16:03.842 2043448 DEBUG oslo_service.backend._eventlet.service [req-8a6ed289-f9b1-46c5-b9c3-4dc5e45c2de5 - - - - - -] database.db_inc_retry_interval = True [00;33m{{(pid=2043448) log_opt_values /opt/stack/data/venv/lib/python3.12/site-packages/oslo_config/cfg.py:3560}}[00m
2026-10-06 13:16:03.842 2043448 DEBUG oslo_service.backend._eventlet.service [req-8a6ed289-f9b1-46c5-b9c3-4dc5e45c2de5 - - - - - -] database.db_max_retries        = 20 [00;33m{{(pid=2043448) log_opt_values /opt/stack/data/venv/lib/python3.12/site-packages/oslo_config/cfg.py:3560}}[00m
2026-10-06 13:16:03.842 2043448 DEBUG oslo_service.backend._eventlet.service [req-8a6ed289-f9b1-46c5-b9c3-4dc5e45c2de5 - - - - - -] database.db_max_retry_interval = 10 [00;33m{{(pid=2043448) log_opt_values /opt/stack/data/venv/lib/python3.12/site-packages/oslo_config/cfg.py:3560}}[00m
2026-10-06 13:16:03.842 2043448 DEBUG oslo_service.backend._eventlet.service [req-8a6ed289-f9b1-46c5-b9c3-4dc5e45c2de5 - - - - - -] database.db_retry_interval     = 1 [00;33m{{(pid=2043448) log_opt_values /opt/stack/data/venv/lib/python3.12/site-packages/oslo_config/cfg.py:3560}}[00m
2026-10-06 13:16:03.842 2043448 DEBUG oslo_service.backend._eventlet.service [req-8a6ed289-f9b1-46c5-b9c3-4dc5e45c2de5 - - - - - -] database.max_overflow          = 50 [00;33m{{(pid=2043448) log_opt_values /opt/stack/data/venv/lib/python3.12/site-packages/oslo_config/cfg.py:3560}}[00m
2026-10-06 13:16:03.842 2043448 DEBUG oslo_service.backend._eventlet.service [req-8a6ed289-f9b1-46c5-b9c3-4dc5e45c2de5 - - - - - -] database.max_pool_size         = 5 [00;33m{{(pid=2043448) log_opt_values /opt/stack/data/venv/lib/python3.12/site-packages/oslo_config/cfg.py:3560}}[00m
2026-10-06 13:16:03.842 2043448 DEBUG oslo_service.backend._eventlet.service [req-8a6ed289-f9b1-46c5-b9c3-4dc5e45c2de5 - - - - - -] database.max_retries           = 10 [00;33m{{(pid=2043448) log_opt_values /opt/stack/data/venv/lib/python3.12/site-packages/oslo_config/cfg.py:3560}}[00m
2026-10-06 13:16:03.842 2043448 DEBUG oslo_service.backend._eventlet.service [req-8a6ed289-f9b1-46c5-b9c3-4dc5e45c2de5 - - - - - -] database.mysql_sql_mode        = TRADITIONAL [00;33m{{(pid=2043448) log_opt_values /opt/stack/data/venv/lib/python3.12/site-packages/oslo_config/cfg.py:3560}}[00m
2026-10-06 13:16:03.842 2043448 DEBUG oslo_service.backend._eventlet.service [req-8a6ed289-f9b1-46c5-b9c3-4dc5e45c2de5 - - - - - -] database.mysql_wsrep_sync_wait = None [00;33m{{(pid=2043448) log_opt_values /opt/stack/data/venv/lib/python3.12/site-packages/oslo_config/cfg.py:3560}}[00m
2026-10-06 13:16:03.842 2043448 DEBUG oslo_service.backend._eventlet.service [req-8a6ed289-f9b1-46c5-b9c3-4dc5e45c2de5 - - - - - -] database.pool_timeout          = None [00;33m{{(pid=2043448) log_opt_values /opt/stack/data/venv/lib/python3.12/site-packages/oslo_config/cfg.py:3560}}[00m
2026-10-06 13:16:03.842 2043448 DEBUG oslo_service.backend._eventlet.service [req-8a6ed289-f9b1-46c5-b9c3-4dc5e45c2de5 - - - - - -] database.retry_interval        = 10 [00;33m{{(pid=2043448) log_opt_values /opt/stack/data/venv/lib/python3.12/site-packages/oslo_config/cfg.py:3560}}[00m
2026-10-06 13:16:03.842 2043448 DEBUG oslo_service.backend._eventlet.service [req-8a6ed289-f9b1-46c5-b9c3-4dc5e45c2de5 - - - - - -] database.slave_connection      = **** [00;33m{{(pid=2043448) log_opt_values /opt/stack/data/venv/lib/python3.12/site-packages/oslo_config/cfg.py:3560}}[00m
2026-10-06 13:16:03.843 2043448 DEBUG oslo_service.backend._eventlet.service [req-8a6ed289-f9b1-46c5-b9c3-4dc5e45c2de5 - - - - - -] database.sqlite_synchronous    = True [00;33m{{(pid=2043448) log_opt_values /opt/stack/data/venv/lib/python3.12/site-packages/oslo_config/cfg.py:3560}}[00m
2026-10-06 13:16:03.843 2043448 DEBUG oslo_service.backend._eventlet.service [req-8a6ed289-f9b1-46c5-b9c3-4dc5e45c2de5 - - - - - -] database.synchronous_reader    = True [00;33m{{(pid=2043448) log_opt_values /opt/stack/data/venv/lib/python3.12/site-packages/oslo_config/cfg.py:3560}}[00m
2026-10-06 13:16:03.843 2043448 DEBUG oslo_service.backend._eventlet.service [req-8a6ed289-f9b1-46c5-b9c3-4dc5e45c2de5 - - - - - -] database.use_db_reconnect      = False [00;33m{{(pid=2043448) log_opt_values /opt/stack/data/venv/lib/python3.12/site-packages/oslo_config/cfg.py:3560}}[00m
2026-10-06 13:16:03.843 2043448 DEBUG oslo_service.backend._eventlet.service [req-8a6ed289-f9b1-46c5-b9c3-4dc5e45c2de5 - - - - - -] oslo_messaging_metrics.metrics_buffer_size = 1000 [00;33m{{(pid=2043448) log_opt_values /opt/stack/data/venv/lib/python3.12/site-packages/oslo_config/cfg.py:3560}}[00m
2026-10-06 13:16:03.843 2043448 DEBUG oslo_service.backend._eventlet.service [req-8a6ed289-f9b1-46c5-b9c3-4dc5e45c2de5 - - - - - -] oslo_messaging_metrics.metrics_enabled = False [00;33m{{(pid=2043448) log_opt_values /opt/stack/data/venv/lib/python3.12/site-packages/oslo_config/cfg.py:3560}}[00m
2026-10-06 13:16:03.843 2043448 DEBUG oslo_service.backend._eventlet.service [req-8a6ed289-f9b1-46c5-b9c3-4dc5e45c2de5 - - - - - -] oslo_messaging_metrics.metrics_process_name =  [00;33m{{(pid=2043448) log_opt_values /opt/stack/data/venv/lib/python3.12/site-packages/oslo_config/cfg.py:3560}}[00m
2026-10-06 13:16:03.843 2043448 DEBUG oslo_service.backend._eventlet.service [req-8a6ed289-f9b1-46c5-b9c3-4dc5e45c2de5 - - - - - -] oslo_messaging_metrics.metrics_socket_file = /var/tmp/metrics_collector.sock [00;33m{{(pid=2043448) log_opt_values /opt/stack/data/venv/lib/python3.12/site-packages/oslo_config/cfg.py:3560}}[00m
2026-10-06 13:16:03.843 2043448 DEBUG oslo_service.backend._eventlet.service [req-8a6ed289-f9b1-46c5-b9c3-4dc5e45c2de5 - - - - - -] oslo_messaging_metrics.metrics_thread_stop_timeout = 10 [00;33m{{(pid=2043448) log_opt_values /opt/stack/data/venv/lib/python3.12/site-packages/oslo_config/cfg.py:3560}}[00m
2026-10-06 13:16:03.843 2043448 DEBUG oslo_service.backend._eventlet.service [req-8a6ed289-f9b1-46c5-b9c3-4dc5e45c2de5 - - - - - -] oslo_messaging_tracing.insecure = False [00;33m{{(pid=2043448) log_opt_values /opt/stack/data/venv/lib/python3.12/site-packages/oslo_config/cfg.py:3560}}[00m
2026-10-06 13:16:03.843 2043448 DEBUG oslo_service.backend._eventlet.service [req-8a6ed289-f9b1-46c5-b9c3-4dc5e45c2de5 - - - - - -] oslo_messaging_tracing.otel_exporter_otlp_endpoint = http://localhost:4318 [00;33m{{(pid=2043448) log_opt_values /opt/stack/data/venv/lib/python3.12/site-packages/oslo_config/cfg.py:3560}}[00m
2026-10-06 13:16:03.843 2043448 DEBUG oslo_service.backend._eventlet.service [req-8a6ed289-f9b1-46c5-b9c3-4dc5e45c2de5 - - - - - -] oslo_messaging_tracing.otlp_protocol = http/protobuf [00;33m{{(pid=2043448) log_opt_values /opt/stack/data/venv/lib/python3.12/site-packages/oslo_config/cfg.py:3560}}[00m
2026-10-06 13:16:03.843 2043448 DEBUG oslo_service.backend._eventlet.service [req-8a6ed289-f9b1-46c5-b9c3-4dc5e45c2de5 - - - - - -] oslo_messaging_tracing.tracing_enabled = False [00;33m{{(pid=2043448) log_opt_values /opt/stack/data/venv/lib/python3.12/site-packages/oslo_config/cfg.py:3560}}[00m
2026-10-06 13:16:03.844 2043448 DEBUG oslo_service.backend._eventlet.service [req-8a6ed289-f9b1-46c5-b9c3-4dc5e45c2de5 - - - - - -] oslo_messaging_tracing.tracing_service_name = openstack [00;33m{{(pid=2043448) log_opt_values /opt/stack/data/venv/lib/python3.12/site-packages/oslo_config/cfg.py:3560}}[00m
2026-10-06 13:16:03.844 2043448 DEBUG oslo_service.backend._eventlet.service [req-8a6ed289-f9b1-46c5-b9c3-4dc5e45c2de5 - - - - - -] profiler.connection_string     = messaging:// [00;33m{{(pid=2043448) log_opt_values /opt/stack/data/venv/lib/python3.12/site-packages/oslo_config/cfg.py:3560}}[00m
2026-10-06 13:16:03.844 2043448 DEBUG oslo_service.backend._eventlet.service [req-8a6ed289-f9b1-46c5-b9c3-4dc5e45c2de5 - - - - - -] profiler.enabled               = False [00;33m{{(pid=2043448) log_opt_values /opt/stack/data/venv/lib/python3.12/site-packages/oslo_config/cfg.py:3560}}[00m
2026-10-06 13:16:03.844 2043448 DEBUG oslo_service.backend._eventlet.service [req-8a6ed289-f9b1-46c5-b9c3-4dc5e45c2de5 - - - - - -] profiler.es_doc_type           = notification [00;33m{{(pid=2043448) log_opt_values /opt/stack/data/venv/lib/python3.12/site-packages/oslo_config/cfg.py:3560}}[00m
2026-10-06 13:16:03.844 2043448 DEBUG oslo_service.backend._eventlet.service [req-8a6ed289-f9b1-46c5-b9c3-4dc5e45c2de5 - - - - - -] profiler.es_scroll_size        = 10000 [00;33m{{(pid=2043448) log_opt_values /opt/stack/data/venv/lib/python3.12/site-packages/oslo_config/cfg.py:3560}}[00m
2026-10-06 13:16:03.844 2043448 DEBUG oslo_service.backend._eventlet.service [req-8a6ed289-f9b1-46c5-b9c3-4dc5e45c2de5 - - - - - -] profiler.es_scroll_time        = 2m [00;33m{{(pid=2043448) log_opt_values /opt/stack/data/venv/lib/python3.12/site-packages/oslo_config/cfg.py:3560}}[00m
2026-10-06 13:16:03.844 2043448 DEBUG oslo_service.backend._eventlet.service [req-8a6ed289-f9b1-46c5-b9c3-4dc5e45c2de5 - - - - - -] profiler.filter_error_trace    = False [00;33m{{(pid=2043448) log_opt_values /opt/stack/data/venv/lib/python3.12/site-packages/oslo_config/cfg.py:3560}}[00m
2026-10-06 13:16:03.844 2043448 DEBUG oslo_service.backend._eventlet.service [req-8a6ed289-f9b1-46c5-b9c3-4dc5e45c2de5 - - - - - -] profiler.hmac_keys             = **** [00;33m{{(pid=2043448) log_opt_values /opt/stack/data/venv/lib/python3.12/site-packages/oslo_config/cfg.py:3560}}[00m
2026-10-06 13:16:03.844 2043448 DEBUG oslo_service.backend._eventlet.service [req-8a6ed289-f9b1-46c5-b9c3-4dc5e45c2de5 - - - - - -] profiler.sentinel_service_name = mymaster [00;33m{{(pid=2043448) log_opt_values /opt/stack/data/venv/lib/python3.12/site-packages/oslo_config/cfg.py:3560}}[00m
2026-10-06 13:16:03.844 2043448 DEBUG oslo_service.backend._eventlet.service [req-8a6ed289-f9b1-46c5-b9c3-4dc5e45c2de5 - - - - - -] profiler.socket_timeout        = 0.1 [00;33m{{(pid=2043448) log_opt_values /opt/stack/data/venv/lib/python3.12/site-packages/oslo_config/cfg.py:3560}}[00m
2026-10-06 13:16:03.844 2043448 DEBUG oslo_service.backend._eventlet.service [req-8a6ed289-f9b1-46c5-b9c3-4dc5e45c2de5 - - - - - -] profiler.trace_requests        = False [00;33m{{(pid=2043448) log_opt_values /opt/stack/data/venv/lib/python3.12/site-packages/oslo_config/cfg.py:3560}}[00m
2026-10-06 13:16:03.845 2043448 DEBUG oslo_service.backend._eventlet.service [req-8a6ed289-f9b1-46c5-b9c3-4dc5e45c2de5 - - - - - -] profiler.trace_sqlalchemy      = False [00;33m{{(pid=2043448) log_opt_values /opt/stack/data/venv/lib/python3.12/site-packages/oslo_config/cfg.py:3560}}[00m
2026-10-06 13:16:03.845 2043448 DEBUG oslo_service.backend._eventlet.service [req-8a6ed289-f9b1-46c5-b9c3-4dc5e45c2de5 - - - - - -] profiler_jaeger.process_tags   = {} [00;33m{{(pid=2043448) log_opt_values /opt/stack/data/venv/lib/python3.12/site-packages/oslo_config/cfg.py:3560}}[00m
2026-10-06 13:16:03.845 2043448 DEBUG oslo_service.backend._eventlet.service [req-8a6ed289-f9b1-46c5-b9c3-4dc5e45c2de5 - - - - - -] profiler_jaeger.service_name_prefix = None [00;33m{{(pid=2043448) log_opt_values /opt/stack/data/venv/lib/python3.12/site-packages/oslo_config/cfg.py:3560}}[00m
2026-10-06 13:16:03.845 2043448 DEBUG oslo_service.backend._eventlet.service [req-8a6ed289-f9b1-46c5-b9c3-4dc5e45c2de5 - - - - - -] profiler_otlp.service_name_prefix = None [00;33m{{(pid=2043448) log_opt_values /opt/stack/data/venv/lib/python3.12/site-packages/oslo_config/cfg.py:3560}}[00m
2026-10-06 13:16:03.845 2043448 DEBUG oslo_service.backend._eventlet.service [req-8a6ed289-f9b1-46c5-b9c3-4dc5e45c2de5 - - - - - -] oslo_policy.enforce_new_defaults = True [00;33m{{(pid=2043448) log_opt_values /opt/stack/data/venv/lib/python3.12/site-packages/oslo_config/cfg.py:3560}}[00m
2026-10-06 13:16:03.845 2043448 DEBUG oslo_service.backend._eventlet.service [req-8a6ed289-f9b1-46c5-b9c3-4dc5e45c2de5 - - - - - -] oslo_policy.policy_default_rule = default [00;33m{{(pid=2043448) log_opt_values /opt/stack/data/venv/lib/python3.12/site-packages/oslo_config/cfg.py:3560}}[00m
2026-10-06 13:16:03.845 2043448 DEBUG oslo_service.backend._eventlet.service [req-8a6ed289-f9b1-46c5-b9c3-4dc5e45c2de5 - - - - - -] oslo_policy.policy_dirs        = ['policy.d'] [00;33m{{(pid=2043448) log_opt_values /opt/stack/data/venv/lib/python3.12/site-packages/oslo_config/cfg.py:3560}}[00m
2026-10-06 13:16:03.845 2043448 DEBUG oslo_service.backend._eventlet.service [req-8a6ed289-f9b1-46c5-b9c3-4dc5e45c2de5 - - - - - -] oslo_policy.policy_file        = policy.yaml [00;33m{{(pid=2043448) log_opt_values /opt/stack/data/venv/lib/python3.12/site-packages/oslo_config/cfg.py:3560}}[00m
2026-10-06 13:16:03.845 2043448 DEBUG oslo_service.backend._eventlet.service [req-8a6ed289-f9b1-46c5-b9c3-4dc5e45c2de5 - - - - - -] oslo_policy.remote_content_type = application/x-www-form-urlencoded [00;33m{{(pid=2043448) log_opt_values /opt/stack/data/venv/lib/python3.12/site-packages/oslo_config/cfg.py:3560}}[00m
2026-10-06 13:16:03.845 2043448 DEBUG oslo_service.backend._eventlet.service [req-8a6ed289-f9b1-46c5-b9c3-4dc5e45c2de5 - - - - - -] oslo_policy.remote_ssl_ca_crt_file = None [00;33m{{(pid=2043448) log_opt_values /opt/stack/data/venv/lib/python3.12/site-packages/oslo_config/cfg.py:3560}}[00m
2026-10-06 13:16:03.845 2043448 DEBUG oslo_service.backend._eventlet.service [req-8a6ed289-f9b1-46c5-b9c3-4dc5e45c2de5 - - - - - -] oslo_policy.remote_ssl_client_crt_file = None [00;33m{{(pid=2043448) log_opt_values /opt/stack/data/venv/lib/python3.12/site-packages/oslo_config/cfg.py:3560}}[00m
2026-10-06 13:16:03.845 2043448 DEBUG oslo_service.backend._eventlet.service [req-8a6ed289-f9b1-46c5-b9c3-4dc5e45c2de5 - - - - - -] oslo_policy.remote_ssl_client_key_file = None [00;33m{{(pid=2043448) log_opt_values /opt/stack/data/venv/lib/python3.12/site-packages/oslo_config/cfg.py:3560}}[00m
2026-10-06 13:16:03.846 2043448 DEBUG oslo_service.backend._eventlet.service [req-8a6ed289-f9b1-46c5-b9c3-4dc5e45c2de5 - - - - - -] oslo_policy.remote_ssl_verify_server_crt = False [00;33m{{(pid=2043448) log_opt_values /opt/stack/data/venv/lib/python3.12/site-packages/oslo_config/cfg.py:3560}}[00m
2026-10-06 13:16:03.846 2043448 DEBUG oslo_service.backend._eventlet.service [req-8a6ed289-f9b1-46c5-b9c3-4dc5e45c2de5 - - - - - -] oslo_policy.remote_timeout     = 60.0 [00;33m{{(pid=2043448) log_opt_values /opt/stack/data/venv/lib/python3.12/site-packages/oslo_config/cfg.py:3560}}[00m
2026-10-06 13:16:03.846 2043448 DEBUG oslo_service.backend._eventlet.service [req-8a6ed289-f9b1-46c5-b9c3-4dc5e45c2de5 - - - - - -] privsep_osbrick.capabilities   = [21, 2] [00;33m{{(pid=2043448) log_opt_values /opt/stack/data/venv/lib/python3.12/site-packages/oslo_config/cfg.py:3560}}[00m
2026-10-06 13:16:03.846 2043448 DEBUG oslo_service.backend._eventlet.service [req-8a6ed289-f9b1-46c5-b9c3-4dc5e45c2de5 - - - - - -] privsep_osbrick.group          = None [00;33m{{(pid=2043448) log_opt_values /opt/stack/data/venv/lib/python3.12/site-packages/oslo_config/cfg.py:3560}}[00m
2026-10-06 13:16:03.846 2043448 DEBUG oslo_service.backend._eventlet.service [req-8a6ed289-f9b1-46c5-b9c3-4dc5e45c2de5 - - - - - -] privsep_osbrick.helper_command = None [00;33m{{(pid=2043448) log_opt_values /opt/stack/data/venv/lib/python3.12/site-packages/oslo_config/cfg.py:3560}}[00m
2026-10-06 13:16:03.846 2043448 DEBUG oslo_service.backend._eventlet.service [req-8a6ed289-f9b1-46c5-b9c3-4dc5e45c2de5 - - - - - -] privsep_osbrick.log_daemon_traceback = False [00;33m{{(pid=2043448) log_opt_values /opt/stack/data/venv/lib/python3.12/site-packages/oslo_config/cfg.py:3560}}[00m
2026-10-06 13:16:03.846 2043448 DEBUG oslo_service.backend._eventlet.service [req-8a6ed289-f9b1-46c5-b9c3-4dc5e45c2de5 - - - - - -] privsep_osbrick.logger_name    = brick_privsep_hide_output [00;33m{{(pid=2043448) log_opt_values /opt/stack/data/venv/lib/python3.12/site-packages/oslo_config/cfg.py:3560}}[00m
2026-10-06 13:16:03.846 2043448 DEBUG oslo_service.backend._eventlet.service [req-8a6ed289-f9b1-46c5-b9c3-4dc5e45c2de5 - - - - - -] privsep_osbrick.thread_pool_size = 128 [00;33m{{(pid=2043448) log_opt_values /opt/stack/data/venv/lib/python3.12/site-packages/oslo_config/cfg.py:3560}}[00m
2026-10-06 13:16:03.846 2043448 DEBUG oslo_service.backend._eventlet.service [req-8a6ed289-f9b1-46c5-b9c3-4dc5e45c2de5 - - - - - -] privsep_osbrick.user           = None [00;33m{{(pid=2043448) log_opt_values /opt/stack/data/venv/lib/python3.12/site-packages/oslo_config/cfg.py:3560}}[00m
2026-10-06 13:16:03.846 2043448 DEBUG oslo_service.backend._eventlet.service [req-8a6ed289-f9b1-46c5-b9c3-4dc5e45c2de5 - - - - - -] cinder_sys_admin.capabilities  = [0, 1, 2, 3, 12, 21] [00;33m{{(pid=2043448) log_opt_values /opt/stack/data/venv/lib/python3.12/site-packages/oslo_config/cfg.py:3560}}[00m
2026-10-06 13:16:03.846 2043448 DEBUG oslo_service.backend._eventlet.service [req-8a6ed289-f9b1-46c5-b9c3-4dc5e45c2de5 - - - - - -] cinder_sys_admin.group         = None [00;33m{{(pid=2043448) log_opt_values /opt/stack/data/venv/lib/python3.12/site-packages/oslo_config/cfg.py:3560}}[00m
2026-10-06 13:16:03.846 2043448 DEBUG oslo_service.backend._eventlet.service [req-8a6ed289-f9b1-46c5-b9c3-4dc5e45c2de5 - - - - - -] cinder_sys_admin.helper_command = None [00;33m{{(pid=2043448) log_opt_values /opt/stack/data/venv/lib/python3.12/site-packages/oslo_config/cfg.py:3560}}[00m
2026-10-06 13:16:03.847 2043448 DEBUG oslo_service.backend._eventlet.service [req-8a6ed289-f9b1-46c5-b9c3-4dc5e45c2de5 - - - - - -] cinder_sys_admin.log_daemon_traceback = False [00;33m{{(pid=2043448) log_opt_values /opt/stack/data/venv/lib/python3.12/site-packages/oslo_config/cfg.py:3560}}[00m
2026-10-06 13:16:03.847 2043448 DEBUG oslo_service.backend._eventlet.service [req-8a6ed289-f9b1-46c5-b9c3-4dc5e45c2de5 - - - - - -] cinder_sys_admin.logger_name   = oslo_privsep.daemon [00;33m{{(pid=2043448) log_opt_values /opt/stack/data/venv/lib/python3.12/site-packages/oslo_config/cfg.py:3560}}[00m
2026-10-06 13:16:03.847 2043448 DEBUG oslo_service.backend._eventlet.service [req-8a6ed289-f9b1-46c5-b9c3-4dc5e45c2de5 - - - - - -] cinder_sys_admin.thread_pool_size = 128 [00;33m{{(pid=2043448) log_opt_values /opt/stack/data/venv/lib/python3.12/site-packages/oslo_config/cfg.py:3560}}[00m
2026-10-06 13:16:03.847 2043448 DEBUG oslo_service.backend._eventlet.service [req-8a6ed289-f9b1-46c5-b9c3-4dc5e45c2de5 - - - - - -] cinder_sys_admin.user          = None [00;33m{{(pid=2043448) log_opt_values /opt/stack/data/venv/lib/python3.12/site-packages/oslo_config/cfg.py:3560}}[00m
2026-10-06 13:16:03.847 2043448 DEBUG oslo_service.backend._eventlet.service [req-8a6ed289-f9b1-46c5-b9c3-4dc5e45c2de5 - - - - - -] service_user.auth_section      = None [00;33m{{(pid=2043448) log_opt_values /opt/stack/data/venv/lib/python3.12/site-packages/oslo_config/cfg.py:3560}}[00m
2026-10-06 13:16:03.847 2043448 DEBUG oslo_service.backend._eventlet.service [req-8a6ed289-f9b1-46c5-b9c3-4dc5e45c2de5 - - - - - -] service_user.auth_type         = password [00;33m{{(pid=2043448) log_opt_values /opt/stack/data/venv/lib/python3.12/site-packages/oslo_config/cfg.py:3560}}[00m
2026-10-06 13:16:03.847 2043448 DEBUG oslo_service.backend._eventlet.service [req-8a6ed289-f9b1-46c5-b9c3-4dc5e45c2de5 - - - - - -] service_user.cafile            = None [00;33m{{(pid=2043448) log_opt_values /opt/stack/data/venv/lib/python3.12/site-packages/oslo_config/cfg.py:3560}}[00m
2026-10-06 13:16:03.847 2043448 DEBUG oslo_service.backend._eventlet.service [req-8a6ed289-f9b1-46c5-b9c3-4dc5e45c2de5 - - - - - -] service_user.certfile          = None [00;33m{{(pid=2043448) log_opt_values /opt/stack/data/venv/lib/python3.12/site-packages/oslo_config/cfg.py:3560}}[00m
2026-10-06 13:16:03.847 2043448 DEBUG oslo_service.backend._eventlet.service [req-8a6ed289-f9b1-46c5-b9c3-4dc5e45c2de5 - - - - - -] service_user.collect_timing    = False [00;33m{{(pid=2043448) log_opt_values /opt/stack/data/venv/lib/python3.12/site-packages/oslo_config/cfg.py:3560}}[00m
2026-10-06 13:16:03.847 2043448 DEBUG oslo_service.backend._eventlet.service [req-8a6ed289-f9b1-46c5-b9c3-4dc5e45c2de5 - - - - - -] service_user.insecure          = False [00;33m{{(pid=2043448) log_opt_values /opt/stack/data/venv/lib/python3.12/site-packages/oslo_config/cfg.py:3560}}[00m
2026-10-06 13:16:03.847 2043448 DEBUG oslo_service.backend._eventlet.service [req-8a6ed289-f9b1-46c5-b9c3-4dc5e45c2de5 - - - - - -] service_user.keyfile           = None [00;33m{{(pid=2043448) log_opt_values /opt/stack/data/venv/lib/python3.12/site-packages/oslo_config/cfg.py:3560}}[00m
2026-10-06 13:16:03.847 2043448 DEBUG oslo_service.backend._eventlet.service [req-8a6ed289-f9b1-46c5-b9c3-4dc5e45c2de5 - - - - - -] service_user.send_service_user_token = True [00;33m{{(pid=2043448) log_opt_values /opt/stack/data/venv/lib/python3.12/site-packages/oslo_config/cfg.py:3560}}[00m
2026-10-06 13:16:03.848 2043448 DEBUG oslo_service.backend._eventlet.service [req-8a6ed289-f9b1-46c5-b9c3-4dc5e45c2de5 - - - - - -] service_user.split_loggers     = False [00;33m{{(pid=2043448) log_opt_values /opt/stack/data/venv/lib/python3.12/site-packages/oslo_config/cfg.py:3560}}[00m
2026-10-06 13:16:03.848 2043448 DEBUG oslo_service.backend._eventlet.service [req-8a6ed289-f9b1-46c5-b9c3-4dc5e45c2de5 - - - - - -] service_user.timeout           = None [00;33m{{(pid=2043448) log_opt_values /opt/stack/data/venv/lib/python3.12/site-packages/oslo_config/cfg.py:3560}}[00m
2026-10-06 13:16:03.848 2043448 DEBUG oslo_service.backend._eventlet.service [req-8a6ed289-f9b1-46c5-b9c3-4dc5e45c2de5 - - - - - -] service_user.tls_ciphers       = None [00;33m{{(pid=2043448) log_opt_values /opt/stack/data/venv/lib/python3.12/site-packages/oslo_config/cfg.py:3560}}[00m
2026-10-06 13:16:03.848 2043448 DEBUG oslo_service.backend._eventlet.service [req-8a6ed289-f9b1-46c5-b9c3-4dc5e45c2de5 - - - - - -] service_user.tls_min_version   = None [00;33m{{(pid=2043448) log_opt_values /opt/stack/data/venv/lib/python3.12/site-packages/oslo_config/cfg.py:3560}}[00m
2026-10-06 13:16:03.848 2043448 DEBUG oslo_service.backend._eventlet.service [req-8a6ed289-f9b1-46c5-b9c3-4dc5e45c2de5 - - - - - -] glance.auth_section            = None [00;33m{{(pid=2043448) log_opt_values /opt/stack/data/venv/lib/python3.12/site-packages/oslo_config/cfg.py:3560}}[00m
2026-10-06 13:16:03.848 2043448 DEBUG oslo_service.backend._eventlet.service [req-8a6ed289-f9b1-46c5-b9c3-4dc5e45c2de5 - - - - - -] glance.auth_type               = password [00;33m{{(pid=2043448) log_opt_values /opt/stack/data/venv/lib/python3.12/site-packages/oslo_config/cfg.py:3560}}[00m
2026-10-06 13:16:03.848 2043448 DEBUG oslo_service.backend._eventlet.service [req-8a6ed289-f9b1-46c5-b9c3-4dc5e45c2de5 - - - - - -] glance.cafile                  = /opt/stack/data/ca-bundle.pem [00;33m{{(pid=2043448) log_opt_values /opt/stack/data/venv/lib/python3.12/site-packages/oslo_config/cfg.py:3560}}[00m
2026-10-06 13:16:03.848 2043448 DEBUG oslo_service.backend._eventlet.service [req-8a6ed289-f9b1-46c5-b9c3-4dc5e45c2de5 - - - - - -] glance.certfile                = None [00;33m{{(pid=2043448) log_opt_values /opt/stack/data/venv/lib/python3.12/site-packages/oslo_config/cfg.py:3560}}[00m
2026-10-06 13:16:03.848 2043448 DEBUG oslo_service.backend._eventlet.service [req-8a6ed289-f9b1-46c5-b9c3-4dc5e45c2de5 - - - - - -] glance.collect_timing          = False [00;33m{{(pid=2043448) log_opt_values /opt/stack/data/venv/lib/python3.12/site-packages/oslo_config/cfg.py:3560}}[00m
2026-10-06 13:16:03.848 2043448 DEBUG oslo_service.backend._eventlet.service [req-8a6ed289-f9b1-46c5-b9c3-4dc5e45c2de5 - - - - - -] glance.insecure                = False [00;33m{{(pid=2043448) log_opt_values /opt/stack/data/venv/lib/python3.12/site-packages/oslo_config/cfg.py:3560}}[00m
2026-10-06 13:16:03.848 2043448 DEBUG oslo_service.backend._eventlet.service [req-8a6ed289-f9b1-46c5-b9c3-4dc5e45c2de5 - - - - - -] glance.keyfile                 = None [00;33m{{(pid=2043448) log_opt_values /opt/stack/data/venv/lib/python3.12/site-packages/oslo_config/cfg.py:3560}}[00m
2026-10-06 13:16:03.848 2043448 DEBUG oslo_service.backend._eventlet.service [req-8a6ed289-f9b1-46c5-b9c3-4dc5e45c2de5 - - - - - -] glance.region_name             = None [00;33m{{(pid=2043448) log_opt_values /opt/stack/data/venv/lib/python3.12/site-packages/oslo_config/cfg.py:3560}}[00m
2026-10-06 13:16:03.849 2043448 DEBUG oslo_service.backend._eventlet.service [req-8a6ed289-f9b1-46c5-b9c3-4dc5e45c2de5 - - - - - -] glance.split_loggers           = False [00;33m{{(pid=2043448) log_opt_values /opt/stack/data/venv/lib/python3.12/site-packages/oslo_config/cfg.py:3560}}[00m
2026-10-06 13:16:03.849 2043448 DEBUG oslo_service.backend._eventlet.service [req-8a6ed289-f9b1-46c5-b9c3-4dc5e45c2de5 - - - - - -] glance.timeout                 = None [00;33m{{(pid=2043448) log_opt_values /opt/stack/data/venv/lib/python3.12/site-packages/oslo_config/cfg.py:3560}}[00m
2026-10-06 13:16:03.849 2043448 DEBUG oslo_service.backend._eventlet.service [req-8a6ed289-f9b1-46c5-b9c3-4dc5e45c2de5 - - - - - -] glance.tls_ciphers             = None [00;33m{{(pid=2043448) log_opt_values /opt/stack/data/venv/lib/python3.12/site-packages/oslo_config/cfg.py:3560}}[00m
2026-10-06 13:16:03.849 2043448 DEBUG oslo_service.backend._eventlet.service [req-8a6ed289-f9b1-46c5-b9c3-4dc5e45c2de5 - - - - - -] glance.tls_min_version         = None [00;33m{{(pid=2043448) log_opt_values /opt/stack/data/venv/lib/python3.12/site-packages/oslo_config/cfg.py:3560}}[00m
2026-10-06 13:16:03.849 2043448 DEBUG oslo_service.backend._eventlet.service [req-8a6ed289-f9b1-46c5-b9c3-4dc5e45c2de5 - - - - - -] backend_defaults.backend_availability_zone = None [00;33m{{(pid=2043448) log_opt_values /opt/stack/data/venv/lib/python3.12/site-packages/oslo_config/cfg.py:3560}}[00m
2026-10-06 13:16:03.849 2043448 DEBUG oslo_service.backend._eventlet.service [req-8a6ed289-f9b1-46c5-b9c3-4dc5e45c2de5 - - - - - -] backend_defaults.backend_native_threads_pool_size = 20 [00;33m{{(pid=2043448) log_opt_values /opt/stack/data/venv/lib/python3.12/site-packages/oslo_config/cfg.py:3560}}[00m
2026-10-06 13:16:03.849 2043448 DEBUG oslo_service.backend._eventlet.service [req-8a6ed289-f9b1-46c5-b9c3-4dc5e45c2de5 - - - - - -] backend_defaults.backup_use_temp_snapshot = False [00;33m{{(pid=2043448) log_opt_values /opt/stack/data/venv/lib/python3.12/site-packages/oslo_config/cfg.py:3560}}[00m
2026-10-06 13:16:03.849 2043448 DEBUG oslo_service.backend._eventlet.service [req-8a6ed289-f9b1-46c5-b9c3-4dc5e45c2de5 - - - - - -] backend_defaults.chap_password = **** [00;33m{{(pid=2043448) log_opt_values /opt/stack/data/venv/lib/python3.12/site-packages/oslo_config/cfg.py:3560}}[00m
2026-10-06 13:16:03.849 2043448 DEBUG oslo_service.backend._eventlet.service [req-8a6ed289-f9b1-46c5-b9c3-4dc5e45c2de5 - - - - - -] backend_defaults.chap_username =  [00;33m{{(pid=2043448) log_opt_values /opt/stack/data/venv/lib/python3.12/site-packages/oslo_config/cfg.py:3560}}[00m
2026-10-06 13:16:03.849 2043448 DEBUG oslo_service.backend._eventlet.service [req-8a6ed289-f9b1-46c5-b9c3-4dc5e45c2de5 - - - - - -] backend_defaults.chiscsi_conf  = /etc/chelsio-iscsi/chiscsi.conf [00;33m{{(pid=2043448) log_opt_values /opt/stack/data/venv/lib/python3.12/site-packages/oslo_config/cfg.py:3560}}[00m
2026-10-06 13:16:03.849 2043448 DEBUG oslo_service.backend._eventlet.service [req-8a6ed289-f9b1-46c5-b9c3-4dc5e45c2de5 - - - - - -] backend_defaults.disk_geometry = None [00;33m{{(pid=2043448) log_opt_values /opt/stack/data/venv/lib/python3.12/site-packages/oslo_config/cfg.py:3560}}[00m
2026-10-06 13:16:03.849 2043448 DEBUG oslo_service.backend._eventlet.service [req-8a6ed289-f9b1-46c5-b9c3-4dc5e45c2de5 - - - - - -] backend_defaults.driver_client_cert = None [00;33m{{(pid=2043448) log_opt_values /opt/stack/data/venv/lib/python3.12/site-packages/oslo_config/cfg.py:3560}}[00m
2026-10-06 13:16:03.850 2043448 DEBUG oslo_service.backend._eventlet.service [req-8a6ed289-f9b1-46c5-b9c3-4dc5e45c2de5 - - - - - -] backend_defaults.driver_client_cert_key = None [00;33m{{(pid=2043448) log_opt_values /opt/stack/data/venv/lib/python3.12/site-packages/oslo_config/cfg.py:3560}}[00m
2026-10-06 13:16:03.850 2043448 DEBUG oslo_service.backend._eventlet.service [req-8a6ed289-f9b1-46c5-b9c3-4dc5e45c2de5 - - - - - -] backend_defaults.driver_data_namespace = None [00;33m{{(pid=2043448) log_opt_values /opt/stack/data/venv/lib/python3.12/site-packages/oslo_config/cfg.py:3560}}[00m
2026-10-06 13:16:03.850 2043448 DEBUG oslo_service.backend._eventlet.service [req-8a6ed289-f9b1-46c5-b9c3-4dc5e45c2de5 - - - - - -] backend_defaults.driver_ssl_cert_path = None [00;33m{{(pid=2043448) log_opt_values /opt/stack/data/venv/lib/python3.12/site-packages/oslo_config/cfg.py:3560}}[00m
2026-10-06 13:16:03.850 2043448 DEBUG oslo_service.backend._eventlet.service [req-8a6ed289-f9b1-46c5-b9c3-4dc5e45c2de5 - - - - - -] backend_defaults.driver_ssl_cert_verify = False [00;33m{{(pid=2043448) log_opt_values /opt/stack/data/venv/lib/python3.12/site-packages/oslo_config/cfg.py:3560}}[00m
2026-10-06 13:16:03.850 2043448 DEBUG oslo_service.backend._eventlet.service [req-8a6ed289-f9b1-46c5-b9c3-4dc5e45c2de5 - - - - - -] backend_defaults.driver_use_ssl = False [00;33m{{(pid=2043448) log_opt_values /opt/stack/data/venv/lib/python3.12/site-packages/oslo_config/cfg.py:3560}}[00m
2026-10-06 13:16:03.850 2043448 DEBUG oslo_service.backend._eventlet.service [req-8a6ed289-f9b1-46c5-b9c3-4dc5e45c2de5 - - - - - -] backend_defaults.enable_unsupported_driver = False [00;33m{{(pid=2043448) log_opt_values /opt/stack/data/venv/lib/python3.12/site-packages/oslo_config/cfg.py:3560}}[00m
2026-10-06 13:16:03.850 2043448 DEBUG oslo_service.backend._eventlet.service [req-8a6ed289-f9b1-46c5-b9c3-4dc5e45c2de5 - - - - - -] backend_defaults.enforce_multipath_for_image_xfer = False [00;33m{{(pid=2043448) log_opt_values /opt/stack/data/venv/lib/python3.12/site-packages/oslo_config/cfg.py:3560}}[00m
2026-10-06 13:16:03.850 2043448 DEBUG oslo_service.backend._eventlet.service [req-8a6ed289-f9b1-46c5-b9c3-4dc5e45c2de5 - - - - - -] backend_defaults.extra_capabilities = {} [00;33m{{(pid=2043448) log_opt_values /opt/stack/data/venv/lib/python3.12/site-packages/oslo_config/cfg.py:3560}}[00m
2026-10-06 13:16:03.850 2043448 DEBUG oslo_service.backend._eventlet.service [req-8a6ed289-f9b1-46c5-b9c3-4dc5e45c2de5 - - - - - -] backend_defaults.filter_function = None [00;33m{{(pid=2043448) log_opt_values /opt/stack/data/venv/lib/python3.12/site-packages/oslo_config/cfg.py:3560}}[00m
2026-10-06 13:16:03.850 2043448 DEBUG oslo_service.backend._eventlet.service [req-8a6ed289-f9b1-46c5-b9c3-4dc5e45c2de5 - - - - - -] backend_defaults.goodness_function = None [00;33m{{(pid=2043448) log_opt_values /opt/stack/data/venv/lib/python3.12/site-packages/oslo_config/cfg.py:3560}}[00m
2026-10-06 13:16:03.850 2043448 DEBUG oslo_service.backend._eventlet.service [req-8a6ed289-f9b1-46c5-b9c3-4dc5e45c2de5 - - - - - -] backend_defaults.hitachi_async_copy_check_interval = 10 [00;33m{{(pid=2043448) log_opt_values /opt/stack/data/venv/lib/python3.12/site-packages/oslo_config/cfg.py:3560}}[00m
2026-10-06 13:16:03.850 2043448 DEBUG oslo_service.backend._eventlet.service [req-8a6ed289-f9b1-46c5-b9c3-4dc5e45c2de5 - - - - - -] backend_defaults.hitachi_compute_target_ports = [] [00;33m{{(pid=2043448) log_opt_values /opt/stack/data/venv/lib/python3.12/site-packages/oslo_config/cfg.py:3560}}[00m
2026-10-06 13:16:03.850 2043448 DEBUG oslo_service.backend._eventlet.service [req-8a6ed289-f9b1-46c5-b9c3-4dc5e45c2de5 - - - - - -] backend_defaults.hitachi_copy_check_interval = 3 [00;33m{{(pid=2043448) log_opt_values /opt/stack/data/venv/lib/python3.12/site-packages/oslo_config/cfg.py:3560}}[00m
2026-10-06 13:16:03.851 2043448 DEBUG oslo_service.backend._eventlet.service [req-8a6ed289-f9b1-46c5-b9c3-4dc5e45c2de5 - - - - - -] backend_defaults.hitachi_copy_speed = 3 [00;33m{{(pid=2043448) log_opt_values /opt/stack/data/venv/lib/python3.12/site-packages/oslo_config/cfg.py:3560}}[00m
2026-10-06 13:16:03.851 2043448 DEBUG oslo_service.backend._eventlet.service [req-8a6ed289-f9b1-46c5-b9c3-4dc5e45c2de5 - - - - - -] backend_defaults.hitachi_discard_zero_page = True [00;33m{{(pid=2043448) log_opt_values /opt/stack/data/venv/lib/python3.12/site-packages/oslo_config/cfg.py:3560}}[00m
2026-10-06 13:16:03.851 2043448 DEBUG oslo_service.backend._eventlet.service [req-8a6ed289-f9b1-46c5-b9c3-4dc5e45c2de5 - - - - - -] backend_defaults.hitachi_exec_retry_interval = 5 [00;33m{{(pid=2043448) log_opt_values /opt/stack/data/venv/lib/python3.12/site-packages/oslo_config/cfg.py:3560}}[00m
2026-10-06 13:16:03.851 2043448 DEBUG oslo_service.backend._eventlet.service [req-8a6ed289-f9b1-46c5-b9c3-4dc5e45c2de5 - - - - - -] backend_defaults.hitachi_extend_snapshot_volumes = False [00;33m{{(pid=2043448) log_opt_values /opt/stack/data/venv/lib/python3.12/site-packages/oslo_config/cfg.py:3560}}[00m
2026-10-06 13:16:03.851 2043448 DEBUG oslo_service.backend._eventlet.service [req-8a6ed289-f9b1-46c5-b9c3-4dc5e45c2de5 - - - - - -] backend_defaults.hitachi_extend_timeout = 600 [00;33m{{(pid=2043448) log_opt_values /opt/stack/data/venv/lib/python3.12/site-packages/oslo_config/cfg.py:3560}}[00m
2026-10-06 13:16:03.851 2043448 DEBUG oslo_service.backend._eventlet.service [req-8a6ed289-f9b1-46c5-b9c3-4dc5e45c2de5 - - - - - -] backend_defaults.hitachi_group_create = False [00;33m{{(pid=2043448) log_opt_values /opt/stack/data/venv/lib/python3.12/site-packages/oslo_config/cfg.py:3560}}[00m
2026-10-06 13:16:03.851 2043448 DEBUG oslo_service.backend._eventlet.service [req-8a6ed289-f9b1-46c5-b9c3-4dc5e45c2de5 - - - - - -] backend_defaults.hitachi_group_delete = False [00;33m{{(pid=2043448) log_opt_values /opt/stack/data/venv/lib/python3.12/site-packages/oslo_config/cfg.py:3560}}[00m
2026-10-06 13:16:03.851 2043448 DEBUG oslo_service.backend._eventlet.service [req-8a6ed289-f9b1-46c5-b9c3-4dc5e45c2de5 - - - - - -] backend_defaults.hitachi_group_name_format = None [00;33m{{(pid=2043448) log_opt_values /opt/stack/data/venv/lib/python3.12/site-packages/oslo_config/cfg.py:3560}}[00m
2026-10-06 13:16:03.851 2043448 DEBUG oslo_service.backend._eventlet.service [req-8a6ed289-f9b1-46c5-b9c3-4dc5e45c2de5 - - - - - -] backend_defaults.hitachi_host_mode_options = [] [00;33m{{(pid=2043448) log_opt_values /opt/stack/data/venv/lib/python3.12/site-packages/oslo_config/cfg.py:3560}}[00m
2026-10-06 13:16:03.851 2043448 DEBUG oslo_service.backend._eventlet.service [req-8a6ed289-f9b1-46c5-b9c3-4dc5e45c2de5 - - - - - -] backend_defaults.hitachi_ldev_range = None [00;33m{{(pid=2043448) log_opt_values /opt/stack/data/venv/lib/python3.12/site-packages/oslo_config/cfg.py:3560}}[00m
2026-10-06 13:16:03.851 2043448 DEBUG oslo_service.backend._eventlet.service [req-8a6ed289-f9b1-46c5-b9c3-4dc5e45c2de5 - - - - - -] backend_defaults.hitachi_lock_timeout = 7200 [00;33m{{(pid=2043448) log_opt_values /opt/stack/data/venv/lib/python3.12/site-packages/oslo_config/cfg.py:3560}}[00m
2026-10-06 13:16:03.851 2043448 DEBUG oslo_service.backend._eventlet.service [req-8a6ed289-f9b1-46c5-b9c3-4dc5e45c2de5 - - - - - -] backend_defaults.hitachi_lun_retry_interval = 1 [00;33m{{(pid=2043448) log_opt_values /opt/stack/data/venv/lib/python3.12/site-packages/oslo_config/cfg.py:3560}}[00m
2026-10-06 13:16:03.851 2043448 DEBUG oslo_service.backend._eventlet.service [req-8a6ed289-f9b1-46c5-b9c3-4dc5e45c2de5 - - - - - -] backend_defaults.hitachi_lun_timeout = 50 [00;33m{{(pid=2043448) log_opt_values /opt/stack/data/venv/lib/python3.12/site-packages/oslo_config/cfg.py:3560}}[00m
2026-10-06 13:16:03.852 2043448 DEBUG oslo_service.backend._eventlet.service [req-8a6ed289-f9b1-46c5-b9c3-4dc5e45c2de5 - - - - - -] backend_defaults.hitachi_manage_drs_volumes = False [00;33m{{(pid=2043448) log_opt_values /opt/stack/data/venv/lib/python3.12/site-packages/oslo_config/cfg.py:3560}}[00m
2026-10-06 13:16:03.852 2043448 DEBUG oslo_service.backend._eventlet.service [req-8a6ed289-f9b1-46c5-b9c3-4dc5e45c2de5 - - - - - -] backend_defaults.hitachi_mirror_compute_target_ports = [] [00;33m{{(pid=2043448) log_opt_values /opt/stack/data/venv/lib/python3.12/site-packages/oslo_config/cfg.py:3560}}[00m
2026-10-06 13:16:03.852 2043448 DEBUG oslo_service.backend._eventlet.service [req-8a6ed289-f9b1-46c5-b9c3-4dc5e45c2de5 - - - - - -] backend_defaults.hitachi_mirror_ldev_range = None [00;33m{{(pid=2043448) log_opt_values /opt/stack/data/venv/lib/python3.12/site-packages/oslo_config/cfg.py:3560}}[00m
2026-10-06 13:16:03.852 2043448 DEBUG oslo_service.backend._eventlet.service [req-8a6ed289-f9b1-46c5-b9c3-4dc5e45c2de5 - - - - - -] backend_defaults.hitachi_mirror_pair_target_number = 0 [00;33m{{(pid=2043448) log_opt_values /opt/stack/data/venv/lib/python3.12/site-packages/oslo_config/cfg.py:3560}}[00m
2026-10-06 13:16:03.852 2043448 DEBUG oslo_service.backend._eventlet.service [req-8a6ed289-f9b1-46c5-b9c3-4dc5e45c2de5 - - - - - -] backend_defaults.hitachi_mirror_pool = None [00;33m{{(pid=2043448) log_opt_values /opt/stack/data/venv/lib/python3.12/site-packages/oslo_config/cfg.py:3560}}[00m
2026-10-06 13:16:03.852 2043448 DEBUG oslo_service.backend._eventlet.service [req-8a6ed289-f9b1-46c5-b9c3-4dc5e45c2de5 - - - - - -] backend_defaults.hitachi_mirror_snap_pool = None [00;33m{{(pid=2043448) log_opt_values /opt/stack/data/venv/lib/python3.12/site-packages/oslo_config/cfg.py:3560}}[00m
2026-10-06 13:16:03.852 2043448 DEBUG oslo_service.backend._eventlet.service [req-8a6ed289-f9b1-46c5-b9c3-4dc5e45c2de5 - - - - - -] backend_defaults.hitachi_mirror_storage_id = None [00;33m{{(pid=2043448) log_opt_values /opt/stack/data/venv/lib/python3.12/site-packages/oslo_config/cfg.py:3560}}[00m
2026-10-06 13:16:03.852 2043448 DEBUG oslo_service.backend._eventlet.service [req-8a6ed289-f9b1-46c5-b9c3-4dc5e45c2de5 - - - - - -] backend_defaults.hitachi_mirror_target_ports = [] [00;33m{{(pid=2043448) log_opt_values /opt/stack/data/venv/lib/python3.12/site-packages/oslo_config/cfg.py:3560}}[00m
2026-10-06 13:16:03.852 2043448 DEBUG oslo_service.backend._eventlet.service [req-8a6ed289-f9b1-46c5-b9c3-4dc5e45c2de5 - - - - - -] backend_defaults.hitachi_pair_target_number = 0 [00;33m{{(pid=2043448) log_opt_values /opt/stack/data/venv/lib/python3.12/site-packages/oslo_config/cfg.py:3560}}[00m
2026-10-06 13:16:03.852 2043448 DEBUG oslo_service.backend._eventlet.service [req-8a6ed289-f9b1-46c5-b9c3-4dc5e45c2de5 - - - - - -] backend_defaults.hitachi_pools = [] [00;33m{{(pid=2043448) log_opt_values /opt/stack/data/venv/lib/python3.12/site-packages/oslo_config/cfg.py:3560}}[00m
2026-10-06 13:16:03.852 2043448 DEBUG oslo_service.backend._eventlet.service [req-8a6ed289-f9b1-46c5-b9c3-4dc5e45c2de5 - - - - - -] backend_defaults.hitachi_port_scheduler = False [00;33m{{(pid=2043448) log_opt_values /opt/stack/data/venv/lib/python3.12/site-packages/oslo_config/cfg.py:3560}}[00m
2026-10-06 13:16:03.853 2043448 DEBUG oslo_service.backend._eventlet.service [req-8a6ed289-f9b1-46c5-b9c3-4dc5e45c2de5 - - - - - -] backend_defaults.hitachi_rest_another_ldev_mapped_retry_timeout = 600 [00;33m{{(pid=2043448) log_opt_values /opt/stack/data/venv/lib/python3.12/site-packages/oslo_config/cfg.py:3560}}[00m
2026-10-06 13:16:03.853 2043448 DEBUG oslo_service.backend._eventlet.service [req-8a6ed289-f9b1-46c5-b9c3-4dc5e45c2de5 - - - - - -] backend_defaults.hitachi_rest_connect_timeout = 30 [00;33m{{(pid=2043448) log_opt_values /opt/stack/data/venv/lib/python3.12/site-packages/oslo_config/cfg.py:3560}}[00m
2026-10-06 13:16:03.853 2043448 DEBUG oslo_service.backend._eventlet.service [req-8a6ed289-f9b1-46c5-b9c3-4dc5e45c2de5 - - - - - -] backend_defaults.hitachi_rest_disable_io_wait = True [00;33m{{(pid=2043448) log_opt_values /opt/stack/data/venv/lib/python3.12/site-packages/oslo_config/cfg.py:3560}}[00m
2026-10-06 13:16:03.853 2043448 DEBUG oslo_service.backend._eventlet.service [req-8a6ed289-f9b1-46c5-b9c3-4dc5e45c2de5 - - - - - -] backend_defaults.hitachi_rest_get_api_response_timeout = 1800 [00;33m{{(pid=2043448) log_opt_values /opt/stack/data/venv/lib/python3.12/site-packages/oslo_config/cfg.py:3560}}[00m
2026-10-06 13:16:03.853 2043448 DEBUG oslo_service.backend._eventlet.service [req-8a6ed289-f9b1-46c5-b9c3-4dc5e45c2de5 - - - - - -] backend_defaults.hitachi_rest_job_api_response_timeout = 1800 [00;33m{{(pid=2043448) log_opt_values /opt/stack/data/venv/lib/python3.12/site-packages/oslo_config/cfg.py:3560}}[00m
2026-10-06 13:16:03.853 2043448 DEBUG oslo_service.backend._eventlet.service [req-8a6ed289-f9b1-46c5-b9c3-4dc5e45c2de5 - - - - - -] backend_defaults.hitachi_rest_keep_session_loop_interval = 180 [00;33m{{(pid=2043448) log_opt_values /opt/stack/data/venv/lib/python3.12/site-packages/oslo_config/cfg.py:3560}}[00m
2026-10-06 13:16:03.853 2043448 DEBUG oslo_service.backend._eventlet.service [req-8a6ed289-f9b1-46c5-b9c3-4dc5e45c2de5 - - - - - -] backend_defaults.hitachi_rest_max_request_workers = 8 [00;33m{{(pid=2043448) log_opt_values /opt/stack/data/venv/lib/python3.12/site-packages/oslo_config/cfg.py:3560}}[00m
2026-10-06 13:16:03.853 2043448 DEBUG oslo_service.backend._eventlet.service [req-8a6ed289-f9b1-46c5-b9c3-4dc5e45c2de5 - - - - - -] backend_defaults.hitachi_rest_pair_target_ports = [] [00;33m{{(pid=2043448) log_opt_values /opt/stack/data/venv/lib/python3.12/site-packages/oslo_config/cfg.py:3560}}[00m
2026-10-06 13:16:03.853 2043448 DEBUG oslo_service.backend._eventlet.service [req-8a6ed289-f9b1-46c5-b9c3-4dc5e45c2de5 - - - - - -] backend_defaults.hitachi_rest_server_busy_timeout = 7200 [00;33m{{(pid=2043448) log_opt_values /opt/stack/data/venv/lib/python3.12/site-packages/oslo_config/cfg.py:3560}}[00m
2026-10-06 13:16:03.853 2043448 DEBUG oslo_service.backend._eventlet.service [req-8a6ed289-f9b1-46c5-b9c3-4dc5e45c2de5 - - - - - -] backend_defaults.hitachi_rest_tcp_keepalive = True [00;33m{{(pid=2043448) log_opt_values /opt/stack/data/venv/lib/python3.12/site-packages/oslo_config/cfg.py:3560}}[00m
2026-10-06 13:16:03.853 2043448 DEBUG oslo_service.backend._eventlet.service [req-8a6ed289-f9b1-46c5-b9c3-4dc5e45c2de5 - - - - - -] backend_defaults.hitachi_rest_tcp_keepcnt = 4 [00;33m{{(pid=2043448) log_opt_values /opt/stack/data/venv/lib/python3.12/site-packages/oslo_config/cfg.py:3560}}[00m
2026-10-06 13:16:03.853 2043448 DEBUG oslo_service.backend._eventlet.service [req-8a6ed289-f9b1-46c5-b9c3-4dc5e45c2de5 - - - - - -] backend_defaults.hitachi_rest_tcp_keepidle = 60 [00;33m{{(pid=2043448) log_opt_values /opt/stack/data/venv/lib/python3.12/site-packages/oslo_config/cfg.py:3560}}[00m
2026-10-06 13:16:03.854 2043448 DEBUG oslo_service.backend._eventlet.service [req-8a6ed289-f9b1-46c5-b9c3-4dc5e45c2de5 - - - - - -] backend_defaults.hitachi_rest_tcp_keepintvl = 15 [00;33m{{(pid=2043448) log_opt_values /opt/stack/data/venv/lib/python3.12/site-packages/oslo_config/cfg.py:3560}}[00m
2026-10-06 13:16:03.854 2043448 DEBUG oslo_service.backend._eventlet.service [req-8a6ed289-f9b1-46c5-b9c3-4dc5e45c2de5 - - - - - -] backend_defaults.hitachi_rest_timeout = 30 [00;33m{{(pid=2043448) log_opt_values /opt/stack/data/venv/lib/python3.12/site-packages/oslo_config/cfg.py:3560}}[00m
2026-10-06 13:16:03.854 2043448 DEBUG oslo_service.backend._eventlet.service [req-8a6ed289-f9b1-46c5-b9c3-4dc5e45c2de5 - - - - - -] backend_defaults.hitachi_rest_use_object_caching = True [00;33m{{(pid=2043448) log_opt_values /opt/stack/data/venv/lib/python3.12/site-packages/oslo_config/cfg.py:3560}}[00m
2026-10-06 13:16:03.854 2043448 DEBUG oslo_service.backend._eventlet.service [req-8a6ed289-f9b1-46c5-b9c3-4dc5e45c2de5 - - - - - -] backend_defaults.hitachi_restore_timeout = 86400 [00;33m{{(pid=2043448) log_opt_values /opt/stack/data/venv/lib/python3.12/site-packages/oslo_config/cfg.py:3560}}[00m
2026-10-06 13:16:03.854 2043448 DEBUG oslo_service.backend._eventlet.service [req-8a6ed289-f9b1-46c5-b9c3-4dc5e45c2de5 - - - - - -] backend_defaults.hitachi_snap_pool = None [00;33m{{(pid=2043448) log_opt_values /opt/stack/data/venv/lib/python3.12/site-packages/oslo_config/cfg.py:3560}}[00m
2026-10-06 13:16:03.854 2043448 DEBUG oslo_service.backend._eventlet.service [req-8a6ed289-f9b1-46c5-b9c3-4dc5e45c2de5 - - - - - -] backend_defaults.hitachi_state_transition_timeout = 900 [00;33m{{(pid=2043448) log_opt_values /opt/stack/data/venv/lib/python3.12/site-packages/oslo_config/cfg.py:3560}}[00m
2026-10-06 13:16:03.854 2043448 DEBUG oslo_service.backend._eventlet.service [req-8a6ed289-f9b1-46c5-b9c3-4dc5e45c2de5 - - - - - -] backend_defaults.hitachi_storage_id = None [00;33m{{(pid=2043448) log_opt_values /opt/stack/data/venv/lib/python3.12/site-packages/oslo_config/cfg.py:3560}}[00m
2026-10-06 13:16:03.854 2043448 DEBUG oslo_service.backend._eventlet.service [req-8a6ed289-f9b1-46c5-b9c3-4dc5e45c2de5 - - - - - -] backend_defaults.hitachi_target_ports = [] [00;33m{{(pid=2043448) log_opt_values /opt/stack/data/venv/lib/python3.12/site-packages/oslo_config/cfg.py:3560}}[00m
2026-10-06 13:16:03.854 2043448 DEBUG oslo_service.backend._eventlet.service [req-8a6ed289-f9b1-46c5-b9c3-4dc5e45c2de5 - - - - - -] backend_defaults.image_upload_use_cinder_backend = False [00;33m{{(pid=2043448) log_opt_values /opt/stack/data/venv/lib/python3.12/site-packages/oslo_config/cfg.py:3560}}[00m
2026-10-06 13:16:03.854 2043448 DEBUG oslo_service.backend._eventlet.service [req-8a6ed289-f9b1-46c5-b9c3-4dc5e45c2de5 - - - - - -] backend_defaults.image_upload_use_internal_tenant = False [00;33m{{(pid=2043448) log_opt_values /opt/stack/data/venv/lib/python3.12/site-packages/oslo_config/cfg.py:3560}}[00m
2026-10-06 13:16:03.854 2043448 DEBUG oslo_service.backend._eventlet.service [req-8a6ed289-f9b1-46c5-b9c3-4dc5e45c2de5 - - - - - -] backend_defaults.image_volume_cache_enabled = False [00;33m{{(pid=2043448) log_opt_values /opt/stack/data/venv/lib/python3.12/site-packages/oslo_config/cfg.py:3560}}[00m
2026-10-06 13:16:03.854 2043448 DEBUG oslo_service.backend._eventlet.service [req-8a6ed289-f9b1-46c5-b9c3-4dc5e45c2de5 - - - - - -] backend_defaults.image_volume_cache_max_count = 0 [00;33m{{(pid=2043448) log_opt_values /opt/stack/data/venv/lib/python3.12/site-packages/oslo_config/cfg.py:3560}}[00m
2026-10-06 13:16:03.854 2043448 DEBUG oslo_service.backend._eventlet.service [req-8a6ed289-f9b1-46c5-b9c3-4dc5e45c2de5 - - - - - -] backend_defaults.image_volume_cache_max_size_gb = 0 [00;33m{{(pid=2043448) log_opt_values /opt/stack/data/venv/lib/python3.12/site-packages/oslo_config/cfg.py:3560}}[00m
2026-10-06 13:16:03.855 2043448 DEBUG oslo_service.backend._eventlet.service [req-8a6ed289-f9b1-46c5-b9c3-4dc5e45c2de5 - - - - - -] backend_defaults.iscsi_target_flags =  [00;33m{{(pid=2043448) log_opt_values /opt/stack/data/venv/lib/python3.12/site-packages/oslo_config/cfg.py:3560}}[00m
2026-10-06 13:16:03.855 2043448 DEBUG oslo_service.backend._eventlet.service [req-8a6ed289-f9b1-46c5-b9c3-4dc5e45c2de5 - - - - - -] backend_defaults.iscsi_write_cache = on [00;33m{{(pid=2043448) log_opt_values /opt/stack/data/venv/lib/python3.12/site-packages/oslo_config/cfg.py:3560}}[00m
2026-10-06 13:16:03.855 2043448 DEBUG oslo_service.backend._eventlet.service [req-8a6ed289-f9b1-46c5-b9c3-4dc5e45c2de5 - - - - - -] backend_defaults.iser_helper   = tgtadm [00;33m{{(pid=2043448) log_opt_values /opt/stack/data/venv/lib/python3.12/site-packages/oslo_config/cfg.py:3560}}[00m
2026-10-06 13:16:03.855 2043448 DEBUG oslo_service.backend._eventlet.service [req-8a6ed289-f9b1-46c5-b9c3-4dc5e45c2de5 - - - - - -] backend_defaults.iser_ip_address = 172.25.92.210 [00;33m{{(pid=2043448) log_opt_values /opt/stack/data/venv/lib/python3.12/site-packages/oslo_config/cfg.py:3560}}[00m
2026-10-06 13:16:03.855 2043448 DEBUG oslo_service.backend._eventlet.service [req-8a6ed289-f9b1-46c5-b9c3-4dc5e45c2de5 - - - - - -] backend_defaults.iser_port     = 3260 [00;33m{{(pid=2043448) log_opt_values /opt/stack/data/venv/lib/python3.12/site-packages/oslo_config/cfg.py:3560}}[00m
2026-10-06 13:16:03.855 2043448 DEBUG oslo_service.backend._eventlet.service [req-8a6ed289-f9b1-46c5-b9c3-4dc5e45c2de5 - - - - - -] backend_defaults.iser_target_prefix = iqn.2010-10.org.openstack: [00;33m{{(pid=2043448) log_opt_values /opt/stack/data/venv/lib/python3.12/site-packages/oslo_config/cfg.py:3560}}[00m
2026-10-06 13:16:03.855 2043448 DEBUG oslo_service.backend._eventlet.service [req-8a6ed289-f9b1-46c5-b9c3-4dc5e45c2de5 - - - - - -] backend_defaults.max_over_subscription_ratio = 20.0 [00;33m{{(pid=2043448) log_opt_values /opt/stack/data/venv/lib/python3.12/site-packages/oslo_config/cfg.py:3560}}[00m
2026-10-06 13:16:03.855 2043448 DEBUG oslo_service.backend._eventlet.service [req-8a6ed289-f9b1-46c5-b9c3-4dc5e45c2de5 - - - - - -] backend_defaults.num_iser_scan_tries = 3 [00;33m{{(pid=2043448) log_opt_values /opt/stack/data/venv/lib/python3.12/site-packages/oslo_config/cfg.py:3560}}[00m
2026-10-06 13:16:03.855 2043448 DEBUG oslo_service.backend._eventlet.service [req-8a6ed289-f9b1-46c5-b9c3-4dc5e45c2de5 - - - - - -] backend_defaults.num_shell_tries = 3 [00;33m{{(pid=2043448) log_opt_values /opt/stack/data/venv/lib/python3.12/site-packages/oslo_config/cfg.py:3560}}[00m
2026-10-06 13:16:03.855 2043448 DEBUG oslo_service.backend._eventlet.service [req-8a6ed289-f9b1-46c5-b9c3-4dc5e45c2de5 - - - - - -] backend_defaults.num_volume_device_scan_tries = 3 [00;33m{{(pid=2043448) log_opt_values /opt/stack/data/venv/lib/python3.12/site-packages/oslo_config/cfg.py:3560}}[00m
2026-10-06 13:16:03.855 2043448 DEBUG oslo_service.backend._eventlet.service [req-8a6ed289-f9b1-46c5-b9c3-4dc5e45c2de5 - - - - - -] backend_defaults.nvmeof_conn_info_version = 1 [00;33m{{(pid=2043448) log_opt_values /opt/stack/data/venv/lib/python3.12/site-packages/oslo_config/cfg.py:3560}}[00m
2026-10-06 13:16:03.855 2043448 DEBUG oslo_service.backend._eventlet.service [req-8a6ed289-f9b1-46c5-b9c3-4dc5e45c2de5 - - - - - -] backend_defaults.nvmet_ns_id   = 10 [00;33m{{(pid=2043448) log_opt_values /opt/stack/data/venv/lib/python3.12/site-packages/oslo_config/cfg.py:3560}}[00m
2026-10-06 13:16:03.856 2043448 DEBUG oslo_service.backend._eventlet.service [req-8a6ed289-f9b1-46c5-b9c3-4dc5e45c2de5 - - - - - -] backend_defaults.nvmet_port_id = 1 [00;33m{{(pid=2043448) log_opt_values /opt/stack/data/venv/lib/python3.12/site-packages/oslo_config/cfg.py:3560}}[00m
2026-10-06 13:16:03.856 2043448 DEBUG oslo_service.backend._eventlet.service [req-8a6ed289-f9b1-46c5-b9c3-4dc5e45c2de5 - - - - - -] backend_defaults.replication_device = **** [00;33m{{(pid=2043448) log_opt_values /opt/stack/data/venv/lib/python3.12/site-packages/oslo_config/cfg.py:3560}}[00m
2026-10-06 13:16:03.856 2043448 DEBUG oslo_service.backend._eventlet.service [req-8a6ed289-f9b1-46c5-b9c3-4dc5e45c2de5 - - - - - -] backend_defaults.report_discard_supported = False [00;33m{{(pid=2043448) log_opt_values /opt/stack/data/venv/lib/python3.12/site-packages/oslo_config/cfg.py:3560}}[00m
2026-10-06 13:16:03.856 2043448 DEBUG oslo_service.backend._eventlet.service [req-8a6ed289-f9b1-46c5-b9c3-4dc5e45c2de5 - - - - - -] backend_defaults.reserved_percentage = 0 [00;33m{{(pid=2043448) log_opt_values /opt/stack/data/venv/lib/python3.12/site-packages/oslo_config/cfg.py:3560}}[00m
2026-10-06 13:16:03.856 2043448 DEBUG oslo_service.backend._eventlet.service [req-8a6ed289-f9b1-46c5-b9c3-4dc5e45c2de5 - - - - - -] backend_defaults.san_api_port  = None [00;33m{{(pid=2043448) log_opt_values /opt/stack/data/venv/lib/python3.12/site-packages/oslo_config/cfg.py:3560}}[00m
2026-10-06 13:16:03.856 2043448 DEBUG oslo_service.backend._eventlet.service [req-8a6ed289-f9b1-46c5-b9c3-4dc5e45c2de5 - - - - - -] backend_defaults.san_clustername =  [00;33m{{(pid=2043448) log_opt_values /opt/stack/data/venv/lib/python3.12/site-packages/oslo_config/cfg.py:3560}}[00m
2026-10-06 13:16:03.856 2043448 DEBUG oslo_service.backend._eventlet.service [req-8a6ed289-f9b1-46c5-b9c3-4dc5e45c2de5 - - - - - -] backend_defaults.san_ip        =  [00;33m{{(pid=2043448) log_opt_values /opt/stack/data/venv/lib/python3.12/site-packages/oslo_config/cfg.py:3560}}[00m
2026-10-06 13:16:03.856 2043448 DEBUG oslo_service.backend._eventlet.service [req-8a6ed289-f9b1-46c5-b9c3-4dc5e45c2de5 - - - - - -] backend_defaults.san_is_local  = False [00;33m{{(pid=2043448) log_opt_values /opt/stack/data/venv/lib/python3.12/site-packages/oslo_config/cfg.py:3560}}[00m
2026-10-06 13:16:03.856 2043448 DEBUG oslo_service.backend._eventlet.service [req-8a6ed289-f9b1-46c5-b9c3-4dc5e45c2de5 - - - - - -] backend_defaults.san_login     = admin [00;33m{{(pid=2043448) log_opt_values /opt/stack/data/venv/lib/python3.12/site-packages/oslo_config/cfg.py:3560}}[00m
2026-10-06 13:16:03.856 2043448 DEBUG oslo_service.backend._eventlet.service [req-8a6ed289-f9b1-46c5-b9c3-4dc5e45c2de5 - - - - - -] backend_defaults.san_password  = **** [00;33m{{(pid=2043448) log_opt_values /opt/stack/data/venv/lib/python3.12/site-packages/oslo_config/cfg.py:3560}}[00m
2026-10-06 13:16:03.856 2043448 DEBUG oslo_service.backend._eventlet.service [req-8a6ed289-f9b1-46c5-b9c3-4dc5e45c2de5 - - - - - -] backend_defaults.san_private_key =  [00;33m{{(pid=2043448) log_opt_values /opt/stack/data/venv/lib/python3.12/site-packages/oslo_config/cfg.py:3560}}[00m
2026-10-06 13:16:03.856 2043448 DEBUG oslo_service.backend._eventlet.service [req-8a6ed289-f9b1-46c5-b9c3-4dc5e45c2de5 - - - - - -] backend_defaults.san_ssh_port  = 22 [00;33m{{(pid=2043448) log_opt_values /opt/stack/data/venv/lib/python3.12/site-packages/oslo_config/cfg.py:3560}}[00m
2026-10-06 13:16:03.857 2043448 DEBUG oslo_service.backend._eventlet.service [req-8a6ed289-f9b1-46c5-b9c3-4dc5e45c2de5 - - - - - -] backend_defaults.san_thin_provision = True [00;33m{{(pid=2043448) log_opt_values /opt/stack/data/venv/lib/python3.12/site-packages/oslo_config/cfg.py:3560}}[00m
2026-10-06 13:16:03.857 2043448 DEBUG oslo_service.backend._eventlet.service [req-8a6ed289-f9b1-46c5-b9c3-4dc5e45c2de5 - - - - - -] backend_defaults.scst_target_driver = iscsi [00;33m{{(pid=2043448) log_opt_values /opt/stack/data/venv/lib/python3.12/site-packages/oslo_config/cfg.py:3560}}[00m
2026-10-06 13:16:03.857 2043448 DEBUG oslo_service.backend._eventlet.service [req-8a6ed289-f9b1-46c5-b9c3-4dc5e45c2de5 - - - - - -] backend_defaults.scst_target_iqn_name = None [00;33m{{(pid=2043448) log_opt_values /opt/stack/data/venv/lib/python3.12/site-packages/oslo_config/cfg.py:3560}}[00m
2026-10-06 13:16:03.857 2043448 DEBUG oslo_service.backend._eventlet.service [req-8a6ed289-f9b1-46c5-b9c3-4dc5e45c2de5 - - - - - -] backend_defaults.ssh_conn_timeout = 30 [00;33m{{(pid=2043448) log_opt_values /opt/stack/data/venv/lib/python3.12/site-packages/oslo_config/cfg.py:3560}}[00m
2026-10-06 13:16:03.857 2043448 DEBUG oslo_service.backend._eventlet.service [req-8a6ed289-f9b1-46c5-b9c3-4dc5e45c2de5 - - - - - -] backend_defaults.ssh_max_pool_conn = 5 [00;33m{{(pid=2043448) log_opt_values /opt/stack/data/venv/lib/python3.12/site-packages/oslo_config/cfg.py:3560}}[00m
2026-10-06 13:16:03.857 2043448 DEBUG oslo_service.backend._eventlet.service [req-8a6ed289-f9b1-46c5-b9c3-4dc5e45c2de5 - - - - - -] backend_defaults.ssh_min_pool_conn = 1 [00;33m{{(pid=2043448) log_opt_values /opt/stack/data/venv/lib/python3.12/site-packages/oslo_config/cfg.py:3560}}[00m
2026-10-06 13:16:03.857 2043448 DEBUG oslo_service.backend._eventlet.service [req-8a6ed289-f9b1-46c5-b9c3-4dc5e45c2de5 - - - - - -] backend_defaults.storage_protocol = iSCSI [00;33m{{(pid=2043448) log_opt_values /opt/stack/data/venv/lib/python3.12/site-packages/oslo_config/cfg.py:3560}}[00m
2026-10-06 13:16:03.857 2043448 DEBUG oslo_service.backend._eventlet.service [req-8a6ed289-f9b1-46c5-b9c3-4dc5e45c2de5 - - - - - -] backend_defaults.suppress_requests_ssl_warnings = False [00;33m{{(pid=2043448) log_opt_values /opt/stack/data/venv/lib/python3.12/site-packages/oslo_config/cfg.py:3560}}[00m
2026-10-06 13:16:03.857 2043448 DEBUG oslo_service.backend._eventlet.service [req-8a6ed289-f9b1-46c5-b9c3-4dc5e45c2de5 - - - - - -] backend_defaults.target_helper = tgtadm [00;33m{{(pid=2043448) log_opt_values /opt/stack/data/venv/lib/python3.12/site-packages/oslo_config/cfg.py:3560}}[00m
2026-10-06 13:16:03.857 2043448 DEBUG oslo_service.backend._eventlet.service [req-8a6ed289-f9b1-46c5-b9c3-4dc5e45c2de5 - - - - - -] backend_defaults.target_ip_address = 172.25.92.210 [00;33m{{(pid=2043448) log_opt_values /opt/stack/data/venv/lib/python3.12/site-packages/oslo_config/cfg.py:3560}}[00m
2026-10-06 13:16:03.857 2043448 DEBUG oslo_service.backend._eventlet.service [req-8a6ed289-f9b1-46c5-b9c3-4dc5e45c2de5 - - - - - -] backend_defaults.target_port   = 3260 [00;33m{{(pid=2043448) log_opt_values /opt/stack/data/venv/lib/python3.12/site-packages/oslo_config/cfg.py:3560}}[00m
2026-10-06 13:16:03.857 2043448 DEBUG oslo_service.backend._eventlet.service [req-8a6ed289-f9b1-46c5-b9c3-4dc5e45c2de5 - - - - - -] backend_defaults.target_prefix = iqn.2010-10.org.openstack: [00;33m{{(pid=2043448) log_opt_values /opt/stack/data/venv/lib/python3.12/site-packages/oslo_config/cfg.py:3560}}[00m
2026-10-06 13:16:03.858 2043448 DEBUG oslo_service.backend._eventlet.service [req-8a6ed289-f9b1-46c5-b9c3-4dc5e45c2de5 - - - - - -] backend_defaults.target_protocol = iscsi [00;33m{{(pid=2043448) log_opt_values /opt/stack/data/venv/lib/python3.12/site-packages/oslo_config/cfg.py:3560}}[00m
2026-10-06 13:16:03.858 2043448 DEBUG oslo_service.backend._eventlet.service [req-8a6ed289-f9b1-46c5-b9c3-4dc5e45c2de5 - - - - - -] backend_defaults.target_secondary_ip_addresses = [] [00;33m{{(pid=2043448) log_opt_values /opt/stack/data/venv/lib/python3.12/site-packages/oslo_config/cfg.py:3560}}[00m
2026-10-06 13:16:03.858 2043448 DEBUG oslo_service.backend._eventlet.service [req-8a6ed289-f9b1-46c5-b9c3-4dc5e45c2de5 - - - - - -] backend_defaults.trace_flags   = None [00;33m{{(pid=2043448) log_opt_values /opt/stack/data/venv/lib/python3.12/site-packages/oslo_config/cfg.py:3560}}[00m
2026-10-06 13:16:03.858 2043448 DEBUG oslo_service.backend._eventlet.service [req-8a6ed289-f9b1-46c5-b9c3-4dc5e45c2de5 - - - - - -] backend_defaults.unique_fqdn_network = True [00;33m{{(pid=2043448) log_opt_values /opt/stack/data/venv/lib/python3.12/site-packages/oslo_config/cfg.py:3560}}[00m
2026-10-06 13:16:03.858 2043448 DEBUG oslo_service.backend._eventlet.service [req-8a6ed289-f9b1-46c5-b9c3-4dc5e45c2de5 - - - - - -] backend_defaults.use_chap_auth = False [00;33m{{(pid=2043448) log_opt_values /opt/stack/data/venv/lib/python3.12/site-packages/oslo_config/cfg.py:3560}}[00m
2026-10-06 13:16:03.858 2043448 DEBUG oslo_service.backend._eventlet.service [req-8a6ed289-f9b1-46c5-b9c3-4dc5e45c2de5 - - - - - -] backend_defaults.use_multipath_for_image_xfer = False [00;33m{{(pid=2043448) log_opt_values /opt/stack/data/venv/lib/python3.12/site-packages/oslo_config/cfg.py:3560}}[00m
2026-10-06 13:16:03.858 2043448 DEBUG oslo_service.backend._eventlet.service [req-8a6ed289-f9b1-46c5-b9c3-4dc5e45c2de5 - - - - - -] backend_defaults.volume_backend_name = None [00;33m{{(pid=2043448) log_opt_values /opt/stack/data/venv/lib/python3.12/site-packages/oslo_config/cfg.py:3560}}[00m
2026-10-06 13:16:03.858 2043448 DEBUG oslo_service.backend._eventlet.service [req-8a6ed289-f9b1-46c5-b9c3-4dc5e45c2de5 - - - - - -] backend_defaults.volume_clear  = zero [00;33m{{(pid=2043448) log_opt_values /opt/stack/data/venv/lib/python3.12/site-packages/oslo_config/cfg.py:3560}}[00m
2026-10-06 13:16:03.858 2043448 DEBUG oslo_service.backend._eventlet.service [req-8a6ed289-f9b1-46c5-b9c3-4dc5e45c2de5 - - - - - -] backend_defaults.volume_clear_ionice = None [00;33m{{(pid=2043448) log_opt_values /opt/stack/data/venv/lib/python3.12/site-packages/oslo_config/cfg.py:3560}}[00m
2026-10-06 13:16:03.858 2043448 DEBUG oslo_service.backend._eventlet.service [req-8a6ed289-f9b1-46c5-b9c3-4dc5e45c2de5 - - - - - -] backend_defaults.volume_clear_size = 0 [00;33m{{(pid=2043448) log_opt_values /opt/stack/data/venv/lib/python3.12/site-packages/oslo_config/cfg.py:3560}}[00m
2026-10-06 13:16:03.858 2043448 DEBUG oslo_service.backend._eventlet.service [req-8a6ed289-f9b1-46c5-b9c3-4dc5e45c2de5 - - - - - -] backend_defaults.volume_copy_blkio_cgroup_name = cinder-volume-copy [00;33m{{(pid=2043448) log_opt_values /opt/stack/data/venv/lib/python3.12/site-packages/oslo_config/cfg.py:3560}}[00m
2026-10-06 13:16:03.858 2043448 DEBUG oslo_service.backend._eventlet.service [req-8a6ed289-f9b1-46c5-b9c3-4dc5e45c2de5 - - - - - -] backend_defaults.volume_copy_bps_limit = 0 [00;33m{{(pid=2043448) log_opt_values /opt/stack/data/venv/lib/python3.12/site-packages/oslo_config/cfg.py:3560}}[00m
2026-10-06 13:16:03.859 2043448 DEBUG oslo_service.backend._eventlet.service [req-8a6ed289-f9b1-46c5-b9c3-4dc5e45c2de5 - - - - - -] backend_defaults.volume_dd_blocksize = 1M [00;33m{{(pid=2043448) log_opt_values /opt/stack/data/venv/lib/python3.12/site-packages/oslo_config/cfg.py:3560}}[00m
2026-10-06 13:16:03.859 2043448 DEBUG oslo_service.backend._eventlet.service [req-8a6ed289-f9b1-46c5-b9c3-4dc5e45c2de5 - - - - - -] backend_defaults.volume_driver = cinder.volume.drivers.lvm.LVMVolumeDriver [00;33m{{(pid=2043448) log_opt_values /opt/stack/data/venv/lib/python3.12/site-packages/oslo_config/cfg.py:3560}}[00m
2026-10-06 13:16:03.859 2043448 DEBUG oslo_service.backend._eventlet.service [req-8a6ed289-f9b1-46c5-b9c3-4dc5e45c2de5 - - - - - -] backend_defaults.volumes_dir   = /opt/stack/data/cinder/volumes [00;33m{{(pid=2043448) log_opt_values /opt/stack/data/venv/lib/python3.12/site-packages/oslo_config/cfg.py:3560}}[00m
2026-10-06 13:16:03.859 2043448 DEBUG oslo_service.backend._eventlet.service [req-8a6ed289-f9b1-46c5-b9c3-4dc5e45c2de5 - - - - - -] oslo_reports.file_event_handler = None [00;33m{{(pid=2043448) log_opt_values /opt/stack/data/venv/lib/python3.12/site-packages/oslo_config/cfg.py:3560}}[00m
2026-10-06 13:16:03.859 2043448 DEBUG oslo_service.backend._eventlet.service [req-8a6ed289-f9b1-46c5-b9c3-4dc5e45c2de5 - - - - - -] oslo_reports.file_event_handler_interval = 1 [00;33m{{(pid=2043448) log_opt_values /opt/stack/data/venv/lib/python3.12/site-packages/oslo_config/cfg.py:3560}}[00m
2026-10-06 13:16:03.859 2043448 DEBUG oslo_service.backend._eventlet.service [req-8a6ed289-f9b1-46c5-b9c3-4dc5e45c2de5 - - - - - -] oslo_reports.log_dir           = None [00;33m{{(pid=2043448) log_opt_values /opt/stack/data/venv/lib/python3.12/site-packages/oslo_config/cfg.py:3560}}[00m
2026-10-06 13:16:03.859 2043448 DEBUG oslo_service.backend._eventlet.service [req-8a6ed289-f9b1-46c5-b9c3-4dc5e45c2de5 - - - - - -] hitachi.backend_availability_zone = None [00;33m{{(pid=2043448) log_opt_values /opt/stack/data/venv/lib/python3.12/site-packages/oslo_config/cfg.py:3560}}[00m
2026-10-06 13:16:03.859 2043448 DEBUG oslo_service.backend._eventlet.service [req-8a6ed289-f9b1-46c5-b9c3-4dc5e45c2de5 - - - - - -] hitachi.backend_host           = None [00;33m{{(pid=2043448) log_opt_values /opt/stack/data/venv/lib/python3.12/site-packages/oslo_config/cfg.py:3560}}[00m
2026-10-06 13:16:03.859 2043448 DEBUG oslo_service.backend._eventlet.service [req-8a6ed289-f9b1-46c5-b9c3-4dc5e45c2de5 - - - - - -] hitachi.backend_native_threads_pool_size = None [00;33m{{(pid=2043448) log_opt_values /opt/stack/data/venv/lib/python3.12/site-packages/oslo_config/cfg.py:3560}}[00m
2026-10-06 13:16:03.859 2043448 DEBUG oslo_service.backend._eventlet.service [req-8a6ed289-f9b1-46c5-b9c3-4dc5e45c2de5 - - - - - -] hitachi.backup_use_temp_snapshot = None [00;33m{{(pid=2043448) log_opt_values /opt/stack/data/venv/lib/python3.12/site-packages/oslo_config/cfg.py:3560}}[00m
2026-10-06 13:16:03.859 2043448 DEBUG oslo_service.backend._eventlet.service [req-8a6ed289-f9b1-46c5-b9c3-4dc5e45c2de5 - - - - - -] hitachi.chap_password          = **** [00;33m{{(pid=2043448) log_opt_values /opt/stack/data/venv/lib/python3.12/site-packages/oslo_config/cfg.py:3560}}[00m
2026-10-06 13:16:03.859 2043448 DEBUG oslo_service.backend._eventlet.service [req-8a6ed289-f9b1-46c5-b9c3-4dc5e45c2de5 - - - - - -] hitachi.chap_username          = None [00;33m{{(pid=2043448) log_opt_values /opt/stack/data/venv/lib/python3.12/site-packages/oslo_config/cfg.py:3560}}[00m
2026-10-06 13:16:03.860 2043448 DEBUG oslo_service.backend._eventlet.service [req-8a6ed289-f9b1-46c5-b9c3-4dc5e45c2de5 - - - - - -] hitachi.chiscsi_conf           = None [00;33m{{(pid=2043448) log_opt_values /opt/stack/data/venv/lib/python3.12/site-packages/oslo_config/cfg.py:3560}}[00m
2026-10-06 13:16:03.860 2043448 DEBUG oslo_service.backend._eventlet.service [req-8a6ed289-f9b1-46c5-b9c3-4dc5e45c2de5 - - - - - -] hitachi.disk_geometry          = None [00;33m{{(pid=2043448) log_opt_values /opt/stack/data/venv/lib/python3.12/site-packages/oslo_config/cfg.py:3560}}[00m
2026-10-06 13:16:03.860 2043448 DEBUG oslo_service.backend._eventlet.service [req-8a6ed289-f9b1-46c5-b9c3-4dc5e45c2de5 - - - - - -] hitachi.driver_client_cert     = None [00;33m{{(pid=2043448) log_opt_values /opt/stack/data/venv/lib/python3.12/site-packages/oslo_config/cfg.py:3560}}[00m
2026-10-06 13:16:03.860 2043448 DEBUG oslo_service.backend._eventlet.service [req-8a6ed289-f9b1-46c5-b9c3-4dc5e45c2de5 - - - - - -] hitachi.driver_client_cert_key = None [00;33m{{(pid=2043448) log_opt_values /opt/stack/data/venv/lib/python3.12/site-packages/oslo_config/cfg.py:3560}}[00m
2026-10-06 13:16:03.860 2043448 DEBUG oslo_service.backend._eventlet.service [req-8a6ed289-f9b1-46c5-b9c3-4dc5e45c2de5 - - - - - -] hitachi.driver_data_namespace  = None [00;33m{{(pid=2043448) log_opt_values /opt/stack/data/venv/lib/python3.12/site-packages/oslo_config/cfg.py:3560}}[00m
2026-10-06 13:16:03.860 2043448 DEBUG oslo_service.backend._eventlet.service [req-8a6ed289-f9b1-46c5-b9c3-4dc5e45c2de5 - - - - - -] hitachi.driver_ssl_cert_path   = None [00;33m{{(pid=2043448) log_opt_values /opt/stack/data/venv/lib/python3.12/site-packages/oslo_config/cfg.py:3560}}[00m
2026-10-06 13:16:03.860 2043448 DEBUG oslo_service.backend._eventlet.service [req-8a6ed289-f9b1-46c5-b9c3-4dc5e45c2de5 - - - - - -] hitachi.driver_ssl_cert_verify = None [00;33m{{(pid=2043448) log_opt_values /opt/stack/data/venv/lib/python3.12/site-packages/oslo_config/cfg.py:3560}}[00m
2026-10-06 13:16:03.860 2043448 DEBUG oslo_service.backend._eventlet.service [req-8a6ed289-f9b1-46c5-b9c3-4dc5e45c2de5 - - - - - -] hitachi.driver_use_ssl         = None [00;33m{{(pid=2043448) log_opt_values /opt/stack/data/venv/lib/python3.12/site-packages/oslo_config/cfg.py:3560}}[00m
2026-10-06 13:16:03.860 2043448 DEBUG oslo_service.backend._eventlet.service [req-8a6ed289-f9b1-46c5-b9c3-4dc5e45c2de5 - - - - - -] hitachi.enable_unsupported_driver = None [00;33m{{(pid=2043448) log_opt_values /opt/stack/data/venv/lib/python3.12/site-packages/oslo_config/cfg.py:3560}}[00m
2026-10-06 13:16:03.860 2043448 DEBUG oslo_service.backend._eventlet.service [req-8a6ed289-f9b1-46c5-b9c3-4dc5e45c2de5 - - - - - -] hitachi.enforce_multipath_for_image_xfer = False [00;33m{{(pid=2043448) log_opt_values /opt/stack/data/venv/lib/python3.12/site-packages/oslo_config/cfg.py:3560}}[00m
2026-10-06 13:16:03.860 2043448 DEBUG oslo_service.backend._eventlet.service [req-8a6ed289-f9b1-46c5-b9c3-4dc5e45c2de5 - - - - - -] hitachi.extra_capabilities     = None [00;33m{{(pid=2043448) log_opt_values /opt/stack/data/venv/lib/python3.12/site-packages/oslo_config/cfg.py:3560}}[00m
2026-10-06 13:16:03.860 2043448 DEBUG oslo_service.backend._eventlet.service [req-8a6ed289-f9b1-46c5-b9c3-4dc5e45c2de5 - - - - - -] hitachi.filter_function        = None [00;33m{{(pid=2043448) log_opt_values /opt/stack/data/venv/lib/python3.12/site-packages/oslo_config/cfg.py:3560}}[00m
2026-10-06 13:16:03.860 2043448 DEBUG oslo_service.backend._eventlet.service [req-8a6ed289-f9b1-46c5-b9c3-4dc5e45c2de5 - - - - - -] hitachi.goodness_function      = None [00;33m{{(pid=2043448) log_opt_values /opt/stack/data/venv/lib/python3.12/site-packages/oslo_config/cfg.py:3560}}[00m
2026-10-06 13:16:03.861 2043448 DEBUG oslo_service.backend._eventlet.service [req-8a6ed289-f9b1-46c5-b9c3-4dc5e45c2de5 - - - - - -] hitachi.hitachi_async_copy_check_interval = None [00;33m{{(pid=2043448) log_opt_values /opt/stack/data/venv/lib/python3.12/site-packages/oslo_config/cfg.py:3560}}[00m
2026-10-06 13:16:03.861 2043448 DEBUG oslo_service.backend._eventlet.service [req-8a6ed289-f9b1-46c5-b9c3-4dc5e45c2de5 - - - - - -] hitachi.hitachi_compute_target_ports = None [00;33m{{(pid=2043448) log_opt_values /opt/stack/data/venv/lib/python3.12/site-packages/oslo_config/cfg.py:3560}}[00m
2026-10-06 13:16:03.861 2043448 DEBUG oslo_service.backend._eventlet.service [req-8a6ed289-f9b1-46c5-b9c3-4dc5e45c2de5 - - - - - -] hitachi.hitachi_copy_check_interval = None [00;33m{{(pid=2043448) log_opt_values /opt/stack/data/venv/lib/python3.12/site-packages/oslo_config/cfg.py:3560}}[00m
2026-10-06 13:16:03.861 2043448 DEBUG oslo_service.backend._eventlet.service [req-8a6ed289-f9b1-46c5-b9c3-4dc5e45c2de5 - - - - - -] hitachi.hitachi_copy_speed     = 15 [00;33m{{(pid=2043448) log_opt_values /opt/stack/data/venv/lib/python3.12/site-packages/oslo_config/cfg.py:3560}}[00m
2026-10-06 13:16:03.861 2043448 DEBUG oslo_service.backend._eventlet.service [req-8a6ed289-f9b1-46c5-b9c3-4dc5e45c2de5 - - - - - -] hitachi.hitachi_discard_zero_page = None [00;33m{{(pid=2043448) log_opt_values /opt/stack/data/venv/lib/python3.12/site-packages/oslo_config/cfg.py:3560}}[00m
2026-10-06 13:16:03.861 2043448 DEBUG oslo_service.backend._eventlet.service [req-8a6ed289-f9b1-46c5-b9c3-4dc5e45c2de5 - - - - - -] hitachi.hitachi_exec_retry_interval = None [00;33m{{(pid=2043448) log_opt_values /opt/stack/data/venv/lib/python3.12/site-packages/oslo_config/cfg.py:3560}}[00m
2026-10-06 13:16:03.861 2043448 DEBUG oslo_service.backend._eventlet.service [req-8a6ed289-f9b1-46c5-b9c3-4dc5e45c2de5 - - - - - -] hitachi.hitachi_extend_snapshot_volumes = True [00;33m{{(pid=2043448) log_opt_values /opt/stack/data/venv/lib/python3.12/site-packages/oslo_config/cfg.py:3560}}[00m
2026-10-06 13:16:03.861 2043448 DEBUG oslo_service.backend._eventlet.service [req-8a6ed289-f9b1-46c5-b9c3-4dc5e45c2de5 - - - - - -] hitachi.hitachi_extend_timeout = None [00;33m{{(pid=2043448) log_opt_values /opt/stack/data/venv/lib/python3.12/site-packages/oslo_config/cfg.py:3560}}[00m
2026-10-06 13:16:03.861 2043448 DEBUG oslo_service.backend._eventlet.service [req-8a6ed289-f9b1-46c5-b9c3-4dc5e45c2de5 - - - - - -] hitachi.hitachi_group_create   = True [00;33m{{(pid=2043448) log_opt_values /opt/stack/data/venv/lib/python3.12/site-packages/oslo_config/cfg.py:3560}}[00m
2026-10-06 13:16:03.861 2043448 DEBUG oslo_service.backend._eventlet.service [req-8a6ed289-f9b1-46c5-b9c3-4dc5e45c2de5 - - - - - -] hitachi.hitachi_group_delete   = None [00;33m{{(pid=2043448) log_opt_values /opt/stack/data/venv/lib/python3.12/site-packages/oslo_config/cfg.py:3560}}[00m
2026-10-06 13:16:03.861 2043448 DEBUG oslo_service.backend._eventlet.service [req-8a6ed289-f9b1-46c5-b9c3-4dc5e45c2de5 - - - - - -] hitachi.hitachi_group_name_format = None [00;33m{{(pid=2043448) log_opt_values /opt/stack/data/venv/lib/python3.12/site-packages/oslo_config/cfg.py:3560}}[00m
2026-10-06 13:16:03.861 2043448 DEBUG oslo_service.backend._eventlet.service [req-8a6ed289-f9b1-46c5-b9c3-4dc5e45c2de5 - - - - - -] hitachi.hitachi_host_mode_options = [91, 68, 88, 122, 131, 7, 54, 63] [00;33m{{(pid=2043448) log_opt_values /opt/stack/data/venv/lib/python3.12/site-packages/oslo_config/cfg.py:3560}}[00m
2026-10-06 13:16:03.861 2043448 DEBUG oslo_service.backend._eventlet.service [req-8a6ed289-f9b1-46c5-b9c3-4dc5e45c2de5 - - - - - -] hitachi.hitachi_ldev_range     = 22000-29399 [00;33m{{(pid=2043448) log_opt_values /opt/stack/data/venv/lib/python3.12/site-packages/oslo_config/cfg.py:3560}}[00m
2026-10-06 13:16:03.862 2043448 DEBUG oslo_service.backend._eventlet.service [req-8a6ed289-f9b1-46c5-b9c3-4dc5e45c2de5 - - - - - -] hitachi.hitachi_lock_timeout   = None [00;33m{{(pid=2043448) log_opt_values /opt/stack/data/venv/lib/python3.12/site-packages/oslo_config/cfg.py:3560}}[00m
2026-10-06 13:16:03.862 2043448 DEBUG oslo_service.backend._eventlet.service [req-8a6ed289-f9b1-46c5-b9c3-4dc5e45c2de5 - - - - - -] hitachi.hitachi_lun_retry_interval = None [00;33m{{(pid=2043448) log_opt_values /opt/stack/data/venv/lib/python3.12/site-packages/oslo_config/cfg.py:3560}}[00m
2026-10-06 13:16:03.862 2043448 DEBUG oslo_service.backend._eventlet.service [req-8a6ed289-f9b1-46c5-b9c3-4dc5e45c2de5 - - - - - -] hitachi.hitachi_lun_timeout    = None [00;33m{{(pid=2043448) log_opt_values /opt/stack/data/venv/lib/python3.12/site-packages/oslo_config/cfg.py:3560}}[00m
2026-10-06 13:16:03.862 2043448 DEBUG oslo_service.backend._eventlet.service [req-8a6ed289-f9b1-46c5-b9c3-4dc5e45c2de5 - - - - - -] hitachi.hitachi_manage_drs_volumes = None [00;33m{{(pid=2043448) log_opt_values /opt/stack/data/venv/lib/python3.12/site-packages/oslo_config/cfg.py:3560}}[00m
2026-10-06 13:16:03.862 2043448 DEBUG oslo_service.backend._eventlet.service [req-8a6ed289-f9b1-46c5-b9c3-4dc5e45c2de5 - - - - - -] hitachi.hitachi_mirror_compute_target_ports = None [00;33m{{(pid=2043448) log_opt_values /opt/stack/data/venv/lib/python3.12/site-packages/oslo_config/cfg.py:3560}}[00m
2026-10-06 13:16:03.862 2043448 DEBUG oslo_service.backend._eventlet.service [req-8a6ed289-f9b1-46c5-b9c3-4dc5e45c2de5 - - - - - -] hitachi.hitachi_mirror_ldev_range = None [00;33m{{(pid=2043448) log_opt_values /opt/stack/data/venv/lib/python3.12/site-packages/oslo_config/cfg.py:3560}}[00m
2026-10-06 13:16:03.862 2043448 DEBUG oslo_service.backend._eventlet.service [req-8a6ed289-f9b1-46c5-b9c3-4dc5e45c2de5 - - - - - -] hitachi.hitachi_mirror_pair_target_number = None [00;33m{{(pid=2043448) log_opt_values /opt/stack/data/venv/lib/python3.12/site-packages/oslo_config/cfg.py:3560}}[00m
2026-10-06 13:16:03.862 2043448 DEBUG oslo_service.backend._eventlet.service [req-8a6ed289-f9b1-46c5-b9c3-4dc5e45c2de5 - - - - - -] hitachi.hitachi_mirror_pool    = None [00;33m{{(pid=2043448) log_opt_values /opt/stack/data/venv/lib/python3.12/site-packages/oslo_config/cfg.py:3560}}[00m
2026-10-06 13:16:03.862 2043448 DEBUG oslo_service.backend._eventlet.service [req-8a6ed289-f9b1-46c5-b9c3-4dc5e45c2de5 - - - - - -] hitachi.hitachi_mirror_snap_pool = None [00;33m{{(pid=2043448) log_opt_values /opt/stack/data/venv/lib/python3.12/site-packages/oslo_config/cfg.py:3560}}[00m
2026-10-06 13:16:03.862 2043448 DEBUG oslo_service.backend._eventlet.service [req-8a6ed289-f9b1-46c5-b9c3-4dc5e45c2de5 - - - - - -] hitachi.hitachi_mirror_storage_id = None [00;33m{{(pid=2043448) log_opt_values /opt/stack/data/venv/lib/python3.12/site-packages/oslo_config/cfg.py:3560}}[00m
2026-10-06 13:16:03.862 2043448 DEBUG oslo_service.backend._eventlet.service [req-8a6ed289-f9b1-46c5-b9c3-4dc5e45c2de5 - - - - - -] hitachi.hitachi_mirror_target_ports = None [00;33m{{(pid=2043448) log_opt_values /opt/stack/data/venv/lib/python3.12/site-packages/oslo_config/cfg.py:3560}}[00m
2026-10-06 13:16:03.863 2043448 DEBUG oslo_service.backend._eventlet.service [req-8a6ed289-f9b1-46c5-b9c3-4dc5e45c2de5 - - - - - -] hitachi.hitachi_pair_target_number = None [00;33m{{(pid=2043448) log_opt_values /opt/stack/data/venv/lib/python3.12/site-packages/oslo_config/cfg.py:3560}}[00m
2026-10-06 13:16:03.863 2043448 DEBUG oslo_service.backend._eventlet.service [req-8a6ed289-f9b1-46c5-b9c3-4dc5e45c2de5 - - - - - -] hitachi.hitachi_pools          = ['snewar_hdp_01'] [00;33m{{(pid=2043448) log_opt_values /opt/stack/data/venv/lib/python3.12/site-packages/oslo_config/cfg.py:3560}}[00m
2026-10-06 13:16:03.863 2043448 DEBUG oslo_service.backend._eventlet.service [req-8a6ed289-f9b1-46c5-b9c3-4dc5e45c2de5 - - - - - -] hitachi.hitachi_rest_another_ldev_mapped_retry_timeout = None [00;33m{{(pid=2043448) log_opt_values /opt/stack/data/venv/lib/python3.12/site-packages/oslo_config/cfg.py:3560}}[00m
2026-10-06 13:16:03.863 2043448 DEBUG oslo_service.backend._eventlet.service [req-8a6ed289-f9b1-46c5-b9c3-4dc5e45c2de5 - - - - - -] hitachi.hitachi_rest_connect_timeout = None [00;33m{{(pid=2043448) log_opt_values /opt/stack/data/venv/lib/python3.12/site-packages/oslo_config/cfg.py:3560}}[00m
2026-10-06 13:16:03.863 2043448 DEBUG oslo_service.backend._eventlet.service [req-8a6ed289-f9b1-46c5-b9c3-4dc5e45c2de5 - - - - - -] hitachi.hitachi_rest_disable_io_wait = None [00;33m{{(pid=2043448) log_opt_values /opt/stack/data/venv/lib/python3.12/site-packages/oslo_config/cfg.py:3560}}[00m
2026-10-06 13:16:03.863 2043448 DEBUG oslo_service.backend._eventlet.service [req-8a6ed289-f9b1-46c5-b9c3-4dc5e45c2de5 - - - - - -] hitachi.hitachi_rest_get_api_response_timeout = None [00;33m{{(pid=2043448) log_opt_values /opt/stack/data/venv/lib/python3.12/site-packages/oslo_config/cfg.py:3560}}[00m
2026-10-06 13:16:03.863 2043448 DEBUG oslo_service.backend._eventlet.service [req-8a6ed289-f9b1-46c5-b9c3-4dc5e45c2de5 - - - - - -] hitachi.hitachi_rest_job_api_response_timeout = None [00;33m{{(pid=2043448) log_opt_values /opt/stack/data/venv/lib/python3.12/site-packages/oslo_config/cfg.py:3560}}[00m
2026-10-06 13:16:03.863 2043448 DEBUG oslo_service.backend._eventlet.service [req-8a6ed289-f9b1-46c5-b9c3-4dc5e45c2de5 - - - - - -] hitachi.hitachi_rest_keep_session_loop_interval = None [00;33m{{(pid=2043448) log_opt_values /opt/stack/data/venv/lib/python3.12/site-packages/oslo_config/cfg.py:3560}}[00m
2026-10-06 13:16:03.863 2043448 DEBUG oslo_service.backend._eventlet.service [req-8a6ed289-f9b1-46c5-b9c3-4dc5e45c2de5 - - - - - -] hitachi.hitachi_rest_max_request_workers = None [00;33m{{(pid=2043448) log_opt_values /opt/stack/data/venv/lib/python3.12/site-packages/oslo_config/cfg.py:3560}}[00m
2026-10-06 13:16:03.863 2043448 DEBUG oslo_service.backend._eventlet.service [req-8a6ed289-f9b1-46c5-b9c3-4dc5e45c2de5 - - - - - -] hitachi.hitachi_rest_pair_target_ports = None [00;33m{{(pid=2043448) log_opt_values /opt/stack/data/venv/lib/python3.12/site-packages/oslo_config/cfg.py:3560}}[00m
2026-10-06 13:16:03.863 2043448 DEBUG oslo_service.backend._eventlet.service [req-8a6ed289-f9b1-46c5-b9c3-4dc5e45c2de5 - - - - - -] hitachi.hitachi_rest_server_busy_timeout = None [00;33m{{(pid=2043448) log_opt_values /opt/stack/data/venv/lib/python3.12/site-packages/oslo_config/cfg.py:3560}}[00m
2026-10-06 13:16:03.863 2043448 DEBUG oslo_service.backend._eventlet.service [req-8a6ed289-f9b1-46c5-b9c3-4dc5e45c2de5 - - - - - -] hitachi.hitachi_rest_tcp_keepalive = None [00;33m{{(pid=2043448) log_opt_values /opt/stack/data/venv/lib/python3.12/site-packages/oslo_config/cfg.py:3560}}[00m
2026-10-06 13:16:03.863 2043448 DEBUG oslo_service.backend._eventlet.service [req-8a6ed289-f9b1-46c5-b9c3-4dc5e45c2de5 - - - - - -] hitachi.hitachi_rest_tcp_keepcnt = None [00;33m{{(pid=2043448) log_opt_values /opt/stack/data/venv/lib/python3.12/site-packages/oslo_config/cfg.py:3560}}[00m
2026-10-06 13:16:03.864 2043448 DEBUG oslo_service.backend._eventlet.service [req-8a6ed289-f9b1-46c5-b9c3-4dc5e45c2de5 - - - - - -] hitachi.hitachi_rest_tcp_keepidle = None [00;33m{{(pid=2043448) log_opt_values /opt/stack/data/venv/lib/python3.12/site-packages/oslo_config/cfg.py:3560}}[00m
2026-10-06 13:16:03.864 2043448 DEBUG oslo_service.backend._eventlet.service [req-8a6ed289-f9b1-46c5-b9c3-4dc5e45c2de5 - - - - - -] hitachi.hitachi_rest_tcp_keepintvl = None [00;33m{{(pid=2043448) log_opt_values /opt/stack/data/venv/lib/python3.12/site-packages/oslo_config/cfg.py:3560}}[00m
2026-10-06 13:16:03.864 2043448 DEBUG oslo_service.backend._eventlet.service [req-8a6ed289-f9b1-46c5-b9c3-4dc5e45c2de5 - - - - - -] hitachi.hitachi_rest_timeout   = None [00;33m{{(pid=2043448) log_opt_values /opt/stack/data/venv/lib/python3.12/site-packages/oslo_config/cfg.py:3560}}[00m
2026-10-06 13:16:03.864 2043448 DEBUG oslo_service.backend._eventlet.service [req-8a6ed289-f9b1-46c5-b9c3-4dc5e45c2de5 - - - - - -] hitachi.hitachi_rest_use_object_caching = None [00;33m{{(pid=2043448) log_opt_values /opt/stack/data/venv/lib/python3.12/site-packages/oslo_config/cfg.py:3560}}[00m
2026-10-06 13:16:03.864 2043448 DEBUG oslo_service.backend._eventlet.service [req-8a6ed289-f9b1-46c5-b9c3-4dc5e45c2de5 - - - - - -] hitachi.hitachi_restore_timeout = None [00;33m{{(pid=2043448) log_opt_values /opt/stack/data/venv/lib/python3.12/site-packages/oslo_config/cfg.py:3560}}[00m
2026-10-06 13:16:03.864 2043448 DEBUG oslo_service.backend._eventlet.service [req-8a6ed289-f9b1-46c5-b9c3-4dc5e45c2de5 - - - - - -] hitachi.hitachi_snap_pool      = None [00;33m{{(pid=2043448) log_opt_values /opt/stack/data/venv/lib/python3.12/site-packages/oslo_config/cfg.py:3560}}[00m
2026-10-06 13:16:03.864 2043448 DEBUG oslo_service.backend._eventlet.service [req-8a6ed289-f9b1-46c5-b9c3-4dc5e45c2de5 - - - - - -] hitachi.hitachi_state_transition_timeout = 1800 [00;33m{{(pid=2043448) log_opt_values /opt/stack/data/venv/lib/python3.12/site-packages/oslo_config/cfg.py:3560}}[00m
2026-10-06 13:16:03.864 2043448 DEBUG oslo_service.backend._eventlet.service [req-8a6ed289-f9b1-46c5-b9c3-4dc5e45c2de5 - - - - - -] hitachi.hitachi_storage_id     = 938000715036 [00;33m{{(pid=2043448) log_opt_values /opt/stack/data/venv/lib/python3.12/site-packages/oslo_config/cfg.py:3560}}[00m
2026-10-06 13:16:03.864 2043448 DEBUG oslo_service.backend._eventlet.service [req-8a6ed289-f9b1-46c5-b9c3-4dc5e45c2de5 - - - - - -] hitachi.hitachi_target_ports   = ['CL1-C'] [00;33m{{(pid=2043448) log_opt_values /opt/stack/data/venv/lib/python3.12/site-packages/oslo_config/cfg.py:3560}}[00m
2026-10-06 13:16:03.864 2043448 DEBUG oslo_service.backend._eventlet.service [req-8a6ed289-f9b1-46c5-b9c3-4dc5e45c2de5 - - - - - -] hitachi.image_upload_use_cinder_backend = None [00;33m{{(pid=2043448) log_opt_values /opt/stack/data/venv/lib/python3.12/site-packages/oslo_config/cfg.py:3560}}[00m
2026-10-06 13:16:03.864 2043448 DEBUG oslo_service.backend._eventlet.service [req-8a6ed289-f9b1-46c5-b9c3-4dc5e45c2de5 - - - - - -] hitachi.image_upload_use_internal_tenant = None [00;33m{{(pid=2043448) log_opt_values /opt/stack/data/venv/lib/python3.12/site-packages/oslo_config/cfg.py:3560}}[00m
2026-10-06 13:16:03.864 2043448 DEBUG oslo_service.backend._eventlet.service [req-8a6ed289-f9b1-46c5-b9c3-4dc5e45c2de5 - - - - - -] hitachi.image_volume_cache_enabled = False [00;33m{{(pid=2043448) log_opt_values /opt/stack/data/venv/lib/python3.12/site-packages/oslo_config/cfg.py:3560}}[00m
2026-10-06 13:16:03.864 2043448 DEBUG oslo_service.backend._eventlet.service [req-8a6ed289-f9b1-46c5-b9c3-4dc5e45c2de5 - - - - - -] hitachi.image_volume_cache_max_count = None [00;33m{{(pid=2043448) log_opt_values /opt/stack/data/venv/lib/python3.12/site-packages/oslo_config/cfg.py:3560}}[00m
2026-10-06 13:16:03.865 2043448 DEBUG oslo_service.backend._eventlet.service [req-8a6ed289-f9b1-46c5-b9c3-4dc5e45c2de5 - - - - - -] hitachi.image_volume_cache_max_size_gb = None [00;33m{{(pid=2043448) log_opt_values /opt/stack/data/venv/lib/python3.12/site-packages/oslo_config/cfg.py:3560}}[00m
2026-10-06 13:16:03.865 2043448 DEBUG oslo_service.backend._eventlet.service [req-8a6ed289-f9b1-46c5-b9c3-4dc5e45c2de5 - - - - - -] hitachi.iscsi_target_flags     = None [00;33m{{(pid=2043448) log_opt_values /opt/stack/data/venv/lib/python3.12/site-packages/oslo_config/cfg.py:3560}}[00m
2026-10-06 13:16:03.865 2043448 DEBUG oslo_service.backend._eventlet.service [req-8a6ed289-f9b1-46c5-b9c3-4dc5e45c2de5 - - - - - -] hitachi.iscsi_write_cache      = None [00;33m{{(pid=2043448) log_opt_values /opt/stack/data/venv/lib/python3.12/site-packages/oslo_config/cfg.py:3560}}[00m
2026-10-06 13:16:03.865 2043448 DEBUG oslo_service.backend._eventlet.service [req-8a6ed289-f9b1-46c5-b9c3-4dc5e45c2de5 - - - - - -] hitachi.iser_helper            = None [00;33m{{(pid=2043448) log_opt_values /opt/stack/data/venv/lib/python3.12/site-packages/oslo_config/cfg.py:3560}}[00m
2026-10-06 13:16:03.865 2043448 DEBUG oslo_service.backend._eventlet.service [req-8a6ed289-f9b1-46c5-b9c3-4dc5e45c2de5 - - - - - -] hitachi.iser_ip_address        = None [00;33m{{(pid=2043448) log_opt_values /opt/stack/data/venv/lib/python3.12/site-packages/oslo_config/cfg.py:3560}}[00m
2026-10-06 13:16:03.865 2043448 DEBUG oslo_service.backend._eventlet.service [req-8a6ed289-f9b1-46c5-b9c3-4dc5e45c2de5 - - - - - -] hitachi.iser_port              = None [00;33m{{(pid=2043448) log_opt_values /opt/stack/data/venv/lib/python3.12/site-packages/oslo_config/cfg.py:3560}}[00m
2026-10-06 13:16:03.865 2043448 DEBUG oslo_service.backend._eventlet.service [req-8a6ed289-f9b1-46c5-b9c3-4dc5e45c2de5 - - - - - -] hitachi.iser_target_prefix     = None [00;33m{{(pid=2043448) log_opt_values /opt/stack/data/venv/lib/python3.12/site-packages/oslo_config/cfg.py:3560}}[00m
2026-10-06 13:16:03.865 2043448 DEBUG oslo_service.backend._eventlet.service [req-8a6ed289-f9b1-46c5-b9c3-4dc5e45c2de5 - - - - - -] hitachi.max_over_subscription_ratio = 2147483647 [00;33m{{(pid=2043448) log_opt_values /opt/stack/data/venv/lib/python3.12/site-packages/oslo_config/cfg.py:3560}}[00m
2026-10-06 13:16:03.865 2043448 DEBUG oslo_service.backend._eventlet.service [req-8a6ed289-f9b1-46c5-b9c3-4dc5e45c2de5 - - - - - -] hitachi.num_iser_scan_tries    = None [00;33m{{(pid=2043448) log_opt_values /opt/stack/data/venv/lib/python3.12/site-packages/oslo_config/cfg.py:3560}}[00m
2026-10-06 13:16:03.865 2043448 DEBUG oslo_service.backend._eventlet.service [req-8a6ed289-f9b1-46c5-b9c3-4dc5e45c2de5 - - - - - -] hitachi.num_shell_tries        = None [00;33m{{(pid=2043448) log_opt_values /opt/stack/data/venv/lib/python3.12/site-packages/oslo_config/cfg.py:3560}}[00m
2026-10-06 13:16:03.865 2043448 DEBUG oslo_service.backend._eventlet.service [req-8a6ed289-f9b1-46c5-b9c3-4dc5e45c2de5 - - - - - -] hitachi.num_volume_device_scan_tries = 5 [00;33m{{(pid=2043448) log_opt_values /opt/stack/data/venv/lib/python3.12/site-packages/oslo_config/cfg.py:3560}}[00m
2026-10-06 13:16:03.865 2043448 DEBUG oslo_service.backend._eventlet.service [req-8a6ed289-f9b1-46c5-b9c3-4dc5e45c2de5 - - - - - -] hitachi.nvmeof_conn_info_version = None [00;33m{{(pid=2043448) log_opt_values /opt/stack/data/venv/lib/python3.12/site-packages/oslo_config/cfg.py:3560}}[00m
2026-10-06 13:16:03.865 2043448 DEBUG oslo_service.backend._eventlet.service [req-8a6ed289-f9b1-46c5-b9c3-4dc5e45c2de5 - - - - - -] hitachi.nvmet_ns_id            = None [00;33m{{(pid=2043448) log_opt_values /opt/stack/data/venv/lib/python3.12/site-packages/oslo_config/cfg.py:3560}}[00m
2026-10-06 13:16:03.866 2043448 DEBUG oslo_service.backend._eventlet.service [req-8a6ed289-f9b1-46c5-b9c3-4dc5e45c2de5 - - - - - -] hitachi.nvmet_port_id          = None [00;33m{{(pid=2043448) log_opt_values /opt/stack/data/venv/lib/python3.12/site-packages/oslo_config/cfg.py:3560}}[00m
2026-10-06 13:16:03.866 2043448 DEBUG oslo_service.backend._eventlet.service [req-8a6ed289-f9b1-46c5-b9c3-4dc5e45c2de5 - - - - - -] hitachi.replication_device     = **** [00;33m{{(pid=2043448) log_opt_values /opt/stack/data/venv/lib/python3.12/site-packages/oslo_config/cfg.py:3560}}[00m
2026-10-06 13:16:03.866 2043448 DEBUG oslo_service.backend._eventlet.service [req-8a6ed289-f9b1-46c5-b9c3-4dc5e45c2de5 - - - - - -] hitachi.report_discard_supported = None [00;33m{{(pid=2043448) log_opt_values /opt/stack/data/venv/lib/python3.12/site-packages/oslo_config/cfg.py:3560}}[00m
2026-10-06 13:16:03.866 2043448 DEBUG oslo_service.backend._eventlet.service [req-8a6ed289-f9b1-46c5-b9c3-4dc5e45c2de5 - - - - - -] hitachi.reserved_percentage    = None [00;33m{{(pid=2043448) log_opt_values /opt/stack/data/venv/lib/python3.12/site-packages/oslo_config/cfg.py:3560}}[00m
2026-10-06 13:16:03.866 2043448 DEBUG oslo_service.backend._eventlet.service [req-8a6ed289-f9b1-46c5-b9c3-4dc5e45c2de5 - - - - - -] hitachi.san_api_port           = 443 [00;33m{{(pid=2043448) log_opt_values /opt/stack/data/venv/lib/python3.12/site-packages/oslo_config/cfg.py:3560}}[00m
2026-10-06 13:16:03.866 2043448 DEBUG oslo_service.backend._eventlet.service [req-8a6ed289-f9b1-46c5-b9c3-4dc5e45c2de5 - - - - - -] hitachi.san_clustername        = None [00;33m{{(pid=2043448) log_opt_values /opt/stack/data/venv/lib/python3.12/site-packages/oslo_config/cfg.py:3560}}[00m
2026-10-06 13:16:03.866 2043448 DEBUG oslo_service.backend._eventlet.service [req-8a6ed289-f9b1-46c5-b9c3-4dc5e45c2de5 - - - - - -] hitachi.san_ip                 = 172.25.44.127 [00;33m{{(pid=2043448) log_opt_values /opt/stack/data/venv/lib/python3.12/site-packages/oslo_config/cfg.py:3560}}[00m
2026-10-06 13:16:03.866 2043448 DEBUG oslo_service.backend._eventlet.service [req-8a6ed289-f9b1-46c5-b9c3-4dc5e45c2de5 - - - - - -] hitachi.san_is_local           = None [00;33m{{(pid=2043448) log_opt_values /opt/stack/data/venv/lib/python3.12/site-packages/oslo_config/cfg.py:3560}}[00m
2026-10-06 13:16:03.866 2043448 DEBUG oslo_service.backend._eventlet.service [req-8a6ed289-f9b1-46c5-b9c3-4dc5e45c2de5 - - - - - -] hitachi.san_login              = ucpa [00;33m{{(pid=2043448) log_opt_values /opt/stack/data/venv/lib/python3.12/site-packages/oslo_config/cfg.py:3560}}[00m
2026-10-06 13:16:03.866 2043448 DEBUG oslo_service.backend._eventlet.service [req-8a6ed289-f9b1-46c5-b9c3-4dc5e45c2de5 - - - - - -] hitachi.san_password           = **** [00;33m{{(pid=2043448) log_opt_values /opt/stack/data/venv/lib/python3.12/site-packages/oslo_config/cfg.py:3560}}[00m
2026-10-06 13:16:03.866 2043448 DEBUG oslo_service.backend._eventlet.service [req-8a6ed289-f9b1-46c5-b9c3-4dc5e45c2de5 - - - - - -] hitachi.san_private_key        = None [00;33m{{(pid=2043448) log_opt_values /opt/stack/data/venv/lib/python3.12/site-packages/oslo_config/cfg.py:3560}}[00m
2026-10-06 13:16:03.866 2043448 DEBUG oslo_service.backend._eventlet.service [req-8a6ed289-f9b1-46c5-b9c3-4dc5e45c2de5 - - - - - -] hitachi.san_ssh_port           = None [00;33m{{(pid=2043448) log_opt_values /opt/stack/data/venv/lib/python3.12/site-packages/oslo_config/cfg.py:3560}}[00m
2026-10-06 13:16:03.867 2043448 DEBUG oslo_service.backend._eventlet.service [req-8a6ed289-f9b1-46c5-b9c3-4dc5e45c2de5 - - - - - -] hitachi.san_thin_provision     = None [00;33m{{(pid=2043448) log_opt_values /opt/stack/data/venv/lib/python3.12/site-packages/oslo_config/cfg.py:3560}}[00m
2026-10-06 13:16:03.867 2043448 DEBUG oslo_service.backend._eventlet.service [req-8a6ed289-f9b1-46c5-b9c3-4dc5e45c2de5 - - - - - -] hitachi.scst_target_driver     = None [00;33m{{(pid=2043448) log_opt_values /opt/stack/data/venv/lib/python3.12/site-packages/oslo_config/cfg.py:3560}}[00m
2026-10-06 13:16:03.867 2043448 DEBUG oslo_service.backend._eventlet.service [req-8a6ed289-f9b1-46c5-b9c3-4dc5e45c2de5 - - - - - -] hitachi.scst_target_iqn_name   = None [00;33m{{(pid=2043448) log_opt_values /opt/stack/data/venv/lib/python3.12/site-packages/oslo_config/cfg.py:3560}}[00m
2026-10-06 13:16:03.867 2043448 DEBUG oslo_service.backend._eventlet.service [req-8a6ed289-f9b1-46c5-b9c3-4dc5e45c2de5 - - - - - -] hitachi.ssh_conn_timeout       = None [00;33m{{(pid=2043448) log_opt_values /opt/stack/data/venv/lib/python3.12/site-packages/oslo_config/cfg.py:3560}}[00m
2026-10-06 13:16:03.867 2043448 DEBUG oslo_service.backend._eventlet.service [req-8a6ed289-f9b1-46c5-b9c3-4dc5e45c2de5 - - - - - -] hitachi.ssh_max_pool_conn      = None [00;33m{{(pid=2043448) log_opt_values /opt/stack/data/venv/lib/python3.12/site-packages/oslo_config/cfg.py:3560}}[00m
2026-10-06 13:16:03.867 2043448 DEBUG oslo_service.backend._eventlet.service [req-8a6ed289-f9b1-46c5-b9c3-4dc5e45c2de5 - - - - - -] hitachi.ssh_min_pool_conn      = None [00;33m{{(pid=2043448) log_opt_values /opt/stack/data/venv/lib/python3.12/site-packages/oslo_config/cfg.py:3560}}[00m
2026-10-06 13:16:03.867 2043448 DEBUG oslo_service.backend._eventlet.service [req-8a6ed289-f9b1-46c5-b9c3-4dc5e45c2de5 - - - - - -] hitachi.storage_protocol       = None [00;33m{{(pid=2043448) log_opt_values /opt/stack/data/venv/lib/python3.12/site-packages/oslo_config/cfg.py:3560}}[00m
2026-10-06 13:16:03.867 2043448 DEBUG oslo_service.backend._eventlet.service [req-8a6ed289-f9b1-46c5-b9c3-4dc5e45c2de5 - - - - - -] hitachi.suppress_requests_ssl_warnings = True [00;33m{{(pid=2043448) log_opt_values /opt/stack/data/venv/lib/python3.12/site-packages/oslo_config/cfg.py:3560}}[00m
2026-10-06 13:16:03.867 2043448 DEBUG oslo_service.backend._eventlet.service [req-8a6ed289-f9b1-46c5-b9c3-4dc5e45c2de5 - - - - - -] hitachi.target_helper          = None [00;33m{{(pid=2043448) log_opt_values /opt/stack/data/venv/lib/python3.12/site-packages/oslo_config/cfg.py:3560}}[00m
2026-10-06 13:16:03.867 2043448 DEBUG oslo_service.backend._eventlet.service [req-8a6ed289-f9b1-46c5-b9c3-4dc5e45c2de5 - - - - - -] hitachi.target_ip_address      = None [00;33m{{(pid=2043448) log_opt_values /opt/stack/data/venv/lib/python3.12/site-packages/oslo_config/cfg.py:3560}}[00m
2026-10-06 13:16:03.867 2043448 DEBUG oslo_service.backend._eventlet.service [req-8a6ed289-f9b1-46c5-b9c3-4dc5e45c2de5 - - - - - -] hitachi.target_port            = None [00;33m{{(pid=2043448) log_opt_values /opt/stack/data/venv/lib/python3.12/site-packages/oslo_config/cfg.py:3560}}[00m
2026-10-06 13:16:03.867 2043448 DEBUG oslo_service.backend._eventlet.service [req-8a6ed289-f9b1-46c5-b9c3-4dc5e45c2de5 - - - - - -] hitachi.target_prefix          = None [00;33m{{(pid=2043448) log_opt_values /opt/stack/data/venv/lib/python3.12/site-packages/oslo_config/cfg.py:3560}}[00m
2026-10-06 13:16:03.867 2043448 DEBUG oslo_service.backend._eventlet.service [req-8a6ed289-f9b1-46c5-b9c3-4dc5e45c2de5 - - - - - -] hitachi.target_protocol        = None [00;33m{{(pid=2043448) log_opt_values /opt/stack/data/venv/lib/python3.12/site-packages/oslo_config/cfg.py:3560}}[00m
2026-10-06 13:16:03.868 2043448 DEBUG oslo_service.backend._eventlet.service [req-8a6ed289-f9b1-46c5-b9c3-4dc5e45c2de5 - - - - - -] hitachi.target_secondary_ip_addresses = None [00;33m{{(pid=2043448) log_opt_values /opt/stack/data/venv/lib/python3.12/site-packages/oslo_config/cfg.py:3560}}[00m
2026-10-06 13:16:03.868 2043448 DEBUG oslo_service.backend._eventlet.service [req-8a6ed289-f9b1-46c5-b9c3-4dc5e45c2de5 - - - - - -] hitachi.trace_flags            = None [00;33m{{(pid=2043448) log_opt_values /opt/stack/data/venv/lib/python3.12/site-packages/oslo_config/cfg.py:3560}}[00m
2026-10-06 13:16:03.868 2043448 DEBUG oslo_service.backend._eventlet.service [req-8a6ed289-f9b1-46c5-b9c3-4dc5e45c2de5 - - - - - -] hitachi.unique_fqdn_network    = None [00;33m{{(pid=2043448) log_opt_values /opt/stack/data/venv/lib/python3.12/site-packages/oslo_config/cfg.py:3560}}[00m
2026-10-06 13:16:03.868 2043448 DEBUG oslo_service.backend._eventlet.service [req-8a6ed289-f9b1-46c5-b9c3-4dc5e45c2de5 - - - - - -] hitachi.use_chap_auth          = None [00;33m{{(pid=2043448) log_opt_values /opt/stack/data/venv/lib/python3.12/site-packages/oslo_config/cfg.py:3560}}[00m
2026-10-06 13:16:03.868 2043448 DEBUG oslo_service.backend._eventlet.service [req-8a6ed289-f9b1-46c5-b9c3-4dc5e45c2de5 - - - - - -] hitachi.use_multipath_for_image_xfer = False [00;33m{{(pid=2043448) log_opt_values /opt/stack/data/venv/lib/python3.12/site-packages/oslo_config/cfg.py:3560}}[00m
2026-10-06 13:16:03.868 2043448 DEBUG oslo_service.backend._eventlet.service [req-8a6ed289-f9b1-46c5-b9c3-4dc5e45c2de5 - - - - - -] hitachi.volume_backend_name    = hitachi [00;33m{{(pid=2043448) log_opt_values /opt/stack/data/venv/lib/python3.12/site-packages/oslo_config/cfg.py:3560}}[00m
2026-10-06 13:16:03.868 2043448 DEBUG oslo_service.backend._eventlet.service [req-8a6ed289-f9b1-46c5-b9c3-4dc5e45c2de5 - - - - - -] hitachi.volume_clear           = None [00;33m{{(pid=2043448) log_opt_values /opt/stack/data/venv/lib/python3.12/site-packages/oslo_config/cfg.py:3560}}[00m
2026-10-06 13:16:03.868 2043448 DEBUG oslo_service.backend._eventlet.service [req-8a6ed289-f9b1-46c5-b9c3-4dc5e45c2de5 - - - - - -] hitachi.volume_clear_ionice    = None [00;33m{{(pid=2043448) log_opt_values /opt/stack/data/venv/lib/python3.12/site-packages/oslo_config/cfg.py:3560}}[00m
2026-10-06 13:16:03.868 2043448 DEBUG oslo_service.backend._eventlet.service [req-8a6ed289-f9b1-46c5-b9c3-4dc5e45c2de5 - - - - - -] hitachi.volume_clear_size      = None [00;33m{{(pid=2043448) log_opt_values /opt/stack/data/venv/lib/python3.12/site-packages/oslo_config/cfg.py:3560}}[00m
2026-10-06 13:16:03.868 2043448 DEBUG oslo_service.backend._eventlet.service [req-8a6ed289-f9b1-46c5-b9c3-4dc5e45c2de5 - - - - - -] hitachi.volume_copy_blkio_cgroup_name = None [00;33m{{(pid=2043448) log_opt_values /opt/stack/data/venv/lib/python3.12/site-packages/oslo_config/cfg.py:3560}}[00m
2026-10-06 13:16:03.868 2043448 DEBUG oslo_service.backend._eventlet.service [req-8a6ed289-f9b1-46c5-b9c3-4dc5e45c2de5 - - - - - -] hitachi.volume_copy_bps_limit  = None [00;33m{{(pid=2043448) log_opt_values /opt/stack/data/venv/lib/python3.12/site-packages/oslo_config/cfg.py:3560}}[00m
2026-10-06 13:16:03.868 2043448 DEBUG oslo_service.backend._eventlet.service [req-8a6ed289-f9b1-46c5-b9c3-4dc5e45c2de5 - - - - - -] hitachi.volume_dd_blocksize    = None [00;33m{{(pid=2043448) log_opt_values /opt/stack/data/venv/lib/python3.12/site-packages/oslo_config/cfg.py:3560}}[00m
2026-10-06 13:16:03.869 2043448 DEBUG oslo_service.backend._eventlet.service [req-8a6ed289-f9b1-46c5-b9c3-4dc5e45c2de5 - - - - - -] hitachi.volume_driver          = cinder.volume.drivers.hitachi.hbsd_iscsi.HBSDISCSIDriver [00;33m{{(pid=2043448) log_opt_values /opt/stack/data/venv/lib/python3.12/site-packages/oslo_config/cfg.py:3560}}[00m
2026-10-06 13:16:03.869 2043448 DEBUG oslo_service.backend._eventlet.service [req-8a6ed289-f9b1-46c5-b9c3-4dc5e45c2de5 - - - - - -] hitachi.volumes_dir            = None [00;33m{{(pid=2043448) log_opt_values /opt/stack/data/venv/lib/python3.12/site-packages/oslo_config/cfg.py:3560}}[00m
2026-10-06 13:16:03.869 2043448 DEBUG oslo_service.backend._eventlet.service [req-8a6ed289-f9b1-46c5-b9c3-4dc5e45c2de5 - - - - - -] oslo_messaging_rabbit.amqp_auto_delete = False [00;33m{{(pid=2043448) log_opt_values /opt/stack/data/venv/lib/python3.12/site-packages/oslo_config/cfg.py:3560}}[00m
2026-10-06 13:16:03.869 2043448 DEBUG oslo_service.backend._eventlet.service [req-8a6ed289-f9b1-46c5-b9c3-4dc5e45c2de5 - - - - - -] oslo_messaging_rabbit.amqp_durable_queues = False [00;33m{{(pid=2043448) log_opt_values /opt/stack/data/venv/lib/python3.12/site-packages/oslo_config/cfg.py:3560}}[00m
2026-10-06 13:16:03.869 2043448 DEBUG oslo_service.backend._eventlet.service [req-8a6ed289-f9b1-46c5-b9c3-4dc5e45c2de5 - - - - - -] oslo_messaging_rabbit.conn_pool_min_size = 2 [00;33m{{(pid=2043448) log_opt_values /opt/stack/data/venv/lib/python3.12/site-packages/oslo_config/cfg.py:3560}}[00m
2026-10-06 13:16:03.869 2043448 DEBUG oslo_service.backend._eventlet.service [req-8a6ed289-f9b1-46c5-b9c3-4dc5e45c2de5 - - - - - -] oslo_messaging_rabbit.conn_pool_ttl = 1200 [00;33m{{(pid=2043448) log_opt_values /opt/stack/data/venv/lib/python3.12/site-packages/oslo_config/cfg.py:3560}}[00m
2026-10-06 13:16:03.869 2043448 DEBUG oslo_service.backend._eventlet.service [req-8a6ed289-f9b1-46c5-b9c3-4dc5e45c2de5 - - - - - -] oslo_messaging_rabbit.direct_mandatory_flag = True [00;33m{{(pid=2043448) log_opt_values /opt/stack/data/venv/lib/python3.12/site-packages/oslo_config/cfg.py:3560}}[00m
2026-10-06 13:16:03.869 2043448 DEBUG oslo_service.backend._eventlet.service [req-8a6ed289-f9b1-46c5-b9c3-4dc5e45c2de5 - - - - - -] oslo_messaging_rabbit.enable_cancel_on_failover = False [00;33m{{(pid=2043448) log_opt_values /opt/stack/data/venv/lib/python3.12/site-packages/oslo_config/cfg.py:3560}}[00m
2026-10-06 13:16:03.869 2043448 DEBUG oslo_service.backend._eventlet.service [req-8a6ed289-f9b1-46c5-b9c3-4dc5e45c2de5 - - - - - -] oslo_messaging_rabbit.heartbeat_rate = 3 [00;33m{{(pid=2043448) log_opt_values /opt/stack/data/venv/lib/python3.12/site-packages/oslo_config/cfg.py:3560}}[00m
2026-10-06 13:16:03.869 2043448 DEBUG oslo_service.backend._eventlet.service [req-8a6ed289-f9b1-46c5-b9c3-4dc5e45c2de5 - - - - - -] oslo_messaging_rabbit.heartbeat_timeout_threshold = 60 [00;33m{{(pid=2043448) log_opt_values /opt/stack/data/venv/lib/python3.12/site-packages/oslo_config/cfg.py:3560}}[00m
2026-10-06 13:16:03.869 2043448 DEBUG oslo_service.backend._eventlet.service [req-8a6ed289-f9b1-46c5-b9c3-4dc5e45c2de5 - - - - - -] oslo_messaging_rabbit.hostname = devstack-92-210 [00;33m{{(pid=2043448) log_opt_values /opt/stack/data/venv/lib/python3.12/site-packages/oslo_config/cfg.py:3560}}[00m
2026-10-06 13:16:03.869 2043448 DEBUG oslo_service.backend._eventlet.service [req-8a6ed289-f9b1-46c5-b9c3-4dc5e45c2de5 - - - - - -] oslo_messaging_rabbit.kombu_compression = None [00;33m{{(pid=2043448) log_opt_values /opt/stack/data/venv/lib/python3.12/site-packages/oslo_config/cfg.py:3560}}[00m
2026-10-06 13:16:03.870 2043448 DEBUG oslo_service.backend._eventlet.service [req-8a6ed289-f9b1-46c5-b9c3-4dc5e45c2de5 - - - - - -] oslo_messaging_rabbit.kombu_failover_strategy = round-robin [00;33m{{(pid=2043448) log_opt_values /opt/stack/data/venv/lib/python3.12/site-packages/oslo_config/cfg.py:3560}}[00m
2026-10-06 13:16:03.870 2043448 DEBUG oslo_service.backend._eventlet.service [req-8a6ed289-f9b1-46c5-b9c3-4dc5e45c2de5 - - - - - -] oslo_messaging_rabbit.kombu_missing_consumer_retry_timeout = 60 [00;33m{{(pid=2043448) log_opt_values /opt/stack/data/venv/lib/python3.12/site-packages/oslo_config/cfg.py:3560}}[00m
2026-10-06 13:16:03.870 2043448 DEBUG oslo_service.backend._eventlet.service [req-8a6ed289-f9b1-46c5-b9c3-4dc5e45c2de5 - - - - - -] oslo_messaging_rabbit.kombu_reconnect_delay = 1.0 [00;33m{{(pid=2043448) log_opt_values /opt/stack/data/venv/lib/python3.12/site-packages/oslo_config/cfg.py:3560}}[00m
2026-10-06 13:16:03.870 2043448 DEBUG oslo_service.backend._eventlet.service [req-8a6ed289-f9b1-46c5-b9c3-4dc5e45c2de5 - - - - - -] oslo_messaging_rabbit.kombu_reconnect_splay = 0.0 [00;33m{{(pid=2043448) log_opt_values /opt/stack/data/venv/lib/python3.12/site-packages/oslo_config/cfg.py:3560}}[00m
2026-10-06 13:16:03.870 2043448 DEBUG oslo_service.backend._eventlet.service [req-8a6ed289-f9b1-46c5-b9c3-4dc5e45c2de5 - - - - - -] oslo_messaging_rabbit.processname = cinder-volume [00;33m{{(pid=2043448) log_opt_values /opt/stack/data/venv/lib/python3.12/site-packages/oslo_config/cfg.py:3560}}[00m
2026-10-06 13:16:03.870 2043448 DEBUG oslo_service.backend._eventlet.service [req-8a6ed289-f9b1-46c5-b9c3-4dc5e45c2de5 - - - - - -] oslo_messaging_rabbit.rabbit_ha_queues = False [00;33m{{(pid=2043448) log_opt_values /opt/stack/data/venv/lib/python3.12/site-packages/oslo_config/cfg.py:3560}}[00m
2026-10-06 13:16:03.870 2043448 DEBUG oslo_service.backend._eventlet.service [req-8a6ed289-f9b1-46c5-b9c3-4dc5e45c2de5 - - - - - -] oslo_messaging_rabbit.rabbit_interval_max = 30 [00;33m{{(pid=2043448) log_opt_values /opt/stack/data/venv/lib/python3.12/site-packages/oslo_config/cfg.py:3560}}[00m
2026-10-06 13:16:03.870 2043448 DEBUG oslo_service.backend._eventlet.service [req-8a6ed289-f9b1-46c5-b9c3-4dc5e45c2de5 - - - - - -] oslo_messaging_rabbit.rabbit_login_method = AMQPLAIN [00;33m{{(pid=2043448) log_opt_values /opt/stack/data/venv/lib/python3.12/site-packages/oslo_config/cfg.py:3560}}[00m
2026-10-06 13:16:03.870 2043448 DEBUG oslo_service.backend._eventlet.service [req-8a6ed289-f9b1-46c5-b9c3-4dc5e45c2de5 - - - - - -] oslo_messaging_rabbit.rabbit_qos_prefetch_count = 0 [00;33m{{(pid=2043448) log_opt_values /opt/stack/data/venv/lib/python3.12/site-packages/oslo_config/cfg.py:3560}}[00m
2026-10-06 13:16:03.870 2043448 DEBUG oslo_service.backend._eventlet.service [req-8a6ed289-f9b1-46c5-b9c3-4dc5e45c2de5 - - - - - -] oslo_messaging_rabbit.rabbit_quorum_delivery_limit = 0 [00;33m{{(pid=2043448) log_opt_values /opt/stack/data/venv/lib/python3.12/site-packages/oslo_config/cfg.py:3560}}[00m
2026-10-06 13:16:03.870 2043448 DEBUG oslo_service.backend._eventlet.service [req-8a6ed289-f9b1-46c5-b9c3-4dc5e45c2de5 - - - - - -] oslo_messaging_rabbit.rabbit_quorum_max_memory_bytes = 0 [00;33m{{(pid=2043448) log_opt_values /opt/stack/data/venv/lib/python3.12/site-packages/oslo_config/cfg.py:3560}}[00m
2026-10-06 13:16:03.870 2043448 DEBUG oslo_service.backend._eventlet.service [req-8a6ed289-f9b1-46c5-b9c3-4dc5e45c2de5 - - - - - -] oslo_messaging_rabbit.rabbit_quorum_max_memory_length = 0 [00;33m{{(pid=2043448) log_opt_values /opt/stack/data/venv/lib/python3.12/site-packages/oslo_config/cfg.py:3560}}[00m
2026-10-06 13:16:03.871 2043448 DEBUG oslo_service.backend._eventlet.service [req-8a6ed289-f9b1-46c5-b9c3-4dc5e45c2de5 - - - - - -] oslo_messaging_rabbit.rabbit_quorum_queue = False [00;33m{{(pid=2043448) log_opt_values /opt/stack/data/venv/lib/python3.12/site-packages/oslo_config/cfg.py:3560}}[00m
2026-10-06 13:16:03.871 2043448 DEBUG oslo_service.backend._eventlet.service [req-8a6ed289-f9b1-46c5-b9c3-4dc5e45c2de5 - - - - - -] oslo_messaging_rabbit.rabbit_retry_backoff = 2 [00;33m{{(pid=2043448) log_opt_values /opt/stack/data/venv/lib/python3.12/site-packages/oslo_config/cfg.py:3560}}[00m
2026-10-06 13:16:03.871 2043448 DEBUG oslo_service.backend._eventlet.service [req-8a6ed289-f9b1-46c5-b9c3-4dc5e45c2de5 - - - - - -] oslo_messaging_rabbit.rabbit_retry_interval = 1 [00;33m{{(pid=2043448) log_opt_values /opt/stack/data/venv/lib/python3.12/site-packages/oslo_config/cfg.py:3560}}[00m
2026-10-06 13:16:03.871 2043448 DEBUG oslo_service.backend._eventlet.service [req-8a6ed289-f9b1-46c5-b9c3-4dc5e45c2de5 - - - - - -] oslo_messaging_rabbit.rabbit_stream_fanout = False [00;33m{{(pid=2043448) log_opt_values /opt/stack/data/venv/lib/python3.12/site-packages/oslo_config/cfg.py:3560}}[00m
2026-10-06 13:16:03.871 2043448 DEBUG oslo_service.backend._eventlet.service [req-8a6ed289-f9b1-46c5-b9c3-4dc5e45c2de5 - - - - - -] oslo_messaging_rabbit.rabbit_transient_queues_ttl = 1800 [00;33m{{(pid=2043448) log_opt_values /opt/stack/data/venv/lib/python3.12/site-packages/oslo_config/cfg.py:3560}}[00m
2026-10-06 13:16:03.871 2043448 DEBUG oslo_service.backend._eventlet.service [req-8a6ed289-f9b1-46c5-b9c3-4dc5e45c2de5 - - - - - -] oslo_messaging_rabbit.rabbit_transient_quorum_queue = False [00;33m{{(pid=2043448) log_opt_values /opt/stack/data/venv/lib/python3.12/site-packages/oslo_config/cfg.py:3560}}[00m
2026-10-06 13:16:03.871 2043448 DEBUG oslo_service.backend._eventlet.service [req-8a6ed289-f9b1-46c5-b9c3-4dc5e45c2de5 - - - - - -] oslo_messaging_rabbit.rpc_conn_pool_size = 30 [00;33m{{(pid=2043448) log_opt_values /opt/stack/data/venv/lib/python3.12/site-packages/oslo_config/cfg.py:3560}}[00m
2026-10-06 13:16:03.871 2043448 DEBUG oslo_service.backend._eventlet.service [req-8a6ed289-f9b1-46c5-b9c3-4dc5e45c2de5 - - - - - -] oslo_messaging_rabbit.ssl      = False [00;33m{{(pid=2043448) log_opt_values /opt/stack/data/venv/lib/python3.12/site-packages/oslo_config/cfg.py:3560}}[00m
2026-10-06 13:16:03.871 2043448 DEBUG oslo_service.backend._eventlet.service [req-8a6ed289-f9b1-46c5-b9c3-4dc5e45c2de5 - - - - - -] oslo_messaging_rabbit.ssl_ca_file =  [00;33m{{(pid=2043448) log_opt_values /opt/stack/data/venv/lib/python3.12/site-packages/oslo_config/cfg.py:3560}}[00m
2026-10-06 13:16:03.871 2043448 DEBUG oslo_service.backend._eventlet.service [req-8a6ed289-f9b1-46c5-b9c3-4dc5e45c2de5 - - - - - -] oslo_messaging_rabbit.ssl_cert_file =  [00;33m{{(pid=2043448) log_opt_values /opt/stack/data/venv/lib/python3.12/site-packages/oslo_config/cfg.py:3560}}[00m
2026-10-06 13:16:03.871 2043448 DEBUG oslo_service.backend._eventlet.service [req-8a6ed289-f9b1-46c5-b9c3-4dc5e45c2de5 - - - - - -] oslo_messaging_rabbit.ssl_enforce_fips_mode = False [00;33m{{(pid=2043448) log_opt_values /opt/stack/data/venv/lib/python3.12/site-packages/oslo_config/cfg.py:3560}}[00m
2026-10-06 13:16:03.871 2043448 DEBUG oslo_service.backend._eventlet.service [req-8a6ed289-f9b1-46c5-b9c3-4dc5e45c2de5 - - - - - -] oslo_messaging_rabbit.ssl_enforce_hostname_verification = True [00;33m{{(pid=2043448) log_opt_values /opt/stack/data/venv/lib/python3.12/site-packages/oslo_config/cfg.py:3560}}[00m
2026-10-06 13:16:03.871 2043448 DEBUG oslo_service.backend._eventlet.service [req-8a6ed289-f9b1-46c5-b9c3-4dc5e45c2de5 - - - - - -] oslo_messaging_rabbit.ssl_key_file =  [00;33m{{(pid=2043448) log_opt_values /opt/stack/data/venv/lib/python3.12/site-packages/oslo_config/cfg.py:3560}}[00m
2026-10-06 13:16:03.872 2043448 DEBUG oslo_service.backend._eventlet.service [req-8a6ed289-f9b1-46c5-b9c3-4dc5e45c2de5 - - - - - -] oslo_messaging_rabbit.ssl_version =  [00;33m{{(pid=2043448) log_opt_values /opt/stack/data/venv/lib/python3.12/site-packages/oslo_config/cfg.py:3560}}[00m
2026-10-06 13:16:03.872 2043448 DEBUG oslo_service.backend._eventlet.service [req-8a6ed289-f9b1-46c5-b9c3-4dc5e45c2de5 - - - - - -] oslo_messaging_rabbit.use_queue_manager = False [00;33m{{(pid=2043448) log_opt_values /opt/stack/data/venv/lib/python3.12/site-packages/oslo_config/cfg.py:3560}}[00m
2026-10-06 13:16:03.872 2043448 DEBUG oslo_service.backend._eventlet.service [req-8a6ed289-f9b1-46c5-b9c3-4dc5e45c2de5 - - - - - -] oslo_messaging_notifications.driver = [] [00;33m{{(pid=2043448) log_opt_values /opt/stack/data/venv/lib/python3.12/site-packages/oslo_config/cfg.py:3560}}[00m
2026-10-06 13:16:03.872 2043448 DEBUG oslo_service.backend._eventlet.service [req-8a6ed289-f9b1-46c5-b9c3-4dc5e45c2de5 - - - - - -] oslo_messaging_notifications.retry = -1 [00;33m{{(pid=2043448) log_opt_values /opt/stack/data/venv/lib/python3.12/site-packages/oslo_config/cfg.py:3560}}[00m
2026-10-06 13:16:03.872 2043448 DEBUG oslo_service.backend._eventlet.service [req-8a6ed289-f9b1-46c5-b9c3-4dc5e45c2de5 - - - - - -] oslo_messaging_notifications.topics = ['notifications'] [00;33m{{(pid=2043448) log_opt_values /opt/stack/data/venv/lib/python3.12/site-packages/oslo_config/cfg.py:3560}}[00m
2026-10-06 13:16:03.872 2043448 DEBUG oslo_service.backend._eventlet.service [req-8a6ed289-f9b1-46c5-b9c3-4dc5e45c2de5 - - - - - -] oslo_messaging_notifications.transport_url = **** [00;33m{{(pid=2043448) log_opt_values /opt/stack/data/venv/lib/python3.12/site-packages/oslo_config/cfg.py:3560}}[00m
2026-10-06 13:16:03.872 2043448 DEBUG oslo_service.backend._eventlet.service [req-8a6ed289-f9b1-46c5-b9c3-4dc5e45c2de5 - - - - - -] key_manager.backend            = cinder.keymgr.conf_key_mgr.ConfKeyManager [00;33m{{(pid=2043448) log_opt_values /opt/stack/data/venv/lib/python3.12/site-packages/oslo_config/cfg.py:3560}}[00m
2026-10-06 13:16:03.872 2043448 DEBUG oslo_service.backend._eventlet.service [req-8a6ed289-f9b1-46c5-b9c3-4dc5e45c2de5 - - - - - -] key_manager.fixed_key          = **** [00;33m{{(pid=2043448) log_opt_values /opt/stack/data/venv/lib/python3.12/site-packages/oslo_config/cfg.py:3560}}[00m
2026-10-06 13:16:03.873 2043448 DEBUG oslo_service.backend._eventlet.service [req-8a6ed289-f9b1-46c5-b9c3-4dc5e45c2de5 - - - - - -] barbican.auth_endpoint         = http://localhost/identity/v3 [00;33m{{(pid=2043448) log_opt_values /opt/stack/data/venv/lib/python3.12/site-packages/oslo_config/cfg.py:3560}}[00m
2026-10-06 13:16:03.873 2043448 DEBUG oslo_service.backend._eventlet.service [req-8a6ed289-f9b1-46c5-b9c3-4dc5e45c2de5 - - - - - -] barbican.barbican_api_version  = None [00;33m{{(pid=2043448) log_opt_values /opt/stack/data/venv/lib/python3.12/site-packages/oslo_config/cfg.py:3560}}[00m
2026-10-06 13:16:03.873 2043448 DEBUG oslo_service.backend._eventlet.service [req-8a6ed289-f9b1-46c5-b9c3-4dc5e45c2de5 - - - - - -] barbican.barbican_endpoint     = None [00;33m{{(pid=2043448) log_opt_values /opt/stack/data/venv/lib/python3.12/site-packages/oslo_config/cfg.py:3560}}[00m
2026-10-06 13:16:03.873 2043448 DEBUG oslo_service.backend._eventlet.service [req-8a6ed289-f9b1-46c5-b9c3-4dc5e45c2de5 - - - - - -] barbican.barbican_endpoint_type = public [00;33m{{(pid=2043448) log_opt_values /opt/stack/data/venv/lib/python3.12/site-packages/oslo_config/cfg.py:3560}}[00m
2026-10-06 13:16:03.873 2043448 DEBUG oslo_service.backend._eventlet.service [req-8a6ed289-f9b1-46c5-b9c3-4dc5e45c2de5 - - - - - -] barbican.barbican_region_name  = None [00;33m{{(pid=2043448) log_opt_values /opt/stack/data/venv/lib/python3.12/site-packages/oslo_config/cfg.py:3560}}[00m
2026-10-06 13:16:03.873 2043448 DEBUG oslo_service.backend._eventlet.service [req-8a6ed289-f9b1-46c5-b9c3-4dc5e45c2de5 - - - - - -] barbican.cafile                = None [00;33m{{(pid=2043448) log_opt_values /opt/stack/data/venv/lib/python3.12/site-packages/oslo_config/cfg.py:3560}}[00m
2026-10-06 13:16:03.873 2043448 DEBUG oslo_service.backend._eventlet.service [req-8a6ed289-f9b1-46c5-b9c3-4dc5e45c2de5 - - - - - -] barbican.certfile              = None [00;33m{{(pid=2043448) log_opt_values /opt/stack/data/venv/lib/python3.12/site-packages/oslo_config/cfg.py:3560}}[00m
2026-10-06 13:16:03.873 2043448 DEBUG oslo_service.backend._eventlet.service [req-8a6ed289-f9b1-46c5-b9c3-4dc5e45c2de5 - - - - - -] barbican.collect_timing        = False [00;33m{{(pid=2043448) log_opt_values /opt/stack/data/venv/lib/python3.12/site-packages/oslo_config/cfg.py:3560}}[00m
2026-10-06 13:16:03.873 2043448 DEBUG oslo_service.backend._eventlet.service [req-8a6ed289-f9b1-46c5-b9c3-4dc5e45c2de5 - - - - - -] barbican.insecure              = False [00;33m{{(pid=2043448) log_opt_values /opt/stack/data/venv/lib/python3.12/site-packages/oslo_config/cfg.py:3560}}[00m
2026-10-06 13:16:03.873 2043448 DEBUG oslo_service.backend._eventlet.service [req-8a6ed289-f9b1-46c5-b9c3-4dc5e45c2de5 - - - - - -] barbican.keyfile               = None [00;33m{{(pid=2043448) log_opt_values /opt/stack/data/venv/lib/python3.12/site-packages/oslo_config/cfg.py:3560}}[00m
2026-10-06 13:16:03.873 2043448 DEBUG oslo_service.backend._eventlet.service [req-8a6ed289-f9b1-46c5-b9c3-4dc5e45c2de5 - - - - - -] barbican.number_of_retries     = 60 [00;33m{{(pid=2043448) log_opt_values /opt/stack/data/venv/lib/python3.12/site-packages/oslo_config/cfg.py:3560}}[00m
2026-10-06 13:16:03.873 2043448 DEBUG oslo_service.backend._eventlet.service [req-8a6ed289-f9b1-46c5-b9c3-4dc5e45c2de5 - - - - - -] barbican.retry_delay           = 1 [00;33m{{(pid=2043448) log_opt_values /opt/stack/data/venv/lib/python3.12/site-packages/oslo_config/cfg.py:3560}}[00m
2026-10-06 13:16:03.874 2043448 DEBUG oslo_service.backend._eventlet.service [req-8a6ed289-f9b1-46c5-b9c3-4dc5e45c2de5 - - - - - -] barbican.send_service_user_token = False [00;33m{{(pid=2043448) log_opt_values /opt/stack/data/venv/lib/python3.12/site-packages/oslo_config/cfg.py:3560}}[00m
2026-10-06 13:16:03.874 2043448 DEBUG oslo_service.backend._eventlet.service [req-8a6ed289-f9b1-46c5-b9c3-4dc5e45c2de5 - - - - - -] barbican.split_loggers         = False [00;33m{{(pid=2043448) log_opt_values /opt/stack/data/venv/lib/python3.12/site-packages/oslo_config/cfg.py:3560}}[00m
2026-10-06 13:16:03.874 2043448 DEBUG oslo_service.backend._eventlet.service [req-8a6ed289-f9b1-46c5-b9c3-4dc5e45c2de5 - - - - - -] barbican.timeout               = None [00;33m{{(pid=2043448) log_opt_values /opt/stack/data/venv/lib/python3.12/site-packages/oslo_config/cfg.py:3560}}[00m
2026-10-06 13:16:03.874 2043448 DEBUG oslo_service.backend._eventlet.service [req-8a6ed289-f9b1-46c5-b9c3-4dc5e45c2de5 - - - - - -] barbican.tls_ciphers           = None [00;33m{{(pid=2043448) log_opt_values /opt/stack/data/venv/lib/python3.12/site-packages/oslo_config/cfg.py:3560}}[00m
2026-10-06 13:16:03.874 2043448 DEBUG oslo_service.backend._eventlet.service [req-8a6ed289-f9b1-46c5-b9c3-4dc5e45c2de5 - - - - - -] barbican.tls_min_version       = None [00;33m{{(pid=2043448) log_opt_values /opt/stack/data/venv/lib/python3.12/site-packages/oslo_config/cfg.py:3560}}[00m
2026-10-06 13:16:03.874 2043448 DEBUG oslo_service.backend._eventlet.service [req-8a6ed289-f9b1-46c5-b9c3-4dc5e45c2de5 - - - - - -] barbican.verify_ssl            = True [00;33m{{(pid=2043448) log_opt_values /opt/stack/data/venv/lib/python3.12/site-packages/oslo_config/cfg.py:3560}}[00m
2026-10-06 13:16:03.874 2043448 DEBUG oslo_service.backend._eventlet.service [req-8a6ed289-f9b1-46c5-b9c3-4dc5e45c2de5 - - - - - -] barbican.verify_ssl_path       = None [00;33m{{(pid=2043448) log_opt_values /opt/stack/data/venv/lib/python3.12/site-packages/oslo_config/cfg.py:3560}}[00m
2026-10-06 13:16:03.874 2043448 DEBUG oslo_service.backend._eventlet.service [req-8a6ed289-f9b1-46c5-b9c3-4dc5e45c2de5 - - - - - -] barbican_service_user.auth_section = None [00;33m{{(pid=2043448) log_opt_values /opt/stack/data/venv/lib/python3.12/site-packages/oslo_config/cfg.py:3560}}[00m
2026-10-06 13:16:03.874 2043448 DEBUG oslo_service.backend._eventlet.service [req-8a6ed289-f9b1-46c5-b9c3-4dc5e45c2de5 - - - - - -] barbican_service_user.auth_type = None [00;33m{{(pid=2043448) log_opt_values /opt/stack/data/venv/lib/python3.12/site-packages/oslo_config/cfg.py:3560}}[00m
2026-10-06 13:16:03.874 2043448 DEBUG oslo_service.backend._eventlet.service [req-8a6ed289-f9b1-46c5-b9c3-4dc5e45c2de5 - - - - - -] barbican_service_user.cafile   = None [00;33m{{(pid=2043448) log_opt_values /opt/stack/data/venv/lib/python3.12/site-packages/oslo_config/cfg.py:3560}}[00m
2026-10-06 13:16:03.874 2043448 DEBUG oslo_service.backend._eventlet.service [req-8a6ed289-f9b1-46c5-b9c3-4dc5e45c2de5 - - - - - -] barbican_service_user.certfile = None [00;33m{{(pid=2043448) log_opt_values /opt/stack/data/venv/lib/python3.12/site-packages/oslo_config/cfg.py:3560}}[00m
2026-10-06 13:16:03.874 2043448 DEBUG oslo_service.backend._eventlet.service [req-8a6ed289-f9b1-46c5-b9c3-4dc5e45c2de5 - - - - - -] barbican_service_user.collect_timing = False [00;33m{{(pid=2043448) log_opt_values /opt/stack/data/venv/lib/python3.12/site-packages/oslo_config/cfg.py:3560}}[00m
2026-10-06 13:16:03.875 2043448 DEBUG oslo_service.backend._eventlet.service [req-8a6ed289-f9b1-46c5-b9c3-4dc5e45c2de5 - - - - - -] barbican_service_user.insecure = False [00;33m{{(pid=2043448) log_opt_values /opt/stack/data/venv/lib/python3.12/site-packages/oslo_config/cfg.py:3560}}[00m
2026-10-06 13:16:03.875 2043448 DEBUG oslo_service.backend._eventlet.service [req-8a6ed289-f9b1-46c5-b9c3-4dc5e45c2de5 - - - - - -] barbican_service_user.keyfile  = None [00;33m{{(pid=2043448) log_opt_values /opt/stack/data/venv/lib/python3.12/site-packages/oslo_config/cfg.py:3560}}[00m
2026-10-06 13:16:03.875 2043448 DEBUG oslo_service.backend._eventlet.service [req-8a6ed289-f9b1-46c5-b9c3-4dc5e45c2de5 - - - - - -] barbican_service_user.split_loggers = False [00;33m{{(pid=2043448) log_opt_values /opt/stack/data/venv/lib/python3.12/site-packages/oslo_config/cfg.py:3560}}[00m
2026-10-06 13:16:03.875 2043448 DEBUG oslo_service.backend._eventlet.service [req-8a6ed289-f9b1-46c5-b9c3-4dc5e45c2de5 - - - - - -] barbican_service_user.timeout  = None [00;33m{{(pid=2043448) log_opt_values /opt/stack/data/venv/lib/python3.12/site-packages/oslo_config/cfg.py:3560}}[00m
2026-10-06 13:16:03.875 2043448 DEBUG oslo_service.backend._eventlet.service [req-8a6ed289-f9b1-46c5-b9c3-4dc5e45c2de5 - - - - - -] barbican_service_user.tls_ciphers = None [00;33m{{(pid=2043448) log_opt_values /opt/stack/data/venv/lib/python3.12/site-packages/oslo_config/cfg.py:3560}}[00m
2026-10-06 13:16:03.875 2043448 DEBUG oslo_service.backend._eventlet.service [req-8a6ed289-f9b1-46c5-b9c3-4dc5e45c2de5 - - - - - -] barbican_service_user.tls_min_version = None [00;33m{{(pid=2043448) log_opt_values /opt/stack/data/venv/lib/python3.12/site-packages/oslo_config/cfg.py:3560}}[00m
2026-10-06 13:16:03.875 2043448 DEBUG oslo_service.backend._eventlet.service [req-8a6ed289-f9b1-46c5-b9c3-4dc5e45c2de5 - - - - - -] vault.approle_role_id          = **** [00;33m{{(pid=2043448) log_opt_values /opt/stack/data/venv/lib/python3.12/site-packages/oslo_config/cfg.py:3560}}[00m
2026-10-06 13:16:03.875 2043448 DEBUG oslo_service.backend._eventlet.service [req-8a6ed289-f9b1-46c5-b9c3-4dc5e45c2de5 - - - - - -] vault.approle_secret_id        = **** [00;33m{{(pid=2043448) log_opt_values /opt/stack/data/venv/lib/python3.12/site-packages/oslo_config/cfg.py:3560}}[00m
2026-10-06 13:16:03.875 2043448 DEBUG oslo_service.backend._eventlet.service [req-8a6ed289-f9b1-46c5-b9c3-4dc5e45c2de5 - - - - - -] vault.auth_method              = approle [00;33m{{(pid=2043448) log_opt_values /opt/stack/data/venv/lib/python3.12/site-packages/oslo_config/cfg.py:3560}}[00m
2026-10-06 13:16:03.875 2043448 DEBUG oslo_service.backend._eventlet.service [req-8a6ed289-f9b1-46c5-b9c3-4dc5e45c2de5 - - - - - -] vault.auth_path                = None [00;33m{{(pid=2043448) log_opt_values /opt/stack/data/venv/lib/python3.12/site-packages/oslo_config/cfg.py:3560}}[00m
2026-10-06 13:16:03.875 2043448 DEBUG oslo_service.backend._eventlet.service [req-8a6ed289-f9b1-46c5-b9c3-4dc5e45c2de5 - - - - - -] vault.kv_mountpoint            = secret [00;33m{{(pid=2043448) log_opt_values /opt/stack/data/venv/lib/python3.12/site-packages/oslo_config/cfg.py:3560}}[00m
2026-10-06 13:16:03.875 2043448 DEBUG oslo_service.backend._eventlet.service [req-8a6ed289-f9b1-46c5-b9c3-4dc5e45c2de5 - - - - - -] vault.kv_path                  = None [00;33m{{(pid=2043448) log_opt_values /opt/stack/data/venv/lib/python3.12/site-packages/oslo_config/cfg.py:3560}}[00m
2026-10-06 13:16:03.875 2043448 DEBUG oslo_service.backend._eventlet.service [req-8a6ed289-f9b1-46c5-b9c3-4dc5e45c2de5 - - - - - -] vault.kv_version               = 2 [00;33m{{(pid=2043448) log_opt_values /opt/stack/data/venv/lib/python3.12/site-packages/oslo_config/cfg.py:3560}}[00m
2026-10-06 13:16:03.876 2043448 DEBUG oslo_service.backend._eventlet.service [req-8a6ed289-f9b1-46c5-b9c3-4dc5e45c2de5 - - - - - -] vault.namespace                = None [00;33m{{(pid=2043448) log_opt_values /opt/stack/data/venv/lib/python3.12/site-packages/oslo_config/cfg.py:3560}}[00m
2026-10-06 13:16:03.876 2043448 DEBUG oslo_service.backend._eventlet.service [req-8a6ed289-f9b1-46c5-b9c3-4dc5e45c2de5 - - - - - -] vault.root_token_id            = **** [00;33m{{(pid=2043448) log_opt_values /opt/stack/data/venv/lib/python3.12/site-packages/oslo_config/cfg.py:3560}}[00m
2026-10-06 13:16:03.876 2043448 DEBUG oslo_service.backend._eventlet.service [req-8a6ed289-f9b1-46c5-b9c3-4dc5e45c2de5 - - - - - -] vault.ssl_ca_crt_file          = None [00;33m{{(pid=2043448) log_opt_values /opt/stack/data/venv/lib/python3.12/site-packages/oslo_config/cfg.py:3560}}[00m
2026-10-06 13:16:03.876 2043448 DEBUG oslo_service.backend._eventlet.service [req-8a6ed289-f9b1-46c5-b9c3-4dc5e45c2de5 - - - - - -] vault.timeout                  = 60.0 [00;33m{{(pid=2043448) log_opt_values /opt/stack/data/venv/lib/python3.12/site-packages/oslo_config/cfg.py:3560}}[00m
2026-10-06 13:16:03.876 2043448 DEBUG oslo_service.backend._eventlet.service [req-8a6ed289-f9b1-46c5-b9c3-4dc5e45c2de5 - - - - - -] vault.token_file               = None [00;33m{{(pid=2043448) log_opt_values /opt/stack/data/venv/lib/python3.12/site-packages/oslo_config/cfg.py:3560}}[00m
2026-10-06 13:16:03.876 2043448 DEBUG oslo_service.backend._eventlet.service [req-8a6ed289-f9b1-46c5-b9c3-4dc5e45c2de5 - - - - - -] vault.token_role               = None [00;33m{{(pid=2043448) log_opt_values /opt/stack/data/venv/lib/python3.12/site-packages/oslo_config/cfg.py:3560}}[00m
2026-10-06 13:16:03.876 2043448 DEBUG oslo_service.backend._eventlet.service [req-8a6ed289-f9b1-46c5-b9c3-4dc5e45c2de5 - - - - - -] vault.use_ssl                  = False [00;33m{{(pid=2043448) log_opt_values /opt/stack/data/venv/lib/python3.12/site-packages/oslo_config/cfg.py:3560}}[00m
2026-10-06 13:16:03.876 2043448 DEBUG oslo_service.backend._eventlet.service [req-8a6ed289-f9b1-46c5-b9c3-4dc5e45c2de5 - - - - - -] vault.vault_url                = http://127.0.0.1:8200 [00;33m{{(pid=2043448) log_opt_values /opt/stack/data/venv/lib/python3.12/site-packages/oslo_config/cfg.py:3560}}[00m
2026-10-06 13:16:03.876 2043448 DEBUG oslo_service.backend._eventlet.service [req-8a6ed289-f9b1-46c5-b9c3-4dc5e45c2de5 - - - - - -] fc-zone-manager.enable_unsupported_driver = False [00;33m{{(pid=2043448) log_opt_values /opt/stack/data/venv/lib/python3.12/site-packages/oslo_config/cfg.py:3560}}[00m
2026-10-06 13:16:03.876 2043448 DEBUG oslo_service.backend._eventlet.service [req-8a6ed289-f9b1-46c5-b9c3-4dc5e45c2de5 - - - - - -] fc-zone-manager.fc_fabric_names = None [00;33m{{(pid=2043448) log_opt_values /opt/stack/data/venv/lib/python3.12/site-packages/oslo_config/cfg.py:3560}}[00m
2026-10-06 13:16:03.876 2043448 DEBUG oslo_service.backend._eventlet.service [req-8a6ed289-f9b1-46c5-b9c3-4dc5e45c2de5 - - - - - -] fc-zone-manager.fc_san_lookup_service = cinder.zonemanager.drivers.brocade.brcd_fc_san_lookup_service.BrcdFCSanLookupService [00;33m{{(pid=2043448) log_opt_values /opt/stack/data/venv/lib/python3.12/site-packages/oslo_config/cfg.py:3560}}[00m
2026-10-06 13:16:03.877 2043448 DEBUG oslo_service.backend._eventlet.service [req-8a6ed289-f9b1-46c5-b9c3-4dc5e45c2de5 - - - - - -] fc-zone-manager.zone_driver    = cinder.zonemanager.drivers.brocade.brcd_fc_zone_driver.BrcdFCZoneDriver [00;33m{{(pid=2043448) log_opt_values /opt/stack/data/venv/lib/python3.12/site-packages/oslo_config/cfg.py:3560}}[00m
2026-10-06 13:16:03.877 2043448 DEBUG oslo_service.backend._eventlet.service [req-8a6ed289-f9b1-46c5-b9c3-4dc5e45c2de5 - - - - - -] fc-zone-manager.zoning_policy  = initiator-target [00;33m{{(pid=2043448) log_opt_values /opt/stack/data/venv/lib/python3.12/site-packages/oslo_config/cfg.py:3560}}[00m
2026-10-06 13:16:03.877 2043448 DEBUG oslo_service.backend._eventlet.service [req-8a6ed289-f9b1-46c5-b9c3-4dc5e45c2de5 - - - - - -] ******************************************************************************** [00;33m{{(pid=2043448) log_opt_values /opt/stack/data/venv/lib/python3.12/site-packages/oslo_config/cfg.py:3567}}[00m
2026-10-06 13:16:03.945 2043460 DEBUG cinder.volume.drivers.hitachi.hbsd_rest_api [req-07c073b4-7bb4-4de6-b0de-803968aa596a - - - - - -] ERROR <?xml version="1.0" encoding="iso-8859-1"?> <!DOCTYPE html PUBLIC "-//W3C//DTD XHTML 1.0 Transitional//EN"          "http://www.w3.org/TR/xhtml1/DTD/xhtml1-transitional.dtd"> <html xmlns="http://www.w3.org/1999/xhtml" xml:lang="en" lang="en">  <head>   <title>503 Service Not Available</title>  </head>  <body>   <h1>503 Service Not Available</h1>  </body> </html> [00;33m{{(pid=2043460) _check_rest_api_response /opt/stack/cinder/cinder/volume/drivers/hitachi/hbsd_rest_api.py:469}}[00m
2026-10-06 13:16:08.956 2043460 DEBUG cinder.volume.drivers.hitachi.hbsd_rest_api [req-07c073b4-7bb4-4de6-b0de-803968aa596a - - - - - -] ERROR <?xml version="1.0" encoding="iso-8859-1"?> <!DOCTYPE html PUBLIC "-//W3C//DTD XHTML 1.0 Transitional//EN"          "http://www.w3.org/TR/xhtml1/DTD/xhtml1-transitional.dtd"> <html xmlns="http://www.w3.org/1999/xhtml" xml:lang="en" lang="en">  <head>   <title>503 Service Not Available</title>  </head>  <body>   <h1>503 Service Not Available</h1>  </body> </html> [00;33m{{(pid=2043460) _check_rest_api_response /opt/stack/cinder/cinder/volume/drivers/hitachi/hbsd_rest_api.py:469}}[00m
2026-10-06 13:16:13.800 2043448 DEBUG dbcounter [-] [2043448] Writing DB stats cinder:SELECT=5,cinder:UPDATE=1 [00;33m{{(pid=2043448) stat_writer /opt/stack/data/venv/lib/python3.12/site-packages/dbcounter.py:115}}[00m
2026-10-06 13:16:13.944 2043460 DEBUG cinder.volume.drivers.hitachi.hbsd_rest_api [req-07c073b4-7bb4-4de6-b0de-803968aa596a - - - - - -] ERROR <?xml version="1.0" encoding="iso-8859-1"?> <!DOCTYPE html PUBLIC "-//W3C//DTD XHTML 1.0 Transitional//EN"          "http://www.w3.org/TR/xhtml1/DTD/xhtml1-transitional.dtd"> <html xmlns="http://www.w3.org/1999/xhtml" xml:lang="en" lang="en">  <head>   <title>503 Service Not Available</title>  </head>  <body>   <h1>503 Service Not Available</h1>  </body> </html> [00;33m{{(pid=2043460) _check_rest_api_response /opt/stack/cinder/cinder/volume/drivers/hitachi/hbsd_rest_api.py:469}}[00m
2026-10-06 13:16:18.951 2043460 DEBUG cinder.volume.drivers.hitachi.hbsd_rest_api [req-07c073b4-7bb4-4de6-b0de-803968aa596a - - - - - -] ERROR <?xml version="1.0" encoding="iso-8859-1"?> <!DOCTYPE html PUBLIC "-//W3C//DTD XHTML 1.0 Transitional//EN"          "http://www.w3.org/TR/xhtml1/DTD/xhtml1-transitional.dtd"> <html xmlns="http://www.w3.org/1999/xhtml" xml:lang="en" lang="en">  <head>   <title>503 Service Not Available</title>  </head>  <body>   <h1>503 Service Not Available</h1>  </body> </html> [00;33m{{(pid=2043460) _check_rest_api_response /opt/stack/cinder/cinder/volume/drivers/hitachi/hbsd_rest_api.py:469}}[00m
2026-10-06 13:16:23.955 2043460 DEBUG cinder.volume.drivers.hitachi.hbsd_rest_api [req-07c073b4-7bb4-4de6-b0de-803968aa596a - - - - - -] ERROR <?xml version="1.0" encoding="iso-8859-1"?> <!DOCTYPE html PUBLIC "-//W3C//DTD XHTML 1.0 Transitional//EN"          "http://www.w3.org/TR/xhtml1/DTD/xhtml1-transitional.dtd"> <html xmlns="http://www.w3.org/1999/xhtml" xml:lang="en" lang="en">  <head>   <title>503 Service Not Available</title>  </head>  <body>   <h1>503 Service Not Available</h1>  </body> </html> [00;33m{{(pid=2043460) _check_rest_api_response /opt/stack/cinder/cinder/volume/drivers/hitachi/hbsd_rest_api.py:469}}[00m
2026-10-06 13:16:28.962 2043460 DEBUG cinder.volume.drivers.hitachi.hbsd_rest_api [req-07c073b4-7bb4-4de6-b0de-803968aa596a - - - - - -] ERROR <?xml version="1.0" encoding="iso-8859-1"?> <!DOCTYPE html PUBLIC "-//W3C//DTD XHTML 1.0 Transitional//EN"          "http://www.w3.org/TR/xhtml1/DTD/xhtml1-transitional.dtd"> <html xmlns="http://www.w3.org/1999/xhtml" xml:lang="en" lang="en">  <head>   <title>503 Service Not Available</title>  </head>  <body>   <h1>503 Service Not Available</h1>  </body> </html> [00;33m{{(pid=2043460) _check_rest_api_response /opt/stack/cinder/cinder/volume/drivers/hitachi/hbsd_rest_api.py:469}}[00m
2026-10-06 13:16:33.962 2043460 DEBUG cinder.volume.drivers.hitachi.hbsd_rest_api [req-07c073b4-7bb4-4de6-b0de-803968aa596a - - - - - -] ERROR <?xml version="1.0" encoding="iso-8859-1"?> <!DOCTYPE html PUBLIC "-//W3C//DTD XHTML 1.0 Transitional//EN"          "http://www.w3.org/TR/xhtml1/DTD/xhtml1-transitional.dtd"> <html xmlns="http://www.w3.org/1999/xhtml" xml:lang="en" lang="en">  <head>   <title>503 Service Not Available</title>  </head>  <body>   <h1>503 Service Not Available</h1>  </body> </html> [00;33m{{(pid=2043460) _check_rest_api_response /opt/stack/cinder/cinder/volume/drivers/hitachi/hbsd_rest_api.py:469}}[00m
2026-10-06 13:16:38.965 2043460 DEBUG cinder.volume.drivers.hitachi.hbsd_rest_api [req-07c073b4-7bb4-4de6-b0de-803968aa596a - - - - - -] ERROR <?xml version="1.0" encoding="iso-8859-1"?> <!DOCTYPE html PUBLIC "-//W3C//DTD XHTML 1.0 Transitional//EN"          "http://www.w3.org/TR/xhtml1/DTD/xhtml1-transitional.dtd"> <html xmlns="http://www.w3.org/1999/xhtml" xml:lang="en" lang="en">  <head>   <title>503 Service Not Available</title>  </head>  <body>   <h1>503 Service Not Available</h1>  </body> </html> [00;33m{{(pid=2043460) _check_rest_api_response /opt/stack/cinder/cinder/volume/drivers/hitachi/hbsd_rest_api.py:469}}[00m
2026-10-06 13:16:43.964 2043460 DEBUG cinder.volume.drivers.hitachi.hbsd_rest_api [req-07c073b4-7bb4-4de6-b0de-803968aa596a - - - - - -] ERROR <?xml version="1.0" encoding="iso-8859-1"?> <!DOCTYPE html PUBLIC "-//W3C//DTD XHTML 1.0 Transitional//EN"          "http://www.w3.org/TR/xhtml1/DTD/xhtml1-transitional.dtd"> <html xmlns="http://www.w3.org/1999/xhtml" xml:lang="en" lang="en">  <head>   <title>503 Service Not Available</title>  </head>  <body>   <h1>503 Service Not Available</h1>  </body> </html> [00;33m{{(pid=2043460) _check_rest_api_response /opt/stack/cinder/cinder/volume/drivers/hitachi/hbsd_rest_api.py:469}}[00m
2026-10-06 13:16:48.975 2043460 DEBUG cinder.volume.drivers.hitachi.hbsd_rest_api [req-07c073b4-7bb4-4de6-b0de-803968aa596a - - - - - -] ERROR <?xml version="1.0" encoding="iso-8859-1"?> <!DOCTYPE html PUBLIC "-//W3C//DTD XHTML 1.0 Transitional//EN"          "http://www.w3.org/TR/xhtml1/DTD/xhtml1-transitional.dtd"> <html xmlns="http://www.w3.org/1999/xhtml" xml:lang="en" lang="en">  <head>   <title>503 Service Not Available</title>  </head>  <body>   <h1>503 Service Not Available</h1>  </body> </html> [00;33m{{(pid=2043460) _check_rest_api_response /opt/stack/cinder/cinder/volume/drivers/hitachi/hbsd_rest_api.py:469}}[00m
2026-10-06 13:16:53.965 2043460 DEBUG cinder.volume.drivers.hitachi.hbsd_rest_api [req-07c073b4-7bb4-4de6-b0de-803968aa596a - - - - - -] ERROR <?xml version="1.0" encoding="iso-8859-1"?> <!DOCTYPE html PUBLIC "-//W3C//DTD XHTML 1.0 Transitional//EN"          "http://www.w3.org/TR/xhtml1/DTD/xhtml1-transitional.dtd"> <html xmlns="http://www.w3.org/1999/xhtml" xml:lang="en" lang="en">  <head>   <title>503 Service Not Available</title>  </head>  <body>   <h1>503 Service Not Available</h1>  </body> </html> [00;33m{{(pid=2043460) _check_rest_api_response /opt/stack/cinder/cinder/volume/drivers/hitachi/hbsd_rest_api.py:469}}[00m
2026-10-06 13:16:58.970 2043460 DEBUG cinder.volume.drivers.hitachi.hbsd_rest_api [req-07c073b4-7bb4-4de6-b0de-803968aa596a - - - - - -] ERROR <?xml version="1.0" encoding="iso-8859-1"?> <!DOCTYPE html PUBLIC "-//W3C//DTD XHTML 1.0 Transitional//EN"          "http://www.w3.org/TR/xhtml1/DTD/xhtml1-transitional.dtd"> <html xmlns="http://www.w3.org/1999/xhtml" xml:lang="en" lang="en">  <head>   <title>503 Service Not Available</title>  </head>  <body>   <h1>503 Service Not Available</h1>  </body> </html> [00;33m{{(pid=2043460) _check_rest_api_response /opt/stack/cinder/cinder/volume/drivers/hitachi/hbsd_rest_api.py:469}}[00m
2026-10-06 13:17:03.971 2043460 DEBUG cinder.volume.drivers.hitachi.hbsd_rest_api [req-07c073b4-7bb4-4de6-b0de-803968aa596a - - - - - -] ERROR <?xml version="1.0" encoding="iso-8859-1"?> <!DOCTYPE html PUBLIC "-//W3C//DTD XHTML 1.0 Transitional//EN"          "http://www.w3.org/TR/xhtml1/DTD/xhtml1-transitional.dtd"> <html xmlns="http://www.w3.org/1999/xhtml" xml:lang="en" lang="en">  <head>   <title>503 Service Not Available</title>  </head>  <body>   <h1>503 Service Not Available</h1>  </body> </html> [00;33m{{(pid=2043460) _check_rest_api_response /opt/stack/cinder/cinder/volume/drivers/hitachi/hbsd_rest_api.py:469}}[00m
2026-10-06 13:17:09.003 2043460 DEBUG cinder.volume.drivers.hitachi.hbsd_rest_api [req-07c073b4-7bb4-4de6-b0de-803968aa596a - - - - - -] ERROR <?xml version="1.0" encoding="iso-8859-1"?> <!DOCTYPE html PUBLIC "-//W3C//DTD XHTML 1.0 Transitional//EN"          "http://www.w3.org/TR/xhtml1/DTD/xhtml1-transitional.dtd"> <html xmlns="http://www.w3.org/1999/xhtml" xml:lang="en" lang="en">  <head>   <title>503 Service Not Available</title>  </head>  <body>   <h1>503 Service Not Available</h1>  </body> </html> [00;33m{{(pid=2043460) _check_rest_api_response /opt/stack/cinder/cinder/volume/drivers/hitachi/hbsd_rest_api.py:469}}[00m
2026-10-06 13:17:13.977 2043460 DEBUG cinder.volume.drivers.hitachi.hbsd_rest_api [req-07c073b4-7bb4-4de6-b0de-803968aa596a - - - - - -] ERROR <?xml version="1.0" encoding="iso-8859-1"?> <!DOCTYPE html PUBLIC "-//W3C//DTD XHTML 1.0 Transitional//EN"          "http://www.w3.org/TR/xhtml1/DTD/xhtml1-transitional.dtd"> <html xmlns="http://www.w3.org/1999/xhtml" xml:lang="en" lang="en">  <head>   <title>503 Service Not Available</title>  </head>  <body>   <h1>503 Service Not Available</h1>  </body> </html> [00;33m{{(pid=2043460) _check_rest_api_response /opt/stack/cinder/cinder/volume/drivers/hitachi/hbsd_rest_api.py:469}}[00m
2026-10-06 13:17:18.989 2043460 DEBUG cinder.volume.drivers.hitachi.hbsd_rest_api [req-07c073b4-7bb4-4de6-b0de-803968aa596a - - - - - -] ERROR <?xml version="1.0" encoding="iso-8859-1"?> <!DOCTYPE html PUBLIC "-//W3C//DTD XHTML 1.0 Transitional//EN"          "http://www.w3.org/TR/xhtml1/DTD/xhtml1-transitional.dtd"> <html xmlns="http://www.w3.org/1999/xhtml" xml:lang="en" lang="en">  <head>   <title>503 Service Not Available</title>  </head>  <body>   <h1>503 Service Not Available</h1>  </body> </html> [00;33m{{(pid=2043460) _check_rest_api_response /opt/stack/cinder/cinder/volume/drivers/hitachi/hbsd_rest_api.py:469}}[00m
2026-10-06 13:17:23.971 2043460 DEBUG cinder.volume.drivers.hitachi.hbsd_rest_api [req-07c073b4-7bb4-4de6-b0de-803968aa596a - - - - - -] ERROR <?xml version="1.0" encoding="iso-8859-1"?> <!DOCTYPE html PUBLIC "-//W3C//DTD XHTML 1.0 Transitional//EN"          "http://www.w3.org/TR/xhtml1/DTD/xhtml1-transitional.dtd"> <html xmlns="http://www.w3.org/1999/xhtml" xml:lang="en" lang="en">  <head>   <title>503 Service Not Available</title>  </head>  <body>   <h1>503 Service Not Available</h1>  </body> </html> [00;33m{{(pid=2043460) _check_rest_api_response /opt/stack/cinder/cinder/volume/drivers/hitachi/hbsd_rest_api.py:469}}[00m
2026-10-06 13:17:28.974 2043460 DEBUG cinder.volume.drivers.hitachi.hbsd_rest_api [req-07c073b4-7bb4-4de6-b0de-803968aa596a - - - - - -] ERROR <?xml version="1.0" encoding="iso-8859-1"?> <!DOCTYPE html PUBLIC "-//W3C//DTD XHTML 1.0 Transitional//EN"          "http://www.w3.org/TR/xhtml1/DTD/xhtml1-transitional.dtd"> <html xmlns="http://www.w3.org/1999/xhtml" xml:lang="en" lang="en">  <head>   <title>503 Service Not Available</title>  </head>  <body>   <h1>503 Service Not Available</h1>  </body> </html> [00;33m{{(pid=2043460) _check_rest_api_response /opt/stack/cinder/cinder/volume/drivers/hitachi/hbsd_rest_api.py:469}}[00m
2026-10-06 13:17:33.977 2043460 DEBUG cinder.volume.drivers.hitachi.hbsd_rest_api [req-07c073b4-7bb4-4de6-b0de-803968aa596a - - - - - -] ERROR <?xml version="1.0" encoding="iso-8859-1"?> <!DOCTYPE html PUBLIC "-//W3C//DTD XHTML 1.0 Transitional//EN"          "http://www.w3.org/TR/xhtml1/DTD/xhtml1-transitional.dtd"> <html xmlns="http://www.w3.org/1999/xhtml" xml:lang="en" lang="en">  <head>   <title>503 Service Not Available</title>  </head>  <body>   <h1>503 Service Not Available</h1>  </body> </html> [00;33m{{(pid=2043460) _check_rest_api_response /opt/stack/cinder/cinder/volume/drivers/hitachi/hbsd_rest_api.py:469}}[00m
2026-10-06 13:17:38.977 2043460 DEBUG cinder.volume.drivers.hitachi.hbsd_rest_api [req-07c073b4-7bb4-4de6-b0de-803968aa596a - - - - - -] ERROR <?xml version="1.0" encoding="iso-8859-1"?> <!DOCTYPE html PUBLIC "-//W3C//DTD XHTML 1.0 Transitional//EN"          "http://www.w3.org/TR/xhtml1/DTD/xhtml1-transitional.dtd"> <html xmlns="http://www.w3.org/1999/xhtml" xml:lang="en" lang="en">  <head>   <title>503 Service Not Available</title>  </head>  <body>   <h1>503 Service Not Available</h1>  </body> </html> [00;33m{{(pid=2043460) _check_rest_api_response /opt/stack/cinder/cinder/volume/drivers/hitachi/hbsd_rest_api.py:469}}[00m
2026-10-06 13:17:43.979 2043460 DEBUG cinder.volume.drivers.hitachi.hbsd_rest_api [req-07c073b4-7bb4-4de6-b0de-803968aa596a - - - - - -] ERROR <?xml version="1.0" encoding="iso-8859-1"?> <!DOCTYPE html PUBLIC "-//W3C//DTD XHTML 1.0 Transitional//EN"          "http://www.w3.org/TR/xhtml1/DTD/xhtml1-transitional.dtd"> <html xmlns="http://www.w3.org/1999/xhtml" xml:lang="en" lang="en">  <head>   <title>503 Service Not Available</title>  </head>  <body>   <h1>503 Service Not Available</h1>  </body> </html> [00;33m{{(pid=2043460) _check_rest_api_response /opt/stack/cinder/cinder/volume/drivers/hitachi/hbsd_rest_api.py:469}}[00m
2026-10-06 13:17:48.979 2043460 DEBUG cinder.volume.drivers.hitachi.hbsd_rest_api [req-07c073b4-7bb4-4de6-b0de-803968aa596a - - - - - -] ERROR <?xml version="1.0" encoding="iso-8859-1"?> <!DOCTYPE html PUBLIC "-//W3C//DTD XHTML 1.0 Transitional//EN"          "http://www.w3.org/TR/xhtml1/DTD/xhtml1-transitional.dtd"> <html xmlns="http://www.w3.org/1999/xhtml" xml:lang="en" lang="en">  <head>   <title>503 Service Not Available</title>  </head>  <body>   <h1>503 Service Not Available</h1>  </body> </html> [00;33m{{(pid=2043460) _check_rest_api_response /opt/stack/cinder/cinder/volume/drivers/hitachi/hbsd_rest_api.py:469}}[00m
2026-10-06 13:17:53.985 2043460 DEBUG cinder.volume.drivers.hitachi.hbsd_rest_api [req-07c073b4-7bb4-4de6-b0de-803968aa596a - - - - - -] ERROR <?xml version="1.0" encoding="iso-8859-1"?> <!DOCTYPE html PUBLIC "-//W3C//DTD XHTML 1.0 Transitional//EN"          "http://www.w3.org/TR/xhtml1/DTD/xhtml1-transitional.dtd"> <html xmlns="http://www.w3.org/1999/xhtml" xml:lang="en" lang="en">  <head>   <title>503 Service Not Available</title>  </head>  <body>   <h1>503 Service Not Available</h1>  </body> </html> [00;33m{{(pid=2043460) _check_rest_api_response /opt/stack/cinder/cinder/volume/drivers/hitachi/hbsd_rest_api.py:469}}[00m
2026-10-06 13:17:58.994 2043460 DEBUG cinder.volume.drivers.hitachi.hbsd_rest_api [req-07c073b4-7bb4-4de6-b0de-803968aa596a - - - - - -] ERROR <?xml version="1.0" encoding="iso-8859-1"?> <!DOCTYPE html PUBLIC "-//W3C//DTD XHTML 1.0 Transitional//EN"          "http://www.w3.org/TR/xhtml1/DTD/xhtml1-transitional.dtd"> <html xmlns="http://www.w3.org/1999/xhtml" xml:lang="en" lang="en">  <head>   <title>503 Service Not Available</title>  </head>  <body>   <h1>503 Service Not Available</h1>  </body> </html> [00;33m{{(pid=2043460) _check_rest_api_response /opt/stack/cinder/cinder/volume/drivers/hitachi/hbsd_rest_api.py:469}}[00m
2026-10-06 13:18:03.984 2043460 DEBUG cinder.volume.drivers.hitachi.hbsd_rest_api [req-07c073b4-7bb4-4de6-b0de-803968aa596a - - - - - -] ERROR <?xml version="1.0" encoding="iso-8859-1"?> <!DOCTYPE html PUBLIC "-//W3C//DTD XHTML 1.0 Transitional//EN"          "http://www.w3.org/TR/xhtml1/DTD/xhtml1-transitional.dtd"> <html xmlns="http://www.w3.org/1999/xhtml" xml:lang="en" lang="en">  <head>   <title>503 Service Not Available</title>  </head>  <body>   <h1>503 Service Not Available</h1>  </body> </html> [00;33m{{(pid=2043460) _check_rest_api_response /opt/stack/cinder/cinder/volume/drivers/hitachi/hbsd_rest_api.py:469}}[00m
2026-10-06 13:18:09.038 2043460 DEBUG cinder.volume.drivers.hitachi.hbsd_rest_api [req-07c073b4-7bb4-4de6-b0de-803968aa596a - - - - - -] ERROR <?xml version="1.0" encoding="iso-8859-1"?> <!DOCTYPE html PUBLIC "-//W3C//DTD XHTML 1.0 Transitional//EN"          "http://www.w3.org/TR/xhtml1/DTD/xhtml1-transitional.dtd"> <html xmlns="http://www.w3.org/1999/xhtml" xml:lang="en" lang="en">  <head>   <title>503 Service Not Available</title>  </head>  <body>   <h1>503 Service Not Available</h1>  </body> </html> [00;33m{{(pid=2043460) _check_rest_api_response /opt/stack/cinder/cinder/volume/drivers/hitachi/hbsd_rest_api.py:469}}[00m
2026-10-06 13:18:13.987 2043460 DEBUG cinder.volume.drivers.hitachi.hbsd_rest_api [req-07c073b4-7bb4-4de6-b0de-803968aa596a - - - - - -] ERROR <?xml version="1.0" encoding="iso-8859-1"?> <!DOCTYPE html PUBLIC "-//W3C//DTD XHTML 1.0 Transitional//EN"          "http://www.w3.org/TR/xhtml1/DTD/xhtml1-transitional.dtd"> <html xmlns="http://www.w3.org/1999/xhtml" xml:lang="en" lang="en">  <head>   <title>503 Service Not Available</title>  </head>  <body>   <h1>503 Service Not Available</h1>  </body> </html> [00;33m{{(pid=2043460) _check_rest_api_response /opt/stack/cinder/cinder/volume/drivers/hitachi/hbsd_rest_api.py:469}}[00m
2026-10-06 13:18:18.987 2043460 DEBUG cinder.volume.drivers.hitachi.hbsd_rest_api [req-07c073b4-7bb4-4de6-b0de-803968aa596a - - - - - -] ERROR <?xml version="1.0" encoding="iso-8859-1"?> <!DOCTYPE html PUBLIC "-//W3C//DTD XHTML 1.0 Transitional//EN"          "http://www.w3.org/TR/xhtml1/DTD/xhtml1-transitional.dtd"> <html xmlns="http://www.w3.org/1999/xhtml" xml:lang="en" lang="en">  <head>   <title>503 Service Not Available</title>  </head>  <body>   <h1>503 Service Not Available</h1>  </body> </html> [00;33m{{(pid=2043460) _check_rest_api_response /opt/stack/cinder/cinder/volume/drivers/hitachi/hbsd_rest_api.py:469}}[00m
2026-10-06 13:18:24.079 2043460 DEBUG cinder.volume.drivers.hitachi.hbsd_rest_api [req-07c073b4-7bb4-4de6-b0de-803968aa596a - - - - - -] ERROR <?xml version="1.0" encoding="iso-8859-1"?> <!DOCTYPE html PUBLIC "-//W3C//DTD XHTML 1.0 Transitional//EN"          "http://www.w3.org/TR/xhtml1/DTD/xhtml1-transitional.dtd"> <html xmlns="http://www.w3.org/1999/xhtml" xml:lang="en" lang="en">  <head>   <title>503 Service Not Available</title>  </head>  <body>   <h1>503 Service Not Available</h1>  </body> </html> [00;33m{{(pid=2043460) _check_rest_api_response /opt/stack/cinder/cinder/volume/drivers/hitachi/hbsd_rest_api.py:469}}[00m
2026-10-06 13:18:28.990 2043460 DEBUG cinder.volume.drivers.hitachi.hbsd_rest_api [req-07c073b4-7bb4-4de6-b0de-803968aa596a - - - - - -] ERROR <?xml version="1.0" encoding="iso-8859-1"?> <!DOCTYPE html PUBLIC "-//W3C//DTD XHTML 1.0 Transitional//EN"          "http://www.w3.org/TR/xhtml1/DTD/xhtml1-transitional.dtd"> <html xmlns="http://www.w3.org/1999/xhtml" xml:lang="en" lang="en">  <head>   <title>503 Service Not Available</title>  </head>  <body>   <h1>503 Service Not Available</h1>  </body> </html> [00;33m{{(pid=2043460) _check_rest_api_response /opt/stack/cinder/cinder/volume/drivers/hitachi/hbsd_rest_api.py:469}}[00m
2026-10-06 13:18:33.994 2043460 DEBUG cinder.volume.drivers.hitachi.hbsd_rest_api [req-07c073b4-7bb4-4de6-b0de-803968aa596a - - - - - -] ERROR <?xml version="1.0" encoding="iso-8859-1"?> <!DOCTYPE html PUBLIC "-//W3C//DTD XHTML 1.0 Transitional//EN"          "http://www.w3.org/TR/xhtml1/DTD/xhtml1-transitional.dtd"> <html xmlns="http://www.w3.org/1999/xhtml" xml:lang="en" lang="en">  <head>   <title>503 Service Not Available</title>  </head>  <body>   <h1>503 Service Not Available</h1>  </body> </html> [00;33m{{(pid=2043460) _check_rest_api_response /opt/stack/cinder/cinder/volume/drivers/hitachi/hbsd_rest_api.py:469}}[00m
2026-10-06 13:18:38.993 2043460 DEBUG cinder.volume.drivers.hitachi.hbsd_rest_api [req-07c073b4-7bb4-4de6-b0de-803968aa596a - - - - - -] ERROR <?xml version="1.0" encoding="iso-8859-1"?> <!DOCTYPE html PUBLIC "-//W3C//DTD XHTML 1.0 Transitional//EN"          "http://www.w3.org/TR/xhtml1/DTD/xhtml1-transitional.dtd"> <html xmlns="http://www.w3.org/1999/xhtml" xml:lang="en" lang="en">  <head>   <title>503 Service Not Available</title>  </head>  <body>   <h1>503 Service Not Available</h1>  </body> </html> [00;33m{{(pid=2043460) _check_rest_api_response /opt/stack/cinder/cinder/volume/drivers/hitachi/hbsd_rest_api.py:469}}[00m
2026-10-06 13:18:44.004 2043460 DEBUG cinder.volume.drivers.hitachi.hbsd_rest_api [req-07c073b4-7bb4-4de6-b0de-803968aa596a - - - - - -] ERROR <?xml version="1.0" encoding="iso-8859-1"?> <!DOCTYPE html PUBLIC "-//W3C//DTD XHTML 1.0 Transitional//EN"          "http://www.w3.org/TR/xhtml1/DTD/xhtml1-transitional.dtd"> <html xmlns="http://www.w3.org/1999/xhtml" xml:lang="en" lang="en">  <head>   <title>503 Service Not Available</title>  </head>  <body>   <h1>503 Service Not Available</h1>  </body> </html> [00;33m{{(pid=2043460) _check_rest_api_response /opt/stack/cinder/cinder/volume/drivers/hitachi/hbsd_rest_api.py:469}}[00m
2026-10-06 13:18:49.007 2043460 DEBUG cinder.volume.drivers.hitachi.hbsd_rest_api [req-07c073b4-7bb4-4de6-b0de-803968aa596a - - - - - -] ERROR <?xml version="1.0" encoding="iso-8859-1"?> <!DOCTYPE html PUBLIC "-//W3C//DTD XHTML 1.0 Transitional//EN"          "http://www.w3.org/TR/xhtml1/DTD/xhtml1-transitional.dtd"> <html xmlns="http://www.w3.org/1999/xhtml" xml:lang="en" lang="en">  <head>   <title>503 Service Not Available</title>  </head>  <body>   <h1>503 Service Not Available</h1>  </body> </html> [00;33m{{(pid=2043460) _check_rest_api_response /opt/stack/cinder/cinder/volume/drivers/hitachi/hbsd_rest_api.py:469}}[00m
2026-10-06 13:18:53.998 2043460 DEBUG cinder.volume.drivers.hitachi.hbsd_rest_api [req-07c073b4-7bb4-4de6-b0de-803968aa596a - - - - - -] ERROR <?xml version="1.0" encoding="iso-8859-1"?> <!DOCTYPE html PUBLIC "-//W3C//DTD XHTML 1.0 Transitional//EN"          "http://www.w3.org/TR/xhtml1/DTD/xhtml1-transitional.dtd"> <html xmlns="http://www.w3.org/1999/xhtml" xml:lang="en" lang="en">  <head>   <title>503 Service Not Available</title>  </head>  <body>   <h1>503 Service Not Available</h1>  </body> </html> [00;33m{{(pid=2043460) _check_rest_api_response /opt/stack/cinder/cinder/volume/drivers/hitachi/hbsd_rest_api.py:469}}[00m
2026-10-06 13:18:58.999 2043460 DEBUG cinder.volume.drivers.hitachi.hbsd_rest_api [req-07c073b4-7bb4-4de6-b0de-803968aa596a - - - - - -] ERROR <?xml version="1.0" encoding="iso-8859-1"?> <!DOCTYPE html PUBLIC "-//W3C//DTD XHTML 1.0 Transitional//EN"          "http://www.w3.org/TR/xhtml1/DTD/xhtml1-transitional.dtd"> <html xmlns="http://www.w3.org/1999/xhtml" xml:lang="en" lang="en">  <head>   <title>503 Service Not Available</title>  </head>  <body>   <h1>503 Service Not Available</h1>  </body> </html> [00;33m{{(pid=2043460) _check_rest_api_response /opt/stack/cinder/cinder/volume/drivers/hitachi/hbsd_rest_api.py:469}}[00m
2026-10-06 13:19:04.000 2043460 DEBUG cinder.volume.drivers.hitachi.hbsd_rest_api [req-07c073b4-7bb4-4de6-b0de-803968aa596a - - - - - -] ERROR <?xml version="1.0" encoding="iso-8859-1"?> <!DOCTYPE html PUBLIC "-//W3C//DTD XHTML 1.0 Transitional//EN"          "http://www.w3.org/TR/xhtml1/DTD/xhtml1-transitional.dtd"> <html xmlns="http://www.w3.org/1999/xhtml" xml:lang="en" lang="en">  <head>   <title>503 Service Not Available</title>  </head>  <body>   <h1>503 Service Not Available</h1>  </body> </html> [00;33m{{(pid=2043460) _check_rest_api_response /opt/stack/cinder/cinder/volume/drivers/hitachi/hbsd_rest_api.py:469}}[00m
2026-10-06 13:19:09.000 2043460 DEBUG cinder.volume.drivers.hitachi.hbsd_rest_api [req-07c073b4-7bb4-4de6-b0de-803968aa596a - - - - - -] ERROR <?xml version="1.0" encoding="iso-8859-1"?> <!DOCTYPE html PUBLIC "-//W3C//DTD XHTML 1.0 Transitional//EN"          "http://www.w3.org/TR/xhtml1/DTD/xhtml1-transitional.dtd"> <html xmlns="http://www.w3.org/1999/xhtml" xml:lang="en" lang="en">  <head>   <title>503 Service Not Available</title>  </head>  <body>   <h1>503 Service Not Available</h1>  </body> </html> [00;33m{{(pid=2043460) _check_rest_api_response /opt/stack/cinder/cinder/volume/drivers/hitachi/hbsd_rest_api.py:469}}[00m
2026-10-06 13:19:14.009 2043460 DEBUG cinder.volume.drivers.hitachi.hbsd_rest_api [req-07c073b4-7bb4-4de6-b0de-803968aa596a - - - - - -] ERROR <?xml version="1.0" encoding="iso-8859-1"?> <!DOCTYPE html PUBLIC "-//W3C//DTD XHTML 1.0 Transitional//EN"          "http://www.w3.org/TR/xhtml1/DTD/xhtml1-transitional.dtd"> <html xmlns="http://www.w3.org/1999/xhtml" xml:lang="en" lang="en">  <head>   <title>503 Service Not Available</title>  </head>  <body>   <h1>503 Service Not Available</h1>  </body> </html> [00;33m{{(pid=2043460) _check_rest_api_response /opt/stack/cinder/cinder/volume/drivers/hitachi/hbsd_rest_api.py:469}}[00m
2026-10-06 13:19:19.011 2043460 DEBUG cinder.volume.drivers.hitachi.hbsd_rest_api [req-07c073b4-7bb4-4de6-b0de-803968aa596a - - - - - -] ERROR <?xml version="1.0" encoding="iso-8859-1"?> <!DOCTYPE html PUBLIC "-//W3C//DTD XHTML 1.0 Transitional//EN"          "http://www.w3.org/TR/xhtml1/DTD/xhtml1-transitional.dtd"> <html xmlns="http://www.w3.org/1999/xhtml" xml:lang="en" lang="en">  <head>   <title>503 Service Not Available</title>  </head>  <body>   <h1>503 Service Not Available</h1>  </body> </html> [00;33m{{(pid=2043460) _check_rest_api_response /opt/stack/cinder/cinder/volume/drivers/hitachi/hbsd_rest_api.py:469}}[00m
2026-10-06 13:19:24.005 2043460 DEBUG cinder.volume.drivers.hitachi.hbsd_rest_api [req-07c073b4-7bb4-4de6-b0de-803968aa596a - - - - - -] ERROR <?xml version="1.0" encoding="iso-8859-1"?> <!DOCTYPE html PUBLIC "-//W3C//DTD XHTML 1.0 Transitional//EN"          "http://www.w3.org/TR/xhtml1/DTD/xhtml1-transitional.dtd"> <html xmlns="http://www.w3.org/1999/xhtml" xml:lang="en" lang="en">  <head>   <title>503 Service Not Available</title>  </head>  <body>   <h1>503 Service Not Available</h1>  </body> </html> [00;33m{{(pid=2043460) _check_rest_api_response /opt/stack/cinder/cinder/volume/drivers/hitachi/hbsd_rest_api.py:469}}[00m
2026-10-06 13:19:29.016 2043460 DEBUG cinder.volume.drivers.hitachi.hbsd_rest_api [req-07c073b4-7bb4-4de6-b0de-803968aa596a - - - - - -] ERROR <?xml version="1.0" encoding="iso-8859-1"?> <!DOCTYPE html PUBLIC "-//W3C//DTD XHTML 1.0 Transitional//EN"          "http://www.w3.org/TR/xhtml1/DTD/xhtml1-transitional.dtd"> <html xmlns="http://www.w3.org/1999/xhtml" xml:lang="en" lang="en">  <head>   <title>503 Service Not Available</title>  </head>  <body>   <h1>503 Service Not Available</h1>  </body> </html> [00;33m{{(pid=2043460) _check_rest_api_response /opt/stack/cinder/cinder/volume/drivers/hitachi/hbsd_rest_api.py:469}}[00m
2026-10-06 13:19:34.012 2043460 DEBUG cinder.volume.drivers.hitachi.hbsd_rest_api [req-07c073b4-7bb4-4de6-b0de-803968aa596a - - - - - -] ERROR <?xml version="1.0" encoding="iso-8859-1"?> <!DOCTYPE html PUBLIC "-//W3C//DTD XHTML 1.0 Transitional//EN"          "http://www.w3.org/TR/xhtml1/DTD/xhtml1-transitional.dtd"> <html xmlns="http://www.w3.org/1999/xhtml" xml:lang="en" lang="en">  <head>   <title>503 Service Not Available</title>  </head>  <body>   <h1>503 Service Not Available</h1>  </body> </html> [00;33m{{(pid=2043460) _check_rest_api_response /opt/stack/cinder/cinder/volume/drivers/hitachi/hbsd_rest_api.py:469}}[00m
2026-10-06 13:19:39.013 2043460 DEBUG cinder.volume.drivers.hitachi.hbsd_rest_api [req-07c073b4-7bb4-4de6-b0de-803968aa596a - - - - - -] ERROR <?xml version="1.0" encoding="iso-8859-1"?> <!DOCTYPE html PUBLIC "-//W3C//DTD XHTML 1.0 Transitional//EN"          "http://www.w3.org/TR/xhtml1/DTD/xhtml1-transitional.dtd"> <html xmlns="http://www.w3.org/1999/xhtml" xml:lang="en" lang="en">  <head>   <title>503 Service Not Available</title>  </head>  <body>   <h1>503 Service Not Available</h1>  </body> </html> [00;33m{{(pid=2043460) _check_rest_api_response /opt/stack/cinder/cinder/volume/drivers/hitachi/hbsd_rest_api.py:469}}[00m
2026-10-06 13:19:44.008 2043460 DEBUG cinder.volume.drivers.hitachi.hbsd_rest_api [req-07c073b4-7bb4-4de6-b0de-803968aa596a - - - - - -] ERROR <?xml version="1.0" encoding="iso-8859-1"?> <!DOCTYPE html PUBLIC "-//W3C//DTD XHTML 1.0 Transitional//EN"          "http://www.w3.org/TR/xhtml1/DTD/xhtml1-transitional.dtd"> <html xmlns="http://www.w3.org/1999/xhtml" xml:lang="en" lang="en">  <head>   <title>503 Service Not Available</title>  </head>  <body>   <h1>503 Service Not Available</h1>  </body> </html> [00;33m{{(pid=2043460) _check_rest_api_response /opt/stack/cinder/cinder/volume/drivers/hitachi/hbsd_rest_api.py:469}}[00m
2026-10-06 13:19:49.016 2043460 DEBUG cinder.volume.drivers.hitachi.hbsd_rest_api [req-07c073b4-7bb4-4de6-b0de-803968aa596a - - - - - -] ERROR <?xml version="1.0" encoding="iso-8859-1"?> <!DOCTYPE html PUBLIC "-//W3C//DTD XHTML 1.0 Transitional//EN"          "http://www.w3.org/TR/xhtml1/DTD/xhtml1-transitional.dtd"> <html xmlns="http://www.w3.org/1999/xhtml" xml:lang="en" lang="en">  <head>   <title>503 Service Not Available</title>  </head>  <body>   <h1>503 Service Not Available</h1>  </body> </html> [00;33m{{(pid=2043460) _check_rest_api_response /opt/stack/cinder/cinder/volume/drivers/hitachi/hbsd_rest_api.py:469}}[00m
2026-10-06 13:19:54.014 2043460 DEBUG cinder.volume.drivers.hitachi.hbsd_rest_api [req-07c073b4-7bb4-4de6-b0de-803968aa596a - - - - - -] ERROR <?xml version="1.0" encoding="iso-8859-1"?> <!DOCTYPE html PUBLIC "-//W3C//DTD XHTML 1.0 Transitional//EN"          "http://www.w3.org/TR/xhtml1/DTD/xhtml1-transitional.dtd"> <html xmlns="http://www.w3.org/1999/xhtml" xml:lang="en" lang="en">  <head>   <title>503 Service Not Available</title>  </head>  <body>   <h1>503 Service Not Available</h1>  </body> </html> [00;33m{{(pid=2043460) _check_rest_api_response /opt/stack/cinder/cinder/volume/drivers/hitachi/hbsd_rest_api.py:469}}[00m
2026-10-06 13:19:59.014 2043460 DEBUG cinder.volume.drivers.hitachi.hbsd_rest_api [req-07c073b4-7bb4-4de6-b0de-803968aa596a - - - - - -] ERROR <?xml version="1.0" encoding="iso-8859-1"?> <!DOCTYPE html PUBLIC "-//W3C//DTD XHTML 1.0 Transitional//EN"          "http://www.w3.org/TR/xhtml1/DTD/xhtml1-transitional.dtd"> <html xmlns="http://www.w3.org/1999/xhtml" xml:lang="en" lang="en">  <head>   <title>503 Service Not Available</title>  </head>  <body>   <h1>503 Service Not Available</h1>  </body> </html> [00;33m{{(pid=2043460) _check_rest_api_response /opt/stack/cinder/cinder/volume/drivers/hitachi/hbsd_rest_api.py:469}}[00m
2026-10-06 13:20:04.014 2043460 DEBUG cinder.volume.drivers.hitachi.hbsd_rest_api [req-07c073b4-7bb4-4de6-b0de-803968aa596a - - - - - -] ERROR <?xml version="1.0" encoding="iso-8859-1"?> <!DOCTYPE html PUBLIC "-//W3C//DTD XHTML 1.0 Transitional//EN"          "http://www.w3.org/TR/xhtml1/DTD/xhtml1-transitional.dtd"> <html xmlns="http://www.w3.org/1999/xhtml" xml:lang="en" lang="en">  <head>   <title>503 Service Not Available</title>  </head>  <body>   <h1>503 Service Not Available</h1>  </body> </html> [00;33m{{(pid=2043460) _check_rest_api_response /opt/stack/cinder/cinder/volume/drivers/hitachi/hbsd_rest_api.py:469}}[00m
2026-10-06 13:20:09.044 2043460 DEBUG cinder.volume.drivers.hitachi.hbsd_rest_api [req-07c073b4-7bb4-4de6-b0de-803968aa596a - - - - - -] ERROR <?xml version="1.0" encoding="iso-8859-1"?> <!DOCTYPE html PUBLIC "-//W3C//DTD XHTML 1.0 Transitional//EN"          "http://www.w3.org/TR/xhtml1/DTD/xhtml1-transitional.dtd"> <html xmlns="http://www.w3.org/1999/xhtml" xml:lang="en" lang="en">  <head>   <title>503 Service Not Available</title>  </head>  <body>   <h1>503 Service Not Available</h1>  </body> </html> [00;33m{{(pid=2043460) _check_rest_api_response /opt/stack/cinder/cinder/volume/drivers/hitachi/hbsd_rest_api.py:469}}[00m
2026-10-06 13:20:14.019 2043460 DEBUG cinder.volume.drivers.hitachi.hbsd_rest_api [req-07c073b4-7bb4-4de6-b0de-803968aa596a - - - - - -] ERROR <?xml version="1.0" encoding="iso-8859-1"?> <!DOCTYPE html PUBLIC "-//W3C//DTD XHTML 1.0 Transitional//EN"          "http://www.w3.org/TR/xhtml1/DTD/xhtml1-transitional.dtd"> <html xmlns="http://www.w3.org/1999/xhtml" xml:lang="en" lang="en">  <head>   <title>503 Service Not Available</title>  </head>  <body>   <h1>503 Service Not Available</h1>  </body> </html> [00;33m{{(pid=2043460) _check_rest_api_response /opt/stack/cinder/cinder/volume/drivers/hitachi/hbsd_rest_api.py:469}}[00m
2026-10-06 13:20:19.034 2043460 DEBUG cinder.volume.drivers.hitachi.hbsd_rest_api [req-07c073b4-7bb4-4de6-b0de-803968aa596a - - - - - -] ERROR <?xml version="1.0" encoding="iso-8859-1"?> <!DOCTYPE html PUBLIC "-//W3C//DTD XHTML 1.0 Transitional//EN"          "http://www.w3.org/TR/xhtml1/DTD/xhtml1-transitional.dtd"> <html xmlns="http://www.w3.org/1999/xhtml" xml:lang="en" lang="en">  <head>   <title>503 Service Not Available</title>  </head>  <body>   <h1>503 Service Not Available</h1>  </body> </html> [00;33m{{(pid=2043460) _check_rest_api_response /opt/stack/cinder/cinder/volume/drivers/hitachi/hbsd_rest_api.py:469}}[00m
2026-10-06 13:20:24.021 2043460 DEBUG cinder.volume.drivers.hitachi.hbsd_rest_api [req-07c073b4-7bb4-4de6-b0de-803968aa596a - - - - - -] ERROR <?xml version="1.0" encoding="iso-8859-1"?> <!DOCTYPE html PUBLIC "-//W3C//DTD XHTML 1.0 Transitional//EN"          "http://www.w3.org/TR/xhtml1/DTD/xhtml1-transitional.dtd"> <html xmlns="http://www.w3.org/1999/xhtml" xml:lang="en" lang="en">  <head>   <title>503 Service Not Available</title>  </head>  <body>   <h1>503 Service Not Available</h1>  </body> </html> [00;33m{{(pid=2043460) _check_rest_api_response /opt/stack/cinder/cinder/volume/drivers/hitachi/hbsd_rest_api.py:469}}[00m
2026-10-06 13:20:29.024 2043460 DEBUG cinder.volume.drivers.hitachi.hbsd_rest_api [req-07c073b4-7bb4-4de6-b0de-803968aa596a - - - - - -] ERROR <?xml version="1.0" encoding="iso-8859-1"?> <!DOCTYPE html PUBLIC "-//W3C//DTD XHTML 1.0 Transitional//EN"          "http://www.w3.org/TR/xhtml1/DTD/xhtml1-transitional.dtd"> <html xmlns="http://www.w3.org/1999/xhtml" xml:lang="en" lang="en">  <head>   <title>503 Service Not Available</title>  </head>  <body>   <h1>503 Service Not Available</h1>  </body> </html> [00;33m{{(pid=2043460) _check_rest_api_response /opt/stack/cinder/cinder/volume/drivers/hitachi/hbsd_rest_api.py:469}}[00m
2026-10-06 13:20:34.024 2043460 DEBUG cinder.volume.drivers.hitachi.hbsd_rest_api [req-07c073b4-7bb4-4de6-b0de-803968aa596a - - - - - -] ERROR <?xml version="1.0" encoding="iso-8859-1"?> <!DOCTYPE html PUBLIC "-//W3C//DTD XHTML 1.0 Transitional//EN"          "http://www.w3.org/TR/xhtml1/DTD/xhtml1-transitional.dtd"> <html xmlns="http://www.w3.org/1999/xhtml" xml:lang="en" lang="en">  <head>   <title>503 Service Not Available</title>  </head>  <body>   <h1>503 Service Not Available</h1>  </body> </html> [00;33m{{(pid=2043460) _check_rest_api_response /opt/stack/cinder/cinder/volume/drivers/hitachi/hbsd_rest_api.py:469}}[00m
2026-10-06 13:20:39.034 2043460 DEBUG cinder.volume.drivers.hitachi.hbsd_rest_api [req-07c073b4-7bb4-4de6-b0de-803968aa596a - - - - - -] ERROR <?xml version="1.0" encoding="iso-8859-1"?> <!DOCTYPE html PUBLIC "-//W3C//DTD XHTML 1.0 Transitional//EN"          "http://www.w3.org/TR/xhtml1/DTD/xhtml1-transitional.dtd"> <html xmlns="http://www.w3.org/1999/xhtml" xml:lang="en" lang="en">  <head>   <title>503 Service Not Available</title>  </head>  <body>   <h1>503 Service Not Available</h1>  </body> </html> [00;33m{{(pid=2043460) _check_rest_api_response /opt/stack/cinder/cinder/volume/drivers/hitachi/hbsd_rest_api.py:469}}[00m
2026-10-06 13:20:44.030 2043460 DEBUG cinder.volume.drivers.hitachi.hbsd_rest_api [req-07c073b4-7bb4-4de6-b0de-803968aa596a - - - - - -] ERROR <?xml version="1.0" encoding="iso-8859-1"?> <!DOCTYPE html PUBLIC "-//W3C//DTD XHTML 1.0 Transitional//EN"          "http://www.w3.org/TR/xhtml1/DTD/xhtml1-transitional.dtd"> <html xmlns="http://www.w3.org/1999/xhtml" xml:lang="en" lang="en">  <head>   <title>503 Service Not Available</title>  </head>  <body>   <h1>503 Service Not Available</h1>  </body> </html> [00;33m{{(pid=2043460) _check_rest_api_response /opt/stack/cinder/cinder/volume/drivers/hitachi/hbsd_rest_api.py:469}}[00m
2026-10-06 13:20:49.052 2043460 DEBUG cinder.volume.drivers.hitachi.hbsd_rest_api [req-07c073b4-7bb4-4de6-b0de-803968aa596a - - - - - -] ERROR <?xml version="1.0" encoding="iso-8859-1"?> <!DOCTYPE html PUBLIC "-//W3C//DTD XHTML 1.0 Transitional//EN"          "http://www.w3.org/TR/xhtml1/DTD/xhtml1-transitional.dtd"> <html xmlns="http://www.w3.org/1999/xhtml" xml:lang="en" lang="en">  <head>   <title>503 Service Not Available</title>  </head>  <body>   <h1>503 Service Not Available</h1>  </body> </html> [00;33m{{(pid=2043460) _check_rest_api_response /opt/stack/cinder/cinder/volume/drivers/hitachi/hbsd_rest_api.py:469}}[00m
2026-10-06 13:20:54.049 2043460 DEBUG cinder.volume.drivers.hitachi.hbsd_rest_api [req-07c073b4-7bb4-4de6-b0de-803968aa596a - - - - - -] ERROR <?xml version="1.0" encoding="iso-8859-1"?> <!DOCTYPE html PUBLIC "-//W3C//DTD XHTML 1.0 Transitional//EN"          "http://www.w3.org/TR/xhtml1/DTD/xhtml1-transitional.dtd"> <html xmlns="http://www.w3.org/1999/xhtml" xml:lang="en" lang="en">  <head>   <title>503 Service Not Available</title>  </head>  <body>   <h1>503 Service Not Available</h1>  </body> </html> [00;33m{{(pid=2043460) _check_rest_api_response /opt/stack/cinder/cinder/volume/drivers/hitachi/hbsd_rest_api.py:469}}[00m
2026-10-06 13:20:59.029 2043460 DEBUG cinder.volume.drivers.hitachi.hbsd_rest_api [req-07c073b4-7bb4-4de6-b0de-803968aa596a - - - - - -] ERROR <?xml version="1.0" encoding="iso-8859-1"?> <!DOCTYPE html PUBLIC "-//W3C//DTD XHTML 1.0 Transitional//EN"          "http://www.w3.org/TR/xhtml1/DTD/xhtml1-transitional.dtd"> <html xmlns="http://www.w3.org/1999/xhtml" xml:lang="en" lang="en">  <head>   <title>503 Service Not Available</title>  </head>  <body>   <h1>503 Service Not Available</h1>  </body> </html> [00;33m{{(pid=2043460) _check_rest_api_response /opt/stack/cinder/cinder/volume/drivers/hitachi/hbsd_rest_api.py:469}}[00m
2026-10-06 13:21:04.032 2043460 DEBUG cinder.volume.drivers.hitachi.hbsd_rest_api [req-07c073b4-7bb4-4de6-b0de-803968aa596a - - - - - -] ERROR <?xml version="1.0" encoding="iso-8859-1"?> <!DOCTYPE html PUBLIC "-//W3C//DTD XHTML 1.0 Transitional//EN"          "http://www.w3.org/TR/xhtml1/DTD/xhtml1-transitional.dtd"> <html xmlns="http://www.w3.org/1999/xhtml" xml:lang="en" lang="en">  <head>   <title>503 Service Not Available</title>  </head>  <body>   <h1>503 Service Not Available</h1>  </body> </html> [00;33m{{(pid=2043460) _check_rest_api_response /opt/stack/cinder/cinder/volume/drivers/hitachi/hbsd_rest_api.py:469}}[00m
2026-10-06 13:21:09.050 2043460 DEBUG cinder.volume.drivers.hitachi.hbsd_rest_api [req-07c073b4-7bb4-4de6-b0de-803968aa596a - - - - - -] ERROR <?xml version="1.0" encoding="iso-8859-1"?> <!DOCTYPE html PUBLIC "-//W3C//DTD XHTML 1.0 Transitional//EN"          "http://www.w3.org/TR/xhtml1/DTD/xhtml1-transitional.dtd"> <html xmlns="http://www.w3.org/1999/xhtml" xml:lang="en" lang="en">  <head>   <title>503 Service Not Available</title>  </head>  <body>   <h1>503 Service Not Available</h1>  </body> </html> [00;33m{{(pid=2043460) _check_rest_api_response /opt/stack/cinder/cinder/volume/drivers/hitachi/hbsd_rest_api.py:469}}[00m
2026-10-06 13:21:14.032 2043460 DEBUG cinder.volume.drivers.hitachi.hbsd_rest_api [req-07c073b4-7bb4-4de6-b0de-803968aa596a - - - - - -] ERROR <?xml version="1.0" encoding="iso-8859-1"?> <!DOCTYPE html PUBLIC "-//W3C//DTD XHTML 1.0 Transitional//EN"          "http://www.w3.org/TR/xhtml1/DTD/xhtml1-transitional.dtd"> <html xmlns="http://www.w3.org/1999/xhtml" xml:lang="en" lang="en">  <head>   <title>503 Service Not Available</title>  </head>  <body>   <h1>503 Service Not Available</h1>  </body> </html> [00;33m{{(pid=2043460) _check_rest_api_response /opt/stack/cinder/cinder/volume/drivers/hitachi/hbsd_rest_api.py:469}}[00m
2026-10-06 13:21:19.041 2043460 DEBUG cinder.volume.drivers.hitachi.hbsd_rest_api [req-07c073b4-7bb4-4de6-b0de-803968aa596a - - - - - -] ERROR <?xml version="1.0" encoding="iso-8859-1"?> <!DOCTYPE html PUBLIC "-//W3C//DTD XHTML 1.0 Transitional//EN"          "http://www.w3.org/TR/xhtml1/DTD/xhtml1-transitional.dtd"> <html xmlns="http://www.w3.org/1999/xhtml" xml:lang="en" lang="en">  <head>   <title>503 Service Not Available</title>  </head>  <body>   <h1>503 Service Not Available</h1>  </body> </html> [00;33m{{(pid=2043460) _check_rest_api_response /opt/stack/cinder/cinder/volume/drivers/hitachi/hbsd_rest_api.py:469}}[00m
2026-10-06 13:21:24.035 2043460 DEBUG cinder.volume.drivers.hitachi.hbsd_rest_api [req-07c073b4-7bb4-4de6-b0de-803968aa596a - - - - - -] ERROR <?xml version="1.0" encoding="iso-8859-1"?> <!DOCTYPE html PUBLIC "-//W3C//DTD XHTML 1.0 Transitional//EN"          "http://www.w3.org/TR/xhtml1/DTD/xhtml1-transitional.dtd"> <html xmlns="http://www.w3.org/1999/xhtml" xml:lang="en" lang="en">  <head>   <title>503 Service Not Available</title>  </head>  <body>   <h1>503 Service Not Available</h1>  </body> </html> [00;33m{{(pid=2043460) _check_rest_api_response /opt/stack/cinder/cinder/volume/drivers/hitachi/hbsd_rest_api.py:469}}[00m
2026-10-06 13:21:29.035 2043460 DEBUG cinder.volume.drivers.hitachi.hbsd_rest_api [req-07c073b4-7bb4-4de6-b0de-803968aa596a - - - - - -] ERROR <?xml version="1.0" encoding="iso-8859-1"?> <!DOCTYPE html PUBLIC "-//W3C//DTD XHTML 1.0 Transitional//EN"          "http://www.w3.org/TR/xhtml1/DTD/xhtml1-transitional.dtd"> <html xmlns="http://www.w3.org/1999/xhtml" xml:lang="en" lang="en">  <head>   <title>503 Service Not Available</title>  </head>  <body>   <h1>503 Service Not Available</h1>  </body> </html> [00;33m{{(pid=2043460) _check_rest_api_response /opt/stack/cinder/cinder/volume/drivers/hitachi/hbsd_rest_api.py:469}}[00m
2026-10-06 13:21:34.050 2043460 DEBUG cinder.volume.drivers.hitachi.hbsd_rest_api [req-07c073b4-7bb4-4de6-b0de-803968aa596a - - - - - -] ERROR <?xml version="1.0" encoding="iso-8859-1"?> <!DOCTYPE html PUBLIC "-//W3C//DTD XHTML 1.0 Transitional//EN"          "http://www.w3.org/TR/xhtml1/DTD/xhtml1-transitional.dtd"> <html xmlns="http://www.w3.org/1999/xhtml" xml:lang="en" lang="en">  <head>   <title>503 Service Not Available</title>  </head>  <body>   <h1>503 Service Not Available</h1>  </body> </html> [00;33m{{(pid=2043460) _check_rest_api_response /opt/stack/cinder/cinder/volume/drivers/hitachi/hbsd_rest_api.py:469}}[00m
2026-10-06 13:21:39.040 2043460 DEBUG cinder.volume.drivers.hitachi.hbsd_rest_api [req-07c073b4-7bb4-4de6-b0de-803968aa596a - - - - - -] ERROR <?xml version="1.0" encoding="iso-8859-1"?> <!DOCTYPE html PUBLIC "-//W3C//DTD XHTML 1.0 Transitional//EN"          "http://www.w3.org/TR/xhtml1/DTD/xhtml1-transitional.dtd"> <html xmlns="http://www.w3.org/1999/xhtml" xml:lang="en" lang="en">  <head>   <title>503 Service Not Available</title>  </head>  <body>   <h1>503 Service Not Available</h1>  </body> </html> [00;33m{{(pid=2043460) _check_rest_api_response /opt/stack/cinder/cinder/volume/drivers/hitachi/hbsd_rest_api.py:469}}[00m
2026-10-06 13:21:44.041 2043460 DEBUG cinder.volume.drivers.hitachi.hbsd_rest_api [req-07c073b4-7bb4-4de6-b0de-803968aa596a - - - - - -] ERROR <?xml version="1.0" encoding="iso-8859-1"?> <!DOCTYPE html PUBLIC "-//W3C//DTD XHTML 1.0 Transitional//EN"          "http://www.w3.org/TR/xhtml1/DTD/xhtml1-transitional.dtd"> <html xmlns="http://www.w3.org/1999/xhtml" xml:lang="en" lang="en">  <head>   <title>503 Service Not Available</title>  </head>  <body>   <h1>503 Service Not Available</h1>  </body> </html> [00;33m{{(pid=2043460) _check_rest_api_response /opt/stack/cinder/cinder/volume/drivers/hitachi/hbsd_rest_api.py:469}}[00m
2026-10-06 13:21:49.042 2043460 DEBUG cinder.volume.drivers.hitachi.hbsd_rest_api [req-07c073b4-7bb4-4de6-b0de-803968aa596a - - - - - -] ERROR <?xml version="1.0" encoding="iso-8859-1"?> <!DOCTYPE html PUBLIC "-//W3C//DTD XHTML 1.0 Transitional//EN"          "http://www.w3.org/TR/xhtml1/DTD/xhtml1-transitional.dtd"> <html xmlns="http://www.w3.org/1999/xhtml" xml:lang="en" lang="en">  <head>   <title>503 Service Not Available</title>  </head>  <body>   <h1>503 Service Not Available</h1>  </body> </html> [00;33m{{(pid=2043460) _check_rest_api_response /opt/stack/cinder/cinder/volume/drivers/hitachi/hbsd_rest_api.py:469}}[00m
2026-10-06 13:21:54.044 2043460 DEBUG cinder.volume.drivers.hitachi.hbsd_rest_api [req-07c073b4-7bb4-4de6-b0de-803968aa596a - - - - - -] ERROR <?xml version="1.0" encoding="iso-8859-1"?> <!DOCTYPE html PUBLIC "-//W3C//DTD XHTML 1.0 Transitional//EN"          "http://www.w3.org/TR/xhtml1/DTD/xhtml1-transitional.dtd"> <html xmlns="http://www.w3.org/1999/xhtml" xml:lang="en" lang="en">  <head>   <title>503 Service Not Available</title>  </head>  <body>   <h1>503 Service Not Available</h1>  </body> </html> [00;33m{{(pid=2043460) _check_rest_api_response /opt/stack/cinder/cinder/volume/drivers/hitachi/hbsd_rest_api.py:469}}[00m
2026-10-06 13:21:59.078 2043460 DEBUG cinder.volume.drivers.hitachi.hbsd_rest_api [req-07c073b4-7bb4-4de6-b0de-803968aa596a - - - - - -] ERROR <?xml version="1.0" encoding="iso-8859-1"?> <!DOCTYPE html PUBLIC "-//W3C//DTD XHTML 1.0 Transitional//EN"          "http://www.w3.org/TR/xhtml1/DTD/xhtml1-transitional.dtd"> <html xmlns="http://www.w3.org/1999/xhtml" xml:lang="en" lang="en">  <head>   <title>503 Service Not Available</title>  </head>  <body>   <h1>503 Service Not Available</h1>  </body> </html> [00;33m{{(pid=2043460) _check_rest_api_response /opt/stack/cinder/cinder/volume/drivers/hitachi/hbsd_rest_api.py:469}}[00m
2026-10-06 13:22:04.045 2043460 DEBUG cinder.volume.drivers.hitachi.hbsd_rest_api [req-07c073b4-7bb4-4de6-b0de-803968aa596a - - - - - -] ERROR <?xml version="1.0" encoding="iso-8859-1"?> <!DOCTYPE html PUBLIC "-//W3C//DTD XHTML 1.0 Transitional//EN"          "http://www.w3.org/TR/xhtml1/DTD/xhtml1-transitional.dtd"> <html xmlns="http://www.w3.org/1999/xhtml" xml:lang="en" lang="en">  <head>   <title>503 Service Not Available</title>  </head>  <body>   <h1>503 Service Not Available</h1>  </body> </html> [00;33m{{(pid=2043460) _check_rest_api_response /opt/stack/cinder/cinder/volume/drivers/hitachi/hbsd_rest_api.py:469}}[00m
2026-10-06 13:22:09.088 2043460 DEBUG cinder.volume.drivers.hitachi.hbsd_rest_api [req-07c073b4-7bb4-4de6-b0de-803968aa596a - - - - - -] ERROR <?xml version="1.0" encoding="iso-8859-1"?> <!DOCTYPE html PUBLIC "-//W3C//DTD XHTML 1.0 Transitional//EN"          "http://www.w3.org/TR/xhtml1/DTD/xhtml1-transitional.dtd"> <html xmlns="http://www.w3.org/1999/xhtml" xml:lang="en" lang="en">  <head>   <title>503 Service Not Available</title>  </head>  <body>   <h1>503 Service Not Available</h1>  </body> </html> [00;33m{{(pid=2043460) _check_rest_api_response /opt/stack/cinder/cinder/volume/drivers/hitachi/hbsd_rest_api.py:469}}[00m
2026-10-06 13:22:14.079 2043460 DEBUG cinder.volume.drivers.hitachi.hbsd_rest_api [req-07c073b4-7bb4-4de6-b0de-803968aa596a - - - - - -] ERROR <?xml version="1.0" encoding="iso-8859-1"?> <!DOCTYPE html PUBLIC "-//W3C//DTD XHTML 1.0 Transitional//EN"          "http://www.w3.org/TR/xhtml1/DTD/xhtml1-transitional.dtd"> <html xmlns="http://www.w3.org/1999/xhtml" xml:lang="en" lang="en">  <head>   <title>503 Service Not Available</title>  </head>  <body>   <h1>503 Service Not Available</h1>  </body> </html> [00;33m{{(pid=2043460) _check_rest_api_response /opt/stack/cinder/cinder/volume/drivers/hitachi/hbsd_rest_api.py:469}}[00m
2026-10-06 13:22:19.048 2043460 DEBUG cinder.volume.drivers.hitachi.hbsd_rest_api [req-07c073b4-7bb4-4de6-b0de-803968aa596a - - - - - -] ERROR <?xml version="1.0" encoding="iso-8859-1"?> <!DOCTYPE html PUBLIC "-//W3C//DTD XHTML 1.0 Transitional//EN"          "http://www.w3.org/TR/xhtml1/DTD/xhtml1-transitional.dtd"> <html xmlns="http://www.w3.org/1999/xhtml" xml:lang="en" lang="en">  <head>   <title>503 Service Not Available</title>  </head>  <body>   <h1>503 Service Not Available</h1>  </body> </html> [00;33m{{(pid=2043460) _check_rest_api_response /opt/stack/cinder/cinder/volume/drivers/hitachi/hbsd_rest_api.py:469}}[00m
2026-10-06 13:22:24.050 2043460 DEBUG cinder.volume.drivers.hitachi.hbsd_rest_api [req-07c073b4-7bb4-4de6-b0de-803968aa596a - - - - - -] ERROR <?xml version="1.0" encoding="iso-8859-1"?> <!DOCTYPE html PUBLIC "-//W3C//DTD XHTML 1.0 Transitional//EN"          "http://www.w3.org/TR/xhtml1/DTD/xhtml1-transitional.dtd"> <html xmlns="http://www.w3.org/1999/xhtml" xml:lang="en" lang="en">  <head>   <title>503 Service Not Available</title>  </head>  <body>   <h1>503 Service Not Available</h1>  </body> </html> [00;33m{{(pid=2043460) _check_rest_api_response /opt/stack/cinder/cinder/volume/drivers/hitachi/hbsd_rest_api.py:469}}[00m
2026-10-06 13:22:29.053 2043460 DEBUG cinder.volume.drivers.hitachi.hbsd_rest_api [req-07c073b4-7bb4-4de6-b0de-803968aa596a - - - - - -] ERROR <?xml version="1.0" encoding="iso-8859-1"?> <!DOCTYPE html PUBLIC "-//W3C//DTD XHTML 1.0 Transitional//EN"          "http://www.w3.org/TR/xhtml1/DTD/xhtml1-transitional.dtd"> <html xmlns="http://www.w3.org/1999/xhtml" xml:lang="en" lang="en">  <head>   <title>503 Service Not Available</title>  </head>  <body>   <h1>503 Service Not Available</h1>  </body> </html> [00;33m{{(pid=2043460) _check_rest_api_response /opt/stack/cinder/cinder/volume/drivers/hitachi/hbsd_rest_api.py:469}}[00m
2026-10-06 13:22:34.052 2043460 DEBUG cinder.volume.drivers.hitachi.hbsd_rest_api [req-07c073b4-7bb4-4de6-b0de-803968aa596a - - - - - -] ERROR <?xml version="1.0" encoding="iso-8859-1"?> <!DOCTYPE html PUBLIC "-//W3C//DTD XHTML 1.0 Transitional//EN"          "http://www.w3.org/TR/xhtml1/DTD/xhtml1-transitional.dtd"> <html xmlns="http://www.w3.org/1999/xhtml" xml:lang="en" lang="en">  <head>   <title>503 Service Not Available</title>  </head>  <body>   <h1>503 Service Not Available</h1>  </body> </html> [00;33m{{(pid=2043460) _check_rest_api_response /opt/stack/cinder/cinder/volume/drivers/hitachi/hbsd_rest_api.py:469}}[00m
2026-10-06 13:22:39.053 2043460 DEBUG cinder.volume.drivers.hitachi.hbsd_rest_api [req-07c073b4-7bb4-4de6-b0de-803968aa596a - - - - - -] ERROR <?xml version="1.0" encoding="iso-8859-1"?> <!DOCTYPE html PUBLIC "-//W3C//DTD XHTML 1.0 Transitional//EN"          "http://www.w3.org/TR/xhtml1/DTD/xhtml1-transitional.dtd"> <html xmlns="http://www.w3.org/1999/xhtml" xml:lang="en" lang="en">  <head>   <title>503 Service Not Available</title>  </head>  <body>   <h1>503 Service Not Available</h1>  </body> </html> [00;33m{{(pid=2043460) _check_rest_api_response /opt/stack/cinder/cinder/volume/drivers/hitachi/hbsd_rest_api.py:469}}[00m
2026-10-06 13:22:44.054 2043460 DEBUG cinder.volume.drivers.hitachi.hbsd_rest_api [req-07c073b4-7bb4-4de6-b0de-803968aa596a - - - - - -] ERROR <?xml version="1.0" encoding="iso-8859-1"?> <!DOCTYPE html PUBLIC "-//W3C//DTD XHTML 1.0 Transitional//EN"          "http://www.w3.org/TR/xhtml1/DTD/xhtml1-transitional.dtd"> <html xmlns="http://www.w3.org/1999/xhtml" xml:lang="en" lang="en">  <head>   <title>503 Service Not Available</title>  </head>  <body>   <h1>503 Service Not Available</h1>  </body> </html> [00;33m{{(pid=2043460) _check_rest_api_response /opt/stack/cinder/cinder/volume/drivers/hitachi/hbsd_rest_api.py:469}}[00m
2026-10-06 13:22:49.054 2043460 DEBUG cinder.volume.drivers.hitachi.hbsd_rest_api [req-07c073b4-7bb4-4de6-b0de-803968aa596a - - - - - -] ERROR <?xml version="1.0" encoding="iso-8859-1"?> <!DOCTYPE html PUBLIC "-//W3C//DTD XHTML 1.0 Transitional//EN"          "http://www.w3.org/TR/xhtml1/DTD/xhtml1-transitional.dtd"> <html xmlns="http://www.w3.org/1999/xhtml" xml:lang="en" lang="en">  <head>   <title>503 Service Not Available</title>  </head>  <body>   <h1>503 Service Not Available</h1>  </body> </html> [00;33m{{(pid=2043460) _check_rest_api_response /opt/stack/cinder/cinder/volume/drivers/hitachi/hbsd_rest_api.py:469}}[00m
2026-10-06 13:22:54.059 2043460 DEBUG cinder.volume.drivers.hitachi.hbsd_rest_api [req-07c073b4-7bb4-4de6-b0de-803968aa596a - - - - - -] ERROR <?xml version="1.0" encoding="iso-8859-1"?> <!DOCTYPE html PUBLIC "-//W3C//DTD XHTML 1.0 Transitional//EN"          "http://www.w3.org/TR/xhtml1/DTD/xhtml1-transitional.dtd"> <html xmlns="http://www.w3.org/1999/xhtml" xml:lang="en" lang="en">  <head>   <title>503 Service Not Available</title>  </head>  <body>   <h1>503 Service Not Available</h1>  </body> </html> [00;33m{{(pid=2043460) _check_rest_api_response /opt/stack/cinder/cinder/volume/drivers/hitachi/hbsd_rest_api.py:469}}[00m
2026-10-06 13:22:59.060 2043460 DEBUG cinder.volume.drivers.hitachi.hbsd_rest_api [req-07c073b4-7bb4-4de6-b0de-803968aa596a - - - - - -] ERROR <?xml version="1.0" encoding="iso-8859-1"?> <!DOCTYPE html PUBLIC "-//W3C//DTD XHTML 1.0 Transitional//EN"          "http://www.w3.org/TR/xhtml1/DTD/xhtml1-transitional.dtd"> <html xmlns="http://www.w3.org/1999/xhtml" xml:lang="en" lang="en">  <head>   <title>503 Service Not Available</title>  </head>  <body>   <h1>503 Service Not Available</h1>  </body> </html> [00;33m{{(pid=2043460) _check_rest_api_response /opt/stack/cinder/cinder/volume/drivers/hitachi/hbsd_rest_api.py:469}}[00m
2026-10-06 13:23:04.063 2043460 DEBUG cinder.volume.drivers.hitachi.hbsd_rest_api [req-07c073b4-7bb4-4de6-b0de-803968aa596a - - - - - -] ERROR <?xml version="1.0" encoding="iso-8859-1"?> <!DOCTYPE html PUBLIC "-//W3C//DTD XHTML 1.0 Transitional//EN"          "http://www.w3.org/TR/xhtml1/DTD/xhtml1-transitional.dtd"> <html xmlns="http://www.w3.org/1999/xhtml" xml:lang="en" lang="en">  <head>   <title>503 Service Not Available</title>  </head>  <body>   <h1>503 Service Not Available</h1>  </body> </html> [00;33m{{(pid=2043460) _check_rest_api_response /opt/stack/cinder/cinder/volume/drivers/hitachi/hbsd_rest_api.py:469}}[00m
2026-10-06 13:23:09.070 2043460 DEBUG cinder.volume.drivers.hitachi.hbsd_rest_api [req-07c073b4-7bb4-4de6-b0de-803968aa596a - - - - - -] ERROR <?xml version="1.0" encoding="iso-8859-1"?> <!DOCTYPE html PUBLIC "-//W3C//DTD XHTML 1.0 Transitional//EN"          "http://www.w3.org/TR/xhtml1/DTD/xhtml1-transitional.dtd"> <html xmlns="http://www.w3.org/1999/xhtml" xml:lang="en" lang="en">  <head>   <title>503 Service Not Available</title>  </head>  <body>   <h1>503 Service Not Available</h1>  </body> </html> [00;33m{{(pid=2043460) _check_rest_api_response /opt/stack/cinder/cinder/volume/drivers/hitachi/hbsd_rest_api.py:469}}[00m
2026-10-06 13:23:14.107 2043460 DEBUG cinder.volume.drivers.hitachi.hbsd_rest_api [req-07c073b4-7bb4-4de6-b0de-803968aa596a - - - - - -] ERROR <?xml version="1.0" encoding="iso-8859-1"?> <!DOCTYPE html PUBLIC "-//W3C//DTD XHTML 1.0 Transitional//EN"          "http://www.w3.org/TR/xhtml1/DTD/xhtml1-transitional.dtd"> <html xmlns="http://www.w3.org/1999/xhtml" xml:lang="en" lang="en">  <head>   <title>503 Service Not Available</title>  </head>  <body>   <h1>503 Service Not Available</h1>  </body> </html> [00;33m{{(pid=2043460) _check_rest_api_response /opt/stack/cinder/cinder/volume/drivers/hitachi/hbsd_rest_api.py:469}}[00m
2026-10-06 13:23:19.062 2043460 DEBUG cinder.volume.drivers.hitachi.hbsd_rest_api [req-07c073b4-7bb4-4de6-b0de-803968aa596a - - - - - -] ERROR <?xml version="1.0" encoding="iso-8859-1"?> <!DOCTYPE html PUBLIC "-//W3C//DTD XHTML 1.0 Transitional//EN"          "http://www.w3.org/TR/xhtml1/DTD/xhtml1-transitional.dtd"> <html xmlns="http://www.w3.org/1999/xhtml" xml:lang="en" lang="en">  <head>   <title>503 Service Not Available</title>  </head>  <body>   <h1>503 Service Not Available</h1>  </body> </html> [00;33m{{(pid=2043460) _check_rest_api_response /opt/stack/cinder/cinder/volume/drivers/hitachi/hbsd_rest_api.py:469}}[00m
2026-10-06 13:23:24.068 2043460 DEBUG cinder.volume.drivers.hitachi.hbsd_rest_api [req-07c073b4-7bb4-4de6-b0de-803968aa596a - - - - - -] ERROR <?xml version="1.0" encoding="iso-8859-1"?> <!DOCTYPE html PUBLIC "-//W3C//DTD XHTML 1.0 Transitional//EN"          "http://www.w3.org/TR/xhtml1/DTD/xhtml1-transitional.dtd"> <html xmlns="http://www.w3.org/1999/xhtml" xml:lang="en" lang="en">  <head>   <title>503 Service Not Available</title>  </head>  <body>   <h1>503 Service Not Available</h1>  </body> </html> [00;33m{{(pid=2043460) _check_rest_api_response /opt/stack/cinder/cinder/volume/drivers/hitachi/hbsd_rest_api.py:469}}[00m
2026-10-06 13:23:29.065 2043460 DEBUG cinder.volume.drivers.hitachi.hbsd_rest_api [req-07c073b4-7bb4-4de6-b0de-803968aa596a - - - - - -] ERROR <?xml version="1.0" encoding="iso-8859-1"?> <!DOCTYPE html PUBLIC "-//W3C//DTD XHTML 1.0 Transitional//EN"          "http://www.w3.org/TR/xhtml1/DTD/xhtml1-transitional.dtd"> <html xmlns="http://www.w3.org/1999/xhtml" xml:lang="en" lang="en">  <head>   <title>503 Service Not Available</title>  </head>  <body>   <h1>503 Service Not Available</h1>  </body> </html> [00;33m{{(pid=2043460) _check_rest_api_response /opt/stack/cinder/cinder/volume/drivers/hitachi/hbsd_rest_api.py:469}}[00m
2026-10-06 13:23:34.070 2043460 DEBUG cinder.volume.drivers.hitachi.hbsd_rest_api [req-07c073b4-7bb4-4de6-b0de-803968aa596a - - - - - -] ERROR <?xml version="1.0" encoding="iso-8859-1"?> <!DOCTYPE html PUBLIC "-//W3C//DTD XHTML 1.0 Transitional//EN"          "http://www.w3.org/TR/xhtml1/DTD/xhtml1-transitional.dtd"> <html xmlns="http://www.w3.org/1999/xhtml" xml:lang="en" lang="en">  <head>   <title>503 Service Not Available</title>  </head>  <body>   <h1>503 Service Not Available</h1>  </body> </html> [00;33m{{(pid=2043460) _check_rest_api_response /opt/stack/cinder/cinder/volume/drivers/hitachi/hbsd_rest_api.py:469}}[00m
2026-10-06 13:23:39.095 2043460 DEBUG cinder.volume.drivers.hitachi.hbsd_rest_api [req-07c073b4-7bb4-4de6-b0de-803968aa596a - - - - - -] ERROR <?xml version="1.0" encoding="iso-8859-1"?> <!DOCTYPE html PUBLIC "-//W3C//DTD XHTML 1.0 Transitional//EN"          "http://www.w3.org/TR/xhtml1/DTD/xhtml1-transitional.dtd"> <html xmlns="http://www.w3.org/1999/xhtml" xml:lang="en" lang="en">  <head>   <title>503 Service Not Available</title>  </head>  <body>   <h1>503 Service Not Available</h1>  </body> </html> [00;33m{{(pid=2043460) _check_rest_api_response /opt/stack/cinder/cinder/volume/drivers/hitachi/hbsd_rest_api.py:469}}[00m
2026-10-06 13:23:44.071 2043460 DEBUG cinder.volume.drivers.hitachi.hbsd_rest_api [req-07c073b4-7bb4-4de6-b0de-803968aa596a - - - - - -] ERROR <?xml version="1.0" encoding="iso-8859-1"?> <!DOCTYPE html PUBLIC "-//W3C//DTD XHTML 1.0 Transitional//EN"          "http://www.w3.org/TR/xhtml1/DTD/xhtml1-transitional.dtd"> <html xmlns="http://www.w3.org/1999/xhtml" xml:lang="en" lang="en">  <head>   <title>503 Service Not Available</title>  </head>  <body>   <h1>503 Service Not Available</h1>  </body> </html> [00;33m{{(pid=2043460) _check_rest_api_response /opt/stack/cinder/cinder/volume/drivers/hitachi/hbsd_rest_api.py:469}}[00m
2026-10-06 13:23:49.072 2043460 DEBUG cinder.volume.drivers.hitachi.hbsd_rest_api [req-07c073b4-7bb4-4de6-b0de-803968aa596a - - - - - -] ERROR <?xml version="1.0" encoding="iso-8859-1"?> <!DOCTYPE html PUBLIC "-//W3C//DTD XHTML 1.0 Transitional//EN"          "http://www.w3.org/TR/xhtml1/DTD/xhtml1-transitional.dtd"> <html xmlns="http://www.w3.org/1999/xhtml" xml:lang="en" lang="en">  <head>   <title>503 Service Not Available</title>  </head>  <body>   <h1>503 Service Not Available</h1>  </body> </html> [00;33m{{(pid=2043460) _check_rest_api_response /opt/stack/cinder/cinder/volume/drivers/hitachi/hbsd_rest_api.py:469}}[00m
2026-10-06 13:23:54.071 2043460 DEBUG cinder.volume.drivers.hitachi.hbsd_rest_api [req-07c073b4-7bb4-4de6-b0de-803968aa596a - - - - - -] ERROR <?xml version="1.0" encoding="iso-8859-1"?> <!DOCTYPE html PUBLIC "-//W3C//DTD XHTML 1.0 Transitional//EN"          "http://www.w3.org/TR/xhtml1/DTD/xhtml1-transitional.dtd"> <html xmlns="http://www.w3.org/1999/xhtml" xml:lang="en" lang="en">  <head>   <title>503 Service Not Available</title>  </head>  <body>   <h1>503 Service Not Available</h1>  </body> </html> [00;33m{{(pid=2043460) _check_rest_api_response /opt/stack/cinder/cinder/volume/drivers/hitachi/hbsd_rest_api.py:469}}[00m
2026-10-06 13:23:59.074 2043460 DEBUG cinder.volume.drivers.hitachi.hbsd_rest_api [req-07c073b4-7bb4-4de6-b0de-803968aa596a - - - - - -] ERROR <?xml version="1.0" encoding="iso-8859-1"?> <!DOCTYPE html PUBLIC "-//W3C//DTD XHTML 1.0 Transitional//EN"          "http://www.w3.org/TR/xhtml1/DTD/xhtml1-transitional.dtd"> <html xmlns="http://www.w3.org/1999/xhtml" xml:lang="en" lang="en">  <head>   <title>503 Service Not Available</title>  </head>  <body>   <h1>503 Service Not Available</h1>  </body> </html> [00;33m{{(pid=2043460) _check_rest_api_response /opt/stack/cinder/cinder/volume/drivers/hitachi/hbsd_rest_api.py:469}}[00m
2026-10-06 13:24:04.103 2043460 DEBUG cinder.volume.drivers.hitachi.hbsd_rest_api [req-07c073b4-7bb4-4de6-b0de-803968aa596a - - - - - -] ERROR <?xml version="1.0" encoding="iso-8859-1"?> <!DOCTYPE html PUBLIC "-//W3C//DTD XHTML 1.0 Transitional//EN"          "http://www.w3.org/TR/xhtml1/DTD/xhtml1-transitional.dtd"> <html xmlns="http://www.w3.org/1999/xhtml" xml:lang="en" lang="en">  <head>   <title>503 Service Not Available</title>  </head>  <body>   <h1>503 Service Not Available</h1>  </body> </html> [00;33m{{(pid=2043460) _check_rest_api_response /opt/stack/cinder/cinder/volume/drivers/hitachi/hbsd_rest_api.py:469}}[00m
2026-10-06 13:24:09.118 2043460 DEBUG cinder.volume.drivers.hitachi.hbsd_rest_api [req-07c073b4-7bb4-4de6-b0de-803968aa596a - - - - - -] ERROR <?xml version="1.0" encoding="iso-8859-1"?> <!DOCTYPE html PUBLIC "-//W3C//DTD XHTML 1.0 Transitional//EN"          "http://www.w3.org/TR/xhtml1/DTD/xhtml1-transitional.dtd"> <html xmlns="http://www.w3.org/1999/xhtml" xml:lang="en" lang="en">  <head>   <title>503 Service Not Available</title>  </head>  <body>   <h1>503 Service Not Available</h1>  </body> </html> [00;33m{{(pid=2043460) _check_rest_api_response /opt/stack/cinder/cinder/volume/drivers/hitachi/hbsd_rest_api.py:469}}[00m
2026-10-06 13:24:14.078 2043460 DEBUG cinder.volume.drivers.hitachi.hbsd_rest_api [req-07c073b4-7bb4-4de6-b0de-803968aa596a - - - - - -] ERROR <?xml version="1.0" encoding="iso-8859-1"?> <!DOCTYPE html PUBLIC "-//W3C//DTD XHTML 1.0 Transitional//EN"          "http://www.w3.org/TR/xhtml1/DTD/xhtml1-transitional.dtd"> <html xmlns="http://www.w3.org/1999/xhtml" xml:lang="en" lang="en">  <head>   <title>503 Service Not Available</title>  </head>  <body>   <h1>503 Service Not Available</h1>  </body> </html> [00;33m{{(pid=2043460) _check_rest_api_response /opt/stack/cinder/cinder/volume/drivers/hitachi/hbsd_rest_api.py:469}}[00m
2026-10-06 13:24:19.085 2043460 DEBUG cinder.volume.drivers.hitachi.hbsd_rest_api [req-07c073b4-7bb4-4de6-b0de-803968aa596a - - - - - -] ERROR <?xml version="1.0" encoding="iso-8859-1"?> <!DOCTYPE html PUBLIC "-//W3C//DTD XHTML 1.0 Transitional//EN"          "http://www.w3.org/TR/xhtml1/DTD/xhtml1-transitional.dtd"> <html xmlns="http://www.w3.org/1999/xhtml" xml:lang="en" lang="en">  <head>   <title>503 Service Not Available</title>  </head>  <body>   <h1>503 Service Not Available</h1>  </body> </html> [00;33m{{(pid=2043460) _check_rest_api_response /opt/stack/cinder/cinder/volume/drivers/hitachi/hbsd_rest_api.py:469}}[00m
2026-10-06 13:24:24.083 2043460 DEBUG cinder.volume.drivers.hitachi.hbsd_rest_api [req-07c073b4-7bb4-4de6-b0de-803968aa596a - - - - - -] ERROR <?xml version="1.0" encoding="iso-8859-1"?> <!DOCTYPE html PUBLIC "-//W3C//DTD XHTML 1.0 Transitional//EN"          "http://www.w3.org/TR/xhtml1/DTD/xhtml1-transitional.dtd"> <html xmlns="http://www.w3.org/1999/xhtml" xml:lang="en" lang="en">  <head>   <title>503 Service Not Available</title>  </head>  <body>   <h1>503 Service Not Available</h1>  </body> </html> [00;33m{{(pid=2043460) _check_rest_api_response /opt/stack/cinder/cinder/volume/drivers/hitachi/hbsd_rest_api.py:469}}[00m
2026-10-06 13:24:29.097 2043460 DEBUG cinder.volume.drivers.hitachi.hbsd_rest_api [req-07c073b4-7bb4-4de6-b0de-803968aa596a - - - - - -] ERROR <?xml version="1.0" encoding="iso-8859-1"?> <!DOCTYPE html PUBLIC "-//W3C//DTD XHTML 1.0 Transitional//EN"          "http://www.w3.org/TR/xhtml1/DTD/xhtml1-transitional.dtd"> <html xmlns="http://www.w3.org/1999/xhtml" xml:lang="en" lang="en">  <head>   <title>503 Service Not Available</title>  </head>  <body>   <h1>503 Service Not Available</h1>  </body> </html> [00;33m{{(pid=2043460) _check_rest_api_response /opt/stack/cinder/cinder/volume/drivers/hitachi/hbsd_rest_api.py:469}}[00m
2026-10-06 13:24:34.082 2043460 DEBUG cinder.volume.drivers.hitachi.hbsd_rest_api [req-07c073b4-7bb4-4de6-b0de-803968aa596a - - - - - -] ERROR <?xml version="1.0" encoding="iso-8859-1"?> <!DOCTYPE html PUBLIC "-//W3C//DTD XHTML 1.0 Transitional//EN"          "http://www.w3.org/TR/xhtml1/DTD/xhtml1-transitional.dtd"> <html xmlns="http://www.w3.org/1999/xhtml" xml:lang="en" lang="en">  <head>   <title>503 Service Not Available</title>  </head>  <body>   <h1>503 Service Not Available</h1>  </body> </html> [00;33m{{(pid=2043460) _check_rest_api_response /opt/stack/cinder/cinder/volume/drivers/hitachi/hbsd_rest_api.py:469}}[00m
2026-10-06 13:24:39.105 2043460 DEBUG cinder.volume.drivers.hitachi.hbsd_rest_api [req-07c073b4-7bb4-4de6-b0de-803968aa596a - - - - - -] ERROR <?xml version="1.0" encoding="iso-8859-1"?> <!DOCTYPE html PUBLIC "-//W3C//DTD XHTML 1.0 Transitional//EN"          "http://www.w3.org/TR/xhtml1/DTD/xhtml1-transitional.dtd"> <html xmlns="http://www.w3.org/1999/xhtml" xml:lang="en" lang="en">  <head>   <title>503 Service Not Available</title>  </head>  <body>   <h1>503 Service Not Available</h1>  </body> </html> [00;33m{{(pid=2043460) _check_rest_api_response /opt/stack/cinder/cinder/volume/drivers/hitachi/hbsd_rest_api.py:469}}[00m
2026-10-06 13:24:44.086 2043460 DEBUG cinder.volume.drivers.hitachi.hbsd_rest_api [req-07c073b4-7bb4-4de6-b0de-803968aa596a - - - - - -] ERROR <?xml version="1.0" encoding="iso-8859-1"?> <!DOCTYPE html PUBLIC "-//W3C//DTD XHTML 1.0 Transitional//EN"          "http://www.w3.org/TR/xhtml1/DTD/xhtml1-transitional.dtd"> <html xmlns="http://www.w3.org/1999/xhtml" xml:lang="en" lang="en">  <head>   <title>503 Service Not Available</title>  </head>  <body>   <h1>503 Service Not Available</h1>  </body> </html> [00;33m{{(pid=2043460) _check_rest_api_response /opt/stack/cinder/cinder/volume/drivers/hitachi/hbsd_rest_api.py:469}}[00m
2026-10-06 13:24:49.086 2043460 DEBUG cinder.volume.drivers.hitachi.hbsd_rest_api [req-07c073b4-7bb4-4de6-b0de-803968aa596a - - - - - -] ERROR <?xml version="1.0" encoding="iso-8859-1"?> <!DOCTYPE html PUBLIC "-//W3C//DTD XHTML 1.0 Transitional//EN"          "http://www.w3.org/TR/xhtml1/DTD/xhtml1-transitional.dtd"> <html xmlns="http://www.w3.org/1999/xhtml" xml:lang="en" lang="en">  <head>   <title>503 Service Not Available</title>  </head>  <body>   <h1>503 Service Not Available</h1>  </body> </html> [00;33m{{(pid=2043460) _check_rest_api_response /opt/stack/cinder/cinder/volume/drivers/hitachi/hbsd_rest_api.py:469}}[00m
2026-10-06 13:24:54.087 2043460 DEBUG cinder.volume.drivers.hitachi.hbsd_rest_api [req-07c073b4-7bb4-4de6-b0de-803968aa596a - - - - - -] ERROR <?xml version="1.0" encoding="iso-8859-1"?> <!DOCTYPE html PUBLIC "-//W3C//DTD XHTML 1.0 Transitional//EN"          "http://www.w3.org/TR/xhtml1/DTD/xhtml1-transitional.dtd"> <html xmlns="http://www.w3.org/1999/xhtml" xml:lang="en" lang="en">  <head>   <title>503 Service Not Available</title>  </head>  <body>   <h1>503 Service Not Available</h1>  </body> </html> [00;33m{{(pid=2043460) _check_rest_api_response /opt/stack/cinder/cinder/volume/drivers/hitachi/hbsd_rest_api.py:469}}[00m
2026-10-06 13:24:59.090 2043460 DEBUG cinder.volume.drivers.hitachi.hbsd_rest_api [req-07c073b4-7bb4-4de6-b0de-803968aa596a - - - - - -] ERROR <?xml version="1.0" encoding="iso-8859-1"?> <!DOCTYPE html PUBLIC "-//W3C//DTD XHTML 1.0 Transitional//EN"          "http://www.w3.org/TR/xhtml1/DTD/xhtml1-transitional.dtd"> <html xmlns="http://www.w3.org/1999/xhtml" xml:lang="en" lang="en">  <head>   <title>503 Service Not Available</title>  </head>  <body>   <h1>503 Service Not Available</h1>  </body> </html> [00;33m{{(pid=2043460) _check_rest_api_response /opt/stack/cinder/cinder/volume/drivers/hitachi/hbsd_rest_api.py:469}}[00m
2026-10-06 13:25:04.099 2043460 DEBUG cinder.volume.drivers.hitachi.hbsd_rest_api [req-07c073b4-7bb4-4de6-b0de-803968aa596a - - - - - -] ERROR <?xml version="1.0" encoding="iso-8859-1"?> <!DOCTYPE html PUBLIC "-//W3C//DTD XHTML 1.0 Transitional//EN"          "http://www.w3.org/TR/xhtml1/DTD/xhtml1-transitional.dtd"> <html xmlns="http://www.w3.org/1999/xhtml" xml:lang="en" lang="en">  <head>   <title>503 Service Not Available</title>  </head>  <body>   <h1>503 Service Not Available</h1>  </body> </html> [00;33m{{(pid=2043460) _check_rest_api_response /opt/stack/cinder/cinder/volume/drivers/hitachi/hbsd_rest_api.py:469}}[00m
2026-10-06 13:25:09.178 2043460 DEBUG cinder.volume.drivers.hitachi.hbsd_rest_api [req-07c073b4-7bb4-4de6-b0de-803968aa596a - - - - - -] ERROR <?xml version="1.0" encoding="iso-8859-1"?> <!DOCTYPE html PUBLIC "-//W3C//DTD XHTML 1.0 Transitional//EN"          "http://www.w3.org/TR/xhtml1/DTD/xhtml1-transitional.dtd"> <html xmlns="http://www.w3.org/1999/xhtml" xml:lang="en" lang="en">  <head>   <title>503 Service Not Available</title>  </head>  <body>   <h1>503 Service Not Available</h1>  </body> </html> [00;33m{{(pid=2043460) _check_rest_api_response /opt/stack/cinder/cinder/volume/drivers/hitachi/hbsd_rest_api.py:469}}[00m
2026-10-06 13:25:14.115 2043460 DEBUG cinder.volume.drivers.hitachi.hbsd_rest_api [req-07c073b4-7bb4-4de6-b0de-803968aa596a - - - - - -] ERROR <?xml version="1.0" encoding="iso-8859-1"?> <!DOCTYPE html PUBLIC "-//W3C//DTD XHTML 1.0 Transitional//EN"          "http://www.w3.org/TR/xhtml1/DTD/xhtml1-transitional.dtd"> <html xmlns="http://www.w3.org/1999/xhtml" xml:lang="en" lang="en">  <head>   <title>503 Service Not Available</title>  </head>  <body>   <h1>503 Service Not Available</h1>  </body> </html> [00;33m{{(pid=2043460) _check_rest_api_response /opt/stack/cinder/cinder/volume/drivers/hitachi/hbsd_rest_api.py:469}}[00m
2026-10-06 13:25:19.094 2043460 DEBUG cinder.volume.drivers.hitachi.hbsd_rest_api [req-07c073b4-7bb4-4de6-b0de-803968aa596a - - - - - -] ERROR <?xml version="1.0" encoding="iso-8859-1"?> <!DOCTYPE html PUBLIC "-//W3C//DTD XHTML 1.0 Transitional//EN"          "http://www.w3.org/TR/xhtml1/DTD/xhtml1-transitional.dtd"> <html xmlns="http://www.w3.org/1999/xhtml" xml:lang="en" lang="en">  <head>   <title>503 Service Not Available</title>  </head>  <body>   <h1>503 Service Not Available</h1>  </body> </html> [00;33m{{(pid=2043460) _check_rest_api_response /opt/stack/cinder/cinder/volume/drivers/hitachi/hbsd_rest_api.py:469}}[00m
2026-10-06 13:25:24.094 2043460 DEBUG cinder.volume.drivers.hitachi.hbsd_rest_api [req-07c073b4-7bb4-4de6-b0de-803968aa596a - - - - - -] ERROR <?xml version="1.0" encoding="iso-8859-1"?> <!DOCTYPE html PUBLIC "-//W3C//DTD XHTML 1.0 Transitional//EN"          "http://www.w3.org/TR/xhtml1/DTD/xhtml1-transitional.dtd"> <html xmlns="http://www.w3.org/1999/xhtml" xml:lang="en" lang="en">  <head>   <title>503 Service Not Available</title>  </head>  <body>   <h1>503 Service Not Available</h1>  </body> </html> [00;33m{{(pid=2043460) _check_rest_api_response /opt/stack/cinder/cinder/volume/drivers/hitachi/hbsd_rest_api.py:469}}[00m
2026-10-06 13:25:29.128 2043460 DEBUG cinder.volume.drivers.hitachi.hbsd_rest_api [req-07c073b4-7bb4-4de6-b0de-803968aa596a - - - - - -] ERROR <?xml version="1.0" encoding="iso-8859-1"?> <!DOCTYPE html PUBLIC "-//W3C//DTD XHTML 1.0 Transitional//EN"          "http://www.w3.org/TR/xhtml1/DTD/xhtml1-transitional.dtd"> <html xmlns="http://www.w3.org/1999/xhtml" xml:lang="en" lang="en">  <head>   <title>503 Service Not Available</title>  </head>  <body>   <h1>503 Service Not Available</h1>  </body> </html> [00;33m{{(pid=2043460) _check_rest_api_response /opt/stack/cinder/cinder/volume/drivers/hitachi/hbsd_rest_api.py:469}}[00m
2026-10-06 13:25:34.122 2043460 DEBUG cinder.volume.drivers.hitachi.hbsd_rest_api [req-07c073b4-7bb4-4de6-b0de-803968aa596a - - - - - -] ERROR <?xml version="1.0" encoding="iso-8859-1"?> <!DOCTYPE html PUBLIC "-//W3C//DTD XHTML 1.0 Transitional//EN"          "http://www.w3.org/TR/xhtml1/DTD/xhtml1-transitional.dtd"> <html xmlns="http://www.w3.org/1999/xhtml" xml:lang="en" lang="en">  <head>   <title>503 Service Not Available</title>  </head>  <body>   <h1>503 Service Not Available</h1>  </body> </html> [00;33m{{(pid=2043460) _check_rest_api_response /opt/stack/cinder/cinder/volume/drivers/hitachi/hbsd_rest_api.py:469}}[00m
2026-10-06 13:25:39.110 2043460 DEBUG cinder.volume.drivers.hitachi.hbsd_rest_api [req-07c073b4-7bb4-4de6-b0de-803968aa596a - - - - - -] ERROR <?xml version="1.0" encoding="iso-8859-1"?> <!DOCTYPE html PUBLIC "-//W3C//DTD XHTML 1.0 Transitional//EN"          "http://www.w3.org/TR/xhtml1/DTD/xhtml1-transitional.dtd"> <html xmlns="http://www.w3.org/1999/xhtml" xml:lang="en" lang="en">  <head>   <title>503 Service Not Available</title>  </head>  <body>   <h1>503 Service Not Available</h1>  </body> </html> [00;33m{{(pid=2043460) _check_rest_api_response /opt/stack/cinder/cinder/volume/drivers/hitachi/hbsd_rest_api.py:469}}[00m
2026-10-06 13:25:44.113 2043460 DEBUG cinder.volume.drivers.hitachi.hbsd_rest_api [req-07c073b4-7bb4-4de6-b0de-803968aa596a - - - - - -] ERROR <?xml version="1.0" encoding="iso-8859-1"?> <!DOCTYPE html PUBLIC "-//W3C//DTD XHTML 1.0 Transitional//EN"          "http://www.w3.org/TR/xhtml1/DTD/xhtml1-transitional.dtd"> <html xmlns="http://www.w3.org/1999/xhtml" xml:lang="en" lang="en">  <head>   <title>503 Service Not Available</title>  </head>  <body>   <h1>503 Service Not Available</h1>  </body> </html> [00;33m{{(pid=2043460) _check_rest_api_response /opt/stack/cinder/cinder/volume/drivers/hitachi/hbsd_rest_api.py:469}}[00m
2026-10-06 13:25:49.102 2043460 DEBUG cinder.volume.drivers.hitachi.hbsd_rest_api [req-07c073b4-7bb4-4de6-b0de-803968aa596a - - - - - -] ERROR <?xml version="1.0" encoding="iso-8859-1"?> <!DOCTYPE html PUBLIC "-//W3C//DTD XHTML 1.0 Transitional//EN"          "http://www.w3.org/TR/xhtml1/DTD/xhtml1-transitional.dtd"> <html xmlns="http://www.w3.org/1999/xhtml" xml:lang="en" lang="en">  <head>   <title>503 Service Not Available</title>  </head>  <body>   <h1>503 Service Not Available</h1>  </body> </html> [00;33m{{(pid=2043460) _check_rest_api_response /opt/stack/cinder/cinder/volume/drivers/hitachi/hbsd_rest_api.py:469}}[00m
2026-10-06 13:25:54.102 2043460 DEBUG cinder.volume.drivers.hitachi.hbsd_rest_api [req-07c073b4-7bb4-4de6-b0de-803968aa596a - - - - - -] ERROR <?xml version="1.0" encoding="iso-8859-1"?> <!DOCTYPE html PUBLIC "-//W3C//DTD XHTML 1.0 Transitional//EN"          "http://www.w3.org/TR/xhtml1/DTD/xhtml1-transitional.dtd"> <html xmlns="http://www.w3.org/1999/xhtml" xml:lang="en" lang="en">  <head>   <title>503 Service Not Available</title>  </head>  <body>   <h1>503 Service Not Available</h1>  </body> </html> [00;33m{{(pid=2043460) _check_rest_api_response /opt/stack/cinder/cinder/volume/drivers/hitachi/hbsd_rest_api.py:469}}[00m
2026-10-06 13:25:59.108 2043460 DEBUG cinder.volume.drivers.hitachi.hbsd_rest_api [req-07c073b4-7bb4-4de6-b0de-803968aa596a - - - - - -] ERROR <?xml version="1.0" encoding="iso-8859-1"?> <!DOCTYPE html PUBLIC "-//W3C//DTD XHTML 1.0 Transitional//EN"          "http://www.w3.org/TR/xhtml1/DTD/xhtml1-transitional.dtd"> <html xmlns="http://www.w3.org/1999/xhtml" xml:lang="en" lang="en">  <head>   <title>503 Service Not Available</title>  </head>  <body>   <h1>503 Service Not Available</h1>  </body> </html> [00;33m{{(pid=2043460) _check_rest_api_response /opt/stack/cinder/cinder/volume/drivers/hitachi/hbsd_rest_api.py:469}}[00m
2026-10-06 13:26:04.105 2043460 DEBUG cinder.volume.drivers.hitachi.hbsd_rest_api [req-07c073b4-7bb4-4de6-b0de-803968aa596a - - - - - -] ERROR <?xml version="1.0" encoding="iso-8859-1"?> <!DOCTYPE html PUBLIC "-//W3C//DTD XHTML 1.0 Transitional//EN"          "http://www.w3.org/TR/xhtml1/DTD/xhtml1-transitional.dtd"> <html xmlns="http://www.w3.org/1999/xhtml" xml:lang="en" lang="en">  <head>   <title>503 Service Not Available</title>  </head>  <body>   <h1>503 Service Not Available</h1>  </body> </html> [00;33m{{(pid=2043460) _check_rest_api_response /opt/stack/cinder/cinder/volume/drivers/hitachi/hbsd_rest_api.py:469}}[00m
2026-10-06 13:26:09.132 2043460 DEBUG cinder.volume.drivers.hitachi.hbsd_rest_api [req-07c073b4-7bb4-4de6-b0de-803968aa596a - - - - - -] ERROR <?xml version="1.0" encoding="iso-8859-1"?> <!DOCTYPE html PUBLIC "-//W3C//DTD XHTML 1.0 Transitional//EN"          "http://www.w3.org/TR/xhtml1/DTD/xhtml1-transitional.dtd"> <html xmlns="http://www.w3.org/1999/xhtml" xml:lang="en" lang="en">  <head>   <title>503 Service Not Available</title>  </head>  <body>   <h1>503 Service Not Available</h1>  </body> </html> [00;33m{{(pid=2043460) _check_rest_api_response /opt/stack/cinder/cinder/volume/drivers/hitachi/hbsd_rest_api.py:469}}[00m
2026-10-06 13:26:14.108 2043460 DEBUG cinder.volume.drivers.hitachi.hbsd_rest_api [req-07c073b4-7bb4-4de6-b0de-803968aa596a - - - - - -] ERROR <?xml version="1.0" encoding="iso-8859-1"?> <!DOCTYPE html PUBLIC "-//W3C//DTD XHTML 1.0 Transitional//EN"          "http://www.w3.org/TR/xhtml1/DTD/xhtml1-transitional.dtd"> <html xmlns="http://www.w3.org/1999/xhtml" xml:lang="en" lang="en">  <head>   <title>503 Service Not Available</title>  </head>  <body>   <h1>503 Service Not Available</h1>  </body> </html> [00;33m{{(pid=2043460) _check_rest_api_response /opt/stack/cinder/cinder/volume/drivers/hitachi/hbsd_rest_api.py:469}}[00m
2026-10-06 13:26:19.116 2043460 DEBUG cinder.volume.drivers.hitachi.hbsd_rest_api [req-07c073b4-7bb4-4de6-b0de-803968aa596a - - - - - -] ERROR <?xml version="1.0" encoding="iso-8859-1"?> <!DOCTYPE html PUBLIC "-//W3C//DTD XHTML 1.0 Transitional//EN"          "http://www.w3.org/TR/xhtml1/DTD/xhtml1-transitional.dtd"> <html xmlns="http://www.w3.org/1999/xhtml" xml:lang="en" lang="en">  <head>   <title>503 Service Not Available</title>  </head>  <body>   <h1>503 Service Not Available</h1>  </body> </html> [00;33m{{(pid=2043460) _check_rest_api_response /opt/stack/cinder/cinder/volume/drivers/hitachi/hbsd_rest_api.py:469}}[00m
2026-10-06 13:26:24.109 2043460 DEBUG cinder.volume.drivers.hitachi.hbsd_rest_api [req-07c073b4-7bb4-4de6-b0de-803968aa596a - - - - - -] ERROR <?xml version="1.0" encoding="iso-8859-1"?> <!DOCTYPE html PUBLIC "-//W3C//DTD XHTML 1.0 Transitional//EN"          "http://www.w3.org/TR/xhtml1/DTD/xhtml1-transitional.dtd"> <html xmlns="http://www.w3.org/1999/xhtml" xml:lang="en" lang="en">  <head>   <title>503 Service Not Available</title>  </head>  <body>   <h1>503 Service Not Available</h1>  </body> </html> [00;33m{{(pid=2043460) _check_rest_api_response /opt/stack/cinder/cinder/volume/drivers/hitachi/hbsd_rest_api.py:469}}[00m
2026-10-06 13:26:29.111 2043460 DEBUG cinder.volume.drivers.hitachi.hbsd_rest_api [req-07c073b4-7bb4-4de6-b0de-803968aa596a - - - - - -] ERROR <?xml version="1.0" encoding="iso-8859-1"?> <!DOCTYPE html PUBLIC "-//W3C//DTD XHTML 1.0 Transitional//EN"          "http://www.w3.org/TR/xhtml1/DTD/xhtml1-transitional.dtd"> <html xmlns="http://www.w3.org/1999/xhtml" xml:lang="en" lang="en">  <head>   <title>503 Service Not Available</title>  </head>  <body>   <h1>503 Service Not Available</h1>  </body> </html> [00;33m{{(pid=2043460) _check_rest_api_response /opt/stack/cinder/cinder/volume/drivers/hitachi/hbsd_rest_api.py:469}}[00m
2026-10-06 13:26:34.117 2043460 DEBUG cinder.volume.drivers.hitachi.hbsd_rest_api [req-07c073b4-7bb4-4de6-b0de-803968aa596a - - - - - -] ERROR <?xml version="1.0" encoding="iso-8859-1"?> <!DOCTYPE html PUBLIC "-//W3C//DTD XHTML 1.0 Transitional//EN"          "http://www.w3.org/TR/xhtml1/DTD/xhtml1-transitional.dtd"> <html xmlns="http://www.w3.org/1999/xhtml" xml:lang="en" lang="en">  <head>   <title>503 Service Not Available</title>  </head>  <body>   <h1>503 Service Not Available</h1>  </body> </html> [00;33m{{(pid=2043460) _check_rest_api_response /opt/stack/cinder/cinder/volume/drivers/hitachi/hbsd_rest_api.py:469}}[00m
2026-10-06 13:26:39.113 2043460 DEBUG cinder.volume.drivers.hitachi.hbsd_rest_api [req-07c073b4-7bb4-4de6-b0de-803968aa596a - - - - - -] ERROR <?xml version="1.0" encoding="iso-8859-1"?> <!DOCTYPE html PUBLIC "-//W3C//DTD XHTML 1.0 Transitional//EN"          "http://www.w3.org/TR/xhtml1/DTD/xhtml1-transitional.dtd"> <html xmlns="http://www.w3.org/1999/xhtml" xml:lang="en" lang="en">  <head>   <title>503 Service Not Available</title>  </head>  <body>   <h1>503 Service Not Available</h1>  </body> </html> [00;33m{{(pid=2043460) _check_rest_api_response /opt/stack/cinder/cinder/volume/drivers/hitachi/hbsd_rest_api.py:469}}[00m
2026-10-06 13:26:44.129 2043460 DEBUG cinder.volume.drivers.hitachi.hbsd_rest_api [req-07c073b4-7bb4-4de6-b0de-803968aa596a - - - - - -] ERROR <?xml version="1.0" encoding="iso-8859-1"?> <!DOCTYPE html PUBLIC "-//W3C//DTD XHTML 1.0 Transitional//EN"          "http://www.w3.org/TR/xhtml1/DTD/xhtml1-transitional.dtd"> <html xmlns="http://www.w3.org/1999/xhtml" xml:lang="en" lang="en">  <head>   <title>503 Service Not Available</title>  </head>  <body>   <h1>503 Service Not Available</h1>  </body> </html> [00;33m{{(pid=2043460) _check_rest_api_response /opt/stack/cinder/cinder/volume/drivers/hitachi/hbsd_rest_api.py:469}}[00m
2026-10-06 13:26:49.130 2043460 DEBUG cinder.volume.drivers.hitachi.hbsd_rest_api [req-07c073b4-7bb4-4de6-b0de-803968aa596a - - - - - -] ERROR <?xml version="1.0" encoding="iso-8859-1"?> <!DOCTYPE html PUBLIC "-//W3C//DTD XHTML 1.0 Transitional//EN"          "http://www.w3.org/TR/xhtml1/DTD/xhtml1-transitional.dtd"> <html xmlns="http://www.w3.org/1999/xhtml" xml:lang="en" lang="en">  <head>   <title>503 Service Not Available</title>  </head>  <body>   <h1>503 Service Not Available</h1>  </body> </html> [00;33m{{(pid=2043460) _check_rest_api_response /opt/stack/cinder/cinder/volume/drivers/hitachi/hbsd_rest_api.py:469}}[00m
2026-10-06 13:26:54.124 2043460 DEBUG cinder.volume.drivers.hitachi.hbsd_rest_api [req-07c073b4-7bb4-4de6-b0de-803968aa596a - - - - - -] ERROR <?xml version="1.0" encoding="iso-8859-1"?> <!DOCTYPE html PUBLIC "-//W3C//DTD XHTML 1.0 Transitional//EN"          "http://www.w3.org/TR/xhtml1/DTD/xhtml1-transitional.dtd"> <html xmlns="http://www.w3.org/1999/xhtml" xml:lang="en" lang="en">  <head>   <title>503 Service Not Available</title>  </head>  <body>   <h1>503 Service Not Available</h1>  </body> </html> [00;33m{{(pid=2043460) _check_rest_api_response /opt/stack/cinder/cinder/volume/drivers/hitachi/hbsd_rest_api.py:469}}[00m
2026-10-06 13:26:59.120 2043460 DEBUG cinder.volume.drivers.hitachi.hbsd_rest_api [req-07c073b4-7bb4-4de6-b0de-803968aa596a - - - - - -] ERROR <?xml version="1.0" encoding="iso-8859-1"?> <!DOCTYPE html PUBLIC "-//W3C//DTD XHTML 1.0 Transitional//EN"          "http://www.w3.org/TR/xhtml1/DTD/xhtml1-transitional.dtd"> <html xmlns="http://www.w3.org/1999/xhtml" xml:lang="en" lang="en">  <head>   <title>503 Service Not Available</title>  </head>  <body>   <h1>503 Service Not Available</h1>  </body> </html> [00;33m{{(pid=2043460) _check_rest_api_response /opt/stack/cinder/cinder/volume/drivers/hitachi/hbsd_rest_api.py:469}}[00m
2026-10-06 13:27:04.119 2043460 DEBUG cinder.volume.drivers.hitachi.hbsd_rest_api [req-07c073b4-7bb4-4de6-b0de-803968aa596a - - - - - -] ERROR <?xml version="1.0" encoding="iso-8859-1"?> <!DOCTYPE html PUBLIC "-//W3C//DTD XHTML 1.0 Transitional//EN"          "http://www.w3.org/TR/xhtml1/DTD/xhtml1-transitional.dtd"> <html xmlns="http://www.w3.org/1999/xhtml" xml:lang="en" lang="en">  <head>   <title>503 Service Not Available</title>  </head>  <body>   <h1>503 Service Not Available</h1>  </body> </html> [00;33m{{(pid=2043460) _check_rest_api_response /opt/stack/cinder/cinder/volume/drivers/hitachi/hbsd_rest_api.py:469}}[00m
2026-10-06 13:27:09.130 2043460 DEBUG cinder.volume.drivers.hitachi.hbsd_rest_api [req-07c073b4-7bb4-4de6-b0de-803968aa596a - - - - - -] ERROR <?xml version="1.0" encoding="iso-8859-1"?> <!DOCTYPE html PUBLIC "-//W3C//DTD XHTML 1.0 Transitional//EN"          "http://www.w3.org/TR/xhtml1/DTD/xhtml1-transitional.dtd"> <html xmlns="http://www.w3.org/1999/xhtml" xml:lang="en" lang="en">  <head>   <title>503 Service Not Available</title>  </head>  <body>   <h1>503 Service Not Available</h1>  </body> </html> [00;33m{{(pid=2043460) _check_rest_api_response /opt/stack/cinder/cinder/volume/drivers/hitachi/hbsd_rest_api.py:469}}[00m
2026-10-06 13:27:14.125 2043460 DEBUG cinder.volume.drivers.hitachi.hbsd_rest_api [req-07c073b4-7bb4-4de6-b0de-803968aa596a - - - - - -] ERROR <?xml version="1.0" encoding="iso-8859-1"?> <!DOCTYPE html PUBLIC "-//W3C//DTD XHTML 1.0 Transitional//EN"          "http://www.w3.org/TR/xhtml1/DTD/xhtml1-transitional.dtd"> <html xmlns="http://www.w3.org/1999/xhtml" xml:lang="en" lang="en">  <head>   <title>503 Service Not Available</title>  </head>  <body>   <h1>503 Service Not Available</h1>  </body> </html> [00;33m{{(pid=2043460) _check_rest_api_response /opt/stack/cinder/cinder/volume/drivers/hitachi/hbsd_rest_api.py:469}}[00m
2026-10-06 13:27:19.132 2043460 DEBUG cinder.volume.drivers.hitachi.hbsd_rest_api [req-07c073b4-7bb4-4de6-b0de-803968aa596a - - - - - -] ERROR <?xml version="1.0" encoding="iso-8859-1"?> <!DOCTYPE html PUBLIC "-//W3C//DTD XHTML 1.0 Transitional//EN"          "http://www.w3.org/TR/xhtml1/DTD/xhtml1-transitional.dtd"> <html xmlns="http://www.w3.org/1999/xhtml" xml:lang="en" lang="en">  <head>   <title>503 Service Not Available</title>  </head>  <body>   <h1>503 Service Not Available</h1>  </body> </html> [00;33m{{(pid=2043460) _check_rest_api_response /opt/stack/cinder/cinder/volume/drivers/hitachi/hbsd_rest_api.py:469}}[00m
2026-10-06 13:27:24.138 2043460 DEBUG cinder.volume.drivers.hitachi.hbsd_rest_api [req-07c073b4-7bb4-4de6-b0de-803968aa596a - - - - - -] ERROR <?xml version="1.0" encoding="iso-8859-1"?> <!DOCTYPE html PUBLIC "-//W3C//DTD XHTML 1.0 Transitional//EN"          "http://www.w3.org/TR/xhtml1/DTD/xhtml1-transitional.dtd"> <html xmlns="http://www.w3.org/1999/xhtml" xml:lang="en" lang="en">  <head>   <title>503 Service Not Available</title>  </head>  <body>   <h1>503 Service Not Available</h1>  </body> </html> [00;33m{{(pid=2043460) _check_rest_api_response /opt/stack/cinder/cinder/volume/drivers/hitachi/hbsd_rest_api.py:469}}[00m
2026-10-06 13:27:29.125 2043460 DEBUG cinder.volume.drivers.hitachi.hbsd_rest_api [req-07c073b4-7bb4-4de6-b0de-803968aa596a - - - - - -] ERROR <?xml version="1.0" encoding="iso-8859-1"?> <!DOCTYPE html PUBLIC "-//W3C//DTD XHTML 1.0 Transitional//EN"          "http://www.w3.org/TR/xhtml1/DTD/xhtml1-transitional.dtd"> <html xmlns="http://www.w3.org/1999/xhtml" xml:lang="en" lang="en">  <head>   <title>503 Service Not Available</title>  </head>  <body>   <h1>503 Service Not Available</h1>  </body> </html> [00;33m{{(pid=2043460) _check_rest_api_response /opt/stack/cinder/cinder/volume/drivers/hitachi/hbsd_rest_api.py:469}}[00m
2026-10-06 13:27:34.127 2043460 DEBUG cinder.volume.drivers.hitachi.hbsd_rest_api [req-07c073b4-7bb4-4de6-b0de-803968aa596a - - - - - -] ERROR <?xml version="1.0" encoding="iso-8859-1"?> <!DOCTYPE html PUBLIC "-//W3C//DTD XHTML 1.0 Transitional//EN"          "http://www.w3.org/TR/xhtml1/DTD/xhtml1-transitional.dtd"> <html xmlns="http://www.w3.org/1999/xhtml" xml:lang="en" lang="en">  <head>   <title>503 Service Not Available</title>  </head>  <body>   <h1>503 Service Not Available</h1>  </body> </html> [00;33m{{(pid=2043460) _check_rest_api_response /opt/stack/cinder/cinder/volume/drivers/hitachi/hbsd_rest_api.py:469}}[00m
2026-10-06 13:27:39.130 2043460 DEBUG cinder.volume.drivers.hitachi.hbsd_rest_api [req-07c073b4-7bb4-4de6-b0de-803968aa596a - - - - - -] ERROR <?xml version="1.0" encoding="iso-8859-1"?> <!DOCTYPE html PUBLIC "-//W3C//DTD XHTML 1.0 Transitional//EN"          "http://www.w3.org/TR/xhtml1/DTD/xhtml1-transitional.dtd"> <html xmlns="http://www.w3.org/1999/xhtml" xml:lang="en" lang="en">  <head>   <title>503 Service Not Available</title>  </head>  <body>   <h1>503 Service Not Available</h1>  </body> </html> [00;33m{{(pid=2043460) _check_rest_api_response /opt/stack/cinder/cinder/volume/drivers/hitachi/hbsd_rest_api.py:469}}[00m
2026-10-06 13:27:44.128 2043460 DEBUG cinder.volume.drivers.hitachi.hbsd_rest_api [req-07c073b4-7bb4-4de6-b0de-803968aa596a - - - - - -] ERROR <?xml version="1.0" encoding="iso-8859-1"?> <!DOCTYPE html PUBLIC "-//W3C//DTD XHTML 1.0 Transitional//EN"          "http://www.w3.org/TR/xhtml1/DTD/xhtml1-transitional.dtd"> <html xmlns="http://www.w3.org/1999/xhtml" xml:lang="en" lang="en">  <head>   <title>503 Service Not Available</title>  </head>  <body>   <h1>503 Service Not Available</h1>  </body> </html> [00;33m{{(pid=2043460) _check_rest_api_response /opt/stack/cinder/cinder/volume/drivers/hitachi/hbsd_rest_api.py:469}}[00m
2026-10-06 13:27:49.131 2043460 DEBUG cinder.volume.drivers.hitachi.hbsd_rest_api [req-07c073b4-7bb4-4de6-b0de-803968aa596a - - - - - -] ERROR <?xml version="1.0" encoding="iso-8859-1"?> <!DOCTYPE html PUBLIC "-//W3C//DTD XHTML 1.0 Transitional//EN"          "http://www.w3.org/TR/xhtml1/DTD/xhtml1-transitional.dtd"> <html xmlns="http://www.w3.org/1999/xhtml" xml:lang="en" lang="en">  <head>   <title>503 Service Not Available</title>  </head>  <body>   <h1>503 Service Not Available</h1>  </body> </html> [00;33m{{(pid=2043460) _check_rest_api_response /opt/stack/cinder/cinder/volume/drivers/hitachi/hbsd_rest_api.py:469}}[00m
2026-10-06 13:27:54.130 2043460 DEBUG cinder.volume.drivers.hitachi.hbsd_rest_api [req-07c073b4-7bb4-4de6-b0de-803968aa596a - - - - - -] ERROR <?xml version="1.0" encoding="iso-8859-1"?> <!DOCTYPE html PUBLIC "-//W3C//DTD XHTML 1.0 Transitional//EN"          "http://www.w3.org/TR/xhtml1/DTD/xhtml1-transitional.dtd"> <html xmlns="http://www.w3.org/1999/xhtml" xml:lang="en" lang="en">  <head>   <title>503 Service Not Available</title>  </head>  <body>   <h1>503 Service Not Available</h1>  </body> </html> [00;33m{{(pid=2043460) _check_rest_api_response /opt/stack/cinder/cinder/volume/drivers/hitachi/hbsd_rest_api.py:469}}[00m
2026-10-06 13:27:59.133 2043460 DEBUG cinder.volume.drivers.hitachi.hbsd_rest_api [req-07c073b4-7bb4-4de6-b0de-803968aa596a - - - - - -] ERROR <?xml version="1.0" encoding="iso-8859-1"?> <!DOCTYPE html PUBLIC "-//W3C//DTD XHTML 1.0 Transitional//EN"          "http://www.w3.org/TR/xhtml1/DTD/xhtml1-transitional.dtd"> <html xmlns="http://www.w3.org/1999/xhtml" xml:lang="en" lang="en">  <head>   <title>503 Service Not Available</title>  </head>  <body>   <h1>503 Service Not Available</h1>  </body> </html> [00;33m{{(pid=2043460) _check_rest_api_response /opt/stack/cinder/cinder/volume/drivers/hitachi/hbsd_rest_api.py:469}}[00m
2026-10-06 13:28:04.137 2043460 DEBUG cinder.volume.drivers.hitachi.hbsd_rest_api [req-07c073b4-7bb4-4de6-b0de-803968aa596a - - - - - -] ERROR <?xml version="1.0" encoding="iso-8859-1"?> <!DOCTYPE html PUBLIC "-//W3C//DTD XHTML 1.0 Transitional//EN"          "http://www.w3.org/TR/xhtml1/DTD/xhtml1-transitional.dtd"> <html xmlns="http://www.w3.org/1999/xhtml" xml:lang="en" lang="en">  <head>   <title>503 Service Not Available</title>  </head>  <body>   <h1>503 Service Not Available</h1>  </body> </html> [00;33m{{(pid=2043460) _check_rest_api_response /opt/stack/cinder/cinder/volume/drivers/hitachi/hbsd_rest_api.py:469}}[00m
2026-10-06 13:28:09.137 2043460 DEBUG cinder.volume.drivers.hitachi.hbsd_rest_api [req-07c073b4-7bb4-4de6-b0de-803968aa596a - - - - - -] ERROR <?xml version="1.0" encoding="iso-8859-1"?> <!DOCTYPE html PUBLIC "-//W3C//DTD XHTML 1.0 Transitional//EN"          "http://www.w3.org/TR/xhtml1/DTD/xhtml1-transitional.dtd"> <html xmlns="http://www.w3.org/1999/xhtml" xml:lang="en" lang="en">  <head>   <title>503 Service Not Available</title>  </head>  <body>   <h1>503 Service Not Available</h1>  </body> </html> [00;33m{{(pid=2043460) _check_rest_api_response /opt/stack/cinder/cinder/volume/drivers/hitachi/hbsd_rest_api.py:469}}[00m
2026-10-06 13:28:14.138 2043460 DEBUG cinder.volume.drivers.hitachi.hbsd_rest_api [req-07c073b4-7bb4-4de6-b0de-803968aa596a - - - - - -] ERROR <?xml version="1.0" encoding="iso-8859-1"?> <!DOCTYPE html PUBLIC "-//W3C//DTD XHTML 1.0 Transitional//EN"          "http://www.w3.org/TR/xhtml1/DTD/xhtml1-transitional.dtd"> <html xmlns="http://www.w3.org/1999/xhtml" xml:lang="en" lang="en">  <head>   <title>503 Service Not Available</title>  </head>  <body>   <h1>503 Service Not Available</h1>  </body> </html> [00;33m{{(pid=2043460) _check_rest_api_response /opt/stack/cinder/cinder/volume/drivers/hitachi/hbsd_rest_api.py:469}}[00m
2026-10-06 13:28:19.155 2043460 DEBUG cinder.volume.drivers.hitachi.hbsd_rest_api [req-07c073b4-7bb4-4de6-b0de-803968aa596a - - - - - -] ERROR <?xml version="1.0" encoding="iso-8859-1"?> <!DOCTYPE html PUBLIC "-//W3C//DTD XHTML 1.0 Transitional//EN"          "http://www.w3.org/TR/xhtml1/DTD/xhtml1-transitional.dtd"> <html xmlns="http://www.w3.org/1999/xhtml" xml:lang="en" lang="en">  <head>   <title>503 Service Not Available</title>  </head>  <body>   <h1>503 Service Not Available</h1>  </body> </html> [00;33m{{(pid=2043460) _check_rest_api_response /opt/stack/cinder/cinder/volume/drivers/hitachi/hbsd_rest_api.py:469}}[00m
2026-10-06 13:28:24.137 2043460 DEBUG cinder.volume.drivers.hitachi.hbsd_rest_api [req-07c073b4-7bb4-4de6-b0de-803968aa596a - - - - - -] ERROR <?xml version="1.0" encoding="iso-8859-1"?> <!DOCTYPE html PUBLIC "-//W3C//DTD XHTML 1.0 Transitional//EN"          "http://www.w3.org/TR/xhtml1/DTD/xhtml1-transitional.dtd"> <html xmlns="http://www.w3.org/1999/xhtml" xml:lang="en" lang="en">  <head>   <title>503 Service Not Available</title>  </head>  <body>   <h1>503 Service Not Available</h1>  </body> </html> [00;33m{{(pid=2043460) _check_rest_api_response /opt/stack/cinder/cinder/volume/drivers/hitachi/hbsd_rest_api.py:469}}[00m
2026-10-06 13:28:29.147 2043460 DEBUG cinder.volume.drivers.hitachi.hbsd_rest_api [req-07c073b4-7bb4-4de6-b0de-803968aa596a - - - - - -] ERROR <?xml version="1.0" encoding="iso-8859-1"?> <!DOCTYPE html PUBLIC "-//W3C//DTD XHTML 1.0 Transitional//EN"          "http://www.w3.org/TR/xhtml1/DTD/xhtml1-transitional.dtd"> <html xmlns="http://www.w3.org/1999/xhtml" xml:lang="en" lang="en">  <head>   <title>503 Service Not Available</title>  </head>  <body>   <h1>503 Service Not Available</h1>  </body> </html> [00;33m{{(pid=2043460) _check_rest_api_response /opt/stack/cinder/cinder/volume/drivers/hitachi/hbsd_rest_api.py:469}}[00m
2026-10-06 13:28:34.147 2043460 DEBUG cinder.volume.drivers.hitachi.hbsd_rest_api [req-07c073b4-7bb4-4de6-b0de-803968aa596a - - - - - -] ERROR <?xml version="1.0" encoding="iso-8859-1"?> <!DOCTYPE html PUBLIC "-//W3C//DTD XHTML 1.0 Transitional//EN"          "http://www.w3.org/TR/xhtml1/DTD/xhtml1-transitional.dtd"> <html xmlns="http://www.w3.org/1999/xhtml" xml:lang="en" lang="en">  <head>   <title>503 Service Not Available</title>  </head>  <body>   <h1>503 Service Not Available</h1>  </body> </html> [00;33m{{(pid=2043460) _check_rest_api_response /opt/stack/cinder/cinder/volume/drivers/hitachi/hbsd_rest_api.py:469}}[00m
2026-10-06 13:28:39.144 2043460 DEBUG cinder.volume.drivers.hitachi.hbsd_rest_api [req-07c073b4-7bb4-4de6-b0de-803968aa596a - - - - - -] ERROR <?xml version="1.0" encoding="iso-8859-1"?> <!DOCTYPE html PUBLIC "-//W3C//DTD XHTML 1.0 Transitional//EN"          "http://www.w3.org/TR/xhtml1/DTD/xhtml1-transitional.dtd"> <html xmlns="http://www.w3.org/1999/xhtml" xml:lang="en" lang="en">  <head>   <title>503 Service Not Available</title>  </head>  <body>   <h1>503 Service Not Available</h1>  </body> </html> [00;33m{{(pid=2043460) _check_rest_api_response /opt/stack/cinder/cinder/volume/drivers/hitachi/hbsd_rest_api.py:469}}[00m
2026-10-06 13:28:44.148 2043460 DEBUG cinder.volume.drivers.hitachi.hbsd_rest_api [req-07c073b4-7bb4-4de6-b0de-803968aa596a - - - - - -] ERROR <?xml version="1.0" encoding="iso-8859-1"?> <!DOCTYPE html PUBLIC "-//W3C//DTD XHTML 1.0 Transitional//EN"          "http://www.w3.org/TR/xhtml1/DTD/xhtml1-transitional.dtd"> <html xmlns="http://www.w3.org/1999/xhtml" xml:lang="en" lang="en">  <head>   <title>503 Service Not Available</title>  </head>  <body>   <h1>503 Service Not Available</h1>  </body> </html> [00;33m{{(pid=2043460) _check_rest_api_response /opt/stack/cinder/cinder/volume/drivers/hitachi/hbsd_rest_api.py:469}}[00m
2026-10-06 13:28:49.145 2043460 DEBUG cinder.volume.drivers.hitachi.hbsd_rest_api [req-07c073b4-7bb4-4de6-b0de-803968aa596a - - - - - -] ERROR <?xml version="1.0" encoding="iso-8859-1"?> <!DOCTYPE html PUBLIC "-//W3C//DTD XHTML 1.0 Transitional//EN"          "http://www.w3.org/TR/xhtml1/DTD/xhtml1-transitional.dtd"> <html xmlns="http://www.w3.org/1999/xhtml" xml:lang="en" lang="en">  <head>   <title>503 Service Not Available</title>  </head>  <body>   <h1>503 Service Not Available</h1>  </body> </html> [00;33m{{(pid=2043460) _check_rest_api_response /opt/stack/cinder/cinder/volume/drivers/hitachi/hbsd_rest_api.py:469}}[00m
2026-10-06 13:28:54.155 2043460 DEBUG cinder.volume.drivers.hitachi.hbsd_rest_api [req-07c073b4-7bb4-4de6-b0de-803968aa596a - - - - - -] ERROR <?xml version="1.0" encoding="iso-8859-1"?> <!DOCTYPE html PUBLIC "-//W3C//DTD XHTML 1.0 Transitional//EN"          "http://www.w3.org/TR/xhtml1/DTD/xhtml1-transitional.dtd"> <html xmlns="http://www.w3.org/1999/xhtml" xml:lang="en" lang="en">  <head>   <title>503 Service Not Available</title>  </head>  <body>   <h1>503 Service Not Available</h1>  </body> </html> [00;33m{{(pid=2043460) _check_rest_api_response /opt/stack/cinder/cinder/volume/drivers/hitachi/hbsd_rest_api.py:469}}[00m
2026-10-06 13:28:59.146 2043460 DEBUG cinder.volume.drivers.hitachi.hbsd_rest_api [req-07c073b4-7bb4-4de6-b0de-803968aa596a - - - - - -] ERROR <?xml version="1.0" encoding="iso-8859-1"?> <!DOCTYPE html PUBLIC "-//W3C//DTD XHTML 1.0 Transitional//EN"          "http://www.w3.org/TR/xhtml1/DTD/xhtml1-transitional.dtd"> <html xmlns="http://www.w3.org/1999/xhtml" xml:lang="en" lang="en">  <head>   <title>503 Service Not Available</title>  </head>  <body>   <h1>503 Service Not Available</h1>  </body> </html> [00;33m{{(pid=2043460) _check_rest_api_response /opt/stack/cinder/cinder/volume/drivers/hitachi/hbsd_rest_api.py:469}}[00m
2026-10-06 13:29:04.154 2043460 DEBUG cinder.volume.drivers.hitachi.hbsd_rest_api [req-07c073b4-7bb4-4de6-b0de-803968aa596a - - - - - -] ERROR <?xml version="1.0" encoding="iso-8859-1"?> <!DOCTYPE html PUBLIC "-//W3C//DTD XHTML 1.0 Transitional//EN"          "http://www.w3.org/TR/xhtml1/DTD/xhtml1-transitional.dtd"> <html xmlns="http://www.w3.org/1999/xhtml" xml:lang="en" lang="en">  <head>   <title>503 Service Not Available</title>  </head>  <body>   <h1>503 Service Not Available</h1>  </body> </html> [00;33m{{(pid=2043460) _check_rest_api_response /opt/stack/cinder/cinder/volume/drivers/hitachi/hbsd_rest_api.py:469}}[00m
2026-10-06 13:29:09.188 2043460 DEBUG cinder.volume.drivers.hitachi.hbsd_rest_api [req-07c073b4-7bb4-4de6-b0de-803968aa596a - - - - - -] ERROR <?xml version="1.0" encoding="iso-8859-1"?> <!DOCTYPE html PUBLIC "-//W3C//DTD XHTML 1.0 Transitional//EN"          "http://www.w3.org/TR/xhtml1/DTD/xhtml1-transitional.dtd"> <html xmlns="http://www.w3.org/1999/xhtml" xml:lang="en" lang="en">  <head>   <title>503 Service Not Available</title>  </head>  <body>   <h1>503 Service Not Available</h1>  </body> </html> [00;33m{{(pid=2043460) _check_rest_api_response /opt/stack/cinder/cinder/volume/drivers/hitachi/hbsd_rest_api.py:469}}[00m
2026-10-06 13:29:14.178 2043460 DEBUG cinder.volume.drivers.hitachi.hbsd_rest_api [req-07c073b4-7bb4-4de6-b0de-803968aa596a - - - - - -] ERROR <?xml version="1.0" encoding="iso-8859-1"?> <!DOCTYPE html PUBLIC "-//W3C//DTD XHTML 1.0 Transitional//EN"          "http://www.w3.org/TR/xhtml1/DTD/xhtml1-transitional.dtd"> <html xmlns="http://www.w3.org/1999/xhtml" xml:lang="en" lang="en">  <head>   <title>503 Service Not Available</title>  </head>  <body>   <h1>503 Service Not Available</h1>  </body> </html> [00;33m{{(pid=2043460) _check_rest_api_response /opt/stack/cinder/cinder/volume/drivers/hitachi/hbsd_rest_api.py:469}}[00m
2026-10-06 13:29:19.152 2043460 DEBUG cinder.volume.drivers.hitachi.hbsd_rest_api [req-07c073b4-7bb4-4de6-b0de-803968aa596a - - - - - -] ERROR <?xml version="1.0" encoding="iso-8859-1"?> <!DOCTYPE html PUBLIC "-//W3C//DTD XHTML 1.0 Transitional//EN"          "http://www.w3.org/TR/xhtml1/DTD/xhtml1-transitional.dtd"> <html xmlns="http://www.w3.org/1999/xhtml" xml:lang="en" lang="en">  <head>   <title>503 Service Not Available</title>  </head>  <body>   <h1>503 Service Not Available</h1>  </body> </html> [00;33m{{(pid=2043460) _check_rest_api_response /opt/stack/cinder/cinder/volume/drivers/hitachi/hbsd_rest_api.py:469}}[00m
2026-10-06 13:29:24.157 2043460 DEBUG cinder.volume.drivers.hitachi.hbsd_rest_api [req-07c073b4-7bb4-4de6-b0de-803968aa596a - - - - - -] ERROR <?xml version="1.0" encoding="iso-8859-1"?> <!DOCTYPE html PUBLIC "-//W3C//DTD XHTML 1.0 Transitional//EN"          "http://www.w3.org/TR/xhtml1/DTD/xhtml1-transitional.dtd"> <html xmlns="http://www.w3.org/1999/xhtml" xml:lang="en" lang="en">  <head>   <title>503 Service Not Available</title>  </head>  <body>   <h1>503 Service Not Available</h1>  </body> </html> [00;33m{{(pid=2043460) _check_rest_api_response /opt/stack/cinder/cinder/volume/drivers/hitachi/hbsd_rest_api.py:469}}[00m
2026-10-06 13:29:29.160 2043460 DEBUG cinder.volume.drivers.hitachi.hbsd_rest_api [req-07c073b4-7bb4-4de6-b0de-803968aa596a - - - - - -] ERROR <?xml version="1.0" encoding="iso-8859-1"?> <!DOCTYPE html PUBLIC "-//W3C//DTD XHTML 1.0 Transitional//EN"          "http://www.w3.org/TR/xhtml1/DTD/xhtml1-transitional.dtd"> <html xmlns="http://www.w3.org/1999/xhtml" xml:lang="en" lang="en">  <head>   <title>503 Service Not Available</title>  </head>  <body>   <h1>503 Service Not Available</h1>  </body> </html> [00;33m{{(pid=2043460) _check_rest_api_response /opt/stack/cinder/cinder/volume/drivers/hitachi/hbsd_rest_api.py:469}}[00m
2026-10-06 13:29:34.168 2043460 DEBUG cinder.volume.drivers.hitachi.hbsd_rest_api [req-07c073b4-7bb4-4de6-b0de-803968aa596a - - - - - -] ERROR <?xml version="1.0" encoding="iso-8859-1"?> <!DOCTYPE html PUBLIC "-//W3C//DTD XHTML 1.0 Transitional//EN"          "http://www.w3.org/TR/xhtml1/DTD/xhtml1-transitional.dtd"> <html xmlns="http://www.w3.org/1999/xhtml" xml:lang="en" lang="en">  <head>   <title>503 Service Not Available</title>  </head>  <body>   <h1>503 Service Not Available</h1>  </body> </html> [00;33m{{(pid=2043460) _check_rest_api_response /opt/stack/cinder/cinder/volume/drivers/hitachi/hbsd_rest_api.py:469}}[00m
2026-10-06 13:29:39.160 2043460 DEBUG cinder.volume.drivers.hitachi.hbsd_rest_api [req-07c073b4-7bb4-4de6-b0de-803968aa596a - - - - - -] ERROR <?xml version="1.0" encoding="iso-8859-1"?> <!DOCTYPE html PUBLIC "-//W3C//DTD XHTML 1.0 Transitional//EN"          "http://www.w3.org/TR/xhtml1/DTD/xhtml1-transitional.dtd"> <html xmlns="http://www.w3.org/1999/xhtml" xml:lang="en" lang="en">  <head>   <title>503 Service Not Available</title>  </head>  <body>   <h1>503 Service Not Available</h1>  </body> </html> [00;33m{{(pid=2043460) _check_rest_api_response /opt/stack/cinder/cinder/volume/drivers/hitachi/hbsd_rest_api.py:469}}[00m
2026-10-06 13:29:44.164 2043460 DEBUG cinder.volume.drivers.hitachi.hbsd_rest_api [req-07c073b4-7bb4-4de6-b0de-803968aa596a - - - - - -] ERROR <?xml version="1.0" encoding="iso-8859-1"?> <!DOCTYPE html PUBLIC "-//W3C//DTD XHTML 1.0 Transitional//EN"          "http://www.w3.org/TR/xhtml1/DTD/xhtml1-transitional.dtd"> <html xmlns="http://www.w3.org/1999/xhtml" xml:lang="en" lang="en">  <head>   <title>503 Service Not Available</title>  </head>  <body>   <h1>503 Service Not Available</h1>  </body> </html> [00;33m{{(pid=2043460) _check_rest_api_response /opt/stack/cinder/cinder/volume/drivers/hitachi/hbsd_rest_api.py:469}}[00m
2026-10-06 13:29:49.169 2043460 DEBUG cinder.volume.drivers.hitachi.hbsd_rest_api [req-07c073b4-7bb4-4de6-b0de-803968aa596a - - - - - -] ERROR <?xml version="1.0" encoding="iso-8859-1"?> <!DOCTYPE html PUBLIC "-//W3C//DTD XHTML 1.0 Transitional//EN"          "http://www.w3.org/TR/xhtml1/DTD/xhtml1-transitional.dtd"> <html xmlns="http://www.w3.org/1999/xhtml" xml:lang="en" lang="en">  <head>   <title>503 Service Not Available</title>  </head>  <body>   <h1>503 Service Not Available</h1>  </body> </html> [00;33m{{(pid=2043460) _check_rest_api_response /opt/stack/cinder/cinder/volume/drivers/hitachi/hbsd_rest_api.py:469}}[00m
2026-10-06 13:29:54.161 2043460 DEBUG cinder.volume.drivers.hitachi.hbsd_rest_api [req-07c073b4-7bb4-4de6-b0de-803968aa596a - - - - - -] ERROR <?xml version="1.0" encoding="iso-8859-1"?> <!DOCTYPE html PUBLIC "-//W3C//DTD XHTML 1.0 Transitional//EN"          "http://www.w3.org/TR/xhtml1/DTD/xhtml1-transitional.dtd"> <html xmlns="http://www.w3.org/1999/xhtml" xml:lang="en" lang="en">  <head>   <title>503 Service Not Available</title>  </head>  <body>   <h1>503 Service Not Available</h1>  </body> </html> [00;33m{{(pid=2043460) _check_rest_api_response /opt/stack/cinder/cinder/volume/drivers/hitachi/hbsd_rest_api.py:469}}[00m
2026-10-06 13:29:59.161 2043460 DEBUG cinder.volume.drivers.hitachi.hbsd_rest_api [req-07c073b4-7bb4-4de6-b0de-803968aa596a - - - - - -] ERROR <?xml version="1.0" encoding="iso-8859-1"?> <!DOCTYPE html PUBLIC "-//W3C//DTD XHTML 1.0 Transitional//EN"          "http://www.w3.org/TR/xhtml1/DTD/xhtml1-transitional.dtd"> <html xmlns="http://www.w3.org/1999/xhtml" xml:lang="en" lang="en">  <head>   <title>503 Service Not Available</title>  </head>  <body>   <h1>503 Service Not Available</h1>  </body> </html> [00;33m{{(pid=2043460) _check_rest_api_response /opt/stack/cinder/cinder/volume/drivers/hitachi/hbsd_rest_api.py:469}}[00m
2026-10-06 13:30:04.165 2043460 DEBUG cinder.volume.drivers.hitachi.hbsd_rest_api [req-07c073b4-7bb4-4de6-b0de-803968aa596a - - - - - -] ERROR <?xml version="1.0" encoding="iso-8859-1"?> <!DOCTYPE html PUBLIC "-//W3C//DTD XHTML 1.0 Transitional//EN"          "http://www.w3.org/TR/xhtml1/DTD/xhtml1-transitional.dtd"> <html xmlns="http://www.w3.org/1999/xhtml" xml:lang="en" lang="en">  <head>   <title>503 Service Not Available</title>  </head>  <body>   <h1>503 Service Not Available</h1>  </body> </html> [00;33m{{(pid=2043460) _check_rest_api_response /opt/stack/cinder/cinder/volume/drivers/hitachi/hbsd_rest_api.py:469}}[00m
2026-10-06 13:30:09.164 2043460 DEBUG cinder.volume.drivers.hitachi.hbsd_rest_api [req-07c073b4-7bb4-4de6-b0de-803968aa596a - - - - - -] ERROR <?xml version="1.0" encoding="iso-8859-1"?> <!DOCTYPE html PUBLIC "-//W3C//DTD XHTML 1.0 Transitional//EN"          "http://www.w3.org/TR/xhtml1/DTD/xhtml1-transitional.dtd"> <html xmlns="http://www.w3.org/1999/xhtml" xml:lang="en" lang="en">  <head>   <title>503 Service Not Available</title>  </head>  <body>   <h1>503 Service Not Available</h1>  </body> </html> [00;33m{{(pid=2043460) _check_rest_api_response /opt/stack/cinder/cinder/volume/drivers/hitachi/hbsd_rest_api.py:469}}[00m
2026-10-06 13:30:14.168 2043460 DEBUG cinder.volume.drivers.hitachi.hbsd_rest_api [req-07c073b4-7bb4-4de6-b0de-803968aa596a - - - - - -] ERROR <?xml version="1.0" encoding="iso-8859-1"?> <!DOCTYPE html PUBLIC "-//W3C//DTD XHTML 1.0 Transitional//EN"          "http://www.w3.org/TR/xhtml1/DTD/xhtml1-transitional.dtd"> <html xmlns="http://www.w3.org/1999/xhtml" xml:lang="en" lang="en">  <head>   <title>503 Service Not Available</title>  </head>  <body>   <h1>503 Service Not Available</h1>  </body> </html> [00;33m{{(pid=2043460) _check_rest_api_response /opt/stack/cinder/cinder/volume/drivers/hitachi/hbsd_rest_api.py:469}}[00m
2026-10-06 13:30:19.170 2043460 DEBUG cinder.volume.drivers.hitachi.hbsd_rest_api [req-07c073b4-7bb4-4de6-b0de-803968aa596a - - - - - -] ERROR <?xml version="1.0" encoding="iso-8859-1"?> <!DOCTYPE html PUBLIC "-//W3C//DTD XHTML 1.0 Transitional//EN"          "http://www.w3.org/TR/xhtml1/DTD/xhtml1-transitional.dtd"> <html xmlns="http://www.w3.org/1999/xhtml" xml:lang="en" lang="en">  <head>   <title>503 Service Not Available</title>  </head>  <body>   <h1>503 Service Not Available</h1>  </body> </html> [00;33m{{(pid=2043460) _check_rest_api_response /opt/stack/cinder/cinder/volume/drivers/hitachi/hbsd_rest_api.py:469}}[00m
2026-10-06 13:30:24.179 2043460 DEBUG cinder.volume.drivers.hitachi.hbsd_rest_api [req-07c073b4-7bb4-4de6-b0de-803968aa596a - - - - - -] ERROR <?xml version="1.0" encoding="iso-8859-1"?> <!DOCTYPE html PUBLIC "-//W3C//DTD XHTML 1.0 Transitional//EN"          "http://www.w3.org/TR/xhtml1/DTD/xhtml1-transitional.dtd"> <html xmlns="http://www.w3.org/1999/xhtml" xml:lang="en" lang="en">  <head>   <title>503 Service Not Available</title>  </head>  <body>   <h1>503 Service Not Available</h1>  </body> </html> [00;33m{{(pid=2043460) _check_rest_api_response /opt/stack/cinder/cinder/volume/drivers/hitachi/hbsd_rest_api.py:469}}[00m
2026-10-06 13:30:29.187 2043460 DEBUG cinder.volume.drivers.hitachi.hbsd_rest_api [req-07c073b4-7bb4-4de6-b0de-803968aa596a - - - - - -] ERROR <?xml version="1.0" encoding="iso-8859-1"?> <!DOCTYPE html PUBLIC "-//W3C//DTD XHTML 1.0 Transitional//EN"          "http://www.w3.org/TR/xhtml1/DTD/xhtml1-transitional.dtd"> <html xmlns="http://www.w3.org/1999/xhtml" xml:lang="en" lang="en">  <head>   <title>503 Service Not Available</title>  </head>  <body>   <h1>503 Service Not Available</h1>  </body> </html> [00;33m{{(pid=2043460) _check_rest_api_response /opt/stack/cinder/cinder/volume/drivers/hitachi/hbsd_rest_api.py:469}}[00m
2026-10-06 13:30:34.172 2043460 DEBUG cinder.volume.drivers.hitachi.hbsd_rest_api [req-07c073b4-7bb4-4de6-b0de-803968aa596a - - - - - -] ERROR <?xml version="1.0" encoding="iso-8859-1"?> <!DOCTYPE html PUBLIC "-//W3C//DTD XHTML 1.0 Transitional//EN"          "http://www.w3.org/TR/xhtml1/DTD/xhtml1-transitional.dtd"> <html xmlns="http://www.w3.org/1999/xhtml" xml:lang="en" lang="en">  <head>   <title>503 Service Not Available</title>  </head>  <body>   <h1>503 Service Not Available</h1>  </body> </html> [00;33m{{(pid=2043460) _check_rest_api_response /opt/stack/cinder/cinder/volume/drivers/hitachi/hbsd_rest_api.py:469}}[00m
2026-10-06 13:30:39.176 2043460 DEBUG cinder.volume.drivers.hitachi.hbsd_rest_api [req-07c073b4-7bb4-4de6-b0de-803968aa596a - - - - - -] ERROR <?xml version="1.0" encoding="iso-8859-1"?> <!DOCTYPE html PUBLIC "-//W3C//DTD XHTML 1.0 Transitional//EN"          "http://www.w3.org/TR/xhtml1/DTD/xhtml1-transitional.dtd"> <html xmlns="http://www.w3.org/1999/xhtml" xml:lang="en" lang="en">  <head>   <title>503 Service Not Available</title>  </head>  <body>   <h1>503 Service Not Available</h1>  </body> </html> [00;33m{{(pid=2043460) _check_rest_api_response /opt/stack/cinder/cinder/volume/drivers/hitachi/hbsd_rest_api.py:469}}[00m
2026-10-06 13:30:44.174 2043460 DEBUG cinder.volume.drivers.hitachi.hbsd_rest_api [req-07c073b4-7bb4-4de6-b0de-803968aa596a - - - - - -] ERROR <?xml version="1.0" encoding="iso-8859-1"?> <!DOCTYPE html PUBLIC "-//W3C//DTD XHTML 1.0 Transitional//EN"          "http://www.w3.org/TR/xhtml1/DTD/xhtml1-transitional.dtd"> <html xmlns="http://www.w3.org/1999/xhtml" xml:lang="en" lang="en">  <head>   <title>503 Service Not Available</title>  </head>  <body>   <h1>503 Service Not Available</h1>  </body> </html> [00;33m{{(pid=2043460) _check_rest_api_response /opt/stack/cinder/cinder/volume/drivers/hitachi/hbsd_rest_api.py:469}}[00m
2026-10-06 13:30:49.178 2043460 DEBUG cinder.volume.drivers.hitachi.hbsd_rest_api [req-07c073b4-7bb4-4de6-b0de-803968aa596a - - - - - -] ERROR <?xml version="1.0" encoding="iso-8859-1"?> <!DOCTYPE html PUBLIC "-//W3C//DTD XHTML 1.0 Transitional//EN"          "http://www.w3.org/TR/xhtml1/DTD/xhtml1-transitional.dtd"> <html xmlns="http://www.w3.org/1999/xhtml" xml:lang="en" lang="en">  <head>   <title>503 Service Not Available</title>  </head>  <body>   <h1>503 Service Not Available</h1>  </body> </html> [00;33m{{(pid=2043460) _check_rest_api_response /opt/stack/cinder/cinder/volume/drivers/hitachi/hbsd_rest_api.py:469}}[00m
2026-10-06 13:30:54.179 2043460 DEBUG cinder.volume.drivers.hitachi.hbsd_rest_api [req-07c073b4-7bb4-4de6-b0de-803968aa596a - - - - - -] ERROR <?xml version="1.0" encoding="iso-8859-1"?> <!DOCTYPE html PUBLIC "-//W3C//DTD XHTML 1.0 Transitional//EN"          "http://www.w3.org/TR/xhtml1/DTD/xhtml1-transitional.dtd"> <html xmlns="http://www.w3.org/1999/xhtml" xml:lang="en" lang="en">  <head>   <title>503 Service Not Available</title>  </head>  <body>   <h1>503 Service Not Available</h1>  </body> </html> [00;33m{{(pid=2043460) _check_rest_api_response /opt/stack/cinder/cinder/volume/drivers/hitachi/hbsd_rest_api.py:469}}[00m
2026-10-06 13:30:59.199 2043460 DEBUG cinder.volume.drivers.hitachi.hbsd_rest_api [req-07c073b4-7bb4-4de6-b0de-803968aa596a - - - - - -] ERROR <?xml version="1.0" encoding="iso-8859-1"?> <!DOCTYPE html PUBLIC "-//W3C//DTD XHTML 1.0 Transitional//EN"          "http://www.w3.org/TR/xhtml1/DTD/xhtml1-transitional.dtd"> <html xmlns="http://www.w3.org/1999/xhtml" xml:lang="en" lang="en">  <head>   <title>503 Service Not Available</title>  </head>  <body>   <h1>503 Service Not Available</h1>  </body> </html> [00;33m{{(pid=2043460) _check_rest_api_response /opt/stack/cinder/cinder/volume/drivers/hitachi/hbsd_rest_api.py:469}}[00m
2026-10-06 13:31:04.180 2043460 DEBUG cinder.volume.drivers.hitachi.hbsd_rest_api [req-07c073b4-7bb4-4de6-b0de-803968aa596a - - - - - -] ERROR <?xml version="1.0" encoding="iso-8859-1"?> <!DOCTYPE html PUBLIC "-//W3C//DTD XHTML 1.0 Transitional//EN"          "http://www.w3.org/TR/xhtml1/DTD/xhtml1-transitional.dtd"> <html xmlns="http://www.w3.org/1999/xhtml" xml:lang="en" lang="en">  <head>   <title>503 Service Not Available</title>  </head>  <body>   <h1>503 Service Not Available</h1>  </body> </html> [00;33m{{(pid=2043460) _check_rest_api_response /opt/stack/cinder/cinder/volume/drivers/hitachi/hbsd_rest_api.py:469}}[00m
2026-10-06 13:31:09.249 2043460 DEBUG cinder.volume.drivers.hitachi.hbsd_rest_api [req-07c073b4-7bb4-4de6-b0de-803968aa596a - - - - - -] ERROR <?xml version="1.0" encoding="iso-8859-1"?> <!DOCTYPE html PUBLIC "-//W3C//DTD XHTML 1.0 Transitional//EN"          "http://www.w3.org/TR/xhtml1/DTD/xhtml1-transitional.dtd"> <html xmlns="http://www.w3.org/1999/xhtml" xml:lang="en" lang="en">  <head>   <title>503 Service Not Available</title>  </head>  <body>   <h1>503 Service Not Available</h1>  </body> </html> [00;33m{{(pid=2043460) _check_rest_api_response /opt/stack/cinder/cinder/volume/drivers/hitachi/hbsd_rest_api.py:469}}[00m
2026-10-06 13:31:14.183 2043460 DEBUG cinder.volume.drivers.hitachi.hbsd_rest_api [req-07c073b4-7bb4-4de6-b0de-803968aa596a - - - - - -] ERROR <?xml version="1.0" encoding="iso-8859-1"?> <!DOCTYPE html PUBLIC "-//W3C//DTD XHTML 1.0 Transitional//EN"          "http://www.w3.org/TR/xhtml1/DTD/xhtml1-transitional.dtd"> <html xmlns="http://www.w3.org/1999/xhtml" xml:lang="en" lang="en">  <head>   <title>503 Service Not Available</title>  </head>  <body>   <h1>503 Service Not Available</h1>  </body> </html> [00;33m{{(pid=2043460) _check_rest_api_response /opt/stack/cinder/cinder/volume/drivers/hitachi/hbsd_rest_api.py:469}}[00m
2026-10-06 13:31:19.183 2043460 DEBUG cinder.volume.drivers.hitachi.hbsd_rest_api [req-07c073b4-7bb4-4de6-b0de-803968aa596a - - - - - -] ERROR <?xml version="1.0" encoding="iso-8859-1"?> <!DOCTYPE html PUBLIC "-//W3C//DTD XHTML 1.0 Transitional//EN"          "http://www.w3.org/TR/xhtml1/DTD/xhtml1-transitional.dtd"> <html xmlns="http://www.w3.org/1999/xhtml" xml:lang="en" lang="en">  <head>   <title>503 Service Not Available</title>  </head>  <body>   <h1>503 Service Not Available</h1>  </body> </html> [00;33m{{(pid=2043460) _check_rest_api_response /opt/stack/cinder/cinder/volume/drivers/hitachi/hbsd_rest_api.py:469}}[00m
2026-10-06 13:31:24.185 2043460 DEBUG cinder.volume.drivers.hitachi.hbsd_rest_api [req-07c073b4-7bb4-4de6-b0de-803968aa596a - - - - - -] ERROR <?xml version="1.0" encoding="iso-8859-1"?> <!DOCTYPE html PUBLIC "-//W3C//DTD XHTML 1.0 Transitional//EN"          "http://www.w3.org/TR/xhtml1/DTD/xhtml1-transitional.dtd"> <html xmlns="http://www.w3.org/1999/xhtml" xml:lang="en" lang="en">  <head>   <title>503 Service Not Available</title>  </head>  <body>   <h1>503 Service Not Available</h1>  </body> </html> [00;33m{{(pid=2043460) _check_rest_api_response /opt/stack/cinder/cinder/volume/drivers/hitachi/hbsd_rest_api.py:469}}[00m
2026-10-06 13:31:29.184 2043460 DEBUG cinder.volume.drivers.hitachi.hbsd_rest_api [req-07c073b4-7bb4-4de6-b0de-803968aa596a - - - - - -] ERROR <?xml version="1.0" encoding="iso-8859-1"?> <!DOCTYPE html PUBLIC "-//W3C//DTD XHTML 1.0 Transitional//EN"          "http://www.w3.org/TR/xhtml1/DTD/xhtml1-transitional.dtd"> <html xmlns="http://www.w3.org/1999/xhtml" xml:lang="en" lang="en">  <head>   <title>503 Service Not Available</title>  </head>  <body>   <h1>503 Service Not Available</h1>  </body> </html> [00;33m{{(pid=2043460) _check_rest_api_response /opt/stack/cinder/cinder/volume/drivers/hitachi/hbsd_rest_api.py:469}}[00m
2026-10-06 13:31:34.236 2043460 DEBUG cinder.volume.drivers.hitachi.hbsd_rest_api [req-07c073b4-7bb4-4de6-b0de-803968aa596a - - - - - -] ERROR <?xml version="1.0" encoding="iso-8859-1"?> <!DOCTYPE html PUBLIC "-//W3C//DTD XHTML 1.0 Transitional//EN"          "http://www.w3.org/TR/xhtml1/DTD/xhtml1-transitional.dtd"> <html xmlns="http://www.w3.org/1999/xhtml" xml:lang="en" lang="en">  <head>   <title>503 Service Not Available</title>  </head>  <body>   <h1>503 Service Not Available</h1>  </body> </html> [00;33m{{(pid=2043460) _check_rest_api_response /opt/stack/cinder/cinder/volume/drivers/hitachi/hbsd_rest_api.py:469}}[00m
2026-10-06 13:31:39.199 2043460 DEBUG cinder.volume.drivers.hitachi.hbsd_rest_api [req-07c073b4-7bb4-4de6-b0de-803968aa596a - - - - - -] ERROR <?xml version="1.0" encoding="iso-8859-1"?> <!DOCTYPE html PUBLIC "-//W3C//DTD XHTML 1.0 Transitional//EN"          "http://www.w3.org/TR/xhtml1/DTD/xhtml1-transitional.dtd"> <html xmlns="http://www.w3.org/1999/xhtml" xml:lang="en" lang="en">  <head>   <title>503 Service Not Available</title>  </head>  <body>   <h1>503 Service Not Available</h1>  </body> </html> [00;33m{{(pid=2043460) _check_rest_api_response /opt/stack/cinder/cinder/volume/drivers/hitachi/hbsd_rest_api.py:469}}[00m
2026-10-06 13:31:44.214 2043460 DEBUG cinder.volume.drivers.hitachi.hbsd_rest_api [req-07c073b4-7bb4-4de6-b0de-803968aa596a - - - - - -] ERROR <?xml version="1.0" encoding="iso-8859-1"?> <!DOCTYPE html PUBLIC "-//W3C//DTD XHTML 1.0 Transitional//EN"          "http://www.w3.org/TR/xhtml1/DTD/xhtml1-transitional.dtd"> <html xmlns="http://www.w3.org/1999/xhtml" xml:lang="en" lang="en">  <head>   <title>503 Service Not Available</title>  </head>  <body>   <h1>503 Service Not Available</h1>  </body> </html> [00;33m{{(pid=2043460) _check_rest_api_response /opt/stack/cinder/cinder/volume/drivers/hitachi/hbsd_rest_api.py:469}}[00m
2026-10-06 13:31:49.191 2043460 DEBUG cinder.volume.drivers.hitachi.hbsd_rest_api [req-07c073b4-7bb4-4de6-b0de-803968aa596a - - - - - -] ERROR <?xml version="1.0" encoding="iso-8859-1"?> <!DOCTYPE html PUBLIC "-//W3C//DTD XHTML 1.0 Transitional//EN"          "http://www.w3.org/TR/xhtml1/DTD/xhtml1-transitional.dtd"> <html xmlns="http://www.w3.org/1999/xhtml" xml:lang="en" lang="en">  <head>   <title>503 Service Not Available</title>  </head>  <body>   <h1>503 Service Not Available</h1>  </body> </html> [00;33m{{(pid=2043460) _check_rest_api_response /opt/stack/cinder/cinder/volume/drivers/hitachi/hbsd_rest_api.py:469}}[00m
2026-10-06 13:31:54.196 2043460 DEBUG cinder.volume.drivers.hitachi.hbsd_rest_api [req-07c073b4-7bb4-4de6-b0de-803968aa596a - - - - - -] ERROR <?xml version="1.0" encoding="iso-8859-1"?> <!DOCTYPE html PUBLIC "-//W3C//DTD XHTML 1.0 Transitional//EN"          "http://www.w3.org/TR/xhtml1/DTD/xhtml1-transitional.dtd"> <html xmlns="http://www.w3.org/1999/xhtml" xml:lang="en" lang="en">  <head>   <title>503 Service Not Available</title>  </head>  <body>   <h1>503 Service Not Available</h1>  </body> </html> [00;33m{{(pid=2043460) _check_rest_api_response /opt/stack/cinder/cinder/volume/drivers/hitachi/hbsd_rest_api.py:469}}[00m
2026-10-06 13:31:59.193 2043460 DEBUG cinder.volume.drivers.hitachi.hbsd_rest_api [req-07c073b4-7bb4-4de6-b0de-803968aa596a - - - - - -] ERROR <?xml version="1.0" encoding="iso-8859-1"?> <!DOCTYPE html PUBLIC "-//W3C//DTD XHTML 1.0 Transitional//EN"          "http://www.w3.org/TR/xhtml1/DTD/xhtml1-transitional.dtd"> <html xmlns="http://www.w3.org/1999/xhtml" xml:lang="en" lang="en">  <head>   <title>503 Service Not Available</title>  </head>  <body>   <h1>503 Service Not Available</h1>  </body> </html> [00;33m{{(pid=2043460) _check_rest_api_response /opt/stack/cinder/cinder/volume/drivers/hitachi/hbsd_rest_api.py:469}}[00m
2026-10-06 13:32:04.198 2043460 DEBUG cinder.volume.drivers.hitachi.hbsd_rest_api [req-07c073b4-7bb4-4de6-b0de-803968aa596a - - - - - -] ERROR <?xml version="1.0" encoding="iso-8859-1"?> <!DOCTYPE html PUBLIC "-//W3C//DTD XHTML 1.0 Transitional//EN"          "http://www.w3.org/TR/xhtml1/DTD/xhtml1-transitional.dtd"> <html xmlns="http://www.w3.org/1999/xhtml" xml:lang="en" lang="en">  <head>   <title>503 Service Not Available</title>  </head>  <body>   <h1>503 Service Not Available</h1>  </body> </html> [00;33m{{(pid=2043460) _check_rest_api_response /opt/stack/cinder/cinder/volume/drivers/hitachi/hbsd_rest_api.py:469}}[00m
2026-10-06 13:32:09.235 2043460 DEBUG cinder.volume.drivers.hitachi.hbsd_rest_api [req-07c073b4-7bb4-4de6-b0de-803968aa596a - - - - - -] ERROR <?xml version="1.0" encoding="iso-8859-1"?> <!DOCTYPE html PUBLIC "-//W3C//DTD XHTML 1.0 Transitional//EN"          "http://www.w3.org/TR/xhtml1/DTD/xhtml1-transitional.dtd"> <html xmlns="http://www.w3.org/1999/xhtml" xml:lang="en" lang="en">  <head>   <title>503 Service Not Available</title>  </head>  <body>   <h1>503 Service Not Available</h1>  </body> </html> [00;33m{{(pid=2043460) _check_rest_api_response /opt/stack/cinder/cinder/volume/drivers/hitachi/hbsd_rest_api.py:469}}[00m
2026-10-06 13:32:14.199 2043460 DEBUG cinder.volume.drivers.hitachi.hbsd_rest_api [req-07c073b4-7bb4-4de6-b0de-803968aa596a - - - - - -] ERROR <?xml version="1.0" encoding="iso-8859-1"?> <!DOCTYPE html PUBLIC "-//W3C//DTD XHTML 1.0 Transitional//EN"          "http://www.w3.org/TR/xhtml1/DTD/xhtml1-transitional.dtd"> <html xmlns="http://www.w3.org/1999/xhtml" xml:lang="en" lang="en">  <head>   <title>503 Service Not Available</title>  </head>  <body>   <h1>503 Service Not Available</h1>  </body> </html> [00;33m{{(pid=2043460) _check_rest_api_response /opt/stack/cinder/cinder/volume/drivers/hitachi/hbsd_rest_api.py:469}}[00m
2026-10-06 13:32:19.197 2043460 DEBUG cinder.volume.drivers.hitachi.hbsd_rest_api [req-07c073b4-7bb4-4de6-b0de-803968aa596a - - - - - -] ERROR <?xml version="1.0" encoding="iso-8859-1"?> <!DOCTYPE html PUBLIC "-//W3C//DTD XHTML 1.0 Transitional//EN"          "http://www.w3.org/TR/xhtml1/DTD/xhtml1-transitional.dtd"> <html xmlns="http://www.w3.org/1999/xhtml" xml:lang="en" lang="en">  <head>   <title>503 Service Not Available</title>  </head>  <body>   <h1>503 Service Not Available</h1>  </body> </html> [00;33m{{(pid=2043460) _check_rest_api_response /opt/stack/cinder/cinder/volume/drivers/hitachi/hbsd_rest_api.py:469}}[00m
2026-10-06 13:32:24.199 2043460 DEBUG cinder.volume.drivers.hitachi.hbsd_rest_api [req-07c073b4-7bb4-4de6-b0de-803968aa596a - - - - - -] ERROR <?xml version="1.0" encoding="iso-8859-1"?> <!DOCTYPE html PUBLIC "-//W3C//DTD XHTML 1.0 Transitional//EN"          "http://www.w3.org/TR/xhtml1/DTD/xhtml1-transitional.dtd"> <html xmlns="http://www.w3.org/1999/xhtml" xml:lang="en" lang="en">  <head>   <title>503 Service Not Available</title>  </head>  <body>   <h1>503 Service Not Available</h1>  </body> </html> [00;33m{{(pid=2043460) _check_rest_api_response /opt/stack/cinder/cinder/volume/drivers/hitachi/hbsd_rest_api.py:469}}[00m
2026-10-06 13:32:29.202 2043460 DEBUG cinder.volume.drivers.hitachi.hbsd_rest_api [req-07c073b4-7bb4-4de6-b0de-803968aa596a - - - - - -] ERROR <?xml version="1.0" encoding="iso-8859-1"?> <!DOCTYPE html PUBLIC "-//W3C//DTD XHTML 1.0 Transitional//EN"          "http://www.w3.org/TR/xhtml1/DTD/xhtml1-transitional.dtd"> <html xmlns="http://www.w3.org/1999/xhtml" xml:lang="en" lang="en">  <head>   <title>503 Service Not Available</title>  </head>  <body>   <h1>503 Service Not Available</h1>  </body> </html> [00;33m{{(pid=2043460) _check_rest_api_response /opt/stack/cinder/cinder/volume/drivers/hitachi/hbsd_rest_api.py:469}}[00m
2026-10-06 13:32:34.204 2043460 DEBUG cinder.volume.drivers.hitachi.hbsd_rest_api [req-07c073b4-7bb4-4de6-b0de-803968aa596a - - - - - -] ERROR <?xml version="1.0" encoding="iso-8859-1"?> <!DOCTYPE html PUBLIC "-//W3C//DTD XHTML 1.0 Transitional//EN"          "http://www.w3.org/TR/xhtml1/DTD/xhtml1-transitional.dtd"> <html xmlns="http://www.w3.org/1999/xhtml" xml:lang="en" lang="en">  <head>   <title>503 Service Not Available</title>  </head>  <body>   <h1>503 Service Not Available</h1>  </body> </html> [00;33m{{(pid=2043460) _check_rest_api_response /opt/stack/cinder/cinder/volume/drivers/hitachi/hbsd_rest_api.py:469}}[00m
2026-10-06 13:32:39.205 2043460 DEBUG cinder.volume.drivers.hitachi.hbsd_rest_api [req-07c073b4-7bb4-4de6-b0de-803968aa596a - - - - - -] ERROR <?xml version="1.0" encoding="iso-8859-1"?> <!DOCTYPE html PUBLIC "-//W3C//DTD XHTML 1.0 Transitional//EN"          "http://www.w3.org/TR/xhtml1/DTD/xhtml1-transitional.dtd"> <html xmlns="http://www.w3.org/1999/xhtml" xml:lang="en" lang="en">  <head>   <title>503 Service Not Available</title>  </head>  <body>   <h1>503 Service Not Available</h1>  </body> </html> [00;33m{{(pid=2043460) _check_rest_api_response /opt/stack/cinder/cinder/volume/drivers/hitachi/hbsd_rest_api.py:469}}[00m
2026-10-06 13:32:44.246 2043460 DEBUG cinder.volume.drivers.hitachi.hbsd_rest_api [req-07c073b4-7bb4-4de6-b0de-803968aa596a - - - - - -] ERROR <?xml version="1.0" encoding="iso-8859-1"?> <!DOCTYPE html PUBLIC "-//W3C//DTD XHTML 1.0 Transitional//EN"          "http://www.w3.org/TR/xhtml1/DTD/xhtml1-transitional.dtd"> <html xmlns="http://www.w3.org/1999/xhtml" xml:lang="en" lang="en">  <head>   <title>503 Service Not Available</title>  </head>  <body>   <h1>503 Service Not Available</h1>  </body> </html> [00;33m{{(pid=2043460) _check_rest_api_response /opt/stack/cinder/cinder/volume/drivers/hitachi/hbsd_rest_api.py:469}}[00m
2026-10-06 13:32:49.236 2043460 DEBUG cinder.volume.drivers.hitachi.hbsd_rest_api [req-07c073b4-7bb4-4de6-b0de-803968aa596a - - - - - -] ERROR <?xml version="1.0" encoding="iso-8859-1"?> <!DOCTYPE html PUBLIC "-//W3C//DTD XHTML 1.0 Transitional//EN"          "http://www.w3.org/TR/xhtml1/DTD/xhtml1-transitional.dtd"> <html xmlns="http://www.w3.org/1999/xhtml" xml:lang="en" lang="en">  <head>   <title>503 Service Not Available</title>  </head>  <body>   <h1>503 Service Not Available</h1>  </body> </html> [00;33m{{(pid=2043460) _check_rest_api_response /opt/stack/cinder/cinder/volume/drivers/hitachi/hbsd_rest_api.py:469}}[00m
2026-10-06 13:32:54.206 2043460 DEBUG cinder.volume.drivers.hitachi.hbsd_rest_api [req-07c073b4-7bb4-4de6-b0de-803968aa596a - - - - - -] ERROR <?xml version="1.0" encoding="iso-8859-1"?> <!DOCTYPE html PUBLIC "-//W3C//DTD XHTML 1.0 Transitional//EN"          "http://www.w3.org/TR/xhtml1/DTD/xhtml1-transitional.dtd"> <html xmlns="http://www.w3.org/1999/xhtml" xml:lang="en" lang="en">  <head>   <title>503 Service Not Available</title>  </head>  <body>   <h1>503 Service Not Available</h1>  </body> </html> [00;33m{{(pid=2043460) _check_rest_api_response /opt/stack/cinder/cinder/volume/drivers/hitachi/hbsd_rest_api.py:469}}[00m
2026-10-06 13:32:59.221 2043460 DEBUG cinder.volume.drivers.hitachi.hbsd_rest_api [req-07c073b4-7bb4-4de6-b0de-803968aa596a - - - - - -] ERROR <?xml version="1.0" encoding="iso-8859-1"?> <!DOCTYPE html PUBLIC "-//W3C//DTD XHTML 1.0 Transitional//EN"          "http://www.w3.org/TR/xhtml1/DTD/xhtml1-transitional.dtd"> <html xmlns="http://www.w3.org/1999/xhtml" xml:lang="en" lang="en">  <head>   <title>503 Service Not Available</title>  </head>  <body>   <h1>503 Service Not Available</h1>  </body> </html> [00;33m{{(pid=2043460) _check_rest_api_response /opt/stack/cinder/cinder/volume/drivers/hitachi/hbsd_rest_api.py:469}}[00m
2026-10-06 13:33:04.219 2043460 DEBUG cinder.volume.drivers.hitachi.hbsd_rest_api [req-07c073b4-7bb4-4de6-b0de-803968aa596a - - - - - -] ERROR <?xml version="1.0" encoding="iso-8859-1"?> <!DOCTYPE html PUBLIC "-//W3C//DTD XHTML 1.0 Transitional//EN"          "http://www.w3.org/TR/xhtml1/DTD/xhtml1-transitional.dtd"> <html xmlns="http://www.w3.org/1999/xhtml" xml:lang="en" lang="en">  <head>   <title>503 Service Not Available</title>  </head>  <body>   <h1>503 Service Not Available</h1>  </body> </html> [00;33m{{(pid=2043460) _check_rest_api_response /opt/stack/cinder/cinder/volume/drivers/hitachi/hbsd_rest_api.py:469}}[00m
2026-10-06 13:33:09.279 2043460 DEBUG cinder.volume.drivers.hitachi.hbsd_rest_api [req-07c073b4-7bb4-4de6-b0de-803968aa596a - - - - - -] ERROR <?xml version="1.0" encoding="iso-8859-1"?> <!DOCTYPE html PUBLIC "-//W3C//DTD XHTML 1.0 Transitional//EN"          "http://www.w3.org/TR/xhtml1/DTD/xhtml1-transitional.dtd"> <html xmlns="http://www.w3.org/1999/xhtml" xml:lang="en" lang="en">  <head>   <title>503 Service Not Available</title>  </head>  <body>   <h1>503 Service Not Available</h1>  </body> </html> [00;33m{{(pid=2043460) _check_rest_api_response /opt/stack/cinder/cinder/volume/drivers/hitachi/hbsd_rest_api.py:469}}[00m
2026-10-06 13:33:14.229 2043460 DEBUG cinder.volume.drivers.hitachi.hbsd_rest_api [req-07c073b4-7bb4-4de6-b0de-803968aa596a - - - - - -] ERROR <?xml version="1.0" encoding="iso-8859-1"?> <!DOCTYPE html PUBLIC "-//W3C//DTD XHTML 1.0 Transitional//EN"          "http://www.w3.org/TR/xhtml1/DTD/xhtml1-transitional.dtd"> <html xmlns="http://www.w3.org/1999/xhtml" xml:lang="en" lang="en">  <head>   <title>503 Service Not Available</title>  </head>  <body>   <h1>503 Service Not Available</h1>  </body> </html> [00;33m{{(pid=2043460) _check_rest_api_response /opt/stack/cinder/cinder/volume/drivers/hitachi/hbsd_rest_api.py:469}}[00m
2026-10-06 13:33:19.222 2043460 DEBUG cinder.volume.drivers.hitachi.hbsd_rest_api [req-07c073b4-7bb4-4de6-b0de-803968aa596a - - - - - -] ERROR <?xml version="1.0" encoding="iso-8859-1"?> <!DOCTYPE html PUBLIC "-//W3C//DTD XHTML 1.0 Transitional//EN"          "http://www.w3.org/TR/xhtml1/DTD/xhtml1-transitional.dtd"> <html xmlns="http://www.w3.org/1999/xhtml" xml:lang="en" lang="en">  <head>   <title>503 Service Not Available</title>  </head>  <body>   <h1>503 Service Not Available</h1>  </body> </html> [00;33m{{(pid=2043460) _check_rest_api_response /opt/stack/cinder/cinder/volume/drivers/hitachi/hbsd_rest_api.py:469}}[00m
2026-10-06 13:33:24.219 2043460 DEBUG cinder.volume.drivers.hitachi.hbsd_rest_api [req-07c073b4-7bb4-4de6-b0de-803968aa596a - - - - - -] ERROR <?xml version="1.0" encoding="iso-8859-1"?> <!DOCTYPE html PUBLIC "-//W3C//DTD XHTML 1.0 Transitional//EN"          "http://www.w3.org/TR/xhtml1/DTD/xhtml1-transitional.dtd"> <html xmlns="http://www.w3.org/1999/xhtml" xml:lang="en" lang="en">  <head>   <title>503 Service Not Available</title>  </head>  <body>   <h1>503 Service Not Available</h1>  </body> </html> [00;33m{{(pid=2043460) _check_rest_api_response /opt/stack/cinder/cinder/volume/drivers/hitachi/hbsd_rest_api.py:469}}[00m
2026-10-06 13:33:29.225 2043460 DEBUG cinder.volume.drivers.hitachi.hbsd_rest_api [req-07c073b4-7bb4-4de6-b0de-803968aa596a - - - - - -] ERROR <?xml version="1.0" encoding="iso-8859-1"?> <!DOCTYPE html PUBLIC "-//W3C//DTD XHTML 1.0 Transitional//EN"          "http://www.w3.org/TR/xhtml1/DTD/xhtml1-transitional.dtd"> <html xmlns="http://www.w3.org/1999/xhtml" xml:lang="en" lang="en">  <head>   <title>503 Service Not Available</title>  </head>  <body>   <h1>503 Service Not Available</h1>  </body> </html> [00;33m{{(pid=2043460) _check_rest_api_response /opt/stack/cinder/cinder/volume/drivers/hitachi/hbsd_rest_api.py:469}}[00m
2026-10-06 13:33:34.224 2043460 DEBUG cinder.volume.drivers.hitachi.hbsd_rest_api [req-07c073b4-7bb4-4de6-b0de-803968aa596a - - - - - -] ERROR <?xml version="1.0" encoding="iso-8859-1"?> <!DOCTYPE html PUBLIC "-//W3C//DTD XHTML 1.0 Transitional//EN"          "http://www.w3.org/TR/xhtml1/DTD/xhtml1-transitional.dtd"> <html xmlns="http://www.w3.org/1999/xhtml" xml:lang="en" lang="en">  <head>   <title>503 Service Not Available</title>  </head>  <body>   <h1>503 Service Not Available</h1>  </body> </html> [00;33m{{(pid=2043460) _check_rest_api_response /opt/stack/cinder/cinder/volume/drivers/hitachi/hbsd_rest_api.py:469}}[00m
2026-10-06 13:33:39.220 2043460 DEBUG cinder.volume.drivers.hitachi.hbsd_rest_api [req-07c073b4-7bb4-4de6-b0de-803968aa596a - - - - - -] ERROR <?xml version="1.0" encoding="iso-8859-1"?> <!DOCTYPE html PUBLIC "-//W3C//DTD XHTML 1.0 Transitional//EN"          "http://www.w3.org/TR/xhtml1/DTD/xhtml1-transitional.dtd"> <html xmlns="http://www.w3.org/1999/xhtml" xml:lang="en" lang="en">  <head>   <title>503 Service Not Available</title>  </head>  <body>   <h1>503 Service Not Available</h1>  </body> </html> [00;33m{{(pid=2043460) _check_rest_api_response /opt/stack/cinder/cinder/volume/drivers/hitachi/hbsd_rest_api.py:469}}[00m
2026-10-06 13:33:44.220 2043460 DEBUG cinder.volume.drivers.hitachi.hbsd_rest_api [req-07c073b4-7bb4-4de6-b0de-803968aa596a - - - - - -] ERROR <?xml version="1.0" encoding="iso-8859-1"?> <!DOCTYPE html PUBLIC "-//W3C//DTD XHTML 1.0 Transitional//EN"          "http://www.w3.org/TR/xhtml1/DTD/xhtml1-transitional.dtd"> <html xmlns="http://www.w3.org/1999/xhtml" xml:lang="en" lang="en">  <head>   <title>503 Service Not Available</title>  </head>  <body>   <h1>503 Service Not Available</h1>  </body> </html> [00;33m{{(pid=2043460) _check_rest_api_response /opt/stack/cinder/cinder/volume/drivers/hitachi/hbsd_rest_api.py:469}}[00m
2026-10-06 13:33:49.226 2043460 DEBUG cinder.volume.drivers.hitachi.hbsd_rest_api [req-07c073b4-7bb4-4de6-b0de-803968aa596a - - - - - -] ERROR <?xml version="1.0" encoding="iso-8859-1"?> <!DOCTYPE html PUBLIC "-//W3C//DTD XHTML 1.0 Transitional//EN"          "http://www.w3.org/TR/xhtml1/DTD/xhtml1-transitional.dtd"> <html xmlns="http://www.w3.org/1999/xhtml" xml:lang="en" lang="en">  <head>   <title>503 Service Not Available</title>  </head>  <body>   <h1>503 Service Not Available</h1>  </body> </html> [00;33m{{(pid=2043460) _check_rest_api_response /opt/stack/cinder/cinder/volume/drivers/hitachi/hbsd_rest_api.py:469}}[00m
2026-10-06 13:33:54.229 2043460 DEBUG cinder.volume.drivers.hitachi.hbsd_rest_api [req-07c073b4-7bb4-4de6-b0de-803968aa596a - - - - - -] ERROR <?xml version="1.0" encoding="iso-8859-1"?> <!DOCTYPE html PUBLIC "-//W3C//DTD XHTML 1.0 Transitional//EN"          "http://www.w3.org/TR/xhtml1/DTD/xhtml1-transitional.dtd"> <html xmlns="http://www.w3.org/1999/xhtml" xml:lang="en" lang="en">  <head>   <title>503 Service Not Available</title>  </head>  <body>   <h1>503 Service Not Available</h1>  </body> </html> [00;33m{{(pid=2043460) _check_rest_api_response /opt/stack/cinder/cinder/volume/drivers/hitachi/hbsd_rest_api.py:469}}[00m
2026-10-06 13:33:59.241 2043460 DEBUG cinder.volume.drivers.hitachi.hbsd_rest_api [req-07c073b4-7bb4-4de6-b0de-803968aa596a - - - - - -] ERROR <?xml version="1.0" encoding="iso-8859-1"?> <!DOCTYPE html PUBLIC "-//W3C//DTD XHTML 1.0 Transitional//EN"          "http://www.w3.org/TR/xhtml1/DTD/xhtml1-transitional.dtd"> <html xmlns="http://www.w3.org/1999/xhtml" xml:lang="en" lang="en">  <head>   <title>503 Service Not Available</title>  </head>  <body>   <h1>503 Service Not Available</h1>  </body> </html> [00;33m{{(pid=2043460) _check_rest_api_response /opt/stack/cinder/cinder/volume/drivers/hitachi/hbsd_rest_api.py:469}}[00m
2026-10-06 13:34:04.227 2043460 DEBUG cinder.volume.drivers.hitachi.hbsd_rest_api [req-07c073b4-7bb4-4de6-b0de-803968aa596a - - - - - -] ERROR <?xml version="1.0" encoding="iso-8859-1"?> <!DOCTYPE html PUBLIC "-//W3C//DTD XHTML 1.0 Transitional//EN"          "http://www.w3.org/TR/xhtml1/DTD/xhtml1-transitional.dtd"> <html xmlns="http://www.w3.org/1999/xhtml" xml:lang="en" lang="en">  <head>   <title>503 Service Not Available</title>  </head>  <body>   <h1>503 Service Not Available</h1>  </body> </html> [00;33m{{(pid=2043460) _check_rest_api_response /opt/stack/cinder/cinder/volume/drivers/hitachi/hbsd_rest_api.py:469}}[00m
2026-10-06 13:34:09.266 2043460 DEBUG cinder.volume.drivers.hitachi.hbsd_rest_api [req-07c073b4-7bb4-4de6-b0de-803968aa596a - - - - - -] ERROR <?xml version="1.0" encoding="iso-8859-1"?> <!DOCTYPE html PUBLIC "-//W3C//DTD XHTML 1.0 Transitional//EN"          "http://www.w3.org/TR/xhtml1/DTD/xhtml1-transitional.dtd"> <html xmlns="http://www.w3.org/1999/xhtml" xml:lang="en" lang="en">  <head>   <title>503 Service Not Available</title>  </head>  <body>   <h1>503 Service Not Available</h1>  </body> </html> [00;33m{{(pid=2043460) _check_rest_api_response /opt/stack/cinder/cinder/volume/drivers/hitachi/hbsd_rest_api.py:469}}[00m
2026-10-06 13:34:14.231 2043460 DEBUG cinder.volume.drivers.hitachi.hbsd_rest_api [req-07c073b4-7bb4-4de6-b0de-803968aa596a - - - - - -] ERROR <?xml version="1.0" encoding="iso-8859-1"?> <!DOCTYPE html PUBLIC "-//W3C//DTD XHTML 1.0 Transitional//EN"          "http://www.w3.org/TR/xhtml1/DTD/xhtml1-transitional.dtd"> <html xmlns="http://www.w3.org/1999/xhtml" xml:lang="en" lang="en">  <head>   <title>503 Service Not Available</title>  </head>  <body>   <h1>503 Service Not Available</h1>  </body> </html> [00;33m{{(pid=2043460) _check_rest_api_response /opt/stack/cinder/cinder/volume/drivers/hitachi/hbsd_rest_api.py:469}}[00m
2026-10-06 13:34:19.230 2043460 DEBUG cinder.volume.drivers.hitachi.hbsd_rest_api [req-07c073b4-7bb4-4de6-b0de-803968aa596a - - - - - -] ERROR <?xml version="1.0" encoding="iso-8859-1"?> <!DOCTYPE html PUBLIC "-//W3C//DTD XHTML 1.0 Transitional//EN"          "http://www.w3.org/TR/xhtml1/DTD/xhtml1-transitional.dtd"> <html xmlns="http://www.w3.org/1999/xhtml" xml:lang="en" lang="en">  <head>   <title>503 Service Not Available</title>  </head>  <body>   <h1>503 Service Not Available</h1>  </body> </html> [00;33m{{(pid=2043460) _check_rest_api_response /opt/stack/cinder/cinder/volume/drivers/hitachi/hbsd_rest_api.py:469}}[00m
2026-10-06 13:34:24.230 2043460 DEBUG cinder.volume.drivers.hitachi.hbsd_rest_api [req-07c073b4-7bb4-4de6-b0de-803968aa596a - - - - - -] ERROR <?xml version="1.0" encoding="iso-8859-1"?> <!DOCTYPE html PUBLIC "-//W3C//DTD XHTML 1.0 Transitional//EN"          "http://www.w3.org/TR/xhtml1/DTD/xhtml1-transitional.dtd"> <html xmlns="http://www.w3.org/1999/xhtml" xml:lang="en" lang="en">  <head>   <title>503 Service Not Available</title>  </head>  <body>   <h1>503 Service Not Available</h1>  </body> </html> [00;33m{{(pid=2043460) _check_rest_api_response /opt/stack/cinder/cinder/volume/drivers/hitachi/hbsd_rest_api.py:469}}[00m
2026-10-06 13:34:29.242 2043460 DEBUG cinder.volume.drivers.hitachi.hbsd_rest_api [req-07c073b4-7bb4-4de6-b0de-803968aa596a - - - - - -] ERROR <?xml version="1.0" encoding="iso-8859-1"?> <!DOCTYPE html PUBLIC "-//W3C//DTD XHTML 1.0 Transitional//EN"          "http://www.w3.org/TR/xhtml1/DTD/xhtml1-transitional.dtd"> <html xmlns="http://www.w3.org/1999/xhtml" xml:lang="en" lang="en">  <head>   <title>503 Service Not Available</title>  </head>  <body>   <h1>503 Service Not Available</h1>  </body> </html> [00;33m{{(pid=2043460) _check_rest_api_response /opt/stack/cinder/cinder/volume/drivers/hitachi/hbsd_rest_api.py:469}}[00m
2026-10-06 13:34:34.242 2043460 DEBUG cinder.volume.drivers.hitachi.hbsd_rest_api [req-07c073b4-7bb4-4de6-b0de-803968aa596a - - - - - -] ERROR <?xml version="1.0" encoding="iso-8859-1"?> <!DOCTYPE html PUBLIC "-//W3C//DTD XHTML 1.0 Transitional//EN"          "http://www.w3.org/TR/xhtml1/DTD/xhtml1-transitional.dtd"> <html xmlns="http://www.w3.org/1999/xhtml" xml:lang="en" lang="en">  <head>   <title>503 Service Not Available</title>  </head>  <body>   <h1>503 Service Not Available</h1>  </body> </html> [00;33m{{(pid=2043460) _check_rest_api_response /opt/stack/cinder/cinder/volume/drivers/hitachi/hbsd_rest_api.py:469}}[00m
2026-10-06 13:34:39.235 2043460 DEBUG cinder.volume.drivers.hitachi.hbsd_rest_api [req-07c073b4-7bb4-4de6-b0de-803968aa596a - - - - - -] ERROR <?xml version="1.0" encoding="iso-8859-1"?> <!DOCTYPE html PUBLIC "-//W3C//DTD XHTML 1.0 Transitional//EN"          "http://www.w3.org/TR/xhtml1/DTD/xhtml1-transitional.dtd"> <html xmlns="http://www.w3.org/1999/xhtml" xml:lang="en" lang="en">  <head>   <title>503 Service Not Available</title>  </head>  <body>   <h1>503 Service Not Available</h1>  </body> </html> [00;33m{{(pid=2043460) _check_rest_api_response /opt/stack/cinder/cinder/volume/drivers/hitachi/hbsd_rest_api.py:469}}[00m
2026-10-06 13:34:44.231 2043460 DEBUG cinder.volume.drivers.hitachi.hbsd_rest_api [req-07c073b4-7bb4-4de6-b0de-803968aa596a - - - - - -] ERROR <?xml version="1.0" encoding="iso-8859-1"?> <!DOCTYPE html PUBLIC "-//W3C//DTD XHTML 1.0 Transitional//EN"          "http://www.w3.org/TR/xhtml1/DTD/xhtml1-transitional.dtd"> <html xmlns="http://www.w3.org/1999/xhtml" xml:lang="en" lang="en">  <head>   <title>503 Service Not Available</title>  </head>  <body>   <h1>503 Service Not Available</h1>  </body> </html> [00;33m{{(pid=2043460) _check_rest_api_response /opt/stack/cinder/cinder/volume/drivers/hitachi/hbsd_rest_api.py:469}}[00m
2026-10-06 13:34:49.235 2043460 DEBUG cinder.volume.drivers.hitachi.hbsd_rest_api [req-07c073b4-7bb4-4de6-b0de-803968aa596a - - - - - -] ERROR <?xml version="1.0" encoding="iso-8859-1"?> <!DOCTYPE html PUBLIC "-//W3C//DTD XHTML 1.0 Transitional//EN"          "http://www.w3.org/TR/xhtml1/DTD/xhtml1-transitional.dtd"> <html xmlns="http://www.w3.org/1999/xhtml" xml:lang="en" lang="en">  <head>   <title>503 Service Not Available</title>  </head>  <body>   <h1>503 Service Not Available</h1>  </body> </html> [00;33m{{(pid=2043460) _check_rest_api_response /opt/stack/cinder/cinder/volume/drivers/hitachi/hbsd_rest_api.py:469}}[00m
2026-10-06 13:34:54.240 2043460 DEBUG cinder.volume.drivers.hitachi.hbsd_rest_api [req-07c073b4-7bb4-4de6-b0de-803968aa596a - - - - - -] ERROR <?xml version="1.0" encoding="iso-8859-1"?> <!DOCTYPE html PUBLIC "-//W3C//DTD XHTML 1.0 Transitional//EN"          "http://www.w3.org/TR/xhtml1/DTD/xhtml1-transitional.dtd"> <html xmlns="http://www.w3.org/1999/xhtml" xml:lang="en" lang="en">  <head>   <title>503 Service Not Available</title>  </head>  <body>   <h1>503 Service Not Available</h1>  </body> </html> [00;33m{{(pid=2043460) _check_rest_api_response /opt/stack/cinder/cinder/volume/drivers/hitachi/hbsd_rest_api.py:469}}[00m
2026-10-06 13:34:59.248 2043460 DEBUG cinder.volume.drivers.hitachi.hbsd_rest_api [req-07c073b4-7bb4-4de6-b0de-803968aa596a - - - - - -] ERROR <?xml version="1.0" encoding="iso-8859-1"?> <!DOCTYPE html PUBLIC "-//W3C//DTD XHTML 1.0 Transitional//EN"          "http://www.w3.org/TR/xhtml1/DTD/xhtml1-transitional.dtd"> <html xmlns="http://www.w3.org/1999/xhtml" xml:lang="en" lang="en">  <head>   <title>503 Service Not Available</title>  </head>  <body>   <h1>503 Service Not Available</h1>  </body> </html> [00;33m{{(pid=2043460) _check_rest_api_response /opt/stack/cinder/cinder/volume/drivers/hitachi/hbsd_rest_api.py:469}}[00m
2026-10-06 13:35:04.240 2043460 DEBUG cinder.volume.drivers.hitachi.hbsd_rest_api [req-07c073b4-7bb4-4de6-b0de-803968aa596a - - - - - -] ERROR <?xml version="1.0" encoding="iso-8859-1"?> <!DOCTYPE html PUBLIC "-//W3C//DTD XHTML 1.0 Transitional//EN"          "http://www.w3.org/TR/xhtml1/DTD/xhtml1-transitional.dtd"> <html xmlns="http://www.w3.org/1999/xhtml" xml:lang="en" lang="en">  <head>   <title>503 Service Not Available</title>  </head>  <body>   <h1>503 Service Not Available</h1>  </body> </html> [00;33m{{(pid=2043460) _check_rest_api_response /opt/stack/cinder/cinder/volume/drivers/hitachi/hbsd_rest_api.py:469}}[00m
2026-10-06 13:35:09.290 2043460 DEBUG cinder.volume.drivers.hitachi.hbsd_rest_api [req-07c073b4-7bb4-4de6-b0de-803968aa596a - - - - - -] ERROR <?xml version="1.0" encoding="iso-8859-1"?> <!DOCTYPE html PUBLIC "-//W3C//DTD XHTML 1.0 Transitional//EN"          "http://www.w3.org/TR/xhtml1/DTD/xhtml1-transitional.dtd"> <html xmlns="http://www.w3.org/1999/xhtml" xml:lang="en" lang="en">  <head>   <title>503 Service Not Available</title>  </head>  <body>   <h1>503 Service Not Available</h1>  </body> </html> [00;33m{{(pid=2043460) _check_rest_api_response /opt/stack/cinder/cinder/volume/drivers/hitachi/hbsd_rest_api.py:469}}[00m
2026-10-06 13:35:14.249 2043460 DEBUG cinder.volume.drivers.hitachi.hbsd_rest_api [req-07c073b4-7bb4-4de6-b0de-803968aa596a - - - - - -] ERROR <?xml version="1.0" encoding="iso-8859-1"?> <!DOCTYPE html PUBLIC "-//W3C//DTD XHTML 1.0 Transitional//EN"          "http://www.w3.org/TR/xhtml1/DTD/xhtml1-transitional.dtd"> <html xmlns="http://www.w3.org/1999/xhtml" xml:lang="en" lang="en">  <head>   <title>503 Service Not Available</title>  </head>  <body>   <h1>503 Service Not Available</h1>  </body> </html> [00;33m{{(pid=2043460) _check_rest_api_response /opt/stack/cinder/cinder/volume/drivers/hitachi/hbsd_rest_api.py:469}}[00m
2026-10-06 13:35:19.247 2043460 DEBUG cinder.volume.drivers.hitachi.hbsd_rest_api [req-07c073b4-7bb4-4de6-b0de-803968aa596a - - - - - -] ERROR <?xml version="1.0" encoding="iso-8859-1"?> <!DOCTYPE html PUBLIC "-//W3C//DTD XHTML 1.0 Transitional//EN"          "http://www.w3.org/TR/xhtml1/DTD/xhtml1-transitional.dtd"> <html xmlns="http://www.w3.org/1999/xhtml" xml:lang="en" lang="en">  <head>   <title>503 Service Not Available</title>  </head>  <body>   <h1>503 Service Not Available</h1>  </body> </html> [00;33m{{(pid=2043460) _check_rest_api_response /opt/stack/cinder/cinder/volume/drivers/hitachi/hbsd_rest_api.py:469}}[00m
2026-10-06 13:35:24.320 2043460 DEBUG cinder.volume.drivers.hitachi.hbsd_rest_api [req-07c073b4-7bb4-4de6-b0de-803968aa596a - - - - - -] ERROR <?xml version="1.0" encoding="iso-8859-1"?> <!DOCTYPE html PUBLIC "-//W3C//DTD XHTML 1.0 Transitional//EN"          "http://www.w3.org/TR/xhtml1/DTD/xhtml1-transitional.dtd"> <html xmlns="http://www.w3.org/1999/xhtml" xml:lang="en" lang="en">  <head>   <title>503 Service Not Available</title>  </head>  <body>   <h1>503 Service Not Available</h1>  </body> </html> [00;33m{{(pid=2043460) _check_rest_api_response /opt/stack/cinder/cinder/volume/drivers/hitachi/hbsd_rest_api.py:469}}[00m
2026-10-06 13:35:29.247 2043460 DEBUG cinder.volume.drivers.hitachi.hbsd_rest_api [req-07c073b4-7bb4-4de6-b0de-803968aa596a - - - - - -] ERROR <?xml version="1.0" encoding="iso-8859-1"?> <!DOCTYPE html PUBLIC "-//W3C//DTD XHTML 1.0 Transitional//EN"          "http://www.w3.org/TR/xhtml1/DTD/xhtml1-transitional.dtd"> <html xmlns="http://www.w3.org/1999/xhtml" xml:lang="en" lang="en">  <head>   <title>503 Service Not Available</title>  </head>  <body>   <h1>503 Service Not Available</h1>  </body> </html> [00;33m{{(pid=2043460) _check_rest_api_response /opt/stack/cinder/cinder/volume/drivers/hitachi/hbsd_rest_api.py:469}}[00m
2026-10-06 13:35:34.249 2043460 DEBUG cinder.volume.drivers.hitachi.hbsd_rest_api [req-07c073b4-7bb4-4de6-b0de-803968aa596a - - - - - -] ERROR <?xml version="1.0" encoding="iso-8859-1"?> <!DOCTYPE html PUBLIC "-//W3C//DTD XHTML 1.0 Transitional//EN"          "http://www.w3.org/TR/xhtml1/DTD/xhtml1-transitional.dtd"> <html xmlns="http://www.w3.org/1999/xhtml" xml:lang="en" lang="en">  <head>   <title>503 Service Not Available</title>  </head>  <body>   <h1>503 Service Not Available</h1>  </body> </html> [00;33m{{(pid=2043460) _check_rest_api_response /opt/stack/cinder/cinder/volume/drivers/hitachi/hbsd_rest_api.py:469}}[00m
2026-10-06 13:35:39.255 2043460 DEBUG cinder.volume.drivers.hitachi.hbsd_rest_api [req-07c073b4-7bb4-4de6-b0de-803968aa596a - - - - - -] ERROR <?xml version="1.0" encoding="iso-8859-1"?> <!DOCTYPE html PUBLIC "-//W3C//DTD XHTML 1.0 Transitional//EN"          "http://www.w3.org/TR/xhtml1/DTD/xhtml1-transitional.dtd"> <html xmlns="http://www.w3.org/1999/xhtml" xml:lang="en" lang="en">  <head>   <title>503 Service Not Available</title>  </head>  <body>   <h1>503 Service Not Available</h1>  </body> </html> [00;33m{{(pid=2043460) _check_rest_api_response /opt/stack/cinder/cinder/volume/drivers/hitachi/hbsd_rest_api.py:469}}[00m
2026-10-06 13:35:44.264 2043460 DEBUG cinder.volume.drivers.hitachi.hbsd_rest_api [req-07c073b4-7bb4-4de6-b0de-803968aa596a - - - - - -] ERROR <?xml version="1.0" encoding="iso-8859-1"?> <!DOCTYPE html PUBLIC "-//W3C//DTD XHTML 1.0 Transitional//EN"          "http://www.w3.org/TR/xhtml1/DTD/xhtml1-transitional.dtd"> <html xmlns="http://www.w3.org/1999/xhtml" xml:lang="en" lang="en">  <head>   <title>503 Service Not Available</title>  </head>  <body>   <h1>503 Service Not Available</h1>  </body> </html> [00;33m{{(pid=2043460) _check_rest_api_response /opt/stack/cinder/cinder/volume/drivers/hitachi/hbsd_rest_api.py:469}}[00m
2026-10-06 13:35:49.262 2043460 DEBUG cinder.volume.drivers.hitachi.hbsd_rest_api [req-07c073b4-7bb4-4de6-b0de-803968aa596a - - - - - -] ERROR <?xml version="1.0" encoding="iso-8859-1"?> <!DOCTYPE html PUBLIC "-//W3C//DTD XHTML 1.0 Transitional//EN"          "http://www.w3.org/TR/xhtml1/DTD/xhtml1-transitional.dtd"> <html xmlns="http://www.w3.org/1999/xhtml" xml:lang="en" lang="en">  <head>   <title>503 Service Not Available</title>  </head>  <body>   <h1>503 Service Not Available</h1>  </body> </html> [00;33m{{(pid=2043460) _check_rest_api_response /opt/stack/cinder/cinder/volume/drivers/hitachi/hbsd_rest_api.py:469}}[00m
