2026-09-15 18:21:59.590 3372967 DEBUG dbcounter [-] [3372967] Writing DB stats cinder:SELECT=1 [00;33m{{(pid=3372967) stat_writer /opt/stack/data/venv/lib/python3.12/site-packages/dbcounter.py:115}}[00m
2026-09-15 18:21:59.593 3372967 DEBUG dbcounter [-] [3372967] Writing DB stats cinder:UPDATE=1 [00;33m{{(pid=3372967) stat_writer /opt/stack/data/venv/lib/python3.12/site-packages/dbcounter.py:115}}[00m
2026-09-15 18:23:29.415 3372967 DEBUG cinder.volume.drivers.hitachi.hbsd_rest_api [-] _keep_session thread is started [00;33m{{(pid=3372967) _keep_session /opt/stack/cinder/cinder/volume/drivers/hitachi/hbsd_rest_api.py:611}}[00m
2026-09-15 18:23:29.416 3372967 DEBUG cinder.volume.drivers.hitachi.hbsd_rest_api [-] ==> _get_object: call "{'self': <cinder.volume.drivers.hitachi.hbsd_rest_api.RestApiClient object at 0x7c41ead215e0>, 'url': 'https://172.25.45.102:443/ConfigurationManager/v1/objects/storages/A34000810045/sessions/5767', 'kwargs': {'no_retry': True, 'no_log': True}, 'params': None}" [00;33m{{(pid=3372967) trace_logging_wrapper /opt/stack/cinder/cinder/volume/volume_utils.py:1497}}[00m
2026-09-15 18:23:29.486 3372967 DEBUG cinder.volume.drivers.hitachi.hbsd_rest_api [-] <== _get_object: return (70ms) {'token': '***', 'sessionId': 5767} [00;33m{{(pid=3372967) trace_logging_wrapper /opt/stack/cinder/cinder/volume/volume_utils.py:1522}}[00m
2026-09-15 18:23:59.591 3372967 DEBUG dbcounter [-] [3372967] Writing DB stats cinder:SELECT=1 [00;33m{{(pid=3372967) stat_writer /opt/stack/data/venv/lib/python3.12/site-packages/dbcounter.py:115}}[00m
2026-09-15 18:23:59.595 3372967 DEBUG dbcounter [-] [3372967] Writing DB stats cinder:UPDATE=1 [00;33m{{(pid=3372967) stat_writer /opt/stack/data/venv/lib/python3.12/site-packages/dbcounter.py:115}}[00m
2026-09-15 18:25:59.596 3372967 DEBUG dbcounter [-] [3372967] Writing DB stats cinder:SELECT=1,cinder:UPDATE=1 [00;33m{{(pid=3372967) stat_writer /opt/stack/data/venv/lib/python3.12/site-packages/dbcounter.py:115}}[00m
2026-09-15 18:26:29.418 3372967 DEBUG cinder.volume.drivers.hitachi.hbsd_rest_api [-] _keep_session thread is started [00;33m{{(pid=3372967) _keep_session /opt/stack/cinder/cinder/volume/drivers/hitachi/hbsd_rest_api.py:611}}[00m
2026-09-15 18:26:29.419 3372967 DEBUG cinder.volume.drivers.hitachi.hbsd_rest_api [-] ==> _get_object: call "{'self': <cinder.volume.drivers.hitachi.hbsd_rest_api.RestApiClient object at 0x7c41ead215e0>, 'url': 'https://172.25.45.102:443/ConfigurationManager/v1/objects/storages/A34000810045/sessions/5767', 'kwargs': {'no_retry': True, 'no_log': True}, 'params': None}" [00;33m{{(pid=3372967) trace_logging_wrapper /opt/stack/cinder/cinder/volume/volume_utils.py:1497}}[00m
2026-09-15 18:26:29.480 3372967 DEBUG cinder.volume.drivers.hitachi.hbsd_rest_api [-] <== _get_object: return (60ms) {'token': '***', 'sessionId': 5767} [00;33m{{(pid=3372967) trace_logging_wrapper /opt/stack/cinder/cinder/volume/volume_utils.py:1522}}[00m
2026-09-15 18:27:59.593 3372967 DEBUG dbcounter [-] [3372967] Writing DB stats cinder:SELECT=1 [00;33m{{(pid=3372967) stat_writer /opt/stack/data/venv/lib/python3.12/site-packages/dbcounter.py:115}}[00m
2026-09-15 18:27:59.597 3372967 DEBUG dbcounter [-] [3372967] Writing DB stats cinder:UPDATE=1 [00;33m{{(pid=3372967) stat_writer /opt/stack/data/venv/lib/python3.12/site-packages/dbcounter.py:115}}[00m
2026-09-15 18:28:09.696 3372870 INFO oslo_service.backend._eventlet.service [req-ce8711d7-7ff8-40b8-8544-0d4c7b15db8c - - - - - -] Caught SIGTERM, stopping children
2026-09-15 18:28:09.697 3372870 DEBUG oslo_concurrency.lockutils [req-ce8711d7-7ff8-40b8-8544-0d4c7b15db8c - - - - - -] Acquiring lock "singleton_lock" [00;33m{{(pid=3372870) lock /opt/stack/data/venv/lib/python3.12/site-packages/oslo_concurrency/lockutils.py:396}}[00m
2026-09-15 18:28:09.697 3372870 DEBUG oslo_concurrency.lockutils [req-ce8711d7-7ff8-40b8-8544-0d4c7b15db8c - - - - - -] Acquired lock "singleton_lock" [00;33m{{(pid=3372870) lock /opt/stack/data/venv/lib/python3.12/site-packages/oslo_concurrency/lockutils.py:399}}[00m
2026-09-15 18:28:09.697 3372870 DEBUG oslo_concurrency.lockutils [req-ce8711d7-7ff8-40b8-8544-0d4c7b15db8c - - - - - -] Releasing lock "singleton_lock" [00;33m{{(pid=3372870) lock /opt/stack/data/venv/lib/python3.12/site-packages/oslo_concurrency/lockutils.py:419}}[00m
2026-09-15 18:28:09.697 3372870 DEBUG oslo_service.backend._eventlet.service [req-ce8711d7-7ff8-40b8-8544-0d4c7b15db8c - - - - - -] Stop services. [00;33m{{(pid=3372870) stop /opt/stack/data/venv/lib/python3.12/site-packages/oslo_service/backend/_eventlet/service.py:611}}[00m
2026-09-15 18:28:09.697 3372870 DEBUG oslo_service.backend._eventlet.service [req-ce8711d7-7ff8-40b8-8544-0d4c7b15db8c - - - - - -] Killing children. [00;33m{{(pid=3372870) stop /opt/stack/data/venv/lib/python3.12/site-packages/oslo_service/backend/_eventlet/service.py:616}}[00m
2026-09-15 18:28:09.697 3372870 INFO oslo_service.backend._eventlet.service [req-ce8711d7-7ff8-40b8-8544-0d4c7b15db8c - - - - - -] Waiting on 1 children to exit
2026-09-15 18:28:10.672 3372967 DEBUG oslo_concurrency.lockutils [req-ce8711d7-7ff8-40b8-8544-0d4c7b15db8c - - - - - -] Acquiring lock "singleton_lock" [00;33m{{(pid=3372967) lock /opt/stack/data/venv/lib/python3.12/site-packages/oslo_concurrency/lockutils.py:396}}[00m
2026-09-15 18:28:10.672 3372967 DEBUG oslo_concurrency.lockutils [req-ce8711d7-7ff8-40b8-8544-0d4c7b15db8c - - - - - -] Acquired lock "singleton_lock" [00;33m{{(pid=3372967) lock /opt/stack/data/venv/lib/python3.12/site-packages/oslo_concurrency/lockutils.py:399}}[00m
2026-09-15 18:28:10.672 3372967 DEBUG oslo_concurrency.lockutils [req-ce8711d7-7ff8-40b8-8544-0d4c7b15db8c - - - - - -] Releasing lock "singleton_lock" [00;33m{{(pid=3372967) lock /opt/stack/data/venv/lib/python3.12/site-packages/oslo_concurrency/lockutils.py:419}}[00m
2026-09-15 18:28:10.678 3372967 WARNING amqp [req-ce8711d7-7ff8-40b8-8544-0d4c7b15db8c - - - - - -] Received method (60, 30) during closing channel 1. This method will be ignored
2026-09-15 18:28:10.683 3372967 WARNING amqp [req-ce8711d7-7ff8-40b8-8544-0d4c7b15db8c - - - - - -] Received method (60, 30) during closing channel 1. This method will be ignored
2026-09-15 18:28:10.697 3372870 INFO oslo_service.backend._eventlet.service [req-ce8711d7-7ff8-40b8-8544-0d4c7b15db8c - - - - - -] Child 3372967 exited with status 0
2026-09-15 18:28:11.622 3449763 DEBUG oslo_concurrency.lockutils [-] Acquiring lock "singleton_lock" [00;33m{{(pid=3449763) lock /opt/stack/data/venv/lib/python3.12/site-packages/oslo_concurrency/lockutils.py:396}}[00m
2026-09-15 18:28:11.622 3449763 DEBUG oslo_concurrency.lockutils [-] Acquired lock "singleton_lock" [00;33m{{(pid=3449763) lock /opt/stack/data/venv/lib/python3.12/site-packages/oslo_concurrency/lockutils.py:399}}[00m
2026-09-15 18:28:11.622 3449763 DEBUG oslo_concurrency.lockutils [-] Releasing lock "singleton_lock" [00;33m{{(pid=3449763) lock /opt/stack/data/venv/lib/python3.12/site-packages/oslo_concurrency/lockutils.py:419}}[00m
2026-09-15 18:28:11.820 3449763 INFO dbcounter [req-14e7fedf-0b2f-47fc-bf26-c59b6864214c - - - - - -] Registered counter for database cinder
2026-09-15 18:28:11.853 3449763 DEBUG oslo_db.sqlalchemy.engines [req-14e7fedf-0b2f-47fc-bf26-c59b6864214c - - - - - -] MySQL server mode set to STRICT_TRANS_TABLES,STRICT_ALL_TABLES,NO_ZERO_IN_DATE,NO_ZERO_DATE,ERROR_FOR_DIVISION_BY_ZERO,TRADITIONAL,NO_ENGINE_SUBSTITUTION [00;33m{{(pid=3449763) _check_effective_sql_mode /opt/stack/data/venv/lib/python3.12/site-packages/oslo_db/sqlalchemy/engines.py:325}}[00m
2026-09-15 18:28:12.004 3449763 DEBUG dbcounter [-] [3449763] Writer thread running [00;33m{{(pid=3449763) stat_writer /opt/stack/data/venv/lib/python3.12/site-packages/dbcounter.py:102}}[00m
2026-09-15 18:28:12.007 3449763 INFO cinder.rpc [req-14e7fedf-0b2f-47fc-bf26-c59b6864214c - - - - - -] Automatically selected cinder-scheduler objects version 1.39 as minimum service version.
2026-09-15 18:28:12.011 3449763 INFO cinder.rpc [req-14e7fedf-0b2f-47fc-bf26-c59b6864214c - - - - - -] Automatically selected cinder-scheduler RPC version 3.12 as minimum service version.
2026-09-15 18:28:12.038 3449763 DEBUG oslo_db.sqlalchemy.engines [req-14e7fedf-0b2f-47fc-bf26-c59b6864214c - - - - - -] MySQL server mode set to STRICT_TRANS_TABLES,STRICT_ALL_TABLES,NO_ZERO_IN_DATE,NO_ZERO_DATE,ERROR_FOR_DIVISION_BY_ZERO,TRADITIONAL,NO_ENGINE_SUBSTITUTION [00;33m{{(pid=3449763) _check_effective_sql_mode /opt/stack/data/venv/lib/python3.12/site-packages/oslo_db/sqlalchemy/engines.py:325}}[00m
2026-09-15 18:28:12.059 3449763 INFO cinder.volume.manager [req-14e7fedf-0b2f-47fc-bf26-c59b6864214c - - - - - -] Determined volume DB was empty at startup.
2026-09-15 18:28:12.059 3449763 DEBUG cinder.volume.manager [req-14e7fedf-0b2f-47fc-bf26-c59b6864214c - - - - - -] Cinder Volume DB check: vol_db_empty=True [00;33m{{(pid=3449763) __init__ /opt/stack/cinder/cinder/volume/manager.py:289}}[00m
2026-09-15 18:28:12.064 3449763 WARNING cinder.volume.manager [req-14e7fedf-0b2f-47fc-bf26-c59b6864214c - - - - - -] Suppressing requests library SSL Warnings
2026-09-15 18:28:12.064 3449763 WARNING stevedore.named [req-14e7fedf-0b2f-47fc-bf26-c59b6864214c - - - - - -] Could not load cinder.keymgr.conf_key_mgr.ConfKeyManager
2026-09-15 18:28:12.064 3449763 WARNING castellan.key_manager [req-14e7fedf-0b2f-47fc-bf26-c59b6864214c - - - - - -] Deprecation Warning : cinder.keymgr.conf_key_mgr.ConfKeyManager is not a stevedore based driver, trying to load it as a class: stevedore.exception.NoMatches: No 'castellan.drivers' driver found, looking for 'cinder.keymgr.conf_key_mgr.ConfKeyManager'
2026-09-15 18:28:12.065 3449763 WARNING cinder.keymgr.conf_key_mgr [req-14e7fedf-0b2f-47fc-bf26-c59b6864214c - - - - - -] This key manager is insecure and is not recommended for production deployments: stevedore.exception.NoMatches: No 'castellan.drivers' driver found, looking for 'cinder.keymgr.conf_key_mgr.ConfKeyManager'
2026-09-15 18:28:12.112 3449763 INFO cinder.volume.drivers.hitachi.hbsd_utils [req-14e7fedf-0b2f-47fc-bf26-c59b6864214c - - - - - -] MSGID0004-I: Initialization of HBSDISCSIDriver 2.7.2 started.
2026-09-15 18:28:12.115 3449763 INFO cinder.volume.manager [req-14e7fedf-0b2f-47fc-bf26-c59b6864214c - - - - - -] Image-volume cache disabled for host devstack-92-210@hitachi.
2026-09-15 18:28:12.142 3449763 DEBUG oslo_db.sqlalchemy.engines [req-14e7fedf-0b2f-47fc-bf26-c59b6864214c - - - - - -] MySQL server mode set to STRICT_TRANS_TABLES,STRICT_ALL_TABLES,NO_ZERO_IN_DATE,NO_ZERO_DATE,ERROR_FOR_DIVISION_BY_ZERO,TRADITIONAL,NO_ENGINE_SUBSTITUTION [00;33m{{(pid=3449763) _check_effective_sql_mode /opt/stack/data/venv/lib/python3.12/site-packages/oslo_db/sqlalchemy/engines.py:325}}[00m
2026-09-15 18:28:12.152 3449763 INFO oslo_service.backend._eventlet.service [req-14e7fedf-0b2f-47fc-bf26-c59b6864214c - - - - - -] Starting 1 workers
2026-09-15 18:28:12.157 3449763 DEBUG oslo_service.backend._eventlet.service [req-14e7fedf-0b2f-47fc-bf26-c59b6864214c - - - - - -] Started child 3449777 [00;33m{{(pid=3449763) _start_child /opt/stack/data/venv/lib/python3.12/site-packages/oslo_service/backend/_eventlet/service.py:491}}[00m
2026-09-15 18:28:12.159 3449763 DEBUG oslo_service.backend._eventlet.service [req-14e7fedf-0b2f-47fc-bf26-c59b6864214c - - - - - -] Full set of CONF: [00;33m{{(pid=3449763) wait /opt/stack/data/venv/lib/python3.12/site-packages/oslo_service/backend/_eventlet/service.py:565}}[00m
2026-09-15 18:28:12.159 3449763 DEBUG oslo_service.backend._eventlet.service [req-14e7fedf-0b2f-47fc-bf26-c59b6864214c - - - - - -] ******************************************************************************** [00;33m{{(pid=3449763) log_opt_values /opt/stack/data/venv/lib/python3.12/site-packages/oslo_config/cfg.py:3533}}[00m
2026-09-15 18:28:12.159 3449763 DEBUG oslo_service.backend._eventlet.service [req-14e7fedf-0b2f-47fc-bf26-c59b6864214c - - - - - -] Configuration options gathered from: [00;33m{{(pid=3449763) log_opt_values /opt/stack/data/venv/lib/python3.12/site-packages/oslo_config/cfg.py:3534}}[00m
2026-09-15 18:28:12.159 3449763 DEBUG oslo_service.backend._eventlet.service [req-14e7fedf-0b2f-47fc-bf26-c59b6864214c - - - - - -] command line args: ['--config-file', '/etc/cinder/cinder.conf'] [00;33m{{(pid=3449763) log_opt_values /opt/stack/data/venv/lib/python3.12/site-packages/oslo_config/cfg.py:3535}}[00m
2026-09-15 18:28:12.159 3449763 DEBUG oslo_service.backend._eventlet.service [req-14e7fedf-0b2f-47fc-bf26-c59b6864214c - - - - - -] config files: ['/etc/cinder/cinder.conf'] [00;33m{{(pid=3449763) log_opt_values /opt/stack/data/venv/lib/python3.12/site-packages/oslo_config/cfg.py:3536}}[00m
2026-09-15 18:28:12.159 3449763 DEBUG oslo_service.backend._eventlet.service [req-14e7fedf-0b2f-47fc-bf26-c59b6864214c - - - - - -] ================================================================================ [00;33m{{(pid=3449763) log_opt_values /opt/stack/data/venv/lib/python3.12/site-packages/oslo_config/cfg.py:3541}}[00m
2026-09-15 18:28:12.159 3449763 DEBUG oslo_service.backend._eventlet.service [req-14e7fedf-0b2f-47fc-bf26-c59b6864214c - - - - - -] allow_availability_zone_fallback = False [00;33m{{(pid=3449763) log_opt_values /opt/stack/data/venv/lib/python3.12/site-packages/oslo_config/cfg.py:3549}}[00m
2026-09-15 18:28:12.159 3449763 DEBUG oslo_service.backend._eventlet.service [req-14e7fedf-0b2f-47fc-bf26-c59b6864214c - - - - - -] allow_compression_on_image_upload = False [00;33m{{(pid=3449763) log_opt_values /opt/stack/data/venv/lib/python3.12/site-packages/oslo_config/cfg.py:3549}}[00m
2026-09-15 18:28:12.160 3449763 DEBUG oslo_service.backend._eventlet.service [req-14e7fedf-0b2f-47fc-bf26-c59b6864214c - - - - - -] allowed_direct_url_schemes     = [] [00;33m{{(pid=3449763) log_opt_values /opt/stack/data/venv/lib/python3.12/site-packages/oslo_config/cfg.py:3549}}[00m
2026-09-15 18:28:12.160 3449763 DEBUG oslo_service.backend._eventlet.service [req-14e7fedf-0b2f-47fc-bf26-c59b6864214c - - - - - -] api_rate_limit                 = True [00;33m{{(pid=3449763) log_opt_values /opt/stack/data/venv/lib/python3.12/site-packages/oslo_config/cfg.py:3549}}[00m
2026-09-15 18:28:12.160 3449763 DEBUG oslo_service.backend._eventlet.service [req-14e7fedf-0b2f-47fc-bf26-c59b6864214c - - - - - -] auth_strategy                  = keystone [00;33m{{(pid=3449763) log_opt_values /opt/stack/data/venv/lib/python3.12/site-packages/oslo_config/cfg.py:3549}}[00m
2026-09-15 18:28:12.160 3449763 DEBUG oslo_service.backend._eventlet.service [req-14e7fedf-0b2f-47fc-bf26-c59b6864214c - - - - - -] backend_availability_zone      = None [00;33m{{(pid=3449763) log_opt_values /opt/stack/data/venv/lib/python3.12/site-packages/oslo_config/cfg.py:3549}}[00m
2026-09-15 18:28:12.160 3449763 DEBUG oslo_service.backend._eventlet.service [req-14e7fedf-0b2f-47fc-bf26-c59b6864214c - - - - - -] backend_host                   = None [00;33m{{(pid=3449763) log_opt_values /opt/stack/data/venv/lib/python3.12/site-packages/oslo_config/cfg.py:3549}}[00m
2026-09-15 18:28:12.160 3449763 DEBUG oslo_service.backend._eventlet.service [req-14e7fedf-0b2f-47fc-bf26-c59b6864214c - - - - - -] backend_name                   = None [00;33m{{(pid=3449763) log_opt_values /opt/stack/data/venv/lib/python3.12/site-packages/oslo_config/cfg.py:3549}}[00m
2026-09-15 18:28:12.160 3449763 DEBUG oslo_service.backend._eventlet.service [req-14e7fedf-0b2f-47fc-bf26-c59b6864214c - - - - - -] backend_stats_polling_interval = 60 [00;33m{{(pid=3449763) log_opt_values /opt/stack/data/venv/lib/python3.12/site-packages/oslo_config/cfg.py:3549}}[00m
2026-09-15 18:28:12.160 3449763 DEBUG oslo_service.backend._eventlet.service [req-14e7fedf-0b2f-47fc-bf26-c59b6864214c - - - - - -] backup_api_class               = cinder.backup.api.API [00;33m{{(pid=3449763) log_opt_values /opt/stack/data/venv/lib/python3.12/site-packages/oslo_config/cfg.py:3549}}[00m
2026-09-15 18:28:12.160 3449763 DEBUG oslo_service.backend._eventlet.service [req-14e7fedf-0b2f-47fc-bf26-c59b6864214c - - - - - -] backup_manager                 = cinder.backup.manager.BackupManager [00;33m{{(pid=3449763) log_opt_values /opt/stack/data/venv/lib/python3.12/site-packages/oslo_config/cfg.py:3549}}[00m
2026-09-15 18:28:12.160 3449763 DEBUG oslo_service.backend._eventlet.service [req-14e7fedf-0b2f-47fc-bf26-c59b6864214c - - - - - -] backup_name_template           = backup-%s [00;33m{{(pid=3449763) log_opt_values /opt/stack/data/venv/lib/python3.12/site-packages/oslo_config/cfg.py:3549}}[00m
2026-09-15 18:28:12.160 3449763 DEBUG oslo_service.backend._eventlet.service [req-14e7fedf-0b2f-47fc-bf26-c59b6864214c - - - - - -] backup_use_same_host           = False [00;33m{{(pid=3449763) log_opt_values /opt/stack/data/venv/lib/python3.12/site-packages/oslo_config/cfg.py:3549}}[00m
2026-09-15 18:28:12.161 3449763 DEBUG oslo_service.backend._eventlet.service [req-14e7fedf-0b2f-47fc-bf26-c59b6864214c - - - - - -] backup_use_temp_snapshot       = False [00;33m{{(pid=3449763) log_opt_values /opt/stack/data/venv/lib/python3.12/site-packages/oslo_config/cfg.py:3549}}[00m
2026-09-15 18:28:12.161 3449763 DEBUG oslo_service.backend._eventlet.service [req-14e7fedf-0b2f-47fc-bf26-c59b6864214c - - - - - -] chap_password                  = **** [00;33m{{(pid=3449763) log_opt_values /opt/stack/data/venv/lib/python3.12/site-packages/oslo_config/cfg.py:3549}}[00m
2026-09-15 18:28:12.161 3449763 DEBUG oslo_service.backend._eventlet.service [req-14e7fedf-0b2f-47fc-bf26-c59b6864214c - - - - - -] chap_username                  =  [00;33m{{(pid=3449763) log_opt_values /opt/stack/data/venv/lib/python3.12/site-packages/oslo_config/cfg.py:3549}}[00m
2026-09-15 18:28:12.161 3449777 INFO cinder.service [-] Starting cinder-volume node (version 29.1.0)
2026-09-15 18:28:12.161 3449763 DEBUG oslo_service.backend._eventlet.service [req-14e7fedf-0b2f-47fc-bf26-c59b6864214c - - - - - -] chiscsi_conf                   = /etc/chelsio-iscsi/chiscsi.conf [00;33m{{(pid=3449763) log_opt_values /opt/stack/data/venv/lib/python3.12/site-packages/oslo_config/cfg.py:3549}}[00m
2026-09-15 18:28:12.161 3449763 DEBUG oslo_service.backend._eventlet.service [req-14e7fedf-0b2f-47fc-bf26-c59b6864214c - - - - - -] cinder_internal_tenant_project_id = 4efec0d60f534f8eb6d66ab52f697a08 [00;33m{{(pid=3449763) log_opt_values /opt/stack/data/venv/lib/python3.12/site-packages/oslo_config/cfg.py:3549}}[00m
2026-09-15 18:28:12.161 3449763 DEBUG oslo_service.backend._eventlet.service [req-14e7fedf-0b2f-47fc-bf26-c59b6864214c - - - - - -] cinder_internal_tenant_user_id = 9edfaa484d5e486787a645f630405b6e [00;33m{{(pid=3449763) log_opt_values /opt/stack/data/venv/lib/python3.12/site-packages/oslo_config/cfg.py:3549}}[00m
2026-09-15 18:28:12.162 3449763 DEBUG oslo_service.backend._eventlet.service [req-14e7fedf-0b2f-47fc-bf26-c59b6864214c - - - - - -] cluster                        = None [00;33m{{(pid=3449763) log_opt_values /opt/stack/data/venv/lib/python3.12/site-packages/oslo_config/cfg.py:3549}}[00m
2026-09-15 18:28:12.162 3449763 DEBUG oslo_service.backend._eventlet.service [req-14e7fedf-0b2f-47fc-bf26-c59b6864214c - - - - - -] compression_format             = gzip [00;33m{{(pid=3449763) log_opt_values /opt/stack/data/venv/lib/python3.12/site-packages/oslo_config/cfg.py:3549}}[00m
2026-09-15 18:28:12.162 3449763 DEBUG oslo_service.backend._eventlet.service [req-14e7fedf-0b2f-47fc-bf26-c59b6864214c - - - - - -] compute_api_class              = cinder.compute.nova.API [00;33m{{(pid=3449763) log_opt_values /opt/stack/data/venv/lib/python3.12/site-packages/oslo_config/cfg.py:3549}}[00m
2026-09-15 18:28:12.162 3449763 DEBUG oslo_service.backend._eventlet.service [req-14e7fedf-0b2f-47fc-bf26-c59b6864214c - - - - - -] config_dir                     = [] [00;33m{{(pid=3449763) log_opt_values /opt/stack/data/venv/lib/python3.12/site-packages/oslo_config/cfg.py:3549}}[00m
2026-09-15 18:28:12.162 3449763 DEBUG oslo_service.backend._eventlet.service [req-14e7fedf-0b2f-47fc-bf26-c59b6864214c - - - - - -] config_file                    = ['/etc/cinder/cinder.conf'] [00;33m{{(pid=3449763) log_opt_values /opt/stack/data/venv/lib/python3.12/site-packages/oslo_config/cfg.py:3549}}[00m
2026-09-15 18:28:12.162 3449763 DEBUG oslo_service.backend._eventlet.service [req-14e7fedf-0b2f-47fc-bf26-c59b6864214c - - - - - -] config_source                  = [] [00;33m{{(pid=3449763) log_opt_values /opt/stack/data/venv/lib/python3.12/site-packages/oslo_config/cfg.py:3549}}[00m
2026-09-15 18:28:12.162 3449763 DEBUG oslo_service.backend._eventlet.service [req-14e7fedf-0b2f-47fc-bf26-c59b6864214c - - - - - -] consistencygroup_api_class     = cinder.consistencygroup.api.API [00;33m{{(pid=3449763) log_opt_values /opt/stack/data/venv/lib/python3.12/site-packages/oslo_config/cfg.py:3549}}[00m
2026-09-15 18:28:12.162 3449763 DEBUG oslo_service.backend._eventlet.service [req-14e7fedf-0b2f-47fc-bf26-c59b6864214c - - - - - -] control_exchange               = openstack [00;33m{{(pid=3449763) log_opt_values /opt/stack/data/venv/lib/python3.12/site-packages/oslo_config/cfg.py:3549}}[00m
2026-09-15 18:28:12.162 3449763 DEBUG oslo_service.backend._eventlet.service [req-14e7fedf-0b2f-47fc-bf26-c59b6864214c - - - - - -] debug                          = True [00;33m{{(pid=3449763) log_opt_values /opt/stack/data/venv/lib/python3.12/site-packages/oslo_config/cfg.py:3549}}[00m
2026-09-15 18:28:12.162 3449763 DEBUG oslo_service.backend._eventlet.service [req-14e7fedf-0b2f-47fc-bf26-c59b6864214c - - - - - -] default_availability_zone      = None [00;33m{{(pid=3449763) log_opt_values /opt/stack/data/venv/lib/python3.12/site-packages/oslo_config/cfg.py:3549}}[00m
2026-09-15 18:28:12.162 3449763 DEBUG oslo_service.backend._eventlet.service [req-14e7fedf-0b2f-47fc-bf26-c59b6864214c - - - - - -] default_group_type             = None [00;33m{{(pid=3449763) log_opt_values /opt/stack/data/venv/lib/python3.12/site-packages/oslo_config/cfg.py:3549}}[00m
2026-09-15 18:28:12.163 3449763 DEBUG oslo_service.backend._eventlet.service [req-14e7fedf-0b2f-47fc-bf26-c59b6864214c - - - - - -] default_log_levels             = ['amqp=WARN', 'boto=WARN', 'sqlalchemy=WARN', 'suds=INFO', 'oslo.messaging=INFO', 'oslo_messaging=INFO', 'iso8601=WARN', 'requests.packages.urllib3.connectionpool=WARN', 'urllib3.connectionpool=WARN', 'websocket=WARN', 'requests.packages.urllib3.util.retry=WARN', 'urllib3.util.retry=WARN', 'keystonemiddleware=WARN', 'routes.middleware=WARN', 'stevedore=WARN', 'taskflow=WARN', 'keystoneauth=WARN', 'oslo.cache=INFO', 'oslo_policy=INFO', 'dogpile.core.dogpile=INFO'] [00;33m{{(pid=3449763) log_opt_values /opt/stack/data/venv/lib/python3.12/site-packages/oslo_config/cfg.py:3549}}[00m
2026-09-15 18:28:12.163 3449763 DEBUG oslo_service.backend._eventlet.service [req-14e7fedf-0b2f-47fc-bf26-c59b6864214c - - - - - -] default_volume_type            = hitachi [00;33m{{(pid=3449763) log_opt_values /opt/stack/data/venv/lib/python3.12/site-packages/oslo_config/cfg.py:3549}}[00m
2026-09-15 18:28:12.163 3449763 DEBUG oslo_service.backend._eventlet.service [req-14e7fedf-0b2f-47fc-bf26-c59b6864214c - - - - - -] disk_geometry                  = None [00;33m{{(pid=3449763) log_opt_values /opt/stack/data/venv/lib/python3.12/site-packages/oslo_config/cfg.py:3549}}[00m
2026-09-15 18:28:12.163 3449763 DEBUG oslo_service.backend._eventlet.service [req-14e7fedf-0b2f-47fc-bf26-c59b6864214c - - - - - -] driver_client_cert             = None [00;33m{{(pid=3449763) log_opt_values /opt/stack/data/venv/lib/python3.12/site-packages/oslo_config/cfg.py:3549}}[00m
2026-09-15 18:28:12.163 3449763 DEBUG oslo_service.backend._eventlet.service [req-14e7fedf-0b2f-47fc-bf26-c59b6864214c - - - - - -] driver_client_cert_key         = None [00;33m{{(pid=3449763) log_opt_values /opt/stack/data/venv/lib/python3.12/site-packages/oslo_config/cfg.py:3549}}[00m
2026-09-15 18:28:12.163 3449763 DEBUG oslo_service.backend._eventlet.service [req-14e7fedf-0b2f-47fc-bf26-c59b6864214c - - - - - -] driver_data_namespace          = None [00;33m{{(pid=3449763) log_opt_values /opt/stack/data/venv/lib/python3.12/site-packages/oslo_config/cfg.py:3549}}[00m
2026-09-15 18:28:12.163 3449763 DEBUG oslo_service.backend._eventlet.service [req-14e7fedf-0b2f-47fc-bf26-c59b6864214c - - - - - -] driver_ssl_cert_path           = None [00;33m{{(pid=3449763) log_opt_values /opt/stack/data/venv/lib/python3.12/site-packages/oslo_config/cfg.py:3549}}[00m
2026-09-15 18:28:12.163 3449763 DEBUG oslo_service.backend._eventlet.service [req-14e7fedf-0b2f-47fc-bf26-c59b6864214c - - - - - -] driver_ssl_cert_verify         = False [00;33m{{(pid=3449763) log_opt_values /opt/stack/data/venv/lib/python3.12/site-packages/oslo_config/cfg.py:3549}}[00m
2026-09-15 18:28:12.163 3449763 DEBUG oslo_service.backend._eventlet.service [req-14e7fedf-0b2f-47fc-bf26-c59b6864214c - - - - - -] driver_use_ssl                 = False [00;33m{{(pid=3449763) log_opt_values /opt/stack/data/venv/lib/python3.12/site-packages/oslo_config/cfg.py:3549}}[00m
2026-09-15 18:28:12.163 3449763 DEBUG oslo_service.backend._eventlet.service [req-14e7fedf-0b2f-47fc-bf26-c59b6864214c - - - - - -] enable_new_services            = True [00;33m{{(pid=3449763) log_opt_values /opt/stack/data/venv/lib/python3.12/site-packages/oslo_config/cfg.py:3549}}[00m
2026-09-15 18:28:12.163 3449763 DEBUG oslo_service.backend._eventlet.service [req-14e7fedf-0b2f-47fc-bf26-c59b6864214c - - - - - -] enable_unsupported_driver      = False [00;33m{{(pid=3449763) log_opt_values /opt/stack/data/venv/lib/python3.12/site-packages/oslo_config/cfg.py:3549}}[00m
2026-09-15 18:28:12.163 3449763 DEBUG oslo_service.backend._eventlet.service [req-14e7fedf-0b2f-47fc-bf26-c59b6864214c - - - - - -] enabled_backends               = ['hitachi'] [00;33m{{(pid=3449763) log_opt_values /opt/stack/data/venv/lib/python3.12/site-packages/oslo_config/cfg.py:3549}}[00m
2026-09-15 18:28:12.163 3449763 DEBUG oslo_service.backend._eventlet.service [req-14e7fedf-0b2f-47fc-bf26-c59b6864214c - - - - - -] enforce_multipath_for_image_xfer = False [00;33m{{(pid=3449763) log_opt_values /opt/stack/data/venv/lib/python3.12/site-packages/oslo_config/cfg.py:3549}}[00m
2026-09-15 18:28:12.164 3449763 DEBUG oslo_service.backend._eventlet.service [req-14e7fedf-0b2f-47fc-bf26-c59b6864214c - - - - - -] filter_function                = None [00;33m{{(pid=3449763) log_opt_values /opt/stack/data/venv/lib/python3.12/site-packages/oslo_config/cfg.py:3549}}[00m
2026-09-15 18:28:12.164 3449763 DEBUG oslo_service.backend._eventlet.service [req-14e7fedf-0b2f-47fc-bf26-c59b6864214c - - - - - -] glance_api_insecure            = False [00;33m{{(pid=3449763) log_opt_values /opt/stack/data/venv/lib/python3.12/site-packages/oslo_config/cfg.py:3549}}[00m
2026-09-15 18:28:12.164 3449763 DEBUG oslo_service.backend._eventlet.service [req-14e7fedf-0b2f-47fc-bf26-c59b6864214c - - - - - -] glance_api_servers             = ['http://172.25.92.210/image'] [00;33m{{(pid=3449763) log_opt_values /opt/stack/data/venv/lib/python3.12/site-packages/oslo_config/cfg.py:3549}}[00m
2026-09-15 18:28:12.164 3449763 DEBUG oslo_service.backend._eventlet.service [req-14e7fedf-0b2f-47fc-bf26-c59b6864214c - - - - - -] glance_api_ssl_compression     = False [00;33m{{(pid=3449763) log_opt_values /opt/stack/data/venv/lib/python3.12/site-packages/oslo_config/cfg.py:3549}}[00m
2026-09-15 18:28:12.164 3449763 DEBUG oslo_service.backend._eventlet.service [req-14e7fedf-0b2f-47fc-bf26-c59b6864214c - - - - - -] glance_ca_certificates_file    = None [00;33m{{(pid=3449763) log_opt_values /opt/stack/data/venv/lib/python3.12/site-packages/oslo_config/cfg.py:3549}}[00m
2026-09-15 18:28:12.164 3449763 DEBUG oslo_service.backend._eventlet.service [req-14e7fedf-0b2f-47fc-bf26-c59b6864214c - - - - - -] glance_catalog_info            = image:glance:publicURL [00;33m{{(pid=3449763) log_opt_values /opt/stack/data/venv/lib/python3.12/site-packages/oslo_config/cfg.py:3549}}[00m
2026-09-15 18:28:12.164 3449763 DEBUG oslo_service.backend._eventlet.service [req-14e7fedf-0b2f-47fc-bf26-c59b6864214c - - - - - -] glance_certfile                = None [00;33m{{(pid=3449763) log_opt_values /opt/stack/data/venv/lib/python3.12/site-packages/oslo_config/cfg.py:3549}}[00m
2026-09-15 18:28:12.164 3449763 DEBUG oslo_service.backend._eventlet.service [req-14e7fedf-0b2f-47fc-bf26-c59b6864214c - - - - - -] glance_core_properties         = ['checksum', 'container_format', 'disk_format', 'image_name', 'image_id', 'min_disk', 'min_ram', 'name', 'size'] [00;33m{{(pid=3449763) log_opt_values /opt/stack/data/venv/lib/python3.12/site-packages/oslo_config/cfg.py:3549}}[00m
2026-09-15 18:28:12.164 3449763 DEBUG oslo_service.backend._eventlet.service [req-14e7fedf-0b2f-47fc-bf26-c59b6864214c - - - - - -] glance_keyfile                 = None [00;33m{{(pid=3449763) log_opt_values /opt/stack/data/venv/lib/python3.12/site-packages/oslo_config/cfg.py:3549}}[00m
2026-09-15 18:28:12.164 3449763 DEBUG oslo_service.backend._eventlet.service [req-14e7fedf-0b2f-47fc-bf26-c59b6864214c - - - - - -] glance_num_retries             = 3 [00;33m{{(pid=3449763) log_opt_values /opt/stack/data/venv/lib/python3.12/site-packages/oslo_config/cfg.py:3549}}[00m
2026-09-15 18:28:12.164 3449763 DEBUG oslo_service.backend._eventlet.service [req-14e7fedf-0b2f-47fc-bf26-c59b6864214c - - - - - -] glance_request_timeout         = None [00;33m{{(pid=3449763) log_opt_values /opt/stack/data/venv/lib/python3.12/site-packages/oslo_config/cfg.py:3549}}[00m
2026-09-15 18:28:12.164 3449763 DEBUG oslo_service.backend._eventlet.service [req-14e7fedf-0b2f-47fc-bf26-c59b6864214c - - - - - -] goodness_function              = None [00;33m{{(pid=3449763) log_opt_values /opt/stack/data/venv/lib/python3.12/site-packages/oslo_config/cfg.py:3549}}[00m
2026-09-15 18:28:12.165 3449763 DEBUG oslo_service.backend._eventlet.service [req-14e7fedf-0b2f-47fc-bf26-c59b6864214c - - - - - -] graceful_shutdown_timeout      = 5 [00;33m{{(pid=3449763) log_opt_values /opt/stack/data/venv/lib/python3.12/site-packages/oslo_config/cfg.py:3549}}[00m
2026-09-15 18:28:12.165 3449763 DEBUG oslo_service.backend._eventlet.service [req-14e7fedf-0b2f-47fc-bf26-c59b6864214c - - - - - -] group_api_class                = cinder.group.api.API [00;33m{{(pid=3449763) log_opt_values /opt/stack/data/venv/lib/python3.12/site-packages/oslo_config/cfg.py:3549}}[00m
2026-09-15 18:28:12.165 3449763 DEBUG oslo_service.backend._eventlet.service [req-14e7fedf-0b2f-47fc-bf26-c59b6864214c - - - - - -] hitachi_mirror_auth_password   = **** [00;33m{{(pid=3449763) log_opt_values /opt/stack/data/venv/lib/python3.12/site-packages/oslo_config/cfg.py:3549}}[00m
2026-09-15 18:28:12.165 3449763 DEBUG oslo_service.backend._eventlet.service [req-14e7fedf-0b2f-47fc-bf26-c59b6864214c - - - - - -] hitachi_mirror_auth_user       = None [00;33m{{(pid=3449763) log_opt_values /opt/stack/data/venv/lib/python3.12/site-packages/oslo_config/cfg.py:3549}}[00m
2026-09-15 18:28:12.165 3449763 DEBUG oslo_service.backend._eventlet.service [req-14e7fedf-0b2f-47fc-bf26-c59b6864214c - - - - - -] hitachi_mirror_compute_target_ports = [] [00;33m{{(pid=3449763) log_opt_values /opt/stack/data/venv/lib/python3.12/site-packages/oslo_config/cfg.py:3549}}[00m
2026-09-15 18:28:12.165 3449763 DEBUG oslo_service.backend._eventlet.service [req-14e7fedf-0b2f-47fc-bf26-c59b6864214c - - - - - -] hitachi_mirror_ldev_range      = None [00;33m{{(pid=3449763) log_opt_values /opt/stack/data/venv/lib/python3.12/site-packages/oslo_config/cfg.py:3549}}[00m
2026-09-15 18:28:12.165 3449763 DEBUG oslo_service.backend._eventlet.service [req-14e7fedf-0b2f-47fc-bf26-c59b6864214c - - - - - -] hitachi_mirror_pair_target_number = 0 [00;33m{{(pid=3449763) log_opt_values /opt/stack/data/venv/lib/python3.12/site-packages/oslo_config/cfg.py:3549}}[00m
2026-09-15 18:28:12.165 3449763 DEBUG oslo_service.backend._eventlet.service [req-14e7fedf-0b2f-47fc-bf26-c59b6864214c - - - - - -] hitachi_mirror_pool            = None [00;33m{{(pid=3449763) log_opt_values /opt/stack/data/venv/lib/python3.12/site-packages/oslo_config/cfg.py:3549}}[00m
2026-09-15 18:28:12.165 3449763 DEBUG oslo_service.backend._eventlet.service [req-14e7fedf-0b2f-47fc-bf26-c59b6864214c - - - - - -] hitachi_mirror_rest_api_ip     = None [00;33m{{(pid=3449763) log_opt_values /opt/stack/data/venv/lib/python3.12/site-packages/oslo_config/cfg.py:3549}}[00m
2026-09-15 18:28:12.165 3449763 DEBUG oslo_service.backend._eventlet.service [req-14e7fedf-0b2f-47fc-bf26-c59b6864214c - - - - - -] hitachi_mirror_rest_api_port   = 443 [00;33m{{(pid=3449763) log_opt_values /opt/stack/data/venv/lib/python3.12/site-packages/oslo_config/cfg.py:3549}}[00m
2026-09-15 18:28:12.165 3449763 DEBUG oslo_service.backend._eventlet.service [req-14e7fedf-0b2f-47fc-bf26-c59b6864214c - - - - - -] hitachi_mirror_rest_pair_target_ports = [] [00;33m{{(pid=3449763) log_opt_values /opt/stack/data/venv/lib/python3.12/site-packages/oslo_config/cfg.py:3549}}[00m
2026-09-15 18:28:12.165 3449763 DEBUG oslo_service.backend._eventlet.service [req-14e7fedf-0b2f-47fc-bf26-c59b6864214c - - - - - -] hitachi_mirror_rest_password   = **** [00;33m{{(pid=3449763) log_opt_values /opt/stack/data/venv/lib/python3.12/site-packages/oslo_config/cfg.py:3549}}[00m
2026-09-15 18:28:12.165 3449763 DEBUG oslo_service.backend._eventlet.service [req-14e7fedf-0b2f-47fc-bf26-c59b6864214c - - - - - -] hitachi_mirror_rest_user       = None [00;33m{{(pid=3449763) log_opt_values /opt/stack/data/venv/lib/python3.12/site-packages/oslo_config/cfg.py:3549}}[00m
2026-09-15 18:28:12.166 3449763 DEBUG oslo_service.backend._eventlet.service [req-14e7fedf-0b2f-47fc-bf26-c59b6864214c - - - - - -] hitachi_mirror_snap_pool       = None [00;33m{{(pid=3449763) log_opt_values /opt/stack/data/venv/lib/python3.12/site-packages/oslo_config/cfg.py:3549}}[00m
2026-09-15 18:28:12.166 3449763 DEBUG oslo_service.backend._eventlet.service [req-14e7fedf-0b2f-47fc-bf26-c59b6864214c - - - - - -] hitachi_mirror_ssl_cert_path   = None [00;33m{{(pid=3449763) log_opt_values /opt/stack/data/venv/lib/python3.12/site-packages/oslo_config/cfg.py:3549}}[00m
2026-09-15 18:28:12.166 3449763 DEBUG oslo_service.backend._eventlet.service [req-14e7fedf-0b2f-47fc-bf26-c59b6864214c - - - - - -] hitachi_mirror_ssl_cert_verify = False [00;33m{{(pid=3449763) log_opt_values /opt/stack/data/venv/lib/python3.12/site-packages/oslo_config/cfg.py:3549}}[00m
2026-09-15 18:28:12.166 3449763 DEBUG oslo_service.backend._eventlet.service [req-14e7fedf-0b2f-47fc-bf26-c59b6864214c - - - - - -] hitachi_mirror_storage_id      = None [00;33m{{(pid=3449763) log_opt_values /opt/stack/data/venv/lib/python3.12/site-packages/oslo_config/cfg.py:3549}}[00m
2026-09-15 18:28:12.166 3449763 DEBUG oslo_service.backend._eventlet.service [req-14e7fedf-0b2f-47fc-bf26-c59b6864214c - - - - - -] hitachi_mirror_target_ports    = [] [00;33m{{(pid=3449763) log_opt_values /opt/stack/data/venv/lib/python3.12/site-packages/oslo_config/cfg.py:3549}}[00m
2026-09-15 18:28:12.166 3449763 DEBUG oslo_service.backend._eventlet.service [req-14e7fedf-0b2f-47fc-bf26-c59b6864214c - - - - - -] hitachi_mirror_use_chap_auth   = False [00;33m{{(pid=3449763) log_opt_values /opt/stack/data/venv/lib/python3.12/site-packages/oslo_config/cfg.py:3549}}[00m
2026-09-15 18:28:12.166 3449763 DEBUG oslo_service.backend._eventlet.service [req-14e7fedf-0b2f-47fc-bf26-c59b6864214c - - - - - -] hitachi_path_group_id          = 0 [00;33m{{(pid=3449763) log_opt_values /opt/stack/data/venv/lib/python3.12/site-packages/oslo_config/cfg.py:3549}}[00m
2026-09-15 18:28:12.166 3449763 DEBUG oslo_service.backend._eventlet.service [req-14e7fedf-0b2f-47fc-bf26-c59b6864214c - - - - - -] hitachi_quorum_disk_id         = None [00;33m{{(pid=3449763) log_opt_values /opt/stack/data/venv/lib/python3.12/site-packages/oslo_config/cfg.py:3549}}[00m
2026-09-15 18:28:12.166 3449763 DEBUG oslo_service.backend._eventlet.service [req-14e7fedf-0b2f-47fc-bf26-c59b6864214c - - - - - -] hitachi_replication_copy_speed = 3 [00;33m{{(pid=3449763) log_opt_values /opt/stack/data/venv/lib/python3.12/site-packages/oslo_config/cfg.py:3549}}[00m
2026-09-15 18:28:12.166 3449763 DEBUG oslo_service.backend._eventlet.service [req-14e7fedf-0b2f-47fc-bf26-c59b6864214c - - - - - -] hitachi_replication_journal_creation_speed = L [00;33m{{(pid=3449763) log_opt_values /opt/stack/data/venv/lib/python3.12/site-packages/oslo_config/cfg.py:3549}}[00m
2026-09-15 18:28:12.166 3449763 DEBUG oslo_service.backend._eventlet.service [req-14e7fedf-0b2f-47fc-bf26-c59b6864214c - - - - - -] hitachi_replication_journal_overflow_tolerance = 60 [00;33m{{(pid=3449763) log_opt_values /opt/stack/data/venv/lib/python3.12/site-packages/oslo_config/cfg.py:3549}}[00m
2026-09-15 18:28:12.166 3449763 DEBUG oslo_service.backend._eventlet.service [req-14e7fedf-0b2f-47fc-bf26-c59b6864214c - - - - - -] hitachi_replication_journal_path_failure_tolerance = 5 [00;33m{{(pid=3449763) log_opt_values /opt/stack/data/venv/lib/python3.12/site-packages/oslo_config/cfg.py:3549}}[00m
2026-09-15 18:28:12.166 3449763 DEBUG oslo_service.backend._eventlet.service [req-14e7fedf-0b2f-47fc-bf26-c59b6864214c - - - - - -] hitachi_replication_journal_size = None [00;33m{{(pid=3449763) log_opt_values /opt/stack/data/venv/lib/python3.12/site-packages/oslo_config/cfg.py:3549}}[00m
2026-09-15 18:28:12.167 3449763 DEBUG oslo_service.backend._eventlet.service [req-14e7fedf-0b2f-47fc-bf26-c59b6864214c - - - - - -] hitachi_replication_journal_transfer_speed = 256 [00;33m{{(pid=3449763) log_opt_values /opt/stack/data/venv/lib/python3.12/site-packages/oslo_config/cfg.py:3549}}[00m
2026-09-15 18:28:12.167 3449763 DEBUG oslo_service.backend._eventlet.service [req-14e7fedf-0b2f-47fc-bf26-c59b6864214c - - - - - -] hitachi_replication_journal_use_cache = True [00;33m{{(pid=3449763) log_opt_values /opt/stack/data/venv/lib/python3.12/site-packages/oslo_config/cfg.py:3549}}[00m
2026-09-15 18:28:12.167 3449763 DEBUG oslo_service.backend._eventlet.service [req-14e7fedf-0b2f-47fc-bf26-c59b6864214c - - - - - -] hitachi_replication_mun        = 1 [00;33m{{(pid=3449763) log_opt_values /opt/stack/data/venv/lib/python3.12/site-packages/oslo_config/cfg.py:3549}}[00m
2026-09-15 18:28:12.167 3449763 DEBUG oslo_service.backend._eventlet.service [req-14e7fedf-0b2f-47fc-bf26-c59b6864214c - - - - - -] hitachi_replication_number     = 0 [00;33m{{(pid=3449763) log_opt_values /opt/stack/data/venv/lib/python3.12/site-packages/oslo_config/cfg.py:3549}}[00m
2026-09-15 18:28:12.167 3449763 DEBUG oslo_service.backend._eventlet.service [req-14e7fedf-0b2f-47fc-bf26-c59b6864214c - - - - - -] hitachi_replication_status_check_long_interval = 600 [00;33m{{(pid=3449763) log_opt_values /opt/stack/data/venv/lib/python3.12/site-packages/oslo_config/cfg.py:3549}}[00m
2026-09-15 18:28:12.167 3449763 DEBUG oslo_service.backend._eventlet.service [req-14e7fedf-0b2f-47fc-bf26-c59b6864214c - - - - - -] hitachi_replication_status_check_short_interval = 5 [00;33m{{(pid=3449763) log_opt_values /opt/stack/data/venv/lib/python3.12/site-packages/oslo_config/cfg.py:3549}}[00m
2026-09-15 18:28:12.167 3449763 DEBUG oslo_service.backend._eventlet.service [req-14e7fedf-0b2f-47fc-bf26-c59b6864214c - - - - - -] hitachi_replication_status_check_timeout = 86400 [00;33m{{(pid=3449763) log_opt_values /opt/stack/data/venv/lib/python3.12/site-packages/oslo_config/cfg.py:3549}}[00m
2026-09-15 18:28:12.167 3449763 DEBUG oslo_service.backend._eventlet.service [req-14e7fedf-0b2f-47fc-bf26-c59b6864214c - - - - - -] hitachi_set_mirror_reserve_attribute = True [00;33m{{(pid=3449763) log_opt_values /opt/stack/data/venv/lib/python3.12/site-packages/oslo_config/cfg.py:3549}}[00m
2026-09-15 18:28:12.167 3449763 DEBUG oslo_service.backend._eventlet.service [req-14e7fedf-0b2f-47fc-bf26-c59b6864214c - - - - - -] host                           = devstack-92-210 [00;33m{{(pid=3449763) log_opt_values /opt/stack/data/venv/lib/python3.12/site-packages/oslo_config/cfg.py:3549}}[00m
2026-09-15 18:28:12.167 3449763 DEBUG oslo_service.backend._eventlet.service [req-14e7fedf-0b2f-47fc-bf26-c59b6864214c - - - - - -] image_compress_on_upload       = True [00;33m{{(pid=3449763) log_opt_values /opt/stack/data/venv/lib/python3.12/site-packages/oslo_config/cfg.py:3549}}[00m
2026-09-15 18:28:12.167 3449763 DEBUG oslo_service.backend._eventlet.service [req-14e7fedf-0b2f-47fc-bf26-c59b6864214c - - - - - -] image_conversion_address_space_limit = 1 [00;33m{{(pid=3449763) log_opt_values /opt/stack/data/venv/lib/python3.12/site-packages/oslo_config/cfg.py:3549}}[00m
2026-09-15 18:28:12.167 3449763 DEBUG oslo_service.backend._eventlet.service [req-14e7fedf-0b2f-47fc-bf26-c59b6864214c - - - - - -] image_conversion_cpu_limit     = 60 [00;33m{{(pid=3449763) log_opt_values /opt/stack/data/venv/lib/python3.12/site-packages/oslo_config/cfg.py:3549}}[00m
2026-09-15 18:28:12.168 3449763 DEBUG oslo_service.backend._eventlet.service [req-14e7fedf-0b2f-47fc-bf26-c59b6864214c - - - - - -] image_conversion_dir           = /opt/stack/data/cinder/conversion [00;33m{{(pid=3449763) log_opt_values /opt/stack/data/venv/lib/python3.12/site-packages/oslo_config/cfg.py:3549}}[00m
2026-09-15 18:28:12.168 3449763 DEBUG oslo_service.backend._eventlet.service [req-14e7fedf-0b2f-47fc-bf26-c59b6864214c - - - - - -] image_conversion_disable       = False [00;33m{{(pid=3449763) log_opt_values /opt/stack/data/venv/lib/python3.12/site-packages/oslo_config/cfg.py:3549}}[00m
2026-09-15 18:28:12.168 3449763 DEBUG oslo_service.backend._eventlet.service [req-14e7fedf-0b2f-47fc-bf26-c59b6864214c - - - - - -] image_introspection_address_space_limit = 1 [00;33m{{(pid=3449763) log_opt_values /opt/stack/data/venv/lib/python3.12/site-packages/oslo_config/cfg.py:3549}}[00m
2026-09-15 18:28:12.168 3449763 DEBUG oslo_service.backend._eventlet.service [req-14e7fedf-0b2f-47fc-bf26-c59b6864214c - - - - - -] image_introspection_cpu_limit  = 60 [00;33m{{(pid=3449763) log_opt_values /opt/stack/data/venv/lib/python3.12/site-packages/oslo_config/cfg.py:3549}}[00m
2026-09-15 18:28:12.168 3449763 DEBUG oslo_service.backend._eventlet.service [req-14e7fedf-0b2f-47fc-bf26-c59b6864214c - - - - - -] image_upload_use_cinder_backend = False [00;33m{{(pid=3449763) log_opt_values /opt/stack/data/venv/lib/python3.12/site-packages/oslo_config/cfg.py:3549}}[00m
2026-09-15 18:28:12.168 3449763 DEBUG oslo_service.backend._eventlet.service [req-14e7fedf-0b2f-47fc-bf26-c59b6864214c - - - - - -] image_upload_use_internal_tenant = False [00;33m{{(pid=3449763) log_opt_values /opt/stack/data/venv/lib/python3.12/site-packages/oslo_config/cfg.py:3549}}[00m
2026-09-15 18:28:12.168 3449763 DEBUG oslo_service.backend._eventlet.service [req-14e7fedf-0b2f-47fc-bf26-c59b6864214c - - - - - -] image_volume_cache_enabled     = False [00;33m{{(pid=3449763) log_opt_values /opt/stack/data/venv/lib/python3.12/site-packages/oslo_config/cfg.py:3549}}[00m
2026-09-15 18:28:12.168 3449763 DEBUG oslo_service.backend._eventlet.service [req-14e7fedf-0b2f-47fc-bf26-c59b6864214c - - - - - -] image_volume_cache_max_count   = 0 [00;33m{{(pid=3449763) log_opt_values /opt/stack/data/venv/lib/python3.12/site-packages/oslo_config/cfg.py:3549}}[00m
2026-09-15 18:28:12.168 3449763 DEBUG oslo_service.backend._eventlet.service [req-14e7fedf-0b2f-47fc-bf26-c59b6864214c - - - - - -] image_volume_cache_max_size_gb = 0 [00;33m{{(pid=3449763) log_opt_values /opt/stack/data/venv/lib/python3.12/site-packages/oslo_config/cfg.py:3549}}[00m
2026-09-15 18:28:12.168 3449763 DEBUG oslo_service.backend._eventlet.service [req-14e7fedf-0b2f-47fc-bf26-c59b6864214c - - - - - -] init_host_max_objects_retrieval = 0 [00;33m{{(pid=3449763) log_opt_values /opt/stack/data/venv/lib/python3.12/site-packages/oslo_config/cfg.py:3549}}[00m
2026-09-15 18:28:12.168 3449763 DEBUG oslo_service.backend._eventlet.service [req-14e7fedf-0b2f-47fc-bf26-c59b6864214c - - - - - -] instance_format                = [instance: %(uuid)s]  [00;33m{{(pid=3449763) log_opt_values /opt/stack/data/venv/lib/python3.12/site-packages/oslo_config/cfg.py:3549}}[00m
2026-09-15 18:28:12.168 3449763 DEBUG oslo_service.backend._eventlet.service [req-14e7fedf-0b2f-47fc-bf26-c59b6864214c - - - - - -] instance_uuid_format           = [instance: %(uuid)s]  [00;33m{{(pid=3449763) log_opt_values /opt/stack/data/venv/lib/python3.12/site-packages/oslo_config/cfg.py:3549}}[00m
2026-09-15 18:28:12.169 3449763 DEBUG oslo_service.backend._eventlet.service [req-14e7fedf-0b2f-47fc-bf26-c59b6864214c - - - - - -] iscsi_target_flags             =  [00;33m{{(pid=3449763) log_opt_values /opt/stack/data/venv/lib/python3.12/site-packages/oslo_config/cfg.py:3549}}[00m
2026-09-15 18:28:12.169 3449763 DEBUG oslo_service.backend._eventlet.service [req-14e7fedf-0b2f-47fc-bf26-c59b6864214c - - - - - -] iscsi_write_cache              = on [00;33m{{(pid=3449763) log_opt_values /opt/stack/data/venv/lib/python3.12/site-packages/oslo_config/cfg.py:3549}}[00m
2026-09-15 18:28:12.169 3449763 DEBUG oslo_service.backend._eventlet.service [req-14e7fedf-0b2f-47fc-bf26-c59b6864214c - - - - - -] iser_helper                    = tgtadm [00;33m{{(pid=3449763) log_opt_values /opt/stack/data/venv/lib/python3.12/site-packages/oslo_config/cfg.py:3549}}[00m
2026-09-15 18:28:12.169 3449763 DEBUG oslo_service.backend._eventlet.service [req-14e7fedf-0b2f-47fc-bf26-c59b6864214c - - - - - -] iser_ip_address                = 172.25.92.210 [00;33m{{(pid=3449763) log_opt_values /opt/stack/data/venv/lib/python3.12/site-packages/oslo_config/cfg.py:3549}}[00m
2026-09-15 18:28:12.169 3449763 DEBUG oslo_service.backend._eventlet.service [req-14e7fedf-0b2f-47fc-bf26-c59b6864214c - - - - - -] iser_port                      = 3260 [00;33m{{(pid=3449763) log_opt_values /opt/stack/data/venv/lib/python3.12/site-packages/oslo_config/cfg.py:3549}}[00m
2026-09-15 18:28:12.169 3449763 DEBUG oslo_service.backend._eventlet.service [req-14e7fedf-0b2f-47fc-bf26-c59b6864214c - - - - - -] iser_target_prefix             = iqn.2010-10.org.openstack: [00;33m{{(pid=3449763) log_opt_values /opt/stack/data/venv/lib/python3.12/site-packages/oslo_config/cfg.py:3549}}[00m
2026-09-15 18:28:12.169 3449763 DEBUG oslo_service.backend._eventlet.service [req-14e7fedf-0b2f-47fc-bf26-c59b6864214c - - - - - -] log_color                      = False [00;33m{{(pid=3449763) log_opt_values /opt/stack/data/venv/lib/python3.12/site-packages/oslo_config/cfg.py:3549}}[00m
2026-09-15 18:28:12.169 3449763 DEBUG oslo_service.backend._eventlet.service [req-14e7fedf-0b2f-47fc-bf26-c59b6864214c - - - - - -] log_config_append              = None [00;33m{{(pid=3449763) log_opt_values /opt/stack/data/venv/lib/python3.12/site-packages/oslo_config/cfg.py:3549}}[00m
2026-09-15 18:28:12.169 3449763 DEBUG oslo_service.backend._eventlet.service [req-14e7fedf-0b2f-47fc-bf26-c59b6864214c - - - - - -] log_date_format                = %Y-%m-%d %H:%M:%S [00;33m{{(pid=3449763) log_opt_values /opt/stack/data/venv/lib/python3.12/site-packages/oslo_config/cfg.py:3549}}[00m
2026-09-15 18:28:12.169 3449763 DEBUG oslo_service.backend._eventlet.service [req-14e7fedf-0b2f-47fc-bf26-c59b6864214c - - - - - -] log_dir                        = /var/log/cinder [00;33m{{(pid=3449763) log_opt_values /opt/stack/data/venv/lib/python3.12/site-packages/oslo_config/cfg.py:3549}}[00m
2026-09-15 18:28:12.169 3449763 DEBUG oslo_service.backend._eventlet.service [req-14e7fedf-0b2f-47fc-bf26-c59b6864214c - - - - - -] log_file                       = None [00;33m{{(pid=3449763) log_opt_values /opt/stack/data/venv/lib/python3.12/site-packages/oslo_config/cfg.py:3549}}[00m
2026-09-15 18:28:12.170 3449763 DEBUG oslo_service.backend._eventlet.service [req-14e7fedf-0b2f-47fc-bf26-c59b6864214c - - - - - -] log_options                    = True [00;33m{{(pid=3449763) log_opt_values /opt/stack/data/venv/lib/python3.12/site-packages/oslo_config/cfg.py:3549}}[00m
2026-09-15 18:28:12.170 3449763 DEBUG oslo_service.backend._eventlet.service [req-14e7fedf-0b2f-47fc-bf26-c59b6864214c - - - - - -] log_rotate_interval            = 1 [00;33m{{(pid=3449763) log_opt_values /opt/stack/data/venv/lib/python3.12/site-packages/oslo_config/cfg.py:3549}}[00m
2026-09-15 18:28:12.170 3449763 DEBUG oslo_service.backend._eventlet.service [req-14e7fedf-0b2f-47fc-bf26-c59b6864214c - - - - - -] log_rotate_interval_type       = days [00;33m{{(pid=3449763) log_opt_values /opt/stack/data/venv/lib/python3.12/site-packages/oslo_config/cfg.py:3549}}[00m
2026-09-15 18:28:12.170 3449763 DEBUG oslo_service.backend._eventlet.service [req-14e7fedf-0b2f-47fc-bf26-c59b6864214c - - - - - -] log_rotation_type              = none [00;33m{{(pid=3449763) log_opt_values /opt/stack/data/venv/lib/python3.12/site-packages/oslo_config/cfg.py:3549}}[00m
2026-09-15 18:28:12.170 3449763 DEBUG oslo_service.backend._eventlet.service [req-14e7fedf-0b2f-47fc-bf26-c59b6864214c - - - - - -] logging_context_format_string  = %(asctime)s.%(msecs)03d %(process)d %(levelname)s %(name)s [%(request_id)s %(user_identity)s] %(instance)s%(message)s [00;33m{{(pid=3449763) log_opt_values /opt/stack/data/venv/lib/python3.12/site-packages/oslo_config/cfg.py:3549}}[00m
2026-09-15 18:28:12.170 3449763 DEBUG oslo_service.backend._eventlet.service [req-14e7fedf-0b2f-47fc-bf26-c59b6864214c - - - - - -] logging_debug_format_suffix    = [00;33m{{(pid=%(process)d) %(funcName)s %(pathname)s:%(lineno)d}}[00m [00;33m{{(pid=3449763) log_opt_values /opt/stack/data/venv/lib/python3.12/site-packages/oslo_config/cfg.py:3549}}[00m
2026-09-15 18:28:12.170 3449763 DEBUG oslo_service.backend._eventlet.service [req-14e7fedf-0b2f-47fc-bf26-c59b6864214c - - - - - -] logging_default_format_string  = %(asctime)s.%(msecs)03d %(process)d %(levelname)s %(name)s [-] %(instance)s%(message)s [00;33m{{(pid=3449763) log_opt_values /opt/stack/data/venv/lib/python3.12/site-packages/oslo_config/cfg.py:3549}}[00m
2026-09-15 18:28:12.170 3449763 DEBUG oslo_service.backend._eventlet.service [req-14e7fedf-0b2f-47fc-bf26-c59b6864214c - - - - - -] logging_exception_prefix       = ERROR %(name)s [01;35m%(instance)s[00m [00;33m{{(pid=3449763) log_opt_values /opt/stack/data/venv/lib/python3.12/site-packages/oslo_config/cfg.py:3549}}[00m
2026-09-15 18:28:12.170 3449763 DEBUG oslo_service.backend._eventlet.service [req-14e7fedf-0b2f-47fc-bf26-c59b6864214c - - - - - -] logging_user_identity_format   = %(user)s %(project)s %(domain)s %(system_scope)s %(user_domain)s %(project_domain)s [00;33m{{(pid=3449763) log_opt_values /opt/stack/data/venv/lib/python3.12/site-packages/oslo_config/cfg.py:3549}}[00m
2026-09-15 18:28:12.170 3449763 DEBUG oslo_service.backend._eventlet.service [req-14e7fedf-0b2f-47fc-bf26-c59b6864214c - - - - - -] max_age                        = 0 [00;33m{{(pid=3449763) log_opt_values /opt/stack/data/venv/lib/python3.12/site-packages/oslo_config/cfg.py:3549}}[00m
2026-09-15 18:28:12.170 3449763 DEBUG oslo_service.backend._eventlet.service [req-14e7fedf-0b2f-47fc-bf26-c59b6864214c - - - - - -] max_logfile_count              = 30 [00;33m{{(pid=3449763) log_opt_values /opt/stack/data/venv/lib/python3.12/site-packages/oslo_config/cfg.py:3549}}[00m
2026-09-15 18:28:12.170 3449763 DEBUG oslo_service.backend._eventlet.service [req-14e7fedf-0b2f-47fc-bf26-c59b6864214c - - - - - -] max_logfile_size_mb            = 200 [00;33m{{(pid=3449763) log_opt_values /opt/stack/data/venv/lib/python3.12/site-packages/oslo_config/cfg.py:3549}}[00m
2026-09-15 18:28:12.170 3449763 DEBUG oslo_service.backend._eventlet.service [req-14e7fedf-0b2f-47fc-bf26-c59b6864214c - - - - - -] max_over_subscription_ratio    = 20.0 [00;33m{{(pid=3449763) log_opt_values /opt/stack/data/venv/lib/python3.12/site-packages/oslo_config/cfg.py:3549}}[00m
2026-09-15 18:28:12.171 3449763 DEBUG oslo_service.backend._eventlet.service [req-14e7fedf-0b2f-47fc-bf26-c59b6864214c - - - - - -] message_reap_interval          = 86400 [00;33m{{(pid=3449763) log_opt_values /opt/stack/data/venv/lib/python3.12/site-packages/oslo_config/cfg.py:3549}}[00m
2026-09-15 18:28:12.171 3449763 DEBUG oslo_service.backend._eventlet.service [req-14e7fedf-0b2f-47fc-bf26-c59b6864214c - - - - - -] message_ttl                    = 2592000 [00;33m{{(pid=3449763) log_opt_values /opt/stack/data/venv/lib/python3.12/site-packages/oslo_config/cfg.py:3549}}[00m
2026-09-15 18:28:12.171 3449763 DEBUG oslo_service.backend._eventlet.service [req-14e7fedf-0b2f-47fc-bf26-c59b6864214c - - - - - -] migration_create_volume_timeout_secs = 300 [00;33m{{(pid=3449763) log_opt_values /opt/stack/data/venv/lib/python3.12/site-packages/oslo_config/cfg.py:3549}}[00m
2026-09-15 18:28:12.171 3449763 DEBUG oslo_service.backend._eventlet.service [req-14e7fedf-0b2f-47fc-bf26-c59b6864214c - - - - - -] monkey_patch                   = False [00;33m{{(pid=3449763) log_opt_values /opt/stack/data/venv/lib/python3.12/site-packages/oslo_config/cfg.py:3549}}[00m
2026-09-15 18:28:12.171 3449763 DEBUG oslo_service.backend._eventlet.service [req-14e7fedf-0b2f-47fc-bf26-c59b6864214c - - - - - -] monkey_patch_modules           = [] [00;33m{{(pid=3449763) log_opt_values /opt/stack/data/venv/lib/python3.12/site-packages/oslo_config/cfg.py:3549}}[00m
2026-09-15 18:28:12.171 3449763 DEBUG oslo_service.backend._eventlet.service [req-14e7fedf-0b2f-47fc-bf26-c59b6864214c - - - - - -] my_ip                          = 172.25.92.210 [00;33m{{(pid=3449763) log_opt_values /opt/stack/data/venv/lib/python3.12/site-packages/oslo_config/cfg.py:3549}}[00m
2026-09-15 18:28:12.171 3449763 DEBUG oslo_service.backend._eventlet.service [req-14e7fedf-0b2f-47fc-bf26-c59b6864214c - - - - - -] no_snapshot_gb_quota           = False [00;33m{{(pid=3449763) log_opt_values /opt/stack/data/venv/lib/python3.12/site-packages/oslo_config/cfg.py:3549}}[00m
2026-09-15 18:28:12.171 3449763 DEBUG oslo_service.backend._eventlet.service [req-14e7fedf-0b2f-47fc-bf26-c59b6864214c - - - - - -] num_iser_scan_tries            = 3 [00;33m{{(pid=3449763) log_opt_values /opt/stack/data/venv/lib/python3.12/site-packages/oslo_config/cfg.py:3549}}[00m
2026-09-15 18:28:12.171 3449763 DEBUG oslo_service.backend._eventlet.service [req-14e7fedf-0b2f-47fc-bf26-c59b6864214c - - - - - -] num_shell_tries                = 3 [00;33m{{(pid=3449763) log_opt_values /opt/stack/data/venv/lib/python3.12/site-packages/oslo_config/cfg.py:3549}}[00m
2026-09-15 18:28:12.171 3449763 DEBUG oslo_service.backend._eventlet.service [req-14e7fedf-0b2f-47fc-bf26-c59b6864214c - - - - - -] num_volume_device_scan_tries   = 100 [00;33m{{(pid=3449763) log_opt_values /opt/stack/data/venv/lib/python3.12/site-packages/oslo_config/cfg.py:3549}}[00m
2026-09-15 18:28:12.171 3449763 DEBUG oslo_service.backend._eventlet.service [req-14e7fedf-0b2f-47fc-bf26-c59b6864214c - - - - - -] nvmeof_conn_info_version       = 1 [00;33m{{(pid=3449763) log_opt_values /opt/stack/data/venv/lib/python3.12/site-packages/oslo_config/cfg.py:3549}}[00m
2026-09-15 18:28:12.171 3449763 DEBUG oslo_service.backend._eventlet.service [req-14e7fedf-0b2f-47fc-bf26-c59b6864214c - - - - - -] nvmet_ns_id                    = 10 [00;33m{{(pid=3449763) log_opt_values /opt/stack/data/venv/lib/python3.12/site-packages/oslo_config/cfg.py:3549}}[00m
2026-09-15 18:28:12.172 3449763 DEBUG oslo_service.backend._eventlet.service [req-14e7fedf-0b2f-47fc-bf26-c59b6864214c - - - - - -] nvmet_port_id                  = 1 [00;33m{{(pid=3449763) log_opt_values /opt/stack/data/venv/lib/python3.12/site-packages/oslo_config/cfg.py:3549}}[00m
2026-09-15 18:28:12.172 3449763 DEBUG oslo_service.backend._eventlet.service [req-14e7fedf-0b2f-47fc-bf26-c59b6864214c - - - - - -] osapi_max_limit                = 1000 [00;33m{{(pid=3449763) log_opt_values /opt/stack/data/venv/lib/python3.12/site-packages/oslo_config/cfg.py:3549}}[00m
2026-09-15 18:28:12.172 3449763 DEBUG oslo_service.backend._eventlet.service [req-14e7fedf-0b2f-47fc-bf26-c59b6864214c - - - - - -] osapi_volume_ext_list          = [] [00;33m{{(pid=3449763) log_opt_values /opt/stack/data/venv/lib/python3.12/site-packages/oslo_config/cfg.py:3549}}[00m
2026-09-15 18:28:12.172 3449763 DEBUG oslo_service.backend._eventlet.service [req-14e7fedf-0b2f-47fc-bf26-c59b6864214c - - - - - -] osapi_volume_extension         = ['cinder.api.contrib.standard_extensions'] [00;33m{{(pid=3449763) log_opt_values /opt/stack/data/venv/lib/python3.12/site-packages/oslo_config/cfg.py:3549}}[00m
2026-09-15 18:28:12.172 3449777 INFO cinder.volume.manager [req-724a402a-44f5-404f-b2ce-8bb673660971 - - - - - -] Starting volume driver HBSDISCSIDriver (2.7.2)
2026-09-15 18:28:12.172 3449763 DEBUG oslo_service.backend._eventlet.service [req-14e7fedf-0b2f-47fc-bf26-c59b6864214c - - - - - -] osapi_volume_listen            = 0.0.0.0 [00;33m{{(pid=3449763) log_opt_values /opt/stack/data/venv/lib/python3.12/site-packages/oslo_config/cfg.py:3549}}[00m
2026-09-15 18:28:12.172 3449777 DEBUG cinder.volume.drivers.hitachi.hbsd_iscsi [req-724a402a-44f5-404f-b2ce-8bb673660971 - - - - - -] ==> do_setup: call "{'self': <cinder.volume.drivers.hitachi.hbsd_iscsi.HBSDISCSIDriver object at 0x7931fff2c200>, 'context': <cinder.context.RequestContext object at 0x7931fef19e50>}" [00;33m{{(pid=3449777) trace_logging_wrapper /opt/stack/cinder/cinder/volume/volume_utils.py:1497}}[00m
2026-09-15 18:28:12.172 3449763 DEBUG oslo_service.backend._eventlet.service [req-14e7fedf-0b2f-47fc-bf26-c59b6864214c - - - - - -] osapi_volume_listen_port       = 8776 [00;33m{{(pid=3449763) log_opt_values /opt/stack/data/venv/lib/python3.12/site-packages/oslo_config/cfg.py:3549}}[00m
2026-09-15 18:28:12.173 3449763 DEBUG oslo_service.backend._eventlet.service [req-14e7fedf-0b2f-47fc-bf26-c59b6864214c - - - - - -] osapi_volume_use_ssl           = False [00;33m{{(pid=3449763) log_opt_values /opt/stack/data/venv/lib/python3.12/site-packages/oslo_config/cfg.py:3549}}[00m
2026-09-15 18:28:12.173 3449763 DEBUG oslo_service.backend._eventlet.service [req-14e7fedf-0b2f-47fc-bf26-c59b6864214c - - - - - -] osapi_volume_workers           = None [00;33m{{(pid=3449763) log_opt_values /opt/stack/data/venv/lib/python3.12/site-packages/oslo_config/cfg.py:3549}}[00m
2026-09-15 18:28:12.173 3449763 DEBUG oslo_service.backend._eventlet.service [req-14e7fedf-0b2f-47fc-bf26-c59b6864214c - - - - - -] per_volume_size_limit          = -1 [00;33m{{(pid=3449763) log_opt_values /opt/stack/data/venv/lib/python3.12/site-packages/oslo_config/cfg.py:3549}}[00m
2026-09-15 18:28:12.173 3449763 DEBUG oslo_service.backend._eventlet.service [req-14e7fedf-0b2f-47fc-bf26-c59b6864214c - - - - - -] periodic_fuzzy_delay           = 60 [00;33m{{(pid=3449763) log_opt_values /opt/stack/data/venv/lib/python3.12/site-packages/oslo_config/cfg.py:3549}}[00m
2026-09-15 18:28:12.173 3449763 DEBUG oslo_service.backend._eventlet.service [req-14e7fedf-0b2f-47fc-bf26-c59b6864214c - - - - - -] periodic_interval              = 3600 [00;33m{{(pid=3449763) log_opt_values /opt/stack/data/venv/lib/python3.12/site-packages/oslo_config/cfg.py:3549}}[00m
2026-09-15 18:28:12.173 3449763 DEBUG oslo_service.backend._eventlet.service [req-14e7fedf-0b2f-47fc-bf26-c59b6864214c - - - - - -] project_id_regex               = [0-9a-f\-]+ [00;33m{{(pid=3449763) log_opt_values /opt/stack/data/venv/lib/python3.12/site-packages/oslo_config/cfg.py:3549}}[00m
2026-09-15 18:28:12.173 3449763 DEBUG oslo_service.backend._eventlet.service [req-14e7fedf-0b2f-47fc-bf26-c59b6864214c - - - - - -] public_endpoint                = None [00;33m{{(pid=3449763) log_opt_values /opt/stack/data/venv/lib/python3.12/site-packages/oslo_config/cfg.py:3549}}[00m
2026-09-15 18:28:12.173 3449763 DEBUG oslo_service.backend._eventlet.service [req-14e7fedf-0b2f-47fc-bf26-c59b6864214c - - - - - -] publish_errors                 = False [00;33m{{(pid=3449763) log_opt_values /opt/stack/data/venv/lib/python3.12/site-packages/oslo_config/cfg.py:3549}}[00m
2026-09-15 18:28:12.173 3449763 DEBUG oslo_service.backend._eventlet.service [req-14e7fedf-0b2f-47fc-bf26-c59b6864214c - - - - - -] quota_backup_gigabytes         = 1000 [00;33m{{(pid=3449763) log_opt_values /opt/stack/data/venv/lib/python3.12/site-packages/oslo_config/cfg.py:3549}}[00m
2026-09-15 18:28:12.173 3449763 DEBUG oslo_service.backend._eventlet.service [req-14e7fedf-0b2f-47fc-bf26-c59b6864214c - - - - - -] quota_backups                  = 50 [00;33m{{(pid=3449763) log_opt_values /opt/stack/data/venv/lib/python3.12/site-packages/oslo_config/cfg.py:3549}}[00m
2026-09-15 18:28:12.174 3449763 DEBUG oslo_service.backend._eventlet.service [req-14e7fedf-0b2f-47fc-bf26-c59b6864214c - - - - - -] quota_driver                   = cinder.quota.DbQuotaDriver [00;33m{{(pid=3449763) log_opt_values /opt/stack/data/venv/lib/python3.12/site-packages/oslo_config/cfg.py:3549}}[00m
2026-09-15 18:28:12.174 3449763 DEBUG oslo_service.backend._eventlet.service [req-14e7fedf-0b2f-47fc-bf26-c59b6864214c - - - - - -] quota_gigabytes                = 1000 [00;33m{{(pid=3449763) log_opt_values /opt/stack/data/venv/lib/python3.12/site-packages/oslo_config/cfg.py:3549}}[00m
2026-09-15 18:28:12.174 3449763 DEBUG oslo_service.backend._eventlet.service [req-14e7fedf-0b2f-47fc-bf26-c59b6864214c - - - - - -] quota_groups                   = 10 [00;33m{{(pid=3449763) log_opt_values /opt/stack/data/venv/lib/python3.12/site-packages/oslo_config/cfg.py:3549}}[00m
2026-09-15 18:28:12.174 3449763 DEBUG oslo_service.backend._eventlet.service [req-14e7fedf-0b2f-47fc-bf26-c59b6864214c - - - - - -] quota_snapshots                = 50 [00;33m{{(pid=3449763) log_opt_values /opt/stack/data/venv/lib/python3.12/site-packages/oslo_config/cfg.py:3549}}[00m
2026-09-15 18:28:12.174 3449763 DEBUG oslo_service.backend._eventlet.service [req-14e7fedf-0b2f-47fc-bf26-c59b6864214c - - - - - -] quota_volumes                  = 50 [00;33m{{(pid=3449763) log_opt_values /opt/stack/data/venv/lib/python3.12/site-packages/oslo_config/cfg.py:3549}}[00m
2026-09-15 18:28:12.174 3449763 DEBUG oslo_service.backend._eventlet.service [req-14e7fedf-0b2f-47fc-bf26-c59b6864214c - - - - - -] rate_limit_burst               = 0 [00;33m{{(pid=3449763) log_opt_values /opt/stack/data/venv/lib/python3.12/site-packages/oslo_config/cfg.py:3549}}[00m
2026-09-15 18:28:12.174 3449763 DEBUG oslo_service.backend._eventlet.service [req-14e7fedf-0b2f-47fc-bf26-c59b6864214c - - - - - -] rate_limit_except_level        = CRITICAL [00;33m{{(pid=3449763) log_opt_values /opt/stack/data/venv/lib/python3.12/site-packages/oslo_config/cfg.py:3549}}[00m
2026-09-15 18:28:12.174 3449763 DEBUG oslo_service.backend._eventlet.service [req-14e7fedf-0b2f-47fc-bf26-c59b6864214c - - - - - -] rate_limit_interval            = 0 [00;33m{{(pid=3449763) log_opt_values /opt/stack/data/venv/lib/python3.12/site-packages/oslo_config/cfg.py:3549}}[00m
2026-09-15 18:28:12.174 3449777 DEBUG cinder.volume.drivers.hitachi.hbsd_rest [req-724a402a-44f5-404f-b2ce-8bb673660971 - - - - - -] Setting ldev_range: [22000, 29399] [00;33m{{(pid=3449777) check_param /opt/stack/cinder/cinder/volume/drivers/hitachi/hbsd_rest.py:887}}[00m
2026-09-15 18:28:12.174 3449763 DEBUG oslo_service.backend._eventlet.service [req-14e7fedf-0b2f-47fc-bf26-c59b6864214c - - - - - -] reinit_driver_count            = 3 [00;33m{{(pid=3449763) log_opt_values /opt/stack/data/venv/lib/python3.12/site-packages/oslo_config/cfg.py:3549}}[00m
2026-09-15 18:28:12.175 3449763 DEBUG oslo_service.backend._eventlet.service [req-14e7fedf-0b2f-47fc-bf26-c59b6864214c - - - - - -] replication_device             = **** [00;33m{{(pid=3449763) log_opt_values /opt/stack/data/venv/lib/python3.12/site-packages/oslo_config/cfg.py:3549}}[00m
2026-09-15 18:28:12.175 3449763 DEBUG oslo_service.backend._eventlet.service [req-14e7fedf-0b2f-47fc-bf26-c59b6864214c - - - - - -] report_discard_supported       = False [00;33m{{(pid=3449763) log_opt_values /opt/stack/data/venv/lib/python3.12/site-packages/oslo_config/cfg.py:3549}}[00m
2026-09-15 18:28:12.175 3449763 DEBUG oslo_service.backend._eventlet.service [req-14e7fedf-0b2f-47fc-bf26-c59b6864214c - - - - - -] report_interval                = 120 [00;33m{{(pid=3449763) log_opt_values /opt/stack/data/venv/lib/python3.12/site-packages/oslo_config/cfg.py:3549}}[00m
2026-09-15 18:28:12.175 3449777 DEBUG cinder.volume.drivers.hitachi.hbsd_rest_api [req-724a402a-44f5-404f-b2ce-8bb673660971 - - - - - -] Trying to login. [00;33m{{(pid=3449777) login /opt/stack/cinder/cinder/volume/drivers/hitachi/hbsd_rest_api.py:570}}[00m
2026-09-15 18:28:12.175 3449777 DEBUG cinder.volume.drivers.hitachi.hbsd_rest_api [req-724a402a-44f5-404f-b2ce-8bb673660971 - - - - - -] ==> _login: call "{'self': <cinder.volume.drivers.hitachi.hbsd_rest_api.RestApiClient object at 0x7931ff071af0>, 'do_raise': True}" [00;33m{{(pid=3449777) trace_logging_wrapper /opt/stack/cinder/cinder/volume/volume_utils.py:1497}}[00m
2026-09-15 18:28:12.175 3449763 DEBUG oslo_service.backend._eventlet.service [req-14e7fedf-0b2f-47fc-bf26-c59b6864214c - - - - - -] reservation_clean_interval     = 86400 [00;33m{{(pid=3449763) log_opt_values /opt/stack/data/venv/lib/python3.12/site-packages/oslo_config/cfg.py:3549}}[00m
2026-09-15 18:28:12.176 3449763 DEBUG oslo_service.backend._eventlet.service [req-14e7fedf-0b2f-47fc-bf26-c59b6864214c - - - - - -] reservation_expire             = 86400 [00;33m{{(pid=3449763) log_opt_values /opt/stack/data/venv/lib/python3.12/site-packages/oslo_config/cfg.py:3549}}[00m
2026-09-15 18:28:12.176 3449763 DEBUG oslo_service.backend._eventlet.service [req-14e7fedf-0b2f-47fc-bf26-c59b6864214c - - - - - -] reserved_image_namespaces      = [] [00;33m{{(pid=3449763) log_opt_values /opt/stack/data/venv/lib/python3.12/site-packages/oslo_config/cfg.py:3549}}[00m
2026-09-15 18:28:12.176 3449763 DEBUG oslo_service.backend._eventlet.service [req-14e7fedf-0b2f-47fc-bf26-c59b6864214c - - - - - -] reserved_percentage            = 0 [00;33m{{(pid=3449763) log_opt_values /opt/stack/data/venv/lib/python3.12/site-packages/oslo_config/cfg.py:3549}}[00m
2026-09-15 18:28:12.176 3449763 DEBUG oslo_service.backend._eventlet.service [req-14e7fedf-0b2f-47fc-bf26-c59b6864214c - - - - - -] resource_query_filters_file    = /etc/cinder/resource_filters.json [00;33m{{(pid=3449763) log_opt_values /opt/stack/data/venv/lib/python3.12/site-packages/oslo_config/cfg.py:3549}}[00m
2026-09-15 18:28:12.176 3449763 DEBUG oslo_service.backend._eventlet.service [req-14e7fedf-0b2f-47fc-bf26-c59b6864214c - - - - - -] rootwrap_config                = /etc/cinder/rootwrap.conf [00;33m{{(pid=3449763) log_opt_values /opt/stack/data/venv/lib/python3.12/site-packages/oslo_config/cfg.py:3549}}[00m
2026-09-15 18:28:12.176 3449763 DEBUG oslo_service.backend._eventlet.service [req-14e7fedf-0b2f-47fc-bf26-c59b6864214c - - - - - -] rpc_response_timeout           = 3600 [00;33m{{(pid=3449763) log_opt_values /opt/stack/data/venv/lib/python3.12/site-packages/oslo_config/cfg.py:3549}}[00m
2026-09-15 18:28:12.176 3449763 DEBUG oslo_service.backend._eventlet.service [req-14e7fedf-0b2f-47fc-bf26-c59b6864214c - - - - - -] run_external_periodic_tasks    = True [00;33m{{(pid=3449763) log_opt_values /opt/stack/data/venv/lib/python3.12/site-packages/oslo_config/cfg.py:3549}}[00m
2026-09-15 18:28:12.176 3449763 DEBUG oslo_service.backend._eventlet.service [req-14e7fedf-0b2f-47fc-bf26-c59b6864214c - - - - - -] scheduler_manager              = cinder.scheduler.manager.SchedulerManager [00;33m{{(pid=3449763) log_opt_values /opt/stack/data/venv/lib/python3.12/site-packages/oslo_config/cfg.py:3549}}[00m
2026-09-15 18:28:12.177 3449763 DEBUG oslo_service.backend._eventlet.service [req-14e7fedf-0b2f-47fc-bf26-c59b6864214c - - - - - -] scst_target_driver             = iscsi [00;33m{{(pid=3449763) log_opt_values /opt/stack/data/venv/lib/python3.12/site-packages/oslo_config/cfg.py:3549}}[00m
2026-09-15 18:28:12.177 3449763 DEBUG oslo_service.backend._eventlet.service [req-14e7fedf-0b2f-47fc-bf26-c59b6864214c - - - - - -] scst_target_iqn_name           = None [00;33m{{(pid=3449763) log_opt_values /opt/stack/data/venv/lib/python3.12/site-packages/oslo_config/cfg.py:3549}}[00m
2026-09-15 18:28:12.177 3449763 DEBUG oslo_service.backend._eventlet.service [req-14e7fedf-0b2f-47fc-bf26-c59b6864214c - - - - - -] service_down_time              = 720 [00;33m{{(pid=3449763) log_opt_values /opt/stack/data/venv/lib/python3.12/site-packages/oslo_config/cfg.py:3549}}[00m
2026-09-15 18:28:12.177 3449763 DEBUG oslo_service.backend._eventlet.service [req-14e7fedf-0b2f-47fc-bf26-c59b6864214c - - - - - -] shell_completion               = None [00;33m{{(pid=3449763) log_opt_values /opt/stack/data/venv/lib/python3.12/site-packages/oslo_config/cfg.py:3549}}[00m
2026-09-15 18:28:12.177 3449763 DEBUG oslo_service.backend._eventlet.service [req-14e7fedf-0b2f-47fc-bf26-c59b6864214c - - - - - -] snapshot_name_template         = snapshot-%s [00;33m{{(pid=3449763) log_opt_values /opt/stack/data/venv/lib/python3.12/site-packages/oslo_config/cfg.py:3549}}[00m
2026-09-15 18:28:12.177 3449763 DEBUG oslo_service.backend._eventlet.service [req-14e7fedf-0b2f-47fc-bf26-c59b6864214c - - - - - -] split_loggers                  = False [00;33m{{(pid=3449763) log_opt_values /opt/stack/data/venv/lib/python3.12/site-packages/oslo_config/cfg.py:3549}}[00m
2026-09-15 18:28:12.177 3449763 DEBUG oslo_service.backend._eventlet.service [req-14e7fedf-0b2f-47fc-bf26-c59b6864214c - - - - - -] ssh_hosts_key_file             = /opt/stack/data/cinder/ssh_known_hosts [00;33m{{(pid=3449763) log_opt_values /opt/stack/data/venv/lib/python3.12/site-packages/oslo_config/cfg.py:3549}}[00m
2026-09-15 18:28:12.177 3449763 DEBUG oslo_service.backend._eventlet.service [req-14e7fedf-0b2f-47fc-bf26-c59b6864214c - - - - - -] state_path                     = /opt/stack/data/cinder [00;33m{{(pid=3449763) log_opt_values /opt/stack/data/venv/lib/python3.12/site-packages/oslo_config/cfg.py:3549}}[00m
2026-09-15 18:28:12.177 3449763 DEBUG oslo_service.backend._eventlet.service [req-14e7fedf-0b2f-47fc-bf26-c59b6864214c - - - - - -] storage_availability_zone      = nova [00;33m{{(pid=3449763) log_opt_values /opt/stack/data/venv/lib/python3.12/site-packages/oslo_config/cfg.py:3549}}[00m
2026-09-15 18:28:12.177 3449763 DEBUG oslo_service.backend._eventlet.service [req-14e7fedf-0b2f-47fc-bf26-c59b6864214c - - - - - -] storage_protocol               = iSCSI [00;33m{{(pid=3449763) log_opt_values /opt/stack/data/venv/lib/python3.12/site-packages/oslo_config/cfg.py:3549}}[00m
2026-09-15 18:28:12.177 3449763 DEBUG oslo_service.backend._eventlet.service [req-14e7fedf-0b2f-47fc-bf26-c59b6864214c - - - - - -] strict_ssh_host_key_policy     = False [00;33m{{(pid=3449763) log_opt_values /opt/stack/data/venv/lib/python3.12/site-packages/oslo_config/cfg.py:3549}}[00m
2026-09-15 18:28:12.177 3449763 DEBUG oslo_service.backend._eventlet.service [req-14e7fedf-0b2f-47fc-bf26-c59b6864214c - - - - - -] syslog_log_facility            = LOG_USER [00;33m{{(pid=3449763) log_opt_values /opt/stack/data/venv/lib/python3.12/site-packages/oslo_config/cfg.py:3549}}[00m
2026-09-15 18:28:12.178 3449763 DEBUG oslo_service.backend._eventlet.service [req-14e7fedf-0b2f-47fc-bf26-c59b6864214c - - - - - -] target_helper                  = lioadm [00;33m{{(pid=3449763) log_opt_values /opt/stack/data/venv/lib/python3.12/site-packages/oslo_config/cfg.py:3549}}[00m
2026-09-15 18:28:12.178 3449763 DEBUG oslo_service.backend._eventlet.service [req-14e7fedf-0b2f-47fc-bf26-c59b6864214c - - - - - -] target_ip_address              = 172.25.92.210 [00;33m{{(pid=3449763) log_opt_values /opt/stack/data/venv/lib/python3.12/site-packages/oslo_config/cfg.py:3549}}[00m
2026-09-15 18:28:12.178 3449763 DEBUG oslo_service.backend._eventlet.service [req-14e7fedf-0b2f-47fc-bf26-c59b6864214c - - - - - -] target_port                    = 3260 [00;33m{{(pid=3449763) log_opt_values /opt/stack/data/venv/lib/python3.12/site-packages/oslo_config/cfg.py:3549}}[00m
2026-09-15 18:28:12.178 3449763 DEBUG oslo_service.backend._eventlet.service [req-14e7fedf-0b2f-47fc-bf26-c59b6864214c - - - - - -] target_prefix                  = iqn.2010-10.org.openstack: [00;33m{{(pid=3449763) log_opt_values /opt/stack/data/venv/lib/python3.12/site-packages/oslo_config/cfg.py:3549}}[00m
2026-09-15 18:28:12.178 3449763 DEBUG oslo_service.backend._eventlet.service [req-14e7fedf-0b2f-47fc-bf26-c59b6864214c - - - - - -] target_protocol                = iscsi [00;33m{{(pid=3449763) log_opt_values /opt/stack/data/venv/lib/python3.12/site-packages/oslo_config/cfg.py:3549}}[00m
2026-09-15 18:28:12.178 3449763 DEBUG oslo_service.backend._eventlet.service [req-14e7fedf-0b2f-47fc-bf26-c59b6864214c - - - - - -] target_secondary_ip_addresses  = [] [00;33m{{(pid=3449763) log_opt_values /opt/stack/data/venv/lib/python3.12/site-packages/oslo_config/cfg.py:3549}}[00m
2026-09-15 18:28:12.178 3449763 DEBUG oslo_service.backend._eventlet.service [req-14e7fedf-0b2f-47fc-bf26-c59b6864214c - - - - - -] trace_flags                    = None [00;33m{{(pid=3449763) log_opt_values /opt/stack/data/venv/lib/python3.12/site-packages/oslo_config/cfg.py:3549}}[00m
2026-09-15 18:28:12.178 3449763 DEBUG oslo_service.backend._eventlet.service [req-14e7fedf-0b2f-47fc-bf26-c59b6864214c - - - - - -] transfer_api_class             = cinder.transfer.api.API [00;33m{{(pid=3449763) log_opt_values /opt/stack/data/venv/lib/python3.12/site-packages/oslo_config/cfg.py:3549}}[00m
2026-09-15 18:28:12.178 3449763 DEBUG oslo_service.backend._eventlet.service [req-14e7fedf-0b2f-47fc-bf26-c59b6864214c - - - - - -] transport_url                  = **** [00;33m{{(pid=3449763) log_opt_values /opt/stack/data/venv/lib/python3.12/site-packages/oslo_config/cfg.py:3549}}[00m
2026-09-15 18:28:12.178 3449763 DEBUG oslo_service.backend._eventlet.service [req-14e7fedf-0b2f-47fc-bf26-c59b6864214c - - - - - -] until_refresh                  = 0 [00;33m{{(pid=3449763) log_opt_values /opt/stack/data/venv/lib/python3.12/site-packages/oslo_config/cfg.py:3549}}[00m
2026-09-15 18:28:12.178 3449763 DEBUG oslo_service.backend._eventlet.service [req-14e7fedf-0b2f-47fc-bf26-c59b6864214c - - - - - -] use_chap_auth                  = False [00;33m{{(pid=3449763) log_opt_values /opt/stack/data/venv/lib/python3.12/site-packages/oslo_config/cfg.py:3549}}[00m
2026-09-15 18:28:12.178 3449763 DEBUG oslo_service.backend._eventlet.service [req-14e7fedf-0b2f-47fc-bf26-c59b6864214c - - - - - -] use_default_quota_class        = True [00;33m{{(pid=3449763) log_opt_values /opt/stack/data/venv/lib/python3.12/site-packages/oslo_config/cfg.py:3549}}[00m
2026-09-15 18:28:12.179 3449763 DEBUG oslo_service.backend._eventlet.service [req-14e7fedf-0b2f-47fc-bf26-c59b6864214c - - - - - -] use_journal                    = False [00;33m{{(pid=3449763) log_opt_values /opt/stack/data/venv/lib/python3.12/site-packages/oslo_config/cfg.py:3549}}[00m
2026-09-15 18:28:12.179 3449763 DEBUG oslo_service.backend._eventlet.service [req-14e7fedf-0b2f-47fc-bf26-c59b6864214c - - - - - -] use_json                       = False [00;33m{{(pid=3449763) log_opt_values /opt/stack/data/venv/lib/python3.12/site-packages/oslo_config/cfg.py:3549}}[00m
2026-09-15 18:28:12.179 3449763 DEBUG oslo_service.backend._eventlet.service [req-14e7fedf-0b2f-47fc-bf26-c59b6864214c - - - - - -] use_multipath_for_image_xfer   = False [00;33m{{(pid=3449763) log_opt_values /opt/stack/data/venv/lib/python3.12/site-packages/oslo_config/cfg.py:3549}}[00m
2026-09-15 18:28:12.179 3449763 DEBUG oslo_service.backend._eventlet.service [req-14e7fedf-0b2f-47fc-bf26-c59b6864214c - - - - - -] use_stderr                     = False [00;33m{{(pid=3449763) log_opt_values /opt/stack/data/venv/lib/python3.12/site-packages/oslo_config/cfg.py:3549}}[00m
2026-09-15 18:28:12.179 3449763 DEBUG oslo_service.backend._eventlet.service [req-14e7fedf-0b2f-47fc-bf26-c59b6864214c - - - - - -] use_syslog                     = False [00;33m{{(pid=3449763) log_opt_values /opt/stack/data/venv/lib/python3.12/site-packages/oslo_config/cfg.py:3549}}[00m
2026-09-15 18:28:12.179 3449763 DEBUG oslo_service.backend._eventlet.service [req-14e7fedf-0b2f-47fc-bf26-c59b6864214c - - - - - -] verify_glance_signatures       = enabled [00;33m{{(pid=3449763) log_opt_values /opt/stack/data/venv/lib/python3.12/site-packages/oslo_config/cfg.py:3549}}[00m
2026-09-15 18:28:12.179 3449763 DEBUG oslo_service.backend._eventlet.service [req-14e7fedf-0b2f-47fc-bf26-c59b6864214c - - - - - -] vmdk_allowed_types             = ['streamOptimized', 'monolithicSparse'] [00;33m{{(pid=3449763) log_opt_values /opt/stack/data/venv/lib/python3.12/site-packages/oslo_config/cfg.py:3549}}[00m
2026-09-15 18:28:12.179 3449763 DEBUG oslo_service.backend._eventlet.service [req-14e7fedf-0b2f-47fc-bf26-c59b6864214c - - - - - -] volume_api_class               = cinder.volume.api.API [00;33m{{(pid=3449763) log_opt_values /opt/stack/data/venv/lib/python3.12/site-packages/oslo_config/cfg.py:3549}}[00m
2026-09-15 18:28:12.179 3449763 DEBUG oslo_service.backend._eventlet.service [req-14e7fedf-0b2f-47fc-bf26-c59b6864214c - - - - - -] volume_backend_name            = None [00;33m{{(pid=3449763) log_opt_values /opt/stack/data/venv/lib/python3.12/site-packages/oslo_config/cfg.py:3549}}[00m
2026-09-15 18:28:12.179 3449763 DEBUG oslo_service.backend._eventlet.service [req-14e7fedf-0b2f-47fc-bf26-c59b6864214c - - - - - -] volume_clear                   = zero [00;33m{{(pid=3449763) log_opt_values /opt/stack/data/venv/lib/python3.12/site-packages/oslo_config/cfg.py:3549}}[00m
2026-09-15 18:28:12.179 3449763 DEBUG oslo_service.backend._eventlet.service [req-14e7fedf-0b2f-47fc-bf26-c59b6864214c - - - - - -] volume_clear_ionice            = None [00;33m{{(pid=3449763) log_opt_values /opt/stack/data/venv/lib/python3.12/site-packages/oslo_config/cfg.py:3549}}[00m
2026-09-15 18:28:12.179 3449763 DEBUG oslo_service.backend._eventlet.service [req-14e7fedf-0b2f-47fc-bf26-c59b6864214c - - - - - -] volume_clear_size              = 0 [00;33m{{(pid=3449763) log_opt_values /opt/stack/data/venv/lib/python3.12/site-packages/oslo_config/cfg.py:3549}}[00m
2026-09-15 18:28:12.179 3449763 DEBUG oslo_service.backend._eventlet.service [req-14e7fedf-0b2f-47fc-bf26-c59b6864214c - - - - - -] volume_copy_blkio_cgroup_name  = cinder-volume-copy [00;33m{{(pid=3449763) log_opt_values /opt/stack/data/venv/lib/python3.12/site-packages/oslo_config/cfg.py:3549}}[00m
2026-09-15 18:28:12.180 3449763 DEBUG oslo_service.backend._eventlet.service [req-14e7fedf-0b2f-47fc-bf26-c59b6864214c - - - - - -] volume_copy_bps_limit          = 0 [00;33m{{(pid=3449763) log_opt_values /opt/stack/data/venv/lib/python3.12/site-packages/oslo_config/cfg.py:3549}}[00m
2026-09-15 18:28:12.180 3449763 DEBUG oslo_service.backend._eventlet.service [req-14e7fedf-0b2f-47fc-bf26-c59b6864214c - - - - - -] volume_dd_blocksize            = 1M [00;33m{{(pid=3449763) log_opt_values /opt/stack/data/venv/lib/python3.12/site-packages/oslo_config/cfg.py:3549}}[00m
2026-09-15 18:28:12.180 3449763 DEBUG oslo_service.backend._eventlet.service [req-14e7fedf-0b2f-47fc-bf26-c59b6864214c - - - - - -] volume_manager                 = cinder.volume.manager.VolumeManager [00;33m{{(pid=3449763) log_opt_values /opt/stack/data/venv/lib/python3.12/site-packages/oslo_config/cfg.py:3549}}[00m
2026-09-15 18:28:12.180 3449763 DEBUG oslo_service.backend._eventlet.service [req-14e7fedf-0b2f-47fc-bf26-c59b6864214c - - - - - -] volume_name_template           = volume-%s [00;33m{{(pid=3449763) log_opt_values /opt/stack/data/venv/lib/python3.12/site-packages/oslo_config/cfg.py:3549}}[00m
2026-09-15 18:28:12.180 3449763 DEBUG oslo_service.backend._eventlet.service [req-14e7fedf-0b2f-47fc-bf26-c59b6864214c - - - - - -] volume_service_inithost_offload = False [00;33m{{(pid=3449763) log_opt_values /opt/stack/data/venv/lib/python3.12/site-packages/oslo_config/cfg.py:3549}}[00m
2026-09-15 18:28:12.180 3449763 DEBUG oslo_service.backend._eventlet.service [req-14e7fedf-0b2f-47fc-bf26-c59b6864214c - - - - - -] volume_usage_audit_period      = month [00;33m{{(pid=3449763) log_opt_values /opt/stack/data/venv/lib/python3.12/site-packages/oslo_config/cfg.py:3549}}[00m
2026-09-15 18:28:12.180 3449763 DEBUG oslo_service.backend._eventlet.service [req-14e7fedf-0b2f-47fc-bf26-c59b6864214c - - - - - -] volumes_dir                    = /opt/stack/data/cinder/volumes [00;33m{{(pid=3449763) log_opt_values /opt/stack/data/venv/lib/python3.12/site-packages/oslo_config/cfg.py:3549}}[00m
2026-09-15 18:28:12.180 3449763 DEBUG oslo_service.backend._eventlet.service [req-14e7fedf-0b2f-47fc-bf26-c59b6864214c - - - - - -] zoning_mode                    = None [00;33m{{(pid=3449763) log_opt_values /opt/stack/data/venv/lib/python3.12/site-packages/oslo_config/cfg.py:3549}}[00m
2026-09-15 18:28:12.180 3449763 DEBUG oslo_service.backend._eventlet.service [req-14e7fedf-0b2f-47fc-bf26-c59b6864214c - - - - - -] oslo_concurrency.disable_process_locking = False [00;33m{{(pid=3449763) log_opt_values /opt/stack/data/venv/lib/python3.12/site-packages/oslo_config/cfg.py:3560}}[00m
2026-09-15 18:28:12.180 3449763 DEBUG oslo_service.backend._eventlet.service [req-14e7fedf-0b2f-47fc-bf26-c59b6864214c - - - - - -] oslo_concurrency.lock_path     = /opt/stack/data/cinder [00;33m{{(pid=3449763) log_opt_values /opt/stack/data/venv/lib/python3.12/site-packages/oslo_config/cfg.py:3560}}[00m
2026-09-15 18:28:12.181 3449763 DEBUG oslo_service.backend._eventlet.service [req-14e7fedf-0b2f-47fc-bf26-c59b6864214c - - - - - -] os_brick.lightos_discovery_client_address = localhost [00;33m{{(pid=3449763) log_opt_values /opt/stack/data/venv/lib/python3.12/site-packages/oslo_config/cfg.py:3560}}[00m
2026-09-15 18:28:12.181 3449763 DEBUG oslo_service.backend._eventlet.service [req-14e7fedf-0b2f-47fc-bf26-c59b6864214c - - - - - -] os_brick.lightos_discovery_client_dir_path = /etc/discovery-client/discovery.d/ [00;33m{{(pid=3449763) log_opt_values /opt/stack/data/venv/lib/python3.12/site-packages/oslo_config/cfg.py:3560}}[00m
2026-09-15 18:28:12.181 3449763 DEBUG oslo_service.backend._eventlet.service [req-14e7fedf-0b2f-47fc-bf26-c59b6864214c - - - - - -] os_brick.lightos_discovery_client_port = 6060 [00;33m{{(pid=3449763) log_opt_values /opt/stack/data/venv/lib/python3.12/site-packages/oslo_config/cfg.py:3560}}[00m
2026-09-15 18:28:12.181 3449763 DEBUG oslo_service.backend._eventlet.service [req-14e7fedf-0b2f-47fc-bf26-c59b6864214c - - - - - -] os_brick.lock_path             = /opt/stack/data/os_brick [00;33m{{(pid=3449763) log_opt_values /opt/stack/data/venv/lib/python3.12/site-packages/oslo_config/cfg.py:3560}}[00m
2026-09-15 18:28:12.181 3449763 DEBUG oslo_service.backend._eventlet.service [req-14e7fedf-0b2f-47fc-bf26-c59b6864214c - - - - - -] os_brick.wait_mpath_device_attempts = 4 [00;33m{{(pid=3449763) log_opt_values /opt/stack/data/venv/lib/python3.12/site-packages/oslo_config/cfg.py:3560}}[00m
2026-09-15 18:28:12.181 3449763 DEBUG oslo_service.backend._eventlet.service [req-14e7fedf-0b2f-47fc-bf26-c59b6864214c - - - - - -] os_brick.wait_mpath_device_interval = 1 [00;33m{{(pid=3449763) log_opt_values /opt/stack/data/venv/lib/python3.12/site-packages/oslo_config/cfg.py:3560}}[00m
2026-09-15 18:28:12.181 3449763 DEBUG oslo_service.backend._eventlet.service [req-14e7fedf-0b2f-47fc-bf26-c59b6864214c - - - - - -] oslo_middleware.http_basic_auth_user_file = /etc/htpasswd [00;33m{{(pid=3449763) log_opt_values /opt/stack/data/venv/lib/python3.12/site-packages/oslo_config/cfg.py:3560}}[00m
2026-09-15 18:28:12.181 3449763 DEBUG oslo_service.backend._eventlet.service [req-14e7fedf-0b2f-47fc-bf26-c59b6864214c - - - - - -] oslo_versionedobjects.fatal_exception_format_errors = False [00;33m{{(pid=3449763) log_opt_values /opt/stack/data/venv/lib/python3.12/site-packages/oslo_config/cfg.py:3560}}[00m
2026-09-15 18:28:12.181 3449763 DEBUG oslo_service.backend._eventlet.service [req-14e7fedf-0b2f-47fc-bf26-c59b6864214c - - - - - -] keystone_authtoken.auth_section = None [00;33m{{(pid=3449763) log_opt_values /opt/stack/data/venv/lib/python3.12/site-packages/oslo_config/cfg.py:3560}}[00m
2026-09-15 18:28:12.181 3449763 DEBUG oslo_service.backend._eventlet.service [req-14e7fedf-0b2f-47fc-bf26-c59b6864214c - - - - - -] keystone_authtoken.auth_type   = password [00;33m{{(pid=3449763) log_opt_values /opt/stack/data/venv/lib/python3.12/site-packages/oslo_config/cfg.py:3560}}[00m
2026-09-15 18:28:12.182 3449763 DEBUG oslo_service.backend._eventlet.service [req-14e7fedf-0b2f-47fc-bf26-c59b6864214c - - - - - -] keystone_authtoken.auth_version = None [00;33m{{(pid=3449763) log_opt_values /opt/stack/data/venv/lib/python3.12/site-packages/oslo_config/cfg.py:3560}}[00m
2026-09-15 18:28:12.182 3449763 DEBUG oslo_service.backend._eventlet.service [req-14e7fedf-0b2f-47fc-bf26-c59b6864214c - - - - - -] keystone_authtoken.cache       = None [00;33m{{(pid=3449763) log_opt_values /opt/stack/data/venv/lib/python3.12/site-packages/oslo_config/cfg.py:3560}}[00m
2026-09-15 18:28:12.182 3449763 DEBUG oslo_service.backend._eventlet.service [req-14e7fedf-0b2f-47fc-bf26-c59b6864214c - - - - - -] keystone_authtoken.cafile      = /opt/stack/data/ca-bundle.pem [00;33m{{(pid=3449763) log_opt_values /opt/stack/data/venv/lib/python3.12/site-packages/oslo_config/cfg.py:3560}}[00m
2026-09-15 18:28:12.182 3449763 DEBUG oslo_service.backend._eventlet.service [req-14e7fedf-0b2f-47fc-bf26-c59b6864214c - - - - - -] keystone_authtoken.certfile    = None [00;33m{{(pid=3449763) log_opt_values /opt/stack/data/venv/lib/python3.12/site-packages/oslo_config/cfg.py:3560}}[00m
2026-09-15 18:28:12.182 3449763 DEBUG oslo_service.backend._eventlet.service [req-14e7fedf-0b2f-47fc-bf26-c59b6864214c - - - - - -] keystone_authtoken.delay_auth_decision = False [00;33m{{(pid=3449763) log_opt_values /opt/stack/data/venv/lib/python3.12/site-packages/oslo_config/cfg.py:3560}}[00m
2026-09-15 18:28:12.182 3449763 DEBUG oslo_service.backend._eventlet.service [req-14e7fedf-0b2f-47fc-bf26-c59b6864214c - - - - - -] keystone_authtoken.enforce_token_bind = permissive [00;33m{{(pid=3449763) log_opt_values /opt/stack/data/venv/lib/python3.12/site-packages/oslo_config/cfg.py:3560}}[00m
2026-09-15 18:28:12.182 3449763 DEBUG oslo_service.backend._eventlet.service [req-14e7fedf-0b2f-47fc-bf26-c59b6864214c - - - - - -] keystone_authtoken.http_connect_timeout = None [00;33m{{(pid=3449763) log_opt_values /opt/stack/data/venv/lib/python3.12/site-packages/oslo_config/cfg.py:3560}}[00m
2026-09-15 18:28:12.182 3449763 DEBUG oslo_service.backend._eventlet.service [req-14e7fedf-0b2f-47fc-bf26-c59b6864214c - - - - - -] keystone_authtoken.http_request_max_retries = 3 [00;33m{{(pid=3449763) log_opt_values /opt/stack/data/venv/lib/python3.12/site-packages/oslo_config/cfg.py:3560}}[00m
2026-09-15 18:28:12.182 3449763 DEBUG oslo_service.backend._eventlet.service [req-14e7fedf-0b2f-47fc-bf26-c59b6864214c - - - - - -] keystone_authtoken.include_service_catalog = True [00;33m{{(pid=3449763) log_opt_values /opt/stack/data/venv/lib/python3.12/site-packages/oslo_config/cfg.py:3560}}[00m
2026-09-15 18:28:12.182 3449763 DEBUG oslo_service.backend._eventlet.service [req-14e7fedf-0b2f-47fc-bf26-c59b6864214c - - - - - -] keystone_authtoken.insecure    = False [00;33m{{(pid=3449763) log_opt_values /opt/stack/data/venv/lib/python3.12/site-packages/oslo_config/cfg.py:3560}}[00m
2026-09-15 18:28:12.182 3449763 DEBUG oslo_service.backend._eventlet.service [req-14e7fedf-0b2f-47fc-bf26-c59b6864214c - - - - - -] keystone_authtoken.interface   = public [00;33m{{(pid=3449763) log_opt_values /opt/stack/data/venv/lib/python3.12/site-packages/oslo_config/cfg.py:3560}}[00m
2026-09-15 18:28:12.182 3449763 DEBUG oslo_service.backend._eventlet.service [req-14e7fedf-0b2f-47fc-bf26-c59b6864214c - - - - - -] keystone_authtoken.keyfile     = None [00;33m{{(pid=3449763) log_opt_values /opt/stack/data/venv/lib/python3.12/site-packages/oslo_config/cfg.py:3560}}[00m
2026-09-15 18:28:12.182 3449763 DEBUG oslo_service.backend._eventlet.service [req-14e7fedf-0b2f-47fc-bf26-c59b6864214c - - - - - -] keystone_authtoken.memcache_password = **** [00;33m{{(pid=3449763) log_opt_values /opt/stack/data/venv/lib/python3.12/site-packages/oslo_config/cfg.py:3560}}[00m
2026-09-15 18:28:12.183 3449763 DEBUG oslo_service.backend._eventlet.service [req-14e7fedf-0b2f-47fc-bf26-c59b6864214c - - - - - -] keystone_authtoken.memcache_pool_conn_get_timeout = 10 [00;33m{{(pid=3449763) log_opt_values /opt/stack/data/venv/lib/python3.12/site-packages/oslo_config/cfg.py:3560}}[00m
2026-09-15 18:28:12.183 3449763 DEBUG oslo_service.backend._eventlet.service [req-14e7fedf-0b2f-47fc-bf26-c59b6864214c - - - - - -] keystone_authtoken.memcache_pool_dead_retry = 300 [00;33m{{(pid=3449763) log_opt_values /opt/stack/data/venv/lib/python3.12/site-packages/oslo_config/cfg.py:3560}}[00m
2026-09-15 18:28:12.183 3449763 DEBUG oslo_service.backend._eventlet.service [req-14e7fedf-0b2f-47fc-bf26-c59b6864214c - - - - - -] keystone_authtoken.memcache_pool_maxsize = 10 [00;33m{{(pid=3449763) log_opt_values /opt/stack/data/venv/lib/python3.12/site-packages/oslo_config/cfg.py:3560}}[00m
2026-09-15 18:28:12.183 3449763 DEBUG oslo_service.backend._eventlet.service [req-14e7fedf-0b2f-47fc-bf26-c59b6864214c - - - - - -] keystone_authtoken.memcache_pool_socket_timeout = 3 [00;33m{{(pid=3449763) log_opt_values /opt/stack/data/venv/lib/python3.12/site-packages/oslo_config/cfg.py:3560}}[00m
2026-09-15 18:28:12.183 3449763 DEBUG oslo_service.backend._eventlet.service [req-14e7fedf-0b2f-47fc-bf26-c59b6864214c - - - - - -] keystone_authtoken.memcache_pool_unused_timeout = 60 [00;33m{{(pid=3449763) log_opt_values /opt/stack/data/venv/lib/python3.12/site-packages/oslo_config/cfg.py:3560}}[00m
2026-09-15 18:28:12.183 3449763 DEBUG oslo_service.backend._eventlet.service [req-14e7fedf-0b2f-47fc-bf26-c59b6864214c - - - - - -] keystone_authtoken.memcache_sasl_enabled = False [00;33m{{(pid=3449763) log_opt_values /opt/stack/data/venv/lib/python3.12/site-packages/oslo_config/cfg.py:3560}}[00m
2026-09-15 18:28:12.183 3449763 DEBUG oslo_service.backend._eventlet.service [req-14e7fedf-0b2f-47fc-bf26-c59b6864214c - - - - - -] keystone_authtoken.memcache_secret_key = **** [00;33m{{(pid=3449763) log_opt_values /opt/stack/data/venv/lib/python3.12/site-packages/oslo_config/cfg.py:3560}}[00m
2026-09-15 18:28:12.183 3449763 DEBUG oslo_service.backend._eventlet.service [req-14e7fedf-0b2f-47fc-bf26-c59b6864214c - - - - - -] keystone_authtoken.memcache_security_strategy = None [00;33m{{(pid=3449763) log_opt_values /opt/stack/data/venv/lib/python3.12/site-packages/oslo_config/cfg.py:3560}}[00m
2026-09-15 18:28:12.183 3449763 DEBUG oslo_service.backend._eventlet.service [req-14e7fedf-0b2f-47fc-bf26-c59b6864214c - - - - - -] keystone_authtoken.memcache_tls_allowed_ciphers = None [00;33m{{(pid=3449763) log_opt_values /opt/stack/data/venv/lib/python3.12/site-packages/oslo_config/cfg.py:3560}}[00m
2026-09-15 18:28:12.183 3449763 DEBUG oslo_service.backend._eventlet.service [req-14e7fedf-0b2f-47fc-bf26-c59b6864214c - - - - - -] keystone_authtoken.memcache_tls_cafile = None [00;33m{{(pid=3449763) log_opt_values /opt/stack/data/venv/lib/python3.12/site-packages/oslo_config/cfg.py:3560}}[00m
2026-09-15 18:28:12.183 3449763 DEBUG oslo_service.backend._eventlet.service [req-14e7fedf-0b2f-47fc-bf26-c59b6864214c - - - - - -] keystone_authtoken.memcache_tls_certfile = None [00;33m{{(pid=3449763) log_opt_values /opt/stack/data/venv/lib/python3.12/site-packages/oslo_config/cfg.py:3560}}[00m
2026-09-15 18:28:12.183 3449763 DEBUG oslo_service.backend._eventlet.service [req-14e7fedf-0b2f-47fc-bf26-c59b6864214c - - - - - -] keystone_authtoken.memcache_tls_enabled = False [00;33m{{(pid=3449763) log_opt_values /opt/stack/data/venv/lib/python3.12/site-packages/oslo_config/cfg.py:3560}}[00m
2026-09-15 18:28:12.183 3449763 DEBUG oslo_service.backend._eventlet.service [req-14e7fedf-0b2f-47fc-bf26-c59b6864214c - - - - - -] keystone_authtoken.memcache_tls_keyfile = None [00;33m{{(pid=3449763) log_opt_values /opt/stack/data/venv/lib/python3.12/site-packages/oslo_config/cfg.py:3560}}[00m
2026-09-15 18:28:12.184 3449763 DEBUG oslo_service.backend._eventlet.service [req-14e7fedf-0b2f-47fc-bf26-c59b6864214c - - - - - -] keystone_authtoken.memcache_use_advanced_pool = True [00;33m{{(pid=3449763) log_opt_values /opt/stack/data/venv/lib/python3.12/site-packages/oslo_config/cfg.py:3560}}[00m
2026-09-15 18:28:12.184 3449763 DEBUG oslo_service.backend._eventlet.service [req-14e7fedf-0b2f-47fc-bf26-c59b6864214c - - - - - -] keystone_authtoken.memcache_username = None [00;33m{{(pid=3449763) log_opt_values /opt/stack/data/venv/lib/python3.12/site-packages/oslo_config/cfg.py:3560}}[00m
2026-09-15 18:28:12.184 3449763 DEBUG oslo_service.backend._eventlet.service [req-14e7fedf-0b2f-47fc-bf26-c59b6864214c - - - - - -] keystone_authtoken.memcached_servers = ['localhost:11211'] [00;33m{{(pid=3449763) log_opt_values /opt/stack/data/venv/lib/python3.12/site-packages/oslo_config/cfg.py:3560}}[00m
2026-09-15 18:28:12.184 3449763 DEBUG oslo_service.backend._eventlet.service [req-14e7fedf-0b2f-47fc-bf26-c59b6864214c - - - - - -] keystone_authtoken.region_name = None [00;33m{{(pid=3449763) log_opt_values /opt/stack/data/venv/lib/python3.12/site-packages/oslo_config/cfg.py:3560}}[00m
2026-09-15 18:28:12.184 3449763 DEBUG oslo_service.backend._eventlet.service [req-14e7fedf-0b2f-47fc-bf26-c59b6864214c - - - - - -] keystone_authtoken.service_token_roles = ['service'] [00;33m{{(pid=3449763) log_opt_values /opt/stack/data/venv/lib/python3.12/site-packages/oslo_config/cfg.py:3560}}[00m
2026-09-15 18:28:12.184 3449763 DEBUG oslo_service.backend._eventlet.service [req-14e7fedf-0b2f-47fc-bf26-c59b6864214c - - - - - -] keystone_authtoken.service_token_roles_required = True [00;33m{{(pid=3449763) log_opt_values /opt/stack/data/venv/lib/python3.12/site-packages/oslo_config/cfg.py:3560}}[00m
2026-09-15 18:28:12.184 3449763 DEBUG oslo_service.backend._eventlet.service [req-14e7fedf-0b2f-47fc-bf26-c59b6864214c - - - - - -] keystone_authtoken.service_type = None [00;33m{{(pid=3449763) log_opt_values /opt/stack/data/venv/lib/python3.12/site-packages/oslo_config/cfg.py:3560}}[00m
2026-09-15 18:28:12.184 3449763 DEBUG oslo_service.backend._eventlet.service [req-14e7fedf-0b2f-47fc-bf26-c59b6864214c - - - - - -] keystone_authtoken.token_cache_time = 300 [00;33m{{(pid=3449763) log_opt_values /opt/stack/data/venv/lib/python3.12/site-packages/oslo_config/cfg.py:3560}}[00m
2026-09-15 18:28:12.184 3449763 DEBUG oslo_service.backend._eventlet.service [req-14e7fedf-0b2f-47fc-bf26-c59b6864214c - - - - - -] keystone_authtoken.www_authenticate_uri = http://172.25.92.210/identity [00;33m{{(pid=3449763) log_opt_values /opt/stack/data/venv/lib/python3.12/site-packages/oslo_config/cfg.py:3560}}[00m
2026-09-15 18:28:12.184 3449763 DEBUG oslo_service.backend._eventlet.service [req-14e7fedf-0b2f-47fc-bf26-c59b6864214c - - - - - -] cache.backend                  = dogpile.cache.null [00;33m{{(pid=3449763) log_opt_values /opt/stack/data/venv/lib/python3.12/site-packages/oslo_config/cfg.py:3560}}[00m
2026-09-15 18:28:12.184 3449763 DEBUG oslo_service.backend._eventlet.service [req-14e7fedf-0b2f-47fc-bf26-c59b6864214c - - - - - -] cache.backend_argument         = **** [00;33m{{(pid=3449763) log_opt_values /opt/stack/data/venv/lib/python3.12/site-packages/oslo_config/cfg.py:3560}}[00m
2026-09-15 18:28:12.185 3449763 DEBUG oslo_service.backend._eventlet.service [req-14e7fedf-0b2f-47fc-bf26-c59b6864214c - - - - - -] cache.backend_expiration_time  = None [00;33m{{(pid=3449763) log_opt_values /opt/stack/data/venv/lib/python3.12/site-packages/oslo_config/cfg.py:3560}}[00m
2026-09-15 18:28:12.185 3449763 DEBUG oslo_service.backend._eventlet.service [req-14e7fedf-0b2f-47fc-bf26-c59b6864214c - - - - - -] cache.config_prefix            = cache.oslo [00;33m{{(pid=3449763) log_opt_values /opt/stack/data/venv/lib/python3.12/site-packages/oslo_config/cfg.py:3560}}[00m
2026-09-15 18:28:12.185 3449763 DEBUG oslo_service.backend._eventlet.service [req-14e7fedf-0b2f-47fc-bf26-c59b6864214c - - - - - -] cache.debug_cache_backend      = False [00;33m{{(pid=3449763) log_opt_values /opt/stack/data/venv/lib/python3.12/site-packages/oslo_config/cfg.py:3560}}[00m
2026-09-15 18:28:12.185 3449763 DEBUG oslo_service.backend._eventlet.service [req-14e7fedf-0b2f-47fc-bf26-c59b6864214c - - - - - -] cache.enable_retry_client      = False [00;33m{{(pid=3449763) log_opt_values /opt/stack/data/venv/lib/python3.12/site-packages/oslo_config/cfg.py:3560}}[00m
2026-09-15 18:28:12.185 3449763 DEBUG oslo_service.backend._eventlet.service [req-14e7fedf-0b2f-47fc-bf26-c59b6864214c - - - - - -] cache.enable_socket_keepalive  = False [00;33m{{(pid=3449763) log_opt_values /opt/stack/data/venv/lib/python3.12/site-packages/oslo_config/cfg.py:3560}}[00m
2026-09-15 18:28:12.185 3449763 DEBUG oslo_service.backend._eventlet.service [req-14e7fedf-0b2f-47fc-bf26-c59b6864214c - - - - - -] cache.enabled                  = False [00;33m{{(pid=3449763) log_opt_values /opt/stack/data/venv/lib/python3.12/site-packages/oslo_config/cfg.py:3560}}[00m
2026-09-15 18:28:12.185 3449763 DEBUG oslo_service.backend._eventlet.service [req-14e7fedf-0b2f-47fc-bf26-c59b6864214c - - - - - -] cache.expiration_time          = 600 [00;33m{{(pid=3449763) log_opt_values /opt/stack/data/venv/lib/python3.12/site-packages/oslo_config/cfg.py:3560}}[00m
2026-09-15 18:28:12.185 3449763 DEBUG oslo_service.backend._eventlet.service [req-14e7fedf-0b2f-47fc-bf26-c59b6864214c - - - - - -] cache.hashclient_dead_timeout  = 60.0 [00;33m{{(pid=3449763) log_opt_values /opt/stack/data/venv/lib/python3.12/site-packages/oslo_config/cfg.py:3560}}[00m
2026-09-15 18:28:12.185 3449763 DEBUG oslo_service.backend._eventlet.service [req-14e7fedf-0b2f-47fc-bf26-c59b6864214c - - - - - -] cache.hashclient_retry_attempts = 2 [00;33m{{(pid=3449763) log_opt_values /opt/stack/data/venv/lib/python3.12/site-packages/oslo_config/cfg.py:3560}}[00m
2026-09-15 18:28:12.185 3449763 DEBUG oslo_service.backend._eventlet.service [req-14e7fedf-0b2f-47fc-bf26-c59b6864214c - - - - - -] cache.hashclient_retry_timeout = 1.0 [00;33m{{(pid=3449763) log_opt_values /opt/stack/data/venv/lib/python3.12/site-packages/oslo_config/cfg.py:3560}}[00m
2026-09-15 18:28:12.185 3449763 DEBUG oslo_service.backend._eventlet.service [req-14e7fedf-0b2f-47fc-bf26-c59b6864214c - - - - - -] cache.memcache_dead_retry      = 300 [00;33m{{(pid=3449763) log_opt_values /opt/stack/data/venv/lib/python3.12/site-packages/oslo_config/cfg.py:3560}}[00m
2026-09-15 18:28:12.185 3449763 DEBUG oslo_service.backend._eventlet.service [req-14e7fedf-0b2f-47fc-bf26-c59b6864214c - - - - - -] cache.memcache_pool_connection_get_timeout = 10 [00;33m{{(pid=3449763) log_opt_values /opt/stack/data/venv/lib/python3.12/site-packages/oslo_config/cfg.py:3560}}[00m
2026-09-15 18:28:12.185 3449763 DEBUG oslo_service.backend._eventlet.service [req-14e7fedf-0b2f-47fc-bf26-c59b6864214c - - - - - -] cache.memcache_pool_flush_on_reconnect = False [00;33m{{(pid=3449763) log_opt_values /opt/stack/data/venv/lib/python3.12/site-packages/oslo_config/cfg.py:3560}}[00m
2026-09-15 18:28:12.186 3449763 DEBUG oslo_service.backend._eventlet.service [req-14e7fedf-0b2f-47fc-bf26-c59b6864214c - - - - - -] cache.memcache_pool_maxsize    = 10 [00;33m{{(pid=3449763) log_opt_values /opt/stack/data/venv/lib/python3.12/site-packages/oslo_config/cfg.py:3560}}[00m
2026-09-15 18:28:12.186 3449763 DEBUG oslo_service.backend._eventlet.service [req-14e7fedf-0b2f-47fc-bf26-c59b6864214c - - - - - -] cache.memcache_pool_unused_timeout = 60 [00;33m{{(pid=3449763) log_opt_values /opt/stack/data/venv/lib/python3.12/site-packages/oslo_config/cfg.py:3560}}[00m
2026-09-15 18:28:12.186 3449763 DEBUG oslo_service.backend._eventlet.service [req-14e7fedf-0b2f-47fc-bf26-c59b6864214c - - - - - -] cache.memcache_sasl_enabled    = False [00;33m{{(pid=3449763) log_opt_values /opt/stack/data/venv/lib/python3.12/site-packages/oslo_config/cfg.py:3560}}[00m
2026-09-15 18:28:12.186 3449763 DEBUG oslo_service.backend._eventlet.service [req-14e7fedf-0b2f-47fc-bf26-c59b6864214c - - - - - -] cache.memcache_servers         = ['localhost:11211'] [00;33m{{(pid=3449763) log_opt_values /opt/stack/data/venv/lib/python3.12/site-packages/oslo_config/cfg.py:3560}}[00m
2026-09-15 18:28:12.186 3449763 DEBUG oslo_service.backend._eventlet.service [req-14e7fedf-0b2f-47fc-bf26-c59b6864214c - - - - - -] cache.password                 = **** [00;33m{{(pid=3449763) log_opt_values /opt/stack/data/venv/lib/python3.12/site-packages/oslo_config/cfg.py:3560}}[00m
2026-09-15 18:28:12.186 3449763 DEBUG oslo_service.backend._eventlet.service [req-14e7fedf-0b2f-47fc-bf26-c59b6864214c - - - - - -] cache.proxies                  = [] [00;33m{{(pid=3449763) log_opt_values /opt/stack/data/venv/lib/python3.12/site-packages/oslo_config/cfg.py:3560}}[00m
2026-09-15 18:28:12.186 3449763 DEBUG oslo_service.backend._eventlet.service [req-14e7fedf-0b2f-47fc-bf26-c59b6864214c - - - - - -] cache.redis_db                 = 0 [00;33m{{(pid=3449763) log_opt_values /opt/stack/data/venv/lib/python3.12/site-packages/oslo_config/cfg.py:3560}}[00m
2026-09-15 18:28:12.186 3449763 DEBUG oslo_service.backend._eventlet.service [req-14e7fedf-0b2f-47fc-bf26-c59b6864214c - - - - - -] cache.redis_sentinel_service_name = mymaster [00;33m{{(pid=3449763) log_opt_values /opt/stack/data/venv/lib/python3.12/site-packages/oslo_config/cfg.py:3560}}[00m
2026-09-15 18:28:12.186 3449763 DEBUG oslo_service.backend._eventlet.service [req-14e7fedf-0b2f-47fc-bf26-c59b6864214c - - - - - -] cache.redis_sentinels          = ['localhost:26379'] [00;33m{{(pid=3449763) log_opt_values /opt/stack/data/venv/lib/python3.12/site-packages/oslo_config/cfg.py:3560}}[00m
2026-09-15 18:28:12.186 3449763 DEBUG oslo_service.backend._eventlet.service [req-14e7fedf-0b2f-47fc-bf26-c59b6864214c - - - - - -] cache.redis_server             = localhost:6379 [00;33m{{(pid=3449763) log_opt_values /opt/stack/data/venv/lib/python3.12/site-packages/oslo_config/cfg.py:3560}}[00m
2026-09-15 18:28:12.186 3449763 DEBUG oslo_service.backend._eventlet.service [req-14e7fedf-0b2f-47fc-bf26-c59b6864214c - - - - - -] cache.retry_attempts           = 2 [00;33m{{(pid=3449763) log_opt_values /opt/stack/data/venv/lib/python3.12/site-packages/oslo_config/cfg.py:3560}}[00m
2026-09-15 18:28:12.186 3449763 DEBUG oslo_service.backend._eventlet.service [req-14e7fedf-0b2f-47fc-bf26-c59b6864214c - - - - - -] cache.retry_delay              = 0.0 [00;33m{{(pid=3449763) log_opt_values /opt/stack/data/venv/lib/python3.12/site-packages/oslo_config/cfg.py:3560}}[00m
2026-09-15 18:28:12.187 3449763 DEBUG oslo_service.backend._eventlet.service [req-14e7fedf-0b2f-47fc-bf26-c59b6864214c - - - - - -] cache.socket_keepalive_count   = 1 [00;33m{{(pid=3449763) log_opt_values /opt/stack/data/venv/lib/python3.12/site-packages/oslo_config/cfg.py:3560}}[00m
2026-09-15 18:28:12.187 3449763 DEBUG oslo_service.backend._eventlet.service [req-14e7fedf-0b2f-47fc-bf26-c59b6864214c - - - - - -] cache.socket_keepalive_idle    = 1 [00;33m{{(pid=3449763) log_opt_values /opt/stack/data/venv/lib/python3.12/site-packages/oslo_config/cfg.py:3560}}[00m
2026-09-15 18:28:12.187 3449763 DEBUG oslo_service.backend._eventlet.service [req-14e7fedf-0b2f-47fc-bf26-c59b6864214c - - - - - -] cache.socket_keepalive_interval = 1 [00;33m{{(pid=3449763) log_opt_values /opt/stack/data/venv/lib/python3.12/site-packages/oslo_config/cfg.py:3560}}[00m
2026-09-15 18:28:12.187 3449763 DEBUG oslo_service.backend._eventlet.service [req-14e7fedf-0b2f-47fc-bf26-c59b6864214c - - - - - -] cache.socket_timeout           = 1.0 [00;33m{{(pid=3449763) log_opt_values /opt/stack/data/venv/lib/python3.12/site-packages/oslo_config/cfg.py:3560}}[00m
2026-09-15 18:28:12.187 3449763 DEBUG oslo_service.backend._eventlet.service [req-14e7fedf-0b2f-47fc-bf26-c59b6864214c - - - - - -] cache.tls_allowed_ciphers      = None [00;33m{{(pid=3449763) log_opt_values /opt/stack/data/venv/lib/python3.12/site-packages/oslo_config/cfg.py:3560}}[00m
2026-09-15 18:28:12.187 3449763 DEBUG oslo_service.backend._eventlet.service [req-14e7fedf-0b2f-47fc-bf26-c59b6864214c - - - - - -] cache.tls_cafile               = None [00;33m{{(pid=3449763) log_opt_values /opt/stack/data/venv/lib/python3.12/site-packages/oslo_config/cfg.py:3560}}[00m
2026-09-15 18:28:12.187 3449763 DEBUG oslo_service.backend._eventlet.service [req-14e7fedf-0b2f-47fc-bf26-c59b6864214c - - - - - -] cache.tls_certfile             = None [00;33m{{(pid=3449763) log_opt_values /opt/stack/data/venv/lib/python3.12/site-packages/oslo_config/cfg.py:3560}}[00m
2026-09-15 18:28:12.187 3449763 DEBUG oslo_service.backend._eventlet.service [req-14e7fedf-0b2f-47fc-bf26-c59b6864214c - - - - - -] cache.tls_enabled              = False [00;33m{{(pid=3449763) log_opt_values /opt/stack/data/venv/lib/python3.12/site-packages/oslo_config/cfg.py:3560}}[00m
2026-09-15 18:28:12.187 3449763 DEBUG oslo_service.backend._eventlet.service [req-14e7fedf-0b2f-47fc-bf26-c59b6864214c - - - - - -] cache.tls_keyfile              = None [00;33m{{(pid=3449763) log_opt_values /opt/stack/data/venv/lib/python3.12/site-packages/oslo_config/cfg.py:3560}}[00m
2026-09-15 18:28:12.187 3449763 DEBUG oslo_service.backend._eventlet.service [req-14e7fedf-0b2f-47fc-bf26-c59b6864214c - - - - - -] cache.username                 = None [00;33m{{(pid=3449763) log_opt_values /opt/stack/data/venv/lib/python3.12/site-packages/oslo_config/cfg.py:3560}}[00m
2026-09-15 18:28:12.187 3449763 DEBUG oslo_service.backend._eventlet.service [req-14e7fedf-0b2f-47fc-bf26-c59b6864214c - - - - - -] coordination.backend_url       = **** [00;33m{{(pid=3449763) log_opt_values /opt/stack/data/venv/lib/python3.12/site-packages/oslo_config/cfg.py:3560}}[00m
2026-09-15 18:28:12.187 3449763 DEBUG oslo_service.backend._eventlet.service [req-14e7fedf-0b2f-47fc-bf26-c59b6864214c - - - - - -] database.asyncio_connection    = **** [00;33m{{(pid=3449763) log_opt_values /opt/stack/data/venv/lib/python3.12/site-packages/oslo_config/cfg.py:3560}}[00m
2026-09-15 18:28:12.187 3449763 DEBUG oslo_service.backend._eventlet.service [req-14e7fedf-0b2f-47fc-bf26-c59b6864214c - - - - - -] database.asyncio_slave_connection = **** [00;33m{{(pid=3449763) log_opt_values /opt/stack/data/venv/lib/python3.12/site-packages/oslo_config/cfg.py:3560}}[00m
2026-09-15 18:28:12.188 3449763 DEBUG oslo_service.backend._eventlet.service [req-14e7fedf-0b2f-47fc-bf26-c59b6864214c - - - - - -] database.backend               = sqlalchemy [00;33m{{(pid=3449763) log_opt_values /opt/stack/data/venv/lib/python3.12/site-packages/oslo_config/cfg.py:3560}}[00m
2026-09-15 18:28:12.188 3449763 DEBUG oslo_service.backend._eventlet.service [req-14e7fedf-0b2f-47fc-bf26-c59b6864214c - - - - - -] database.connection            = **** [00;33m{{(pid=3449763) log_opt_values /opt/stack/data/venv/lib/python3.12/site-packages/oslo_config/cfg.py:3560}}[00m
2026-09-15 18:28:12.188 3449763 DEBUG oslo_service.backend._eventlet.service [req-14e7fedf-0b2f-47fc-bf26-c59b6864214c - - - - - -] database.connection_debug      = 0 [00;33m{{(pid=3449763) log_opt_values /opt/stack/data/venv/lib/python3.12/site-packages/oslo_config/cfg.py:3560}}[00m
2026-09-15 18:28:12.188 3449763 DEBUG oslo_service.backend._eventlet.service [req-14e7fedf-0b2f-47fc-bf26-c59b6864214c - - - - - -] database.connection_parameters =  [00;33m{{(pid=3449763) log_opt_values /opt/stack/data/venv/lib/python3.12/site-packages/oslo_config/cfg.py:3560}}[00m
2026-09-15 18:28:12.188 3449763 DEBUG oslo_service.backend._eventlet.service [req-14e7fedf-0b2f-47fc-bf26-c59b6864214c - - - - - -] database.connection_recycle_time = 3600 [00;33m{{(pid=3449763) log_opt_values /opt/stack/data/venv/lib/python3.12/site-packages/oslo_config/cfg.py:3560}}[00m
2026-09-15 18:28:12.188 3449763 DEBUG oslo_service.backend._eventlet.service [req-14e7fedf-0b2f-47fc-bf26-c59b6864214c - - - - - -] database.connection_trace      = False [00;33m{{(pid=3449763) log_opt_values /opt/stack/data/venv/lib/python3.12/site-packages/oslo_config/cfg.py:3560}}[00m
2026-09-15 18:28:12.188 3449763 DEBUG oslo_service.backend._eventlet.service [req-14e7fedf-0b2f-47fc-bf26-c59b6864214c - - - - - -] database.db_inc_retry_interval = True [00;33m{{(pid=3449763) log_opt_values /opt/stack/data/venv/lib/python3.12/site-packages/oslo_config/cfg.py:3560}}[00m
2026-09-15 18:28:12.188 3449763 DEBUG oslo_service.backend._eventlet.service [req-14e7fedf-0b2f-47fc-bf26-c59b6864214c - - - - - -] database.db_max_retries        = 20 [00;33m{{(pid=3449763) log_opt_values /opt/stack/data/venv/lib/python3.12/site-packages/oslo_config/cfg.py:3560}}[00m
2026-09-15 18:28:12.188 3449763 DEBUG oslo_service.backend._eventlet.service [req-14e7fedf-0b2f-47fc-bf26-c59b6864214c - - - - - -] database.db_max_retry_interval = 10 [00;33m{{(pid=3449763) log_opt_values /opt/stack/data/venv/lib/python3.12/site-packages/oslo_config/cfg.py:3560}}[00m
2026-09-15 18:28:12.188 3449763 DEBUG oslo_service.backend._eventlet.service [req-14e7fedf-0b2f-47fc-bf26-c59b6864214c - - - - - -] database.db_retry_interval     = 1 [00;33m{{(pid=3449763) log_opt_values /opt/stack/data/venv/lib/python3.12/site-packages/oslo_config/cfg.py:3560}}[00m
2026-09-15 18:28:12.188 3449763 DEBUG oslo_service.backend._eventlet.service [req-14e7fedf-0b2f-47fc-bf26-c59b6864214c - - - - - -] database.max_overflow          = 50 [00;33m{{(pid=3449763) log_opt_values /opt/stack/data/venv/lib/python3.12/site-packages/oslo_config/cfg.py:3560}}[00m
2026-09-15 18:28:12.188 3449763 DEBUG oslo_service.backend._eventlet.service [req-14e7fedf-0b2f-47fc-bf26-c59b6864214c - - - - - -] database.max_pool_size         = 5 [00;33m{{(pid=3449763) log_opt_values /opt/stack/data/venv/lib/python3.12/site-packages/oslo_config/cfg.py:3560}}[00m
2026-09-15 18:28:12.188 3449763 DEBUG oslo_service.backend._eventlet.service [req-14e7fedf-0b2f-47fc-bf26-c59b6864214c - - - - - -] database.max_retries           = 10 [00;33m{{(pid=3449763) log_opt_values /opt/stack/data/venv/lib/python3.12/site-packages/oslo_config/cfg.py:3560}}[00m
2026-09-15 18:28:12.189 3449763 DEBUG oslo_service.backend._eventlet.service [req-14e7fedf-0b2f-47fc-bf26-c59b6864214c - - - - - -] database.mysql_sql_mode        = TRADITIONAL [00;33m{{(pid=3449763) log_opt_values /opt/stack/data/venv/lib/python3.12/site-packages/oslo_config/cfg.py:3560}}[00m
2026-09-15 18:28:12.189 3449763 DEBUG oslo_service.backend._eventlet.service [req-14e7fedf-0b2f-47fc-bf26-c59b6864214c - - - - - -] database.mysql_wsrep_sync_wait = None [00;33m{{(pid=3449763) log_opt_values /opt/stack/data/venv/lib/python3.12/site-packages/oslo_config/cfg.py:3560}}[00m
2026-09-15 18:28:12.189 3449763 DEBUG oslo_service.backend._eventlet.service [req-14e7fedf-0b2f-47fc-bf26-c59b6864214c - - - - - -] database.pool_timeout          = None [00;33m{{(pid=3449763) log_opt_values /opt/stack/data/venv/lib/python3.12/site-packages/oslo_config/cfg.py:3560}}[00m
2026-09-15 18:28:12.189 3449763 DEBUG oslo_service.backend._eventlet.service [req-14e7fedf-0b2f-47fc-bf26-c59b6864214c - - - - - -] database.retry_interval        = 10 [00;33m{{(pid=3449763) log_opt_values /opt/stack/data/venv/lib/python3.12/site-packages/oslo_config/cfg.py:3560}}[00m
2026-09-15 18:28:12.189 3449763 DEBUG oslo_service.backend._eventlet.service [req-14e7fedf-0b2f-47fc-bf26-c59b6864214c - - - - - -] database.slave_connection      = **** [00;33m{{(pid=3449763) log_opt_values /opt/stack/data/venv/lib/python3.12/site-packages/oslo_config/cfg.py:3560}}[00m
2026-09-15 18:28:12.189 3449763 DEBUG oslo_service.backend._eventlet.service [req-14e7fedf-0b2f-47fc-bf26-c59b6864214c - - - - - -] database.sqlite_synchronous    = True [00;33m{{(pid=3449763) log_opt_values /opt/stack/data/venv/lib/python3.12/site-packages/oslo_config/cfg.py:3560}}[00m
2026-09-15 18:28:12.189 3449763 DEBUG oslo_service.backend._eventlet.service [req-14e7fedf-0b2f-47fc-bf26-c59b6864214c - - - - - -] database.synchronous_reader    = True [00;33m{{(pid=3449763) log_opt_values /opt/stack/data/venv/lib/python3.12/site-packages/oslo_config/cfg.py:3560}}[00m
2026-09-15 18:28:12.189 3449763 DEBUG oslo_service.backend._eventlet.service [req-14e7fedf-0b2f-47fc-bf26-c59b6864214c - - - - - -] database.use_db_reconnect      = False [00;33m{{(pid=3449763) log_opt_values /opt/stack/data/venv/lib/python3.12/site-packages/oslo_config/cfg.py:3560}}[00m
2026-09-15 18:28:12.189 3449763 DEBUG oslo_service.backend._eventlet.service [req-14e7fedf-0b2f-47fc-bf26-c59b6864214c - - - - - -] oslo_messaging_metrics.metrics_buffer_size = 1000 [00;33m{{(pid=3449763) log_opt_values /opt/stack/data/venv/lib/python3.12/site-packages/oslo_config/cfg.py:3560}}[00m
2026-09-15 18:28:12.189 3449763 DEBUG oslo_service.backend._eventlet.service [req-14e7fedf-0b2f-47fc-bf26-c59b6864214c - - - - - -] oslo_messaging_metrics.metrics_enabled = False [00;33m{{(pid=3449763) log_opt_values /opt/stack/data/venv/lib/python3.12/site-packages/oslo_config/cfg.py:3560}}[00m
2026-09-15 18:28:12.189 3449763 DEBUG oslo_service.backend._eventlet.service [req-14e7fedf-0b2f-47fc-bf26-c59b6864214c - - - - - -] oslo_messaging_metrics.metrics_process_name =  [00;33m{{(pid=3449763) log_opt_values /opt/stack/data/venv/lib/python3.12/site-packages/oslo_config/cfg.py:3560}}[00m
2026-09-15 18:28:12.189 3449763 DEBUG oslo_service.backend._eventlet.service [req-14e7fedf-0b2f-47fc-bf26-c59b6864214c - - - - - -] oslo_messaging_metrics.metrics_socket_file = /var/tmp/metrics_collector.sock [00;33m{{(pid=3449763) log_opt_values /opt/stack/data/venv/lib/python3.12/site-packages/oslo_config/cfg.py:3560}}[00m
2026-09-15 18:28:12.190 3449763 DEBUG oslo_service.backend._eventlet.service [req-14e7fedf-0b2f-47fc-bf26-c59b6864214c - - - - - -] oslo_messaging_metrics.metrics_thread_stop_timeout = 10 [00;33m{{(pid=3449763) log_opt_values /opt/stack/data/venv/lib/python3.12/site-packages/oslo_config/cfg.py:3560}}[00m
2026-09-15 18:28:12.190 3449763 DEBUG oslo_service.backend._eventlet.service [req-14e7fedf-0b2f-47fc-bf26-c59b6864214c - - - - - -] oslo_messaging_tracing.insecure = False [00;33m{{(pid=3449763) log_opt_values /opt/stack/data/venv/lib/python3.12/site-packages/oslo_config/cfg.py:3560}}[00m
2026-09-15 18:28:12.190 3449763 DEBUG oslo_service.backend._eventlet.service [req-14e7fedf-0b2f-47fc-bf26-c59b6864214c - - - - - -] oslo_messaging_tracing.otel_exporter_otlp_endpoint = http://localhost:4318 [00;33m{{(pid=3449763) log_opt_values /opt/stack/data/venv/lib/python3.12/site-packages/oslo_config/cfg.py:3560}}[00m
2026-09-15 18:28:12.190 3449763 DEBUG oslo_service.backend._eventlet.service [req-14e7fedf-0b2f-47fc-bf26-c59b6864214c - - - - - -] oslo_messaging_tracing.otlp_protocol = http/protobuf [00;33m{{(pid=3449763) log_opt_values /opt/stack/data/venv/lib/python3.12/site-packages/oslo_config/cfg.py:3560}}[00m
2026-09-15 18:28:12.190 3449763 DEBUG oslo_service.backend._eventlet.service [req-14e7fedf-0b2f-47fc-bf26-c59b6864214c - - - - - -] oslo_messaging_tracing.tracing_enabled = False [00;33m{{(pid=3449763) log_opt_values /opt/stack/data/venv/lib/python3.12/site-packages/oslo_config/cfg.py:3560}}[00m
2026-09-15 18:28:12.190 3449763 DEBUG oslo_service.backend._eventlet.service [req-14e7fedf-0b2f-47fc-bf26-c59b6864214c - - - - - -] oslo_messaging_tracing.tracing_service_name = openstack [00;33m{{(pid=3449763) log_opt_values /opt/stack/data/venv/lib/python3.12/site-packages/oslo_config/cfg.py:3560}}[00m
2026-09-15 18:28:12.190 3449763 DEBUG oslo_service.backend._eventlet.service [req-14e7fedf-0b2f-47fc-bf26-c59b6864214c - - - - - -] profiler.connection_string     = messaging:// [00;33m{{(pid=3449763) log_opt_values /opt/stack/data/venv/lib/python3.12/site-packages/oslo_config/cfg.py:3560}}[00m
2026-09-15 18:28:12.190 3449763 DEBUG oslo_service.backend._eventlet.service [req-14e7fedf-0b2f-47fc-bf26-c59b6864214c - - - - - -] profiler.enabled               = False [00;33m{{(pid=3449763) log_opt_values /opt/stack/data/venv/lib/python3.12/site-packages/oslo_config/cfg.py:3560}}[00m
2026-09-15 18:28:12.190 3449763 DEBUG oslo_service.backend._eventlet.service [req-14e7fedf-0b2f-47fc-bf26-c59b6864214c - - - - - -] profiler.es_doc_type           = notification [00;33m{{(pid=3449763) log_opt_values /opt/stack/data/venv/lib/python3.12/site-packages/oslo_config/cfg.py:3560}}[00m
2026-09-15 18:28:12.190 3449763 DEBUG oslo_service.backend._eventlet.service [req-14e7fedf-0b2f-47fc-bf26-c59b6864214c - - - - - -] profiler.es_scroll_size        = 10000 [00;33m{{(pid=3449763) log_opt_values /opt/stack/data/venv/lib/python3.12/site-packages/oslo_config/cfg.py:3560}}[00m
2026-09-15 18:28:12.190 3449763 DEBUG oslo_service.backend._eventlet.service [req-14e7fedf-0b2f-47fc-bf26-c59b6864214c - - - - - -] profiler.es_scroll_time        = 2m [00;33m{{(pid=3449763) log_opt_values /opt/stack/data/venv/lib/python3.12/site-packages/oslo_config/cfg.py:3560}}[00m
2026-09-15 18:28:12.190 3449763 DEBUG oslo_service.backend._eventlet.service [req-14e7fedf-0b2f-47fc-bf26-c59b6864214c - - - - - -] profiler.filter_error_trace    = False [00;33m{{(pid=3449763) log_opt_values /opt/stack/data/venv/lib/python3.12/site-packages/oslo_config/cfg.py:3560}}[00m
2026-09-15 18:28:12.191 3449763 DEBUG oslo_service.backend._eventlet.service [req-14e7fedf-0b2f-47fc-bf26-c59b6864214c - - - - - -] profiler.hmac_keys             = **** [00;33m{{(pid=3449763) log_opt_values /opt/stack/data/venv/lib/python3.12/site-packages/oslo_config/cfg.py:3560}}[00m
2026-09-15 18:28:12.191 3449763 DEBUG oslo_service.backend._eventlet.service [req-14e7fedf-0b2f-47fc-bf26-c59b6864214c - - - - - -] profiler.sentinel_service_name = mymaster [00;33m{{(pid=3449763) log_opt_values /opt/stack/data/venv/lib/python3.12/site-packages/oslo_config/cfg.py:3560}}[00m
2026-09-15 18:28:12.191 3449763 DEBUG oslo_service.backend._eventlet.service [req-14e7fedf-0b2f-47fc-bf26-c59b6864214c - - - - - -] profiler.socket_timeout        = 0.1 [00;33m{{(pid=3449763) log_opt_values /opt/stack/data/venv/lib/python3.12/site-packages/oslo_config/cfg.py:3560}}[00m
2026-09-15 18:28:12.191 3449763 DEBUG oslo_service.backend._eventlet.service [req-14e7fedf-0b2f-47fc-bf26-c59b6864214c - - - - - -] profiler.trace_requests        = False [00;33m{{(pid=3449763) log_opt_values /opt/stack/data/venv/lib/python3.12/site-packages/oslo_config/cfg.py:3560}}[00m
2026-09-15 18:28:12.191 3449763 DEBUG oslo_service.backend._eventlet.service [req-14e7fedf-0b2f-47fc-bf26-c59b6864214c - - - - - -] profiler.trace_sqlalchemy      = False [00;33m{{(pid=3449763) log_opt_values /opt/stack/data/venv/lib/python3.12/site-packages/oslo_config/cfg.py:3560}}[00m
2026-09-15 18:28:12.191 3449763 DEBUG oslo_service.backend._eventlet.service [req-14e7fedf-0b2f-47fc-bf26-c59b6864214c - - - - - -] profiler_jaeger.process_tags   = {} [00;33m{{(pid=3449763) log_opt_values /opt/stack/data/venv/lib/python3.12/site-packages/oslo_config/cfg.py:3560}}[00m
2026-09-15 18:28:12.191 3449763 DEBUG oslo_service.backend._eventlet.service [req-14e7fedf-0b2f-47fc-bf26-c59b6864214c - - - - - -] profiler_jaeger.service_name_prefix = None [00;33m{{(pid=3449763) log_opt_values /opt/stack/data/venv/lib/python3.12/site-packages/oslo_config/cfg.py:3560}}[00m
2026-09-15 18:28:12.191 3449763 DEBUG oslo_service.backend._eventlet.service [req-14e7fedf-0b2f-47fc-bf26-c59b6864214c - - - - - -] profiler_otlp.service_name_prefix = None [00;33m{{(pid=3449763) log_opt_values /opt/stack/data/venv/lib/python3.12/site-packages/oslo_config/cfg.py:3560}}[00m
2026-09-15 18:28:12.191 3449763 DEBUG oslo_service.backend._eventlet.service [req-14e7fedf-0b2f-47fc-bf26-c59b6864214c - - - - - -] oslo_policy.enforce_new_defaults = True [00;33m{{(pid=3449763) log_opt_values /opt/stack/data/venv/lib/python3.12/site-packages/oslo_config/cfg.py:3560}}[00m
2026-09-15 18:28:12.191 3449763 DEBUG oslo_service.backend._eventlet.service [req-14e7fedf-0b2f-47fc-bf26-c59b6864214c - - - - - -] oslo_policy.policy_default_rule = default [00;33m{{(pid=3449763) log_opt_values /opt/stack/data/venv/lib/python3.12/site-packages/oslo_config/cfg.py:3560}}[00m
2026-09-15 18:28:12.191 3449763 DEBUG oslo_service.backend._eventlet.service [req-14e7fedf-0b2f-47fc-bf26-c59b6864214c - - - - - -] oslo_policy.policy_dirs        = ['policy.d'] [00;33m{{(pid=3449763) log_opt_values /opt/stack/data/venv/lib/python3.12/site-packages/oslo_config/cfg.py:3560}}[00m
2026-09-15 18:28:12.191 3449763 DEBUG oslo_service.backend._eventlet.service [req-14e7fedf-0b2f-47fc-bf26-c59b6864214c - - - - - -] oslo_policy.policy_file        = policy.yaml [00;33m{{(pid=3449763) log_opt_values /opt/stack/data/venv/lib/python3.12/site-packages/oslo_config/cfg.py:3560}}[00m
2026-09-15 18:28:12.192 3449763 DEBUG oslo_service.backend._eventlet.service [req-14e7fedf-0b2f-47fc-bf26-c59b6864214c - - - - - -] oslo_policy.remote_content_type = application/x-www-form-urlencoded [00;33m{{(pid=3449763) log_opt_values /opt/stack/data/venv/lib/python3.12/site-packages/oslo_config/cfg.py:3560}}[00m
2026-09-15 18:28:12.192 3449763 DEBUG oslo_service.backend._eventlet.service [req-14e7fedf-0b2f-47fc-bf26-c59b6864214c - - - - - -] oslo_policy.remote_ssl_ca_crt_file = None [00;33m{{(pid=3449763) log_opt_values /opt/stack/data/venv/lib/python3.12/site-packages/oslo_config/cfg.py:3560}}[00m
2026-09-15 18:28:12.192 3449763 DEBUG oslo_service.backend._eventlet.service [req-14e7fedf-0b2f-47fc-bf26-c59b6864214c - - - - - -] oslo_policy.remote_ssl_client_crt_file = None [00;33m{{(pid=3449763) log_opt_values /opt/stack/data/venv/lib/python3.12/site-packages/oslo_config/cfg.py:3560}}[00m
2026-09-15 18:28:12.192 3449763 DEBUG oslo_service.backend._eventlet.service [req-14e7fedf-0b2f-47fc-bf26-c59b6864214c - - - - - -] oslo_policy.remote_ssl_client_key_file = None [00;33m{{(pid=3449763) log_opt_values /opt/stack/data/venv/lib/python3.12/site-packages/oslo_config/cfg.py:3560}}[00m
2026-09-15 18:28:12.192 3449763 DEBUG oslo_service.backend._eventlet.service [req-14e7fedf-0b2f-47fc-bf26-c59b6864214c - - - - - -] oslo_policy.remote_ssl_verify_server_crt = False [00;33m{{(pid=3449763) log_opt_values /opt/stack/data/venv/lib/python3.12/site-packages/oslo_config/cfg.py:3560}}[00m
2026-09-15 18:28:12.192 3449763 DEBUG oslo_service.backend._eventlet.service [req-14e7fedf-0b2f-47fc-bf26-c59b6864214c - - - - - -] oslo_policy.remote_timeout     = 60.0 [00;33m{{(pid=3449763) log_opt_values /opt/stack/data/venv/lib/python3.12/site-packages/oslo_config/cfg.py:3560}}[00m
2026-09-15 18:28:12.192 3449763 DEBUG oslo_service.backend._eventlet.service [req-14e7fedf-0b2f-47fc-bf26-c59b6864214c - - - - - -] privsep_osbrick.capabilities   = [21, 2] [00;33m{{(pid=3449763) log_opt_values /opt/stack/data/venv/lib/python3.12/site-packages/oslo_config/cfg.py:3560}}[00m
2026-09-15 18:28:12.192 3449763 DEBUG oslo_service.backend._eventlet.service [req-14e7fedf-0b2f-47fc-bf26-c59b6864214c - - - - - -] privsep_osbrick.group          = None [00;33m{{(pid=3449763) log_opt_values /opt/stack/data/venv/lib/python3.12/site-packages/oslo_config/cfg.py:3560}}[00m
2026-09-15 18:28:12.192 3449763 DEBUG oslo_service.backend._eventlet.service [req-14e7fedf-0b2f-47fc-bf26-c59b6864214c - - - - - -] privsep_osbrick.helper_command = None [00;33m{{(pid=3449763) log_opt_values /opt/stack/data/venv/lib/python3.12/site-packages/oslo_config/cfg.py:3560}}[00m
2026-09-15 18:28:12.192 3449763 DEBUG oslo_service.backend._eventlet.service [req-14e7fedf-0b2f-47fc-bf26-c59b6864214c - - - - - -] privsep_osbrick.log_daemon_traceback = False [00;33m{{(pid=3449763) log_opt_values /opt/stack/data/venv/lib/python3.12/site-packages/oslo_config/cfg.py:3560}}[00m
2026-09-15 18:28:12.192 3449763 DEBUG oslo_service.backend._eventlet.service [req-14e7fedf-0b2f-47fc-bf26-c59b6864214c - - - - - -] privsep_osbrick.logger_name    = brick_privsep_hide_output [00;33m{{(pid=3449763) log_opt_values /opt/stack/data/venv/lib/python3.12/site-packages/oslo_config/cfg.py:3560}}[00m
2026-09-15 18:28:12.192 3449763 DEBUG oslo_service.backend._eventlet.service [req-14e7fedf-0b2f-47fc-bf26-c59b6864214c - - - - - -] privsep_osbrick.thread_pool_size = 128 [00;33m{{(pid=3449763) log_opt_values /opt/stack/data/venv/lib/python3.12/site-packages/oslo_config/cfg.py:3560}}[00m
2026-09-15 18:28:12.193 3449763 DEBUG oslo_service.backend._eventlet.service [req-14e7fedf-0b2f-47fc-bf26-c59b6864214c - - - - - -] privsep_osbrick.user           = None [00;33m{{(pid=3449763) log_opt_values /opt/stack/data/venv/lib/python3.12/site-packages/oslo_config/cfg.py:3560}}[00m
2026-09-15 18:28:12.193 3449763 DEBUG oslo_service.backend._eventlet.service [req-14e7fedf-0b2f-47fc-bf26-c59b6864214c - - - - - -] cinder_sys_admin.capabilities  = [0, 1, 2, 3, 12, 21] [00;33m{{(pid=3449763) log_opt_values /opt/stack/data/venv/lib/python3.12/site-packages/oslo_config/cfg.py:3560}}[00m
2026-09-15 18:28:12.193 3449763 DEBUG oslo_service.backend._eventlet.service [req-14e7fedf-0b2f-47fc-bf26-c59b6864214c - - - - - -] cinder_sys_admin.group         = None [00;33m{{(pid=3449763) log_opt_values /opt/stack/data/venv/lib/python3.12/site-packages/oslo_config/cfg.py:3560}}[00m
2026-09-15 18:28:12.193 3449763 DEBUG oslo_service.backend._eventlet.service [req-14e7fedf-0b2f-47fc-bf26-c59b6864214c - - - - - -] cinder_sys_admin.helper_command = None [00;33m{{(pid=3449763) log_opt_values /opt/stack/data/venv/lib/python3.12/site-packages/oslo_config/cfg.py:3560}}[00m
2026-09-15 18:28:12.193 3449763 DEBUG oslo_service.backend._eventlet.service [req-14e7fedf-0b2f-47fc-bf26-c59b6864214c - - - - - -] cinder_sys_admin.log_daemon_traceback = False [00;33m{{(pid=3449763) log_opt_values /opt/stack/data/venv/lib/python3.12/site-packages/oslo_config/cfg.py:3560}}[00m
2026-09-15 18:28:12.193 3449763 DEBUG oslo_service.backend._eventlet.service [req-14e7fedf-0b2f-47fc-bf26-c59b6864214c - - - - - -] cinder_sys_admin.logger_name   = oslo_privsep.daemon [00;33m{{(pid=3449763) log_opt_values /opt/stack/data/venv/lib/python3.12/site-packages/oslo_config/cfg.py:3560}}[00m
2026-09-15 18:28:12.193 3449763 DEBUG oslo_service.backend._eventlet.service [req-14e7fedf-0b2f-47fc-bf26-c59b6864214c - - - - - -] cinder_sys_admin.thread_pool_size = 128 [00;33m{{(pid=3449763) log_opt_values /opt/stack/data/venv/lib/python3.12/site-packages/oslo_config/cfg.py:3560}}[00m
2026-09-15 18:28:12.193 3449763 DEBUG oslo_service.backend._eventlet.service [req-14e7fedf-0b2f-47fc-bf26-c59b6864214c - - - - - -] cinder_sys_admin.user          = None [00;33m{{(pid=3449763) log_opt_values /opt/stack/data/venv/lib/python3.12/site-packages/oslo_config/cfg.py:3560}}[00m
2026-09-15 18:28:12.193 3449763 DEBUG oslo_service.backend._eventlet.service [req-14e7fedf-0b2f-47fc-bf26-c59b6864214c - - - - - -] service_user.auth_section      = None [00;33m{{(pid=3449763) log_opt_values /opt/stack/data/venv/lib/python3.12/site-packages/oslo_config/cfg.py:3560}}[00m
2026-09-15 18:28:12.193 3449763 DEBUG oslo_service.backend._eventlet.service [req-14e7fedf-0b2f-47fc-bf26-c59b6864214c - - - - - -] service_user.auth_type         = password [00;33m{{(pid=3449763) log_opt_values /opt/stack/data/venv/lib/python3.12/site-packages/oslo_config/cfg.py:3560}}[00m
2026-09-15 18:28:12.193 3449763 DEBUG oslo_service.backend._eventlet.service [req-14e7fedf-0b2f-47fc-bf26-c59b6864214c - - - - - -] service_user.cafile            = None [00;33m{{(pid=3449763) log_opt_values /opt/stack/data/venv/lib/python3.12/site-packages/oslo_config/cfg.py:3560}}[00m
2026-09-15 18:28:12.193 3449763 DEBUG oslo_service.backend._eventlet.service [req-14e7fedf-0b2f-47fc-bf26-c59b6864214c - - - - - -] service_user.certfile          = None [00;33m{{(pid=3449763) log_opt_values /opt/stack/data/venv/lib/python3.12/site-packages/oslo_config/cfg.py:3560}}[00m
2026-09-15 18:28:12.194 3449763 DEBUG oslo_service.backend._eventlet.service [req-14e7fedf-0b2f-47fc-bf26-c59b6864214c - - - - - -] service_user.collect_timing    = False [00;33m{{(pid=3449763) log_opt_values /opt/stack/data/venv/lib/python3.12/site-packages/oslo_config/cfg.py:3560}}[00m
2026-09-15 18:28:12.194 3449763 DEBUG oslo_service.backend._eventlet.service [req-14e7fedf-0b2f-47fc-bf26-c59b6864214c - - - - - -] service_user.insecure          = False [00;33m{{(pid=3449763) log_opt_values /opt/stack/data/venv/lib/python3.12/site-packages/oslo_config/cfg.py:3560}}[00m
2026-09-15 18:28:12.194 3449763 DEBUG oslo_service.backend._eventlet.service [req-14e7fedf-0b2f-47fc-bf26-c59b6864214c - - - - - -] service_user.keyfile           = None [00;33m{{(pid=3449763) log_opt_values /opt/stack/data/venv/lib/python3.12/site-packages/oslo_config/cfg.py:3560}}[00m
2026-09-15 18:28:12.194 3449763 DEBUG oslo_service.backend._eventlet.service [req-14e7fedf-0b2f-47fc-bf26-c59b6864214c - - - - - -] service_user.send_service_user_token = True [00;33m{{(pid=3449763) log_opt_values /opt/stack/data/venv/lib/python3.12/site-packages/oslo_config/cfg.py:3560}}[00m
2026-09-15 18:28:12.194 3449763 DEBUG oslo_service.backend._eventlet.service [req-14e7fedf-0b2f-47fc-bf26-c59b6864214c - - - - - -] service_user.split_loggers     = False [00;33m{{(pid=3449763) log_opt_values /opt/stack/data/venv/lib/python3.12/site-packages/oslo_config/cfg.py:3560}}[00m
2026-09-15 18:28:12.194 3449763 DEBUG oslo_service.backend._eventlet.service [req-14e7fedf-0b2f-47fc-bf26-c59b6864214c - - - - - -] service_user.timeout           = None [00;33m{{(pid=3449763) log_opt_values /opt/stack/data/venv/lib/python3.12/site-packages/oslo_config/cfg.py:3560}}[00m
2026-09-15 18:28:12.194 3449763 DEBUG oslo_service.backend._eventlet.service [req-14e7fedf-0b2f-47fc-bf26-c59b6864214c - - - - - -] service_user.tls_ciphers       = None [00;33m{{(pid=3449763) log_opt_values /opt/stack/data/venv/lib/python3.12/site-packages/oslo_config/cfg.py:3560}}[00m
2026-09-15 18:28:12.194 3449763 DEBUG oslo_service.backend._eventlet.service [req-14e7fedf-0b2f-47fc-bf26-c59b6864214c - - - - - -] service_user.tls_min_version   = None [00;33m{{(pid=3449763) log_opt_values /opt/stack/data/venv/lib/python3.12/site-packages/oslo_config/cfg.py:3560}}[00m
2026-09-15 18:28:12.194 3449763 DEBUG oslo_service.backend._eventlet.service [req-14e7fedf-0b2f-47fc-bf26-c59b6864214c - - - - - -] glance.auth_section            = None [00;33m{{(pid=3449763) log_opt_values /opt/stack/data/venv/lib/python3.12/site-packages/oslo_config/cfg.py:3560}}[00m
2026-09-15 18:28:12.194 3449763 DEBUG oslo_service.backend._eventlet.service [req-14e7fedf-0b2f-47fc-bf26-c59b6864214c - - - - - -] glance.auth_type               = password [00;33m{{(pid=3449763) log_opt_values /opt/stack/data/venv/lib/python3.12/site-packages/oslo_config/cfg.py:3560}}[00m
2026-09-15 18:28:12.194 3449763 DEBUG oslo_service.backend._eventlet.service [req-14e7fedf-0b2f-47fc-bf26-c59b6864214c - - - - - -] glance.cafile                  = /opt/stack/data/ca-bundle.pem [00;33m{{(pid=3449763) log_opt_values /opt/stack/data/venv/lib/python3.12/site-packages/oslo_config/cfg.py:3560}}[00m
2026-09-15 18:28:12.195 3449763 DEBUG oslo_service.backend._eventlet.service [req-14e7fedf-0b2f-47fc-bf26-c59b6864214c - - - - - -] glance.certfile                = None [00;33m{{(pid=3449763) log_opt_values /opt/stack/data/venv/lib/python3.12/site-packages/oslo_config/cfg.py:3560}}[00m
2026-09-15 18:28:12.195 3449763 DEBUG oslo_service.backend._eventlet.service [req-14e7fedf-0b2f-47fc-bf26-c59b6864214c - - - - - -] glance.collect_timing          = False [00;33m{{(pid=3449763) log_opt_values /opt/stack/data/venv/lib/python3.12/site-packages/oslo_config/cfg.py:3560}}[00m
2026-09-15 18:28:12.195 3449763 DEBUG oslo_service.backend._eventlet.service [req-14e7fedf-0b2f-47fc-bf26-c59b6864214c - - - - - -] glance.insecure                = False [00;33m{{(pid=3449763) log_opt_values /opt/stack/data/venv/lib/python3.12/site-packages/oslo_config/cfg.py:3560}}[00m
2026-09-15 18:28:12.195 3449763 DEBUG oslo_service.backend._eventlet.service [req-14e7fedf-0b2f-47fc-bf26-c59b6864214c - - - - - -] glance.keyfile                 = None [00;33m{{(pid=3449763) log_opt_values /opt/stack/data/venv/lib/python3.12/site-packages/oslo_config/cfg.py:3560}}[00m
2026-09-15 18:28:12.195 3449763 DEBUG oslo_service.backend._eventlet.service [req-14e7fedf-0b2f-47fc-bf26-c59b6864214c - - - - - -] glance.region_name             = None [00;33m{{(pid=3449763) log_opt_values /opt/stack/data/venv/lib/python3.12/site-packages/oslo_config/cfg.py:3560}}[00m
2026-09-15 18:28:12.195 3449763 DEBUG oslo_service.backend._eventlet.service [req-14e7fedf-0b2f-47fc-bf26-c59b6864214c - - - - - -] glance.split_loggers           = False [00;33m{{(pid=3449763) log_opt_values /opt/stack/data/venv/lib/python3.12/site-packages/oslo_config/cfg.py:3560}}[00m
2026-09-15 18:28:12.195 3449763 DEBUG oslo_service.backend._eventlet.service [req-14e7fedf-0b2f-47fc-bf26-c59b6864214c - - - - - -] glance.timeout                 = None [00;33m{{(pid=3449763) log_opt_values /opt/stack/data/venv/lib/python3.12/site-packages/oslo_config/cfg.py:3560}}[00m
2026-09-15 18:28:12.195 3449763 DEBUG oslo_service.backend._eventlet.service [req-14e7fedf-0b2f-47fc-bf26-c59b6864214c - - - - - -] glance.tls_ciphers             = None [00;33m{{(pid=3449763) log_opt_values /opt/stack/data/venv/lib/python3.12/site-packages/oslo_config/cfg.py:3560}}[00m
2026-09-15 18:28:12.195 3449763 DEBUG oslo_service.backend._eventlet.service [req-14e7fedf-0b2f-47fc-bf26-c59b6864214c - - - - - -] glance.tls_min_version         = None [00;33m{{(pid=3449763) log_opt_values /opt/stack/data/venv/lib/python3.12/site-packages/oslo_config/cfg.py:3560}}[00m
2026-09-15 18:28:12.195 3449763 DEBUG oslo_service.backend._eventlet.service [req-14e7fedf-0b2f-47fc-bf26-c59b6864214c - - - - - -] backend_defaults.backend_availability_zone = None [00;33m{{(pid=3449763) log_opt_values /opt/stack/data/venv/lib/python3.12/site-packages/oslo_config/cfg.py:3560}}[00m
2026-09-15 18:28:12.195 3449763 DEBUG oslo_service.backend._eventlet.service [req-14e7fedf-0b2f-47fc-bf26-c59b6864214c - - - - - -] backend_defaults.backend_native_threads_pool_size = 20 [00;33m{{(pid=3449763) log_opt_values /opt/stack/data/venv/lib/python3.12/site-packages/oslo_config/cfg.py:3560}}[00m
2026-09-15 18:28:12.195 3449763 DEBUG oslo_service.backend._eventlet.service [req-14e7fedf-0b2f-47fc-bf26-c59b6864214c - - - - - -] backend_defaults.backup_use_temp_snapshot = False [00;33m{{(pid=3449763) log_opt_values /opt/stack/data/venv/lib/python3.12/site-packages/oslo_config/cfg.py:3560}}[00m
2026-09-15 18:28:12.195 3449763 DEBUG oslo_service.backend._eventlet.service [req-14e7fedf-0b2f-47fc-bf26-c59b6864214c - - - - - -] backend_defaults.chap_password = **** [00;33m{{(pid=3449763) log_opt_values /opt/stack/data/venv/lib/python3.12/site-packages/oslo_config/cfg.py:3560}}[00m
2026-09-15 18:28:12.196 3449763 DEBUG oslo_service.backend._eventlet.service [req-14e7fedf-0b2f-47fc-bf26-c59b6864214c - - - - - -] backend_defaults.chap_username =  [00;33m{{(pid=3449763) log_opt_values /opt/stack/data/venv/lib/python3.12/site-packages/oslo_config/cfg.py:3560}}[00m
2026-09-15 18:28:12.196 3449763 DEBUG oslo_service.backend._eventlet.service [req-14e7fedf-0b2f-47fc-bf26-c59b6864214c - - - - - -] backend_defaults.chiscsi_conf  = /etc/chelsio-iscsi/chiscsi.conf [00;33m{{(pid=3449763) log_opt_values /opt/stack/data/venv/lib/python3.12/site-packages/oslo_config/cfg.py:3560}}[00m
2026-09-15 18:28:12.196 3449763 DEBUG oslo_service.backend._eventlet.service [req-14e7fedf-0b2f-47fc-bf26-c59b6864214c - - - - - -] backend_defaults.disk_geometry = None [00;33m{{(pid=3449763) log_opt_values /opt/stack/data/venv/lib/python3.12/site-packages/oslo_config/cfg.py:3560}}[00m
2026-09-15 18:28:12.196 3449763 DEBUG oslo_service.backend._eventlet.service [req-14e7fedf-0b2f-47fc-bf26-c59b6864214c - - - - - -] backend_defaults.driver_client_cert = None [00;33m{{(pid=3449763) log_opt_values /opt/stack/data/venv/lib/python3.12/site-packages/oslo_config/cfg.py:3560}}[00m
2026-09-15 18:28:12.196 3449763 DEBUG oslo_service.backend._eventlet.service [req-14e7fedf-0b2f-47fc-bf26-c59b6864214c - - - - - -] backend_defaults.driver_client_cert_key = None [00;33m{{(pid=3449763) log_opt_values /opt/stack/data/venv/lib/python3.12/site-packages/oslo_config/cfg.py:3560}}[00m
2026-09-15 18:28:12.196 3449763 DEBUG oslo_service.backend._eventlet.service [req-14e7fedf-0b2f-47fc-bf26-c59b6864214c - - - - - -] backend_defaults.driver_data_namespace = None [00;33m{{(pid=3449763) log_opt_values /opt/stack/data/venv/lib/python3.12/site-packages/oslo_config/cfg.py:3560}}[00m
2026-09-15 18:28:12.196 3449763 DEBUG oslo_service.backend._eventlet.service [req-14e7fedf-0b2f-47fc-bf26-c59b6864214c - - - - - -] backend_defaults.driver_ssl_cert_path = None [00;33m{{(pid=3449763) log_opt_values /opt/stack/data/venv/lib/python3.12/site-packages/oslo_config/cfg.py:3560}}[00m
2026-09-15 18:28:12.196 3449763 DEBUG oslo_service.backend._eventlet.service [req-14e7fedf-0b2f-47fc-bf26-c59b6864214c - - - - - -] backend_defaults.driver_ssl_cert_verify = False [00;33m{{(pid=3449763) log_opt_values /opt/stack/data/venv/lib/python3.12/site-packages/oslo_config/cfg.py:3560}}[00m
2026-09-15 18:28:12.196 3449763 DEBUG oslo_service.backend._eventlet.service [req-14e7fedf-0b2f-47fc-bf26-c59b6864214c - - - - - -] backend_defaults.driver_use_ssl = False [00;33m{{(pid=3449763) log_opt_values /opt/stack/data/venv/lib/python3.12/site-packages/oslo_config/cfg.py:3560}}[00m
2026-09-15 18:28:12.196 3449763 DEBUG oslo_service.backend._eventlet.service [req-14e7fedf-0b2f-47fc-bf26-c59b6864214c - - - - - -] backend_defaults.enable_unsupported_driver = False [00;33m{{(pid=3449763) log_opt_values /opt/stack/data/venv/lib/python3.12/site-packages/oslo_config/cfg.py:3560}}[00m
2026-09-15 18:28:12.196 3449763 DEBUG oslo_service.backend._eventlet.service [req-14e7fedf-0b2f-47fc-bf26-c59b6864214c - - - - - -] backend_defaults.enforce_multipath_for_image_xfer = False [00;33m{{(pid=3449763) log_opt_values /opt/stack/data/venv/lib/python3.12/site-packages/oslo_config/cfg.py:3560}}[00m
2026-09-15 18:28:12.196 3449763 DEBUG oslo_service.backend._eventlet.service [req-14e7fedf-0b2f-47fc-bf26-c59b6864214c - - - - - -] backend_defaults.extra_capabilities = {} [00;33m{{(pid=3449763) log_opt_values /opt/stack/data/venv/lib/python3.12/site-packages/oslo_config/cfg.py:3560}}[00m
2026-09-15 18:28:12.196 3449763 DEBUG oslo_service.backend._eventlet.service [req-14e7fedf-0b2f-47fc-bf26-c59b6864214c - - - - - -] backend_defaults.filter_function = None [00;33m{{(pid=3449763) log_opt_values /opt/stack/data/venv/lib/python3.12/site-packages/oslo_config/cfg.py:3560}}[00m
2026-09-15 18:28:12.196 3449763 DEBUG oslo_service.backend._eventlet.service [req-14e7fedf-0b2f-47fc-bf26-c59b6864214c - - - - - -] backend_defaults.goodness_function = None [00;33m{{(pid=3449763) log_opt_values /opt/stack/data/venv/lib/python3.12/site-packages/oslo_config/cfg.py:3560}}[00m
2026-09-15 18:28:12.197 3449763 DEBUG oslo_service.backend._eventlet.service [req-14e7fedf-0b2f-47fc-bf26-c59b6864214c - - - - - -] backend_defaults.hitachi_async_copy_check_interval = 10 [00;33m{{(pid=3449763) log_opt_values /opt/stack/data/venv/lib/python3.12/site-packages/oslo_config/cfg.py:3560}}[00m
2026-09-15 18:28:12.197 3449763 DEBUG oslo_service.backend._eventlet.service [req-14e7fedf-0b2f-47fc-bf26-c59b6864214c - - - - - -] backend_defaults.hitachi_compute_target_ports = [] [00;33m{{(pid=3449763) log_opt_values /opt/stack/data/venv/lib/python3.12/site-packages/oslo_config/cfg.py:3560}}[00m
2026-09-15 18:28:12.197 3449763 DEBUG oslo_service.backend._eventlet.service [req-14e7fedf-0b2f-47fc-bf26-c59b6864214c - - - - - -] backend_defaults.hitachi_copy_check_interval = 3 [00;33m{{(pid=3449763) log_opt_values /opt/stack/data/venv/lib/python3.12/site-packages/oslo_config/cfg.py:3560}}[00m
2026-09-15 18:28:12.197 3449763 DEBUG oslo_service.backend._eventlet.service [req-14e7fedf-0b2f-47fc-bf26-c59b6864214c - - - - - -] backend_defaults.hitachi_copy_speed = 3 [00;33m{{(pid=3449763) log_opt_values /opt/stack/data/venv/lib/python3.12/site-packages/oslo_config/cfg.py:3560}}[00m
2026-09-15 18:28:12.197 3449763 DEBUG oslo_service.backend._eventlet.service [req-14e7fedf-0b2f-47fc-bf26-c59b6864214c - - - - - -] backend_defaults.hitachi_csv_delete_timeout = 600 [00;33m{{(pid=3449763) log_opt_values /opt/stack/data/venv/lib/python3.12/site-packages/oslo_config/cfg.py:3560}}[00m
2026-09-15 18:28:12.197 3449763 DEBUG oslo_service.backend._eventlet.service [req-14e7fedf-0b2f-47fc-bf26-c59b6864214c - - - - - -] backend_defaults.hitachi_discard_zero_page = True [00;33m{{(pid=3449763) log_opt_values /opt/stack/data/venv/lib/python3.12/site-packages/oslo_config/cfg.py:3560}}[00m
2026-09-15 18:28:12.197 3449763 DEBUG oslo_service.backend._eventlet.service [req-14e7fedf-0b2f-47fc-bf26-c59b6864214c - - - - - -] backend_defaults.hitachi_drs_default_csv = deduplication_compression [00;33m{{(pid=3449763) log_opt_values /opt/stack/data/venv/lib/python3.12/site-packages/oslo_config/cfg.py:3560}}[00m
2026-09-15 18:28:12.197 3449763 DEBUG oslo_service.backend._eventlet.service [req-14e7fedf-0b2f-47fc-bf26-c59b6864214c - - - - - -] backend_defaults.hitachi_exec_retry_interval = 5 [00;33m{{(pid=3449763) log_opt_values /opt/stack/data/venv/lib/python3.12/site-packages/oslo_config/cfg.py:3560}}[00m
2026-09-15 18:28:12.197 3449763 DEBUG oslo_service.backend._eventlet.service [req-14e7fedf-0b2f-47fc-bf26-c59b6864214c - - - - - -] backend_defaults.hitachi_extend_snapshot_volumes = False [00;33m{{(pid=3449763) log_opt_values /opt/stack/data/venv/lib/python3.12/site-packages/oslo_config/cfg.py:3560}}[00m
2026-09-15 18:28:12.197 3449763 DEBUG oslo_service.backend._eventlet.service [req-14e7fedf-0b2f-47fc-bf26-c59b6864214c - - - - - -] backend_defaults.hitachi_extend_timeout = 600 [00;33m{{(pid=3449763) log_opt_values /opt/stack/data/venv/lib/python3.12/site-packages/oslo_config/cfg.py:3560}}[00m
2026-09-15 18:28:12.197 3449763 DEBUG oslo_service.backend._eventlet.service [req-14e7fedf-0b2f-47fc-bf26-c59b6864214c - - - - - -] backend_defaults.hitachi_group_create = False [00;33m{{(pid=3449763) log_opt_values /opt/stack/data/venv/lib/python3.12/site-packages/oslo_config/cfg.py:3560}}[00m
2026-09-15 18:28:12.197 3449763 DEBUG oslo_service.backend._eventlet.service [req-14e7fedf-0b2f-47fc-bf26-c59b6864214c - - - - - -] backend_defaults.hitachi_group_delete = False [00;33m{{(pid=3449763) log_opt_values /opt/stack/data/venv/lib/python3.12/site-packages/oslo_config/cfg.py:3560}}[00m
2026-09-15 18:28:12.198 3449763 DEBUG oslo_service.backend._eventlet.service [req-14e7fedf-0b2f-47fc-bf26-c59b6864214c - - - - - -] backend_defaults.hitachi_group_name_format = None [00;33m{{(pid=3449763) log_opt_values /opt/stack/data/venv/lib/python3.12/site-packages/oslo_config/cfg.py:3560}}[00m
2026-09-15 18:28:12.198 3449763 DEBUG oslo_service.backend._eventlet.service [req-14e7fedf-0b2f-47fc-bf26-c59b6864214c - - - - - -] backend_defaults.hitachi_host_mode_options = [] [00;33m{{(pid=3449763) log_opt_values /opt/stack/data/venv/lib/python3.12/site-packages/oslo_config/cfg.py:3560}}[00m
2026-09-15 18:28:12.198 3449763 DEBUG oslo_service.backend._eventlet.service [req-14e7fedf-0b2f-47fc-bf26-c59b6864214c - - - - - -] backend_defaults.hitachi_ldev_range = None [00;33m{{(pid=3449763) log_opt_values /opt/stack/data/venv/lib/python3.12/site-packages/oslo_config/cfg.py:3560}}[00m
2026-09-15 18:28:12.198 3449763 DEBUG oslo_service.backend._eventlet.service [req-14e7fedf-0b2f-47fc-bf26-c59b6864214c - - - - - -] backend_defaults.hitachi_lock_timeout = 7200 [00;33m{{(pid=3449763) log_opt_values /opt/stack/data/venv/lib/python3.12/site-packages/oslo_config/cfg.py:3560}}[00m
2026-09-15 18:28:12.198 3449763 DEBUG oslo_service.backend._eventlet.service [req-14e7fedf-0b2f-47fc-bf26-c59b6864214c - - - - - -] backend_defaults.hitachi_lun_retry_interval = 1 [00;33m{{(pid=3449763) log_opt_values /opt/stack/data/venv/lib/python3.12/site-packages/oslo_config/cfg.py:3560}}[00m
2026-09-15 18:28:12.198 3449763 DEBUG oslo_service.backend._eventlet.service [req-14e7fedf-0b2f-47fc-bf26-c59b6864214c - - - - - -] backend_defaults.hitachi_lun_timeout = 50 [00;33m{{(pid=3449763) log_opt_values /opt/stack/data/venv/lib/python3.12/site-packages/oslo_config/cfg.py:3560}}[00m
2026-09-15 18:28:12.198 3449763 DEBUG oslo_service.backend._eventlet.service [req-14e7fedf-0b2f-47fc-bf26-c59b6864214c - - - - - -] backend_defaults.hitachi_manage_drs_volumes = True [00;33m{{(pid=3449763) log_opt_values /opt/stack/data/venv/lib/python3.12/site-packages/oslo_config/cfg.py:3560}}[00m
2026-09-15 18:28:12.198 3449763 DEBUG oslo_service.backend._eventlet.service [req-14e7fedf-0b2f-47fc-bf26-c59b6864214c - - - - - -] backend_defaults.hitachi_mirror_compute_target_ports = [] [00;33m{{(pid=3449763) log_opt_values /opt/stack/data/venv/lib/python3.12/site-packages/oslo_config/cfg.py:3560}}[00m
2026-09-15 18:28:12.198 3449763 DEBUG oslo_service.backend._eventlet.service [req-14e7fedf-0b2f-47fc-bf26-c59b6864214c - - - - - -] backend_defaults.hitachi_mirror_ldev_range = None [00;33m{{(pid=3449763) log_opt_values /opt/stack/data/venv/lib/python3.12/site-packages/oslo_config/cfg.py:3560}}[00m
2026-09-15 18:28:12.198 3449763 DEBUG oslo_service.backend._eventlet.service [req-14e7fedf-0b2f-47fc-bf26-c59b6864214c - - - - - -] backend_defaults.hitachi_mirror_pair_target_number = 0 [00;33m{{(pid=3449763) log_opt_values /opt/stack/data/venv/lib/python3.12/site-packages/oslo_config/cfg.py:3560}}[00m
2026-09-15 18:28:12.198 3449763 DEBUG oslo_service.backend._eventlet.service [req-14e7fedf-0b2f-47fc-bf26-c59b6864214c - - - - - -] backend_defaults.hitachi_mirror_pool = None [00;33m{{(pid=3449763) log_opt_values /opt/stack/data/venv/lib/python3.12/site-packages/oslo_config/cfg.py:3560}}[00m
2026-09-15 18:28:12.198 3449763 DEBUG oslo_service.backend._eventlet.service [req-14e7fedf-0b2f-47fc-bf26-c59b6864214c - - - - - -] backend_defaults.hitachi_mirror_snap_pool = None [00;33m{{(pid=3449763) log_opt_values /opt/stack/data/venv/lib/python3.12/site-packages/oslo_config/cfg.py:3560}}[00m
2026-09-15 18:28:12.198 3449763 DEBUG oslo_service.backend._eventlet.service [req-14e7fedf-0b2f-47fc-bf26-c59b6864214c - - - - - -] backend_defaults.hitachi_mirror_storage_id = None [00;33m{{(pid=3449763) log_opt_values /opt/stack/data/venv/lib/python3.12/site-packages/oslo_config/cfg.py:3560}}[00m
2026-09-15 18:28:12.199 3449763 DEBUG oslo_service.backend._eventlet.service [req-14e7fedf-0b2f-47fc-bf26-c59b6864214c - - - - - -] backend_defaults.hitachi_mirror_target_ports = [] [00;33m{{(pid=3449763) log_opt_values /opt/stack/data/venv/lib/python3.12/site-packages/oslo_config/cfg.py:3560}}[00m
2026-09-15 18:28:12.199 3449763 DEBUG oslo_service.backend._eventlet.service [req-14e7fedf-0b2f-47fc-bf26-c59b6864214c - - - - - -] backend_defaults.hitachi_pair_target_number = 0 [00;33m{{(pid=3449763) log_opt_values /opt/stack/data/venv/lib/python3.12/site-packages/oslo_config/cfg.py:3560}}[00m
2026-09-15 18:28:12.199 3449763 DEBUG oslo_service.backend._eventlet.service [req-14e7fedf-0b2f-47fc-bf26-c59b6864214c - - - - - -] backend_defaults.hitachi_pools = [] [00;33m{{(pid=3449763) log_opt_values /opt/stack/data/venv/lib/python3.12/site-packages/oslo_config/cfg.py:3560}}[00m
2026-09-15 18:28:12.199 3449763 DEBUG oslo_service.backend._eventlet.service [req-14e7fedf-0b2f-47fc-bf26-c59b6864214c - - - - - -] backend_defaults.hitachi_port_scheduler = False [00;33m{{(pid=3449763) log_opt_values /opt/stack/data/venv/lib/python3.12/site-packages/oslo_config/cfg.py:3560}}[00m
2026-09-15 18:28:12.199 3449763 DEBUG oslo_service.backend._eventlet.service [req-14e7fedf-0b2f-47fc-bf26-c59b6864214c - - - - - -] backend_defaults.hitachi_report_discard_support = False [00;33m{{(pid=3449763) log_opt_values /opt/stack/data/venv/lib/python3.12/site-packages/oslo_config/cfg.py:3560}}[00m
2026-09-15 18:28:12.199 3449763 DEBUG oslo_service.backend._eventlet.service [req-14e7fedf-0b2f-47fc-bf26-c59b6864214c - - - - - -] backend_defaults.hitachi_rest_another_ldev_mapped_retry_timeout = 600 [00;33m{{(pid=3449763) log_opt_values /opt/stack/data/venv/lib/python3.12/site-packages/oslo_config/cfg.py:3560}}[00m
2026-09-15 18:28:12.199 3449763 DEBUG oslo_service.backend._eventlet.service [req-14e7fedf-0b2f-47fc-bf26-c59b6864214c - - - - - -] backend_defaults.hitachi_rest_connect_timeout = 30 [00;33m{{(pid=3449763) log_opt_values /opt/stack/data/venv/lib/python3.12/site-packages/oslo_config/cfg.py:3560}}[00m
2026-09-15 18:28:12.199 3449763 DEBUG oslo_service.backend._eventlet.service [req-14e7fedf-0b2f-47fc-bf26-c59b6864214c - - - - - -] backend_defaults.hitachi_rest_disable_io_wait = True [00;33m{{(pid=3449763) log_opt_values /opt/stack/data/venv/lib/python3.12/site-packages/oslo_config/cfg.py:3560}}[00m
2026-09-15 18:28:12.199 3449763 DEBUG oslo_service.backend._eventlet.service [req-14e7fedf-0b2f-47fc-bf26-c59b6864214c - - - - - -] backend_defaults.hitachi_rest_get_api_response_timeout = 1800 [00;33m{{(pid=3449763) log_opt_values /opt/stack/data/venv/lib/python3.12/site-packages/oslo_config/cfg.py:3560}}[00m
2026-09-15 18:28:12.199 3449763 DEBUG oslo_service.backend._eventlet.service [req-14e7fedf-0b2f-47fc-bf26-c59b6864214c - - - - - -] backend_defaults.hitachi_rest_job_api_response_timeout = 1800 [00;33m{{(pid=3449763) log_opt_values /opt/stack/data/venv/lib/python3.12/site-packages/oslo_config/cfg.py:3560}}[00m
2026-09-15 18:28:12.199 3449763 DEBUG oslo_service.backend._eventlet.service [req-14e7fedf-0b2f-47fc-bf26-c59b6864214c - - - - - -] backend_defaults.hitachi_rest_keep_session_loop_interval = 180 [00;33m{{(pid=3449763) log_opt_values /opt/stack/data/venv/lib/python3.12/site-packages/oslo_config/cfg.py:3560}}[00m
2026-09-15 18:28:12.199 3449763 DEBUG oslo_service.backend._eventlet.service [req-14e7fedf-0b2f-47fc-bf26-c59b6864214c - - - - - -] backend_defaults.hitachi_rest_max_request_workers = 8 [00;33m{{(pid=3449763) log_opt_values /opt/stack/data/venv/lib/python3.12/site-packages/oslo_config/cfg.py:3560}}[00m
2026-09-15 18:28:12.199 3449763 DEBUG oslo_service.backend._eventlet.service [req-14e7fedf-0b2f-47fc-bf26-c59b6864214c - - - - - -] backend_defaults.hitachi_rest_pair_target_ports = [] [00;33m{{(pid=3449763) log_opt_values /opt/stack/data/venv/lib/python3.12/site-packages/oslo_config/cfg.py:3560}}[00m
2026-09-15 18:28:12.200 3449763 DEBUG oslo_service.backend._eventlet.service [req-14e7fedf-0b2f-47fc-bf26-c59b6864214c - - - - - -] backend_defaults.hitachi_rest_server_busy_timeout = 7200 [00;33m{{(pid=3449763) log_opt_values /opt/stack/data/venv/lib/python3.12/site-packages/oslo_config/cfg.py:3560}}[00m
2026-09-15 18:28:12.200 3449763 DEBUG oslo_service.backend._eventlet.service [req-14e7fedf-0b2f-47fc-bf26-c59b6864214c - - - - - -] backend_defaults.hitachi_rest_tcp_keepalive = True [00;33m{{(pid=3449763) log_opt_values /opt/stack/data/venv/lib/python3.12/site-packages/oslo_config/cfg.py:3560}}[00m
2026-09-15 18:28:12.200 3449763 DEBUG oslo_service.backend._eventlet.service [req-14e7fedf-0b2f-47fc-bf26-c59b6864214c - - - - - -] backend_defaults.hitachi_rest_tcp_keepcnt = 4 [00;33m{{(pid=3449763) log_opt_values /opt/stack/data/venv/lib/python3.12/site-packages/oslo_config/cfg.py:3560}}[00m
2026-09-15 18:28:12.200 3449763 DEBUG oslo_service.backend._eventlet.service [req-14e7fedf-0b2f-47fc-bf26-c59b6864214c - - - - - -] backend_defaults.hitachi_rest_tcp_keepidle = 60 [00;33m{{(pid=3449763) log_opt_values /opt/stack/data/venv/lib/python3.12/site-packages/oslo_config/cfg.py:3560}}[00m
2026-09-15 18:28:12.200 3449763 DEBUG oslo_service.backend._eventlet.service [req-14e7fedf-0b2f-47fc-bf26-c59b6864214c - - - - - -] backend_defaults.hitachi_rest_tcp_keepintvl = 15 [00;33m{{(pid=3449763) log_opt_values /opt/stack/data/venv/lib/python3.12/site-packages/oslo_config/cfg.py:3560}}[00m
2026-09-15 18:28:12.201 3449763 DEBUG oslo_service.backend._eventlet.service [req-14e7fedf-0b2f-47fc-bf26-c59b6864214c - - - - - -] backend_defaults.hitachi_rest_timeout = 30 [00;33m{{(pid=3449763) log_opt_values /opt/stack/data/venv/lib/python3.12/site-packages/oslo_config/cfg.py:3560}}[00m
2026-09-15 18:28:12.201 3449763 DEBUG oslo_service.backend._eventlet.service [req-14e7fedf-0b2f-47fc-bf26-c59b6864214c - - - - - -] backend_defaults.hitachi_rest_use_object_caching = True [00;33m{{(pid=3449763) log_opt_values /opt/stack/data/venv/lib/python3.12/site-packages/oslo_config/cfg.py:3560}}[00m
2026-09-15 18:28:12.201 3449763 DEBUG oslo_service.backend._eventlet.service [req-14e7fedf-0b2f-47fc-bf26-c59b6864214c - - - - - -] backend_defaults.hitachi_restore_timeout = 86400 [00;33m{{(pid=3449763) log_opt_values /opt/stack/data/venv/lib/python3.12/site-packages/oslo_config/cfg.py:3560}}[00m
2026-09-15 18:28:12.201 3449763 DEBUG oslo_service.backend._eventlet.service [req-14e7fedf-0b2f-47fc-bf26-c59b6864214c - - - - - -] backend_defaults.hitachi_snap_pool = None [00;33m{{(pid=3449763) log_opt_values /opt/stack/data/venv/lib/python3.12/site-packages/oslo_config/cfg.py:3560}}[00m
2026-09-15 18:28:12.201 3449763 DEBUG oslo_service.backend._eventlet.service [req-14e7fedf-0b2f-47fc-bf26-c59b6864214c - - - - - -] backend_defaults.hitachi_state_transition_timeout = 900 [00;33m{{(pid=3449763) log_opt_values /opt/stack/data/venv/lib/python3.12/site-packages/oslo_config/cfg.py:3560}}[00m
2026-09-15 18:28:12.201 3449763 DEBUG oslo_service.backend._eventlet.service [req-14e7fedf-0b2f-47fc-bf26-c59b6864214c - - - - - -] backend_defaults.hitachi_storage_id = None [00;33m{{(pid=3449763) log_opt_values /opt/stack/data/venv/lib/python3.12/site-packages/oslo_config/cfg.py:3560}}[00m
2026-09-15 18:28:12.201 3449763 DEBUG oslo_service.backend._eventlet.service [req-14e7fedf-0b2f-47fc-bf26-c59b6864214c - - - - - -] backend_defaults.hitachi_target_ports = [] [00;33m{{(pid=3449763) log_opt_values /opt/stack/data/venv/lib/python3.12/site-packages/oslo_config/cfg.py:3560}}[00m
2026-09-15 18:28:12.201 3449763 DEBUG oslo_service.backend._eventlet.service [req-14e7fedf-0b2f-47fc-bf26-c59b6864214c - - - - - -] backend_defaults.hitachi_use_drs_volumes = False [00;33m{{(pid=3449763) log_opt_values /opt/stack/data/venv/lib/python3.12/site-packages/oslo_config/cfg.py:3560}}[00m
2026-09-15 18:28:12.201 3449763 DEBUG oslo_service.backend._eventlet.service [req-14e7fedf-0b2f-47fc-bf26-c59b6864214c - - - - - -] backend_defaults.hitachi_vcp_delete_sleep_interval = 3 [00;33m{{(pid=3449763) log_opt_values /opt/stack/data/venv/lib/python3.12/site-packages/oslo_config/cfg.py:3560}}[00m
2026-09-15 18:28:12.201 3449763 DEBUG oslo_service.backend._eventlet.service [req-14e7fedf-0b2f-47fc-bf26-c59b6864214c - - - - - -] backend_defaults.hitachi_vcp_delete_timeout = 120 [00;33m{{(pid=3449763) log_opt_values /opt/stack/data/venv/lib/python3.12/site-packages/oslo_config/cfg.py:3560}}[00m
2026-09-15 18:28:12.201 3449763 DEBUG oslo_service.backend._eventlet.service [req-14e7fedf-0b2f-47fc-bf26-c59b6864214c - - - - - -] backend_defaults.image_upload_use_cinder_backend = False [00;33m{{(pid=3449763) log_opt_values /opt/stack/data/venv/lib/python3.12/site-packages/oslo_config/cfg.py:3560}}[00m
2026-09-15 18:28:12.201 3449763 DEBUG oslo_service.backend._eventlet.service [req-14e7fedf-0b2f-47fc-bf26-c59b6864214c - - - - - -] backend_defaults.image_upload_use_internal_tenant = False [00;33m{{(pid=3449763) log_opt_values /opt/stack/data/venv/lib/python3.12/site-packages/oslo_config/cfg.py:3560}}[00m
2026-09-15 18:28:12.201 3449763 DEBUG oslo_service.backend._eventlet.service [req-14e7fedf-0b2f-47fc-bf26-c59b6864214c - - - - - -] backend_defaults.image_volume_cache_enabled = False [00;33m{{(pid=3449763) log_opt_values /opt/stack/data/venv/lib/python3.12/site-packages/oslo_config/cfg.py:3560}}[00m
2026-09-15 18:28:12.202 3449763 DEBUG oslo_service.backend._eventlet.service [req-14e7fedf-0b2f-47fc-bf26-c59b6864214c - - - - - -] backend_defaults.image_volume_cache_max_count = 0 [00;33m{{(pid=3449763) log_opt_values /opt/stack/data/venv/lib/python3.12/site-packages/oslo_config/cfg.py:3560}}[00m
2026-09-15 18:28:12.202 3449763 DEBUG oslo_service.backend._eventlet.service [req-14e7fedf-0b2f-47fc-bf26-c59b6864214c - - - - - -] backend_defaults.image_volume_cache_max_size_gb = 0 [00;33m{{(pid=3449763) log_opt_values /opt/stack/data/venv/lib/python3.12/site-packages/oslo_config/cfg.py:3560}}[00m
2026-09-15 18:28:12.202 3449763 DEBUG oslo_service.backend._eventlet.service [req-14e7fedf-0b2f-47fc-bf26-c59b6864214c - - - - - -] backend_defaults.iscsi_target_flags =  [00;33m{{(pid=3449763) log_opt_values /opt/stack/data/venv/lib/python3.12/site-packages/oslo_config/cfg.py:3560}}[00m
2026-09-15 18:28:12.202 3449763 DEBUG oslo_service.backend._eventlet.service [req-14e7fedf-0b2f-47fc-bf26-c59b6864214c - - - - - -] backend_defaults.iscsi_write_cache = on [00;33m{{(pid=3449763) log_opt_values /opt/stack/data/venv/lib/python3.12/site-packages/oslo_config/cfg.py:3560}}[00m
2026-09-15 18:28:12.202 3449763 DEBUG oslo_service.backend._eventlet.service [req-14e7fedf-0b2f-47fc-bf26-c59b6864214c - - - - - -] backend_defaults.iser_helper   = tgtadm [00;33m{{(pid=3449763) log_opt_values /opt/stack/data/venv/lib/python3.12/site-packages/oslo_config/cfg.py:3560}}[00m
2026-09-15 18:28:12.202 3449763 DEBUG oslo_service.backend._eventlet.service [req-14e7fedf-0b2f-47fc-bf26-c59b6864214c - - - - - -] backend_defaults.iser_ip_address = 172.25.92.210 [00;33m{{(pid=3449763) log_opt_values /opt/stack/data/venv/lib/python3.12/site-packages/oslo_config/cfg.py:3560}}[00m
2026-09-15 18:28:12.202 3449763 DEBUG oslo_service.backend._eventlet.service [req-14e7fedf-0b2f-47fc-bf26-c59b6864214c - - - - - -] backend_defaults.iser_port     = 3260 [00;33m{{(pid=3449763) log_opt_values /opt/stack/data/venv/lib/python3.12/site-packages/oslo_config/cfg.py:3560}}[00m
2026-09-15 18:28:12.202 3449763 DEBUG oslo_service.backend._eventlet.service [req-14e7fedf-0b2f-47fc-bf26-c59b6864214c - - - - - -] backend_defaults.iser_target_prefix = iqn.2010-10.org.openstack: [00;33m{{(pid=3449763) log_opt_values /opt/stack/data/venv/lib/python3.12/site-packages/oslo_config/cfg.py:3560}}[00m
2026-09-15 18:28:12.202 3449763 DEBUG oslo_service.backend._eventlet.service [req-14e7fedf-0b2f-47fc-bf26-c59b6864214c - - - - - -] backend_defaults.max_over_subscription_ratio = 20.0 [00;33m{{(pid=3449763) log_opt_values /opt/stack/data/venv/lib/python3.12/site-packages/oslo_config/cfg.py:3560}}[00m
2026-09-15 18:28:12.202 3449763 DEBUG oslo_service.backend._eventlet.service [req-14e7fedf-0b2f-47fc-bf26-c59b6864214c - - - - - -] backend_defaults.num_iser_scan_tries = 3 [00;33m{{(pid=3449763) log_opt_values /opt/stack/data/venv/lib/python3.12/site-packages/oslo_config/cfg.py:3560}}[00m
2026-09-15 18:28:12.202 3449763 DEBUG oslo_service.backend._eventlet.service [req-14e7fedf-0b2f-47fc-bf26-c59b6864214c - - - - - -] backend_defaults.num_shell_tries = 3 [00;33m{{(pid=3449763) log_opt_values /opt/stack/data/venv/lib/python3.12/site-packages/oslo_config/cfg.py:3560}}[00m
2026-09-15 18:28:12.203 3449763 DEBUG oslo_service.backend._eventlet.service [req-14e7fedf-0b2f-47fc-bf26-c59b6864214c - - - - - -] backend_defaults.num_volume_device_scan_tries = 3 [00;33m{{(pid=3449763) log_opt_values /opt/stack/data/venv/lib/python3.12/site-packages/oslo_config/cfg.py:3560}}[00m
2026-09-15 18:28:12.203 3449763 DEBUG oslo_service.backend._eventlet.service [req-14e7fedf-0b2f-47fc-bf26-c59b6864214c - - - - - -] backend_defaults.nvmeof_conn_info_version = 1 [00;33m{{(pid=3449763) log_opt_values /opt/stack/data/venv/lib/python3.12/site-packages/oslo_config/cfg.py:3560}}[00m
2026-09-15 18:28:12.203 3449763 DEBUG oslo_service.backend._eventlet.service [req-14e7fedf-0b2f-47fc-bf26-c59b6864214c - - - - - -] backend_defaults.nvmet_ns_id   = 10 [00;33m{{(pid=3449763) log_opt_values /opt/stack/data/venv/lib/python3.12/site-packages/oslo_config/cfg.py:3560}}[00m
2026-09-15 18:28:12.203 3449763 DEBUG oslo_service.backend._eventlet.service [req-14e7fedf-0b2f-47fc-bf26-c59b6864214c - - - - - -] backend_defaults.nvmet_port_id = 1 [00;33m{{(pid=3449763) log_opt_values /opt/stack/data/venv/lib/python3.12/site-packages/oslo_config/cfg.py:3560}}[00m
2026-09-15 18:28:12.203 3449763 DEBUG oslo_service.backend._eventlet.service [req-14e7fedf-0b2f-47fc-bf26-c59b6864214c - - - - - -] backend_defaults.replication_device = **** [00;33m{{(pid=3449763) log_opt_values /opt/stack/data/venv/lib/python3.12/site-packages/oslo_config/cfg.py:3560}}[00m
2026-09-15 18:28:12.203 3449763 DEBUG oslo_service.backend._eventlet.service [req-14e7fedf-0b2f-47fc-bf26-c59b6864214c - - - - - -] backend_defaults.report_discard_supported = False [00;33m{{(pid=3449763) log_opt_values /opt/stack/data/venv/lib/python3.12/site-packages/oslo_config/cfg.py:3560}}[00m
2026-09-15 18:28:12.203 3449763 DEBUG oslo_service.backend._eventlet.service [req-14e7fedf-0b2f-47fc-bf26-c59b6864214c - - - - - -] backend_defaults.reserved_percentage = 0 [00;33m{{(pid=3449763) log_opt_values /opt/stack/data/venv/lib/python3.12/site-packages/oslo_config/cfg.py:3560}}[00m
2026-09-15 18:28:12.203 3449763 DEBUG oslo_service.backend._eventlet.service [req-14e7fedf-0b2f-47fc-bf26-c59b6864214c - - - - - -] backend_defaults.san_api_port  = None [00;33m{{(pid=3449763) log_opt_values /opt/stack/data/venv/lib/python3.12/site-packages/oslo_config/cfg.py:3560}}[00m
2026-09-15 18:28:12.203 3449763 DEBUG oslo_service.backend._eventlet.service [req-14e7fedf-0b2f-47fc-bf26-c59b6864214c - - - - - -] backend_defaults.san_clustername =  [00;33m{{(pid=3449763) log_opt_values /opt/stack/data/venv/lib/python3.12/site-packages/oslo_config/cfg.py:3560}}[00m
2026-09-15 18:28:12.203 3449763 DEBUG oslo_service.backend._eventlet.service [req-14e7fedf-0b2f-47fc-bf26-c59b6864214c - - - - - -] backend_defaults.san_ip        =  [00;33m{{(pid=3449763) log_opt_values /opt/stack/data/venv/lib/python3.12/site-packages/oslo_config/cfg.py:3560}}[00m
2026-09-15 18:28:12.203 3449763 DEBUG oslo_service.backend._eventlet.service [req-14e7fedf-0b2f-47fc-bf26-c59b6864214c - - - - - -] backend_defaults.san_is_local  = False [00;33m{{(pid=3449763) log_opt_values /opt/stack/data/venv/lib/python3.12/site-packages/oslo_config/cfg.py:3560}}[00m
2026-09-15 18:28:12.203 3449763 DEBUG oslo_service.backend._eventlet.service [req-14e7fedf-0b2f-47fc-bf26-c59b6864214c - - - - - -] backend_defaults.san_login     = admin [00;33m{{(pid=3449763) log_opt_values /opt/stack/data/venv/lib/python3.12/site-packages/oslo_config/cfg.py:3560}}[00m
2026-09-15 18:28:12.203 3449763 DEBUG oslo_service.backend._eventlet.service [req-14e7fedf-0b2f-47fc-bf26-c59b6864214c - - - - - -] backend_defaults.san_password  = **** [00;33m{{(pid=3449763) log_opt_values /opt/stack/data/venv/lib/python3.12/site-packages/oslo_config/cfg.py:3560}}[00m
2026-09-15 18:28:12.204 3449763 DEBUG oslo_service.backend._eventlet.service [req-14e7fedf-0b2f-47fc-bf26-c59b6864214c - - - - - -] backend_defaults.san_private_key =  [00;33m{{(pid=3449763) log_opt_values /opt/stack/data/venv/lib/python3.12/site-packages/oslo_config/cfg.py:3560}}[00m
2026-09-15 18:28:12.204 3449763 DEBUG oslo_service.backend._eventlet.service [req-14e7fedf-0b2f-47fc-bf26-c59b6864214c - - - - - -] backend_defaults.san_ssh_port  = 22 [00;33m{{(pid=3449763) log_opt_values /opt/stack/data/venv/lib/python3.12/site-packages/oslo_config/cfg.py:3560}}[00m
2026-09-15 18:28:12.204 3449763 DEBUG oslo_service.backend._eventlet.service [req-14e7fedf-0b2f-47fc-bf26-c59b6864214c - - - - - -] backend_defaults.san_thin_provision = True [00;33m{{(pid=3449763) log_opt_values /opt/stack/data/venv/lib/python3.12/site-packages/oslo_config/cfg.py:3560}}[00m
2026-09-15 18:28:12.204 3449763 DEBUG oslo_service.backend._eventlet.service [req-14e7fedf-0b2f-47fc-bf26-c59b6864214c - - - - - -] backend_defaults.scst_target_driver = iscsi [00;33m{{(pid=3449763) log_opt_values /opt/stack/data/venv/lib/python3.12/site-packages/oslo_config/cfg.py:3560}}[00m
2026-09-15 18:28:12.204 3449763 DEBUG oslo_service.backend._eventlet.service [req-14e7fedf-0b2f-47fc-bf26-c59b6864214c - - - - - -] backend_defaults.scst_target_iqn_name = None [00;33m{{(pid=3449763) log_opt_values /opt/stack/data/venv/lib/python3.12/site-packages/oslo_config/cfg.py:3560}}[00m
2026-09-15 18:28:12.204 3449763 DEBUG oslo_service.backend._eventlet.service [req-14e7fedf-0b2f-47fc-bf26-c59b6864214c - - - - - -] backend_defaults.ssh_conn_timeout = 30 [00;33m{{(pid=3449763) log_opt_values /opt/stack/data/venv/lib/python3.12/site-packages/oslo_config/cfg.py:3560}}[00m
2026-09-15 18:28:12.204 3449763 DEBUG oslo_service.backend._eventlet.service [req-14e7fedf-0b2f-47fc-bf26-c59b6864214c - - - - - -] backend_defaults.ssh_max_pool_conn = 5 [00;33m{{(pid=3449763) log_opt_values /opt/stack/data/venv/lib/python3.12/site-packages/oslo_config/cfg.py:3560}}[00m
2026-09-15 18:28:12.204 3449763 DEBUG oslo_service.backend._eventlet.service [req-14e7fedf-0b2f-47fc-bf26-c59b6864214c - - - - - -] backend_defaults.ssh_min_pool_conn = 1 [00;33m{{(pid=3449763) log_opt_values /opt/stack/data/venv/lib/python3.12/site-packages/oslo_config/cfg.py:3560}}[00m
2026-09-15 18:28:12.204 3449763 DEBUG oslo_service.backend._eventlet.service [req-14e7fedf-0b2f-47fc-bf26-c59b6864214c - - - - - -] backend_defaults.storage_protocol = iSCSI [00;33m{{(pid=3449763) log_opt_values /opt/stack/data/venv/lib/python3.12/site-packages/oslo_config/cfg.py:3560}}[00m
2026-09-15 18:28:12.204 3449763 DEBUG oslo_service.backend._eventlet.service [req-14e7fedf-0b2f-47fc-bf26-c59b6864214c - - - - - -] backend_defaults.suppress_requests_ssl_warnings = False [00;33m{{(pid=3449763) log_opt_values /opt/stack/data/venv/lib/python3.12/site-packages/oslo_config/cfg.py:3560}}[00m
2026-09-15 18:28:12.204 3449763 DEBUG oslo_service.backend._eventlet.service [req-14e7fedf-0b2f-47fc-bf26-c59b6864214c - - - - - -] backend_defaults.target_helper = tgtadm [00;33m{{(pid=3449763) log_opt_values /opt/stack/data/venv/lib/python3.12/site-packages/oslo_config/cfg.py:3560}}[00m
2026-09-15 18:28:12.204 3449763 DEBUG oslo_service.backend._eventlet.service [req-14e7fedf-0b2f-47fc-bf26-c59b6864214c - - - - - -] backend_defaults.target_ip_address = 172.25.92.210 [00;33m{{(pid=3449763) log_opt_values /opt/stack/data/venv/lib/python3.12/site-packages/oslo_config/cfg.py:3560}}[00m
2026-09-15 18:28:12.205 3449763 DEBUG oslo_service.backend._eventlet.service [req-14e7fedf-0b2f-47fc-bf26-c59b6864214c - - - - - -] backend_defaults.target_port   = 3260 [00;33m{{(pid=3449763) log_opt_values /opt/stack/data/venv/lib/python3.12/site-packages/oslo_config/cfg.py:3560}}[00m
2026-09-15 18:28:12.205 3449763 DEBUG oslo_service.backend._eventlet.service [req-14e7fedf-0b2f-47fc-bf26-c59b6864214c - - - - - -] backend_defaults.target_prefix = iqn.2010-10.org.openstack: [00;33m{{(pid=3449763) log_opt_values /opt/stack/data/venv/lib/python3.12/site-packages/oslo_config/cfg.py:3560}}[00m
2026-09-15 18:28:12.205 3449763 DEBUG oslo_service.backend._eventlet.service [req-14e7fedf-0b2f-47fc-bf26-c59b6864214c - - - - - -] backend_defaults.target_protocol = iscsi [00;33m{{(pid=3449763) log_opt_values /opt/stack/data/venv/lib/python3.12/site-packages/oslo_config/cfg.py:3560}}[00m
2026-09-15 18:28:12.205 3449763 DEBUG oslo_service.backend._eventlet.service [req-14e7fedf-0b2f-47fc-bf26-c59b6864214c - - - - - -] backend_defaults.target_secondary_ip_addresses = [] [00;33m{{(pid=3449763) log_opt_values /opt/stack/data/venv/lib/python3.12/site-packages/oslo_config/cfg.py:3560}}[00m
2026-09-15 18:28:12.205 3449763 DEBUG oslo_service.backend._eventlet.service [req-14e7fedf-0b2f-47fc-bf26-c59b6864214c - - - - - -] backend_defaults.trace_flags   = None [00;33m{{(pid=3449763) log_opt_values /opt/stack/data/venv/lib/python3.12/site-packages/oslo_config/cfg.py:3560}}[00m
2026-09-15 18:28:12.205 3449763 DEBUG oslo_service.backend._eventlet.service [req-14e7fedf-0b2f-47fc-bf26-c59b6864214c - - - - - -] backend_defaults.unique_fqdn_network = True [00;33m{{(pid=3449763) log_opt_values /opt/stack/data/venv/lib/python3.12/site-packages/oslo_config/cfg.py:3560}}[00m
2026-09-15 18:28:12.205 3449763 DEBUG oslo_service.backend._eventlet.service [req-14e7fedf-0b2f-47fc-bf26-c59b6864214c - - - - - -] backend_defaults.use_chap_auth = False [00;33m{{(pid=3449763) log_opt_values /opt/stack/data/venv/lib/python3.12/site-packages/oslo_config/cfg.py:3560}}[00m
2026-09-15 18:28:12.205 3449763 DEBUG oslo_service.backend._eventlet.service [req-14e7fedf-0b2f-47fc-bf26-c59b6864214c - - - - - -] backend_defaults.use_multipath_for_image_xfer = False [00;33m{{(pid=3449763) log_opt_values /opt/stack/data/venv/lib/python3.12/site-packages/oslo_config/cfg.py:3560}}[00m
2026-09-15 18:28:12.205 3449763 DEBUG oslo_service.backend._eventlet.service [req-14e7fedf-0b2f-47fc-bf26-c59b6864214c - - - - - -] backend_defaults.volume_backend_name = None [00;33m{{(pid=3449763) log_opt_values /opt/stack/data/venv/lib/python3.12/site-packages/oslo_config/cfg.py:3560}}[00m
2026-09-15 18:28:12.205 3449763 DEBUG oslo_service.backend._eventlet.service [req-14e7fedf-0b2f-47fc-bf26-c59b6864214c - - - - - -] backend_defaults.volume_clear  = zero [00;33m{{(pid=3449763) log_opt_values /opt/stack/data/venv/lib/python3.12/site-packages/oslo_config/cfg.py:3560}}[00m
2026-09-15 18:28:12.205 3449763 DEBUG oslo_service.backend._eventlet.service [req-14e7fedf-0b2f-47fc-bf26-c59b6864214c - - - - - -] backend_defaults.volume_clear_ionice = None [00;33m{{(pid=3449763) log_opt_values /opt/stack/data/venv/lib/python3.12/site-packages/oslo_config/cfg.py:3560}}[00m
2026-09-15 18:28:12.205 3449763 DEBUG oslo_service.backend._eventlet.service [req-14e7fedf-0b2f-47fc-bf26-c59b6864214c - - - - - -] backend_defaults.volume_clear_size = 0 [00;33m{{(pid=3449763) log_opt_values /opt/stack/data/venv/lib/python3.12/site-packages/oslo_config/cfg.py:3560}}[00m
2026-09-15 18:28:12.205 3449763 DEBUG oslo_service.backend._eventlet.service [req-14e7fedf-0b2f-47fc-bf26-c59b6864214c - - - - - -] backend_defaults.volume_copy_blkio_cgroup_name = cinder-volume-copy [00;33m{{(pid=3449763) log_opt_values /opt/stack/data/venv/lib/python3.12/site-packages/oslo_config/cfg.py:3560}}[00m
2026-09-15 18:28:12.206 3449763 DEBUG oslo_service.backend._eventlet.service [req-14e7fedf-0b2f-47fc-bf26-c59b6864214c - - - - - -] backend_defaults.volume_copy_bps_limit = 0 [00;33m{{(pid=3449763) log_opt_values /opt/stack/data/venv/lib/python3.12/site-packages/oslo_config/cfg.py:3560}}[00m
2026-09-15 18:28:12.206 3449763 DEBUG oslo_service.backend._eventlet.service [req-14e7fedf-0b2f-47fc-bf26-c59b6864214c - - - - - -] backend_defaults.volume_dd_blocksize = 1M [00;33m{{(pid=3449763) log_opt_values /opt/stack/data/venv/lib/python3.12/site-packages/oslo_config/cfg.py:3560}}[00m
2026-09-15 18:28:12.206 3449763 DEBUG oslo_service.backend._eventlet.service [req-14e7fedf-0b2f-47fc-bf26-c59b6864214c - - - - - -] backend_defaults.volume_driver = cinder.volume.drivers.lvm.LVMVolumeDriver [00;33m{{(pid=3449763) log_opt_values /opt/stack/data/venv/lib/python3.12/site-packages/oslo_config/cfg.py:3560}}[00m
2026-09-15 18:28:12.206 3449763 DEBUG oslo_service.backend._eventlet.service [req-14e7fedf-0b2f-47fc-bf26-c59b6864214c - - - - - -] backend_defaults.volumes_dir   = /opt/stack/data/cinder/volumes [00;33m{{(pid=3449763) log_opt_values /opt/stack/data/venv/lib/python3.12/site-packages/oslo_config/cfg.py:3560}}[00m
2026-09-15 18:28:12.206 3449763 DEBUG oslo_service.backend._eventlet.service [req-14e7fedf-0b2f-47fc-bf26-c59b6864214c - - - - - -] oslo_reports.file_event_handler = None [00;33m{{(pid=3449763) log_opt_values /opt/stack/data/venv/lib/python3.12/site-packages/oslo_config/cfg.py:3560}}[00m
2026-09-15 18:28:12.206 3449763 DEBUG oslo_service.backend._eventlet.service [req-14e7fedf-0b2f-47fc-bf26-c59b6864214c - - - - - -] oslo_reports.file_event_handler_interval = 1 [00;33m{{(pid=3449763) log_opt_values /opt/stack/data/venv/lib/python3.12/site-packages/oslo_config/cfg.py:3560}}[00m
2026-09-15 18:28:12.206 3449763 DEBUG oslo_service.backend._eventlet.service [req-14e7fedf-0b2f-47fc-bf26-c59b6864214c - - - - - -] oslo_reports.log_dir           = None [00;33m{{(pid=3449763) log_opt_values /opt/stack/data/venv/lib/python3.12/site-packages/oslo_config/cfg.py:3560}}[00m
2026-09-15 18:28:12.206 3449763 DEBUG oslo_service.backend._eventlet.service [req-14e7fedf-0b2f-47fc-bf26-c59b6864214c - - - - - -] hitachi.backend_availability_zone = None [00;33m{{(pid=3449763) log_opt_values /opt/stack/data/venv/lib/python3.12/site-packages/oslo_config/cfg.py:3560}}[00m
2026-09-15 18:28:12.206 3449763 DEBUG oslo_service.backend._eventlet.service [req-14e7fedf-0b2f-47fc-bf26-c59b6864214c - - - - - -] hitachi.backend_host           = None [00;33m{{(pid=3449763) log_opt_values /opt/stack/data/venv/lib/python3.12/site-packages/oslo_config/cfg.py:3560}}[00m
2026-09-15 18:28:12.206 3449763 DEBUG oslo_service.backend._eventlet.service [req-14e7fedf-0b2f-47fc-bf26-c59b6864214c - - - - - -] hitachi.backend_native_threads_pool_size = None [00;33m{{(pid=3449763) log_opt_values /opt/stack/data/venv/lib/python3.12/site-packages/oslo_config/cfg.py:3560}}[00m
2026-09-15 18:28:12.206 3449763 DEBUG oslo_service.backend._eventlet.service [req-14e7fedf-0b2f-47fc-bf26-c59b6864214c - - - - - -] hitachi.backup_use_temp_snapshot = None [00;33m{{(pid=3449763) log_opt_values /opt/stack/data/venv/lib/python3.12/site-packages/oslo_config/cfg.py:3560}}[00m
2026-09-15 18:28:12.206 3449763 DEBUG oslo_service.backend._eventlet.service [req-14e7fedf-0b2f-47fc-bf26-c59b6864214c - - - - - -] hitachi.chap_password          = **** [00;33m{{(pid=3449763) log_opt_values /opt/stack/data/venv/lib/python3.12/site-packages/oslo_config/cfg.py:3560}}[00m
2026-09-15 18:28:12.207 3449763 DEBUG oslo_service.backend._eventlet.service [req-14e7fedf-0b2f-47fc-bf26-c59b6864214c - - - - - -] hitachi.chap_username          = None [00;33m{{(pid=3449763) log_opt_values /opt/stack/data/venv/lib/python3.12/site-packages/oslo_config/cfg.py:3560}}[00m
2026-09-15 18:28:12.207 3449763 DEBUG oslo_service.backend._eventlet.service [req-14e7fedf-0b2f-47fc-bf26-c59b6864214c - - - - - -] hitachi.chiscsi_conf           = None [00;33m{{(pid=3449763) log_opt_values /opt/stack/data/venv/lib/python3.12/site-packages/oslo_config/cfg.py:3560}}[00m
2026-09-15 18:28:12.207 3449763 DEBUG oslo_service.backend._eventlet.service [req-14e7fedf-0b2f-47fc-bf26-c59b6864214c - - - - - -] hitachi.disk_geometry          = None [00;33m{{(pid=3449763) log_opt_values /opt/stack/data/venv/lib/python3.12/site-packages/oslo_config/cfg.py:3560}}[00m
2026-09-15 18:28:12.207 3449763 DEBUG oslo_service.backend._eventlet.service [req-14e7fedf-0b2f-47fc-bf26-c59b6864214c - - - - - -] hitachi.driver_client_cert     = None [00;33m{{(pid=3449763) log_opt_values /opt/stack/data/venv/lib/python3.12/site-packages/oslo_config/cfg.py:3560}}[00m
2026-09-15 18:28:12.207 3449763 DEBUG oslo_service.backend._eventlet.service [req-14e7fedf-0b2f-47fc-bf26-c59b6864214c - - - - - -] hitachi.driver_client_cert_key = None [00;33m{{(pid=3449763) log_opt_values /opt/stack/data/venv/lib/python3.12/site-packages/oslo_config/cfg.py:3560}}[00m
2026-09-15 18:28:12.207 3449763 DEBUG oslo_service.backend._eventlet.service [req-14e7fedf-0b2f-47fc-bf26-c59b6864214c - - - - - -] hitachi.driver_data_namespace  = None [00;33m{{(pid=3449763) log_opt_values /opt/stack/data/venv/lib/python3.12/site-packages/oslo_config/cfg.py:3560}}[00m
2026-09-15 18:28:12.207 3449763 DEBUG oslo_service.backend._eventlet.service [req-14e7fedf-0b2f-47fc-bf26-c59b6864214c - - - - - -] hitachi.driver_ssl_cert_path   = None [00;33m{{(pid=3449763) log_opt_values /opt/stack/data/venv/lib/python3.12/site-packages/oslo_config/cfg.py:3560}}[00m
2026-09-15 18:28:12.207 3449763 DEBUG oslo_service.backend._eventlet.service [req-14e7fedf-0b2f-47fc-bf26-c59b6864214c - - - - - -] hitachi.driver_ssl_cert_verify = None [00;33m{{(pid=3449763) log_opt_values /opt/stack/data/venv/lib/python3.12/site-packages/oslo_config/cfg.py:3560}}[00m
2026-09-15 18:28:12.207 3449763 DEBUG oslo_service.backend._eventlet.service [req-14e7fedf-0b2f-47fc-bf26-c59b6864214c - - - - - -] hitachi.driver_use_ssl         = None [00;33m{{(pid=3449763) log_opt_values /opt/stack/data/venv/lib/python3.12/site-packages/oslo_config/cfg.py:3560}}[00m
2026-09-15 18:28:12.207 3449763 DEBUG oslo_service.backend._eventlet.service [req-14e7fedf-0b2f-47fc-bf26-c59b6864214c - - - - - -] hitachi.enable_unsupported_driver = None [00;33m{{(pid=3449763) log_opt_values /opt/stack/data/venv/lib/python3.12/site-packages/oslo_config/cfg.py:3560}}[00m
2026-09-15 18:28:12.207 3449763 DEBUG oslo_service.backend._eventlet.service [req-14e7fedf-0b2f-47fc-bf26-c59b6864214c - - - - - -] hitachi.enforce_multipath_for_image_xfer = False [00;33m{{(pid=3449763) log_opt_values /opt/stack/data/venv/lib/python3.12/site-packages/oslo_config/cfg.py:3560}}[00m
2026-09-15 18:28:12.207 3449763 DEBUG oslo_service.backend._eventlet.service [req-14e7fedf-0b2f-47fc-bf26-c59b6864214c - - - - - -] hitachi.extra_capabilities     = None [00;33m{{(pid=3449763) log_opt_values /opt/stack/data/venv/lib/python3.12/site-packages/oslo_config/cfg.py:3560}}[00m
2026-09-15 18:28:12.207 3449763 DEBUG oslo_service.backend._eventlet.service [req-14e7fedf-0b2f-47fc-bf26-c59b6864214c - - - - - -] hitachi.filter_function        = None [00;33m{{(pid=3449763) log_opt_values /opt/stack/data/venv/lib/python3.12/site-packages/oslo_config/cfg.py:3560}}[00m
2026-09-15 18:28:12.207 3449763 DEBUG oslo_service.backend._eventlet.service [req-14e7fedf-0b2f-47fc-bf26-c59b6864214c - - - - - -] hitachi.goodness_function      = None [00;33m{{(pid=3449763) log_opt_values /opt/stack/data/venv/lib/python3.12/site-packages/oslo_config/cfg.py:3560}}[00m
2026-09-15 18:28:12.208 3449763 DEBUG oslo_service.backend._eventlet.service [req-14e7fedf-0b2f-47fc-bf26-c59b6864214c - - - - - -] hitachi.hitachi_async_copy_check_interval = None [00;33m{{(pid=3449763) log_opt_values /opt/stack/data/venv/lib/python3.12/site-packages/oslo_config/cfg.py:3560}}[00m
2026-09-15 18:28:12.208 3449763 DEBUG oslo_service.backend._eventlet.service [req-14e7fedf-0b2f-47fc-bf26-c59b6864214c - - - - - -] hitachi.hitachi_compute_target_ports = None [00;33m{{(pid=3449763) log_opt_values /opt/stack/data/venv/lib/python3.12/site-packages/oslo_config/cfg.py:3560}}[00m
2026-09-15 18:28:12.208 3449763 DEBUG oslo_service.backend._eventlet.service [req-14e7fedf-0b2f-47fc-bf26-c59b6864214c - - - - - -] hitachi.hitachi_copy_check_interval = None [00;33m{{(pid=3449763) log_opt_values /opt/stack/data/venv/lib/python3.12/site-packages/oslo_config/cfg.py:3560}}[00m
2026-09-15 18:28:12.208 3449763 DEBUG oslo_service.backend._eventlet.service [req-14e7fedf-0b2f-47fc-bf26-c59b6864214c - - - - - -] hitachi.hitachi_copy_speed     = 15 [00;33m{{(pid=3449763) log_opt_values /opt/stack/data/venv/lib/python3.12/site-packages/oslo_config/cfg.py:3560}}[00m
2026-09-15 18:28:12.208 3449763 DEBUG oslo_service.backend._eventlet.service [req-14e7fedf-0b2f-47fc-bf26-c59b6864214c - - - - - -] hitachi.hitachi_csv_delete_timeout = None [00;33m{{(pid=3449763) log_opt_values /opt/stack/data/venv/lib/python3.12/site-packages/oslo_config/cfg.py:3560}}[00m
2026-09-15 18:28:12.208 3449763 DEBUG oslo_service.backend._eventlet.service [req-14e7fedf-0b2f-47fc-bf26-c59b6864214c - - - - - -] hitachi.hitachi_discard_zero_page = None [00;33m{{(pid=3449763) log_opt_values /opt/stack/data/venv/lib/python3.12/site-packages/oslo_config/cfg.py:3560}}[00m
2026-09-15 18:28:12.208 3449763 DEBUG oslo_service.backend._eventlet.service [req-14e7fedf-0b2f-47fc-bf26-c59b6864214c - - - - - -] hitachi.hitachi_drs_default_csv = None [00;33m{{(pid=3449763) log_opt_values /opt/stack/data/venv/lib/python3.12/site-packages/oslo_config/cfg.py:3560}}[00m
2026-09-15 18:28:12.208 3449763 DEBUG oslo_service.backend._eventlet.service [req-14e7fedf-0b2f-47fc-bf26-c59b6864214c - - - - - -] hitachi.hitachi_exec_retry_interval = None [00;33m{{(pid=3449763) log_opt_values /opt/stack/data/venv/lib/python3.12/site-packages/oslo_config/cfg.py:3560}}[00m
2026-09-15 18:28:12.208 3449763 DEBUG oslo_service.backend._eventlet.service [req-14e7fedf-0b2f-47fc-bf26-c59b6864214c - - - - - -] hitachi.hitachi_extend_snapshot_volumes = True [00;33m{{(pid=3449763) log_opt_values /opt/stack/data/venv/lib/python3.12/site-packages/oslo_config/cfg.py:3560}}[00m
2026-09-15 18:28:12.208 3449763 DEBUG oslo_service.backend._eventlet.service [req-14e7fedf-0b2f-47fc-bf26-c59b6864214c - - - - - -] hitachi.hitachi_extend_timeout = None [00;33m{{(pid=3449763) log_opt_values /opt/stack/data/venv/lib/python3.12/site-packages/oslo_config/cfg.py:3560}}[00m
2026-09-15 18:28:12.208 3449763 DEBUG oslo_service.backend._eventlet.service [req-14e7fedf-0b2f-47fc-bf26-c59b6864214c - - - - - -] hitachi.hitachi_group_create   = True [00;33m{{(pid=3449763) log_opt_values /opt/stack/data/venv/lib/python3.12/site-packages/oslo_config/cfg.py:3560}}[00m
2026-09-15 18:28:12.209 3449763 DEBUG oslo_service.backend._eventlet.service [req-14e7fedf-0b2f-47fc-bf26-c59b6864214c - - - - - -] hitachi.hitachi_group_delete   = None [00;33m{{(pid=3449763) log_opt_values /opt/stack/data/venv/lib/python3.12/site-packages/oslo_config/cfg.py:3560}}[00m
2026-09-15 18:28:12.209 3449763 DEBUG oslo_service.backend._eventlet.service [req-14e7fedf-0b2f-47fc-bf26-c59b6864214c - - - - - -] hitachi.hitachi_group_name_format = None [00;33m{{(pid=3449763) log_opt_values /opt/stack/data/venv/lib/python3.12/site-packages/oslo_config/cfg.py:3560}}[00m
2026-09-15 18:28:12.209 3449763 DEBUG oslo_service.backend._eventlet.service [req-14e7fedf-0b2f-47fc-bf26-c59b6864214c - - - - - -] hitachi.hitachi_host_mode_options = [91, 68, 88, 122, 131, 7, 54, 63] [00;33m{{(pid=3449763) log_opt_values /opt/stack/data/venv/lib/python3.12/site-packages/oslo_config/cfg.py:3560}}[00m
2026-09-15 18:28:12.209 3449763 DEBUG oslo_service.backend._eventlet.service [req-14e7fedf-0b2f-47fc-bf26-c59b6864214c - - - - - -] hitachi.hitachi_ldev_range     = 22000-29399 [00;33m{{(pid=3449763) log_opt_values /opt/stack/data/venv/lib/python3.12/site-packages/oslo_config/cfg.py:3560}}[00m
2026-09-15 18:28:12.209 3449763 DEBUG oslo_service.backend._eventlet.service [req-14e7fedf-0b2f-47fc-bf26-c59b6864214c - - - - - -] hitachi.hitachi_lock_timeout   = None [00;33m{{(pid=3449763) log_opt_values /opt/stack/data/venv/lib/python3.12/site-packages/oslo_config/cfg.py:3560}}[00m
2026-09-15 18:28:12.209 3449763 DEBUG oslo_service.backend._eventlet.service [req-14e7fedf-0b2f-47fc-bf26-c59b6864214c - - - - - -] hitachi.hitachi_lun_retry_interval = None [00;33m{{(pid=3449763) log_opt_values /opt/stack/data/venv/lib/python3.12/site-packages/oslo_config/cfg.py:3560}}[00m
2026-09-15 18:28:12.209 3449763 DEBUG oslo_service.backend._eventlet.service [req-14e7fedf-0b2f-47fc-bf26-c59b6864214c - - - - - -] hitachi.hitachi_lun_timeout    = None [00;33m{{(pid=3449763) log_opt_values /opt/stack/data/venv/lib/python3.12/site-packages/oslo_config/cfg.py:3560}}[00m
2026-09-15 18:28:12.209 3449763 DEBUG oslo_service.backend._eventlet.service [req-14e7fedf-0b2f-47fc-bf26-c59b6864214c - - - - - -] hitachi.hitachi_manage_drs_volumes = None [00;33m{{(pid=3449763) log_opt_values /opt/stack/data/venv/lib/python3.12/site-packages/oslo_config/cfg.py:3560}}[00m
2026-09-15 18:28:12.209 3449763 DEBUG oslo_service.backend._eventlet.service [req-14e7fedf-0b2f-47fc-bf26-c59b6864214c - - - - - -] hitachi.hitachi_mirror_compute_target_ports = None [00;33m{{(pid=3449763) log_opt_values /opt/stack/data/venv/lib/python3.12/site-packages/oslo_config/cfg.py:3560}}[00m
2026-09-15 18:28:12.209 3449763 DEBUG oslo_service.backend._eventlet.service [req-14e7fedf-0b2f-47fc-bf26-c59b6864214c - - - - - -] hitachi.hitachi_mirror_ldev_range = None [00;33m{{(pid=3449763) log_opt_values /opt/stack/data/venv/lib/python3.12/site-packages/oslo_config/cfg.py:3560}}[00m
2026-09-15 18:28:12.209 3449763 DEBUG oslo_service.backend._eventlet.service [req-14e7fedf-0b2f-47fc-bf26-c59b6864214c - - - - - -] hitachi.hitachi_mirror_pair_target_number = None [00;33m{{(pid=3449763) log_opt_values /opt/stack/data/venv/lib/python3.12/site-packages/oslo_config/cfg.py:3560}}[00m
2026-09-15 18:28:12.209 3449763 DEBUG oslo_service.backend._eventlet.service [req-14e7fedf-0b2f-47fc-bf26-c59b6864214c - - - - - -] hitachi.hitachi_mirror_pool    = None [00;33m{{(pid=3449763) log_opt_values /opt/stack/data/venv/lib/python3.12/site-packages/oslo_config/cfg.py:3560}}[00m
2026-09-15 18:28:12.209 3449763 DEBUG oslo_service.backend._eventlet.service [req-14e7fedf-0b2f-47fc-bf26-c59b6864214c - - - - - -] hitachi.hitachi_mirror_snap_pool = None [00;33m{{(pid=3449763) log_opt_values /opt/stack/data/venv/lib/python3.12/site-packages/oslo_config/cfg.py:3560}}[00m
2026-09-15 18:28:12.210 3449763 DEBUG oslo_service.backend._eventlet.service [req-14e7fedf-0b2f-47fc-bf26-c59b6864214c - - - - - -] hitachi.hitachi_mirror_storage_id = None [00;33m{{(pid=3449763) log_opt_values /opt/stack/data/venv/lib/python3.12/site-packages/oslo_config/cfg.py:3560}}[00m
2026-09-15 18:28:12.210 3449763 DEBUG oslo_service.backend._eventlet.service [req-14e7fedf-0b2f-47fc-bf26-c59b6864214c - - - - - -] hitachi.hitachi_mirror_target_ports = None [00;33m{{(pid=3449763) log_opt_values /opt/stack/data/venv/lib/python3.12/site-packages/oslo_config/cfg.py:3560}}[00m
2026-09-15 18:28:12.210 3449763 DEBUG oslo_service.backend._eventlet.service [req-14e7fedf-0b2f-47fc-bf26-c59b6864214c - - - - - -] hitachi.hitachi_pair_target_number = None [00;33m{{(pid=3449763) log_opt_values /opt/stack/data/venv/lib/python3.12/site-packages/oslo_config/cfg.py:3560}}[00m
2026-09-15 18:28:12.210 3449763 DEBUG oslo_service.backend._eventlet.service [req-14e7fedf-0b2f-47fc-bf26-c59b6864214c - - - - - -] hitachi.hitachi_pools          = ['snewar_hdp_01'] [00;33m{{(pid=3449763) log_opt_values /opt/stack/data/venv/lib/python3.12/site-packages/oslo_config/cfg.py:3560}}[00m
2026-09-15 18:28:12.210 3449763 DEBUG oslo_service.backend._eventlet.service [req-14e7fedf-0b2f-47fc-bf26-c59b6864214c - - - - - -] hitachi.hitachi_report_discard_support = None [00;33m{{(pid=3449763) log_opt_values /opt/stack/data/venv/lib/python3.12/site-packages/oslo_config/cfg.py:3560}}[00m
2026-09-15 18:28:12.210 3449763 DEBUG oslo_service.backend._eventlet.service [req-14e7fedf-0b2f-47fc-bf26-c59b6864214c - - - - - -] hitachi.hitachi_rest_another_ldev_mapped_retry_timeout = None [00;33m{{(pid=3449763) log_opt_values /opt/stack/data/venv/lib/python3.12/site-packages/oslo_config/cfg.py:3560}}[00m
2026-09-15 18:28:12.210 3449763 DEBUG oslo_service.backend._eventlet.service [req-14e7fedf-0b2f-47fc-bf26-c59b6864214c - - - - - -] hitachi.hitachi_rest_connect_timeout = None [00;33m{{(pid=3449763) log_opt_values /opt/stack/data/venv/lib/python3.12/site-packages/oslo_config/cfg.py:3560}}[00m
2026-09-15 18:28:12.210 3449763 DEBUG oslo_service.backend._eventlet.service [req-14e7fedf-0b2f-47fc-bf26-c59b6864214c - - - - - -] hitachi.hitachi_rest_disable_io_wait = None [00;33m{{(pid=3449763) log_opt_values /opt/stack/data/venv/lib/python3.12/site-packages/oslo_config/cfg.py:3560}}[00m
2026-09-15 18:28:12.210 3449763 DEBUG oslo_service.backend._eventlet.service [req-14e7fedf-0b2f-47fc-bf26-c59b6864214c - - - - - -] hitachi.hitachi_rest_get_api_response_timeout = None [00;33m{{(pid=3449763) log_opt_values /opt/stack/data/venv/lib/python3.12/site-packages/oslo_config/cfg.py:3560}}[00m
2026-09-15 18:28:12.210 3449763 DEBUG oslo_service.backend._eventlet.service [req-14e7fedf-0b2f-47fc-bf26-c59b6864214c - - - - - -] hitachi.hitachi_rest_job_api_response_timeout = None [00;33m{{(pid=3449763) log_opt_values /opt/stack/data/venv/lib/python3.12/site-packages/oslo_config/cfg.py:3560}}[00m
2026-09-15 18:28:12.210 3449763 DEBUG oslo_service.backend._eventlet.service [req-14e7fedf-0b2f-47fc-bf26-c59b6864214c - - - - - -] hitachi.hitachi_rest_keep_session_loop_interval = None [00;33m{{(pid=3449763) log_opt_values /opt/stack/data/venv/lib/python3.12/site-packages/oslo_config/cfg.py:3560}}[00m
2026-09-15 18:28:12.210 3449763 DEBUG oslo_service.backend._eventlet.service [req-14e7fedf-0b2f-47fc-bf26-c59b6864214c - - - - - -] hitachi.hitachi_rest_max_request_workers = None [00;33m{{(pid=3449763) log_opt_values /opt/stack/data/venv/lib/python3.12/site-packages/oslo_config/cfg.py:3560}}[00m
2026-09-15 18:28:12.211 3449763 DEBUG oslo_service.backend._eventlet.service [req-14e7fedf-0b2f-47fc-bf26-c59b6864214c - - - - - -] hitachi.hitachi_rest_pair_target_ports = None [00;33m{{(pid=3449763) log_opt_values /opt/stack/data/venv/lib/python3.12/site-packages/oslo_config/cfg.py:3560}}[00m
2026-09-15 18:28:12.211 3449763 DEBUG oslo_service.backend._eventlet.service [req-14e7fedf-0b2f-47fc-bf26-c59b6864214c - - - - - -] hitachi.hitachi_rest_server_busy_timeout = None [00;33m{{(pid=3449763) log_opt_values /opt/stack/data/venv/lib/python3.12/site-packages/oslo_config/cfg.py:3560}}[00m
2026-09-15 18:28:12.211 3449763 DEBUG oslo_service.backend._eventlet.service [req-14e7fedf-0b2f-47fc-bf26-c59b6864214c - - - - - -] hitachi.hitachi_rest_tcp_keepalive = None [00;33m{{(pid=3449763) log_opt_values /opt/stack/data/venv/lib/python3.12/site-packages/oslo_config/cfg.py:3560}}[00m
2026-09-15 18:28:12.211 3449763 DEBUG oslo_service.backend._eventlet.service [req-14e7fedf-0b2f-47fc-bf26-c59b6864214c - - - - - -] hitachi.hitachi_rest_tcp_keepcnt = None [00;33m{{(pid=3449763) log_opt_values /opt/stack/data/venv/lib/python3.12/site-packages/oslo_config/cfg.py:3560}}[00m
2026-09-15 18:28:12.211 3449763 DEBUG oslo_service.backend._eventlet.service [req-14e7fedf-0b2f-47fc-bf26-c59b6864214c - - - - - -] hitachi.hitachi_rest_tcp_keepidle = None [00;33m{{(pid=3449763) log_opt_values /opt/stack/data/venv/lib/python3.12/site-packages/oslo_config/cfg.py:3560}}[00m
2026-09-15 18:28:12.211 3449763 DEBUG oslo_service.backend._eventlet.service [req-14e7fedf-0b2f-47fc-bf26-c59b6864214c - - - - - -] hitachi.hitachi_rest_tcp_keepintvl = None [00;33m{{(pid=3449763) log_opt_values /opt/stack/data/venv/lib/python3.12/site-packages/oslo_config/cfg.py:3560}}[00m
2026-09-15 18:28:12.211 3449763 DEBUG oslo_service.backend._eventlet.service [req-14e7fedf-0b2f-47fc-bf26-c59b6864214c - - - - - -] hitachi.hitachi_rest_timeout   = None [00;33m{{(pid=3449763) log_opt_values /opt/stack/data/venv/lib/python3.12/site-packages/oslo_config/cfg.py:3560}}[00m
2026-09-15 18:28:12.211 3449763 DEBUG oslo_service.backend._eventlet.service [req-14e7fedf-0b2f-47fc-bf26-c59b6864214c - - - - - -] hitachi.hitachi_rest_use_object_caching = None [00;33m{{(pid=3449763) log_opt_values /opt/stack/data/venv/lib/python3.12/site-packages/oslo_config/cfg.py:3560}}[00m
2026-09-15 18:28:12.211 3449763 DEBUG oslo_service.backend._eventlet.service [req-14e7fedf-0b2f-47fc-bf26-c59b6864214c - - - - - -] hitachi.hitachi_restore_timeout = None [00;33m{{(pid=3449763) log_opt_values /opt/stack/data/venv/lib/python3.12/site-packages/oslo_config/cfg.py:3560}}[00m
2026-09-15 18:28:12.211 3449763 DEBUG oslo_service.backend._eventlet.service [req-14e7fedf-0b2f-47fc-bf26-c59b6864214c - - - - - -] hitachi.hitachi_snap_pool      = None [00;33m{{(pid=3449763) log_opt_values /opt/stack/data/venv/lib/python3.12/site-packages/oslo_config/cfg.py:3560}}[00m
2026-09-15 18:28:12.211 3449763 DEBUG oslo_service.backend._eventlet.service [req-14e7fedf-0b2f-47fc-bf26-c59b6864214c - - - - - -] hitachi.hitachi_state_transition_timeout = 1800 [00;33m{{(pid=3449763) log_opt_values /opt/stack/data/venv/lib/python3.12/site-packages/oslo_config/cfg.py:3560}}[00m
2026-09-15 18:28:12.211 3449763 DEBUG oslo_service.backend._eventlet.service [req-14e7fedf-0b2f-47fc-bf26-c59b6864214c - - - - - -] hitachi.hitachi_storage_id     = 938000715036 [00;33m{{(pid=3449763) log_opt_values /opt/stack/data/venv/lib/python3.12/site-packages/oslo_config/cfg.py:3560}}[00m
2026-09-15 18:28:12.211 3449763 DEBUG oslo_service.backend._eventlet.service [req-14e7fedf-0b2f-47fc-bf26-c59b6864214c - - - - - -] hitachi.hitachi_target_ports   = ['CL1-C'] [00;33m{{(pid=3449763) log_opt_values /opt/stack/data/venv/lib/python3.12/site-packages/oslo_config/cfg.py:3560}}[00m
2026-09-15 18:28:12.212 3449763 DEBUG oslo_service.backend._eventlet.service [req-14e7fedf-0b2f-47fc-bf26-c59b6864214c - - - - - -] hitachi.hitachi_use_drs_volumes = None [00;33m{{(pid=3449763) log_opt_values /opt/stack/data/venv/lib/python3.12/site-packages/oslo_config/cfg.py:3560}}[00m
2026-09-15 18:28:12.212 3449763 DEBUG oslo_service.backend._eventlet.service [req-14e7fedf-0b2f-47fc-bf26-c59b6864214c - - - - - -] hitachi.hitachi_vcp_delete_sleep_interval = None [00;33m{{(pid=3449763) log_opt_values /opt/stack/data/venv/lib/python3.12/site-packages/oslo_config/cfg.py:3560}}[00m
2026-09-15 18:28:12.212 3449763 DEBUG oslo_service.backend._eventlet.service [req-14e7fedf-0b2f-47fc-bf26-c59b6864214c - - - - - -] hitachi.hitachi_vcp_delete_timeout = None [00;33m{{(pid=3449763) log_opt_values /opt/stack/data/venv/lib/python3.12/site-packages/oslo_config/cfg.py:3560}}[00m
2026-09-15 18:28:12.212 3449763 DEBUG oslo_service.backend._eventlet.service [req-14e7fedf-0b2f-47fc-bf26-c59b6864214c - - - - - -] hitachi.image_upload_use_cinder_backend = None [00;33m{{(pid=3449763) log_opt_values /opt/stack/data/venv/lib/python3.12/site-packages/oslo_config/cfg.py:3560}}[00m
2026-09-15 18:28:12.212 3449763 DEBUG oslo_service.backend._eventlet.service [req-14e7fedf-0b2f-47fc-bf26-c59b6864214c - - - - - -] hitachi.image_upload_use_internal_tenant = None [00;33m{{(pid=3449763) log_opt_values /opt/stack/data/venv/lib/python3.12/site-packages/oslo_config/cfg.py:3560}}[00m
2026-09-15 18:28:12.212 3449763 DEBUG oslo_service.backend._eventlet.service [req-14e7fedf-0b2f-47fc-bf26-c59b6864214c - - - - - -] hitachi.image_volume_cache_enabled = False [00;33m{{(pid=3449763) log_opt_values /opt/stack/data/venv/lib/python3.12/site-packages/oslo_config/cfg.py:3560}}[00m
2026-09-15 18:28:12.212 3449763 DEBUG oslo_service.backend._eventlet.service [req-14e7fedf-0b2f-47fc-bf26-c59b6864214c - - - - - -] hitachi.image_volume_cache_max_count = None [00;33m{{(pid=3449763) log_opt_values /opt/stack/data/venv/lib/python3.12/site-packages/oslo_config/cfg.py:3560}}[00m
2026-09-15 18:28:12.212 3449763 DEBUG oslo_service.backend._eventlet.service [req-14e7fedf-0b2f-47fc-bf26-c59b6864214c - - - - - -] hitachi.image_volume_cache_max_size_gb = None [00;33m{{(pid=3449763) log_opt_values /opt/stack/data/venv/lib/python3.12/site-packages/oslo_config/cfg.py:3560}}[00m
2026-09-15 18:28:12.212 3449763 DEBUG oslo_service.backend._eventlet.service [req-14e7fedf-0b2f-47fc-bf26-c59b6864214c - - - - - -] hitachi.iscsi_target_flags     = None [00;33m{{(pid=3449763) log_opt_values /opt/stack/data/venv/lib/python3.12/site-packages/oslo_config/cfg.py:3560}}[00m
2026-09-15 18:28:12.212 3449763 DEBUG oslo_service.backend._eventlet.service [req-14e7fedf-0b2f-47fc-bf26-c59b6864214c - - - - - -] hitachi.iscsi_write_cache      = None [00;33m{{(pid=3449763) log_opt_values /opt/stack/data/venv/lib/python3.12/site-packages/oslo_config/cfg.py:3560}}[00m
2026-09-15 18:28:12.212 3449763 DEBUG oslo_service.backend._eventlet.service [req-14e7fedf-0b2f-47fc-bf26-c59b6864214c - - - - - -] hitachi.iser_helper            = None [00;33m{{(pid=3449763) log_opt_values /opt/stack/data/venv/lib/python3.12/site-packages/oslo_config/cfg.py:3560}}[00m
2026-09-15 18:28:12.212 3449763 DEBUG oslo_service.backend._eventlet.service [req-14e7fedf-0b2f-47fc-bf26-c59b6864214c - - - - - -] hitachi.iser_ip_address        = None [00;33m{{(pid=3449763) log_opt_values /opt/stack/data/venv/lib/python3.12/site-packages/oslo_config/cfg.py:3560}}[00m
2026-09-15 18:28:12.212 3449763 DEBUG oslo_service.backend._eventlet.service [req-14e7fedf-0b2f-47fc-bf26-c59b6864214c - - - - - -] hitachi.iser_port              = None [00;33m{{(pid=3449763) log_opt_values /opt/stack/data/venv/lib/python3.12/site-packages/oslo_config/cfg.py:3560}}[00m
2026-09-15 18:28:12.213 3449763 DEBUG oslo_service.backend._eventlet.service [req-14e7fedf-0b2f-47fc-bf26-c59b6864214c - - - - - -] hitachi.iser_target_prefix     = None [00;33m{{(pid=3449763) log_opt_values /opt/stack/data/venv/lib/python3.12/site-packages/oslo_config/cfg.py:3560}}[00m
2026-09-15 18:28:12.213 3449763 DEBUG oslo_service.backend._eventlet.service [req-14e7fedf-0b2f-47fc-bf26-c59b6864214c - - - - - -] hitachi.max_over_subscription_ratio = 2147483647 [00;33m{{(pid=3449763) log_opt_values /opt/stack/data/venv/lib/python3.12/site-packages/oslo_config/cfg.py:3560}}[00m
2026-09-15 18:28:12.213 3449763 DEBUG oslo_service.backend._eventlet.service [req-14e7fedf-0b2f-47fc-bf26-c59b6864214c - - - - - -] hitachi.num_iser_scan_tries    = None [00;33m{{(pid=3449763) log_opt_values /opt/stack/data/venv/lib/python3.12/site-packages/oslo_config/cfg.py:3560}}[00m
2026-09-15 18:28:12.213 3449763 DEBUG oslo_service.backend._eventlet.service [req-14e7fedf-0b2f-47fc-bf26-c59b6864214c - - - - - -] hitachi.num_shell_tries        = None [00;33m{{(pid=3449763) log_opt_values /opt/stack/data/venv/lib/python3.12/site-packages/oslo_config/cfg.py:3560}}[00m
2026-09-15 18:28:12.213 3449763 DEBUG oslo_service.backend._eventlet.service [req-14e7fedf-0b2f-47fc-bf26-c59b6864214c - - - - - -] hitachi.num_volume_device_scan_tries = 5 [00;33m{{(pid=3449763) log_opt_values /opt/stack/data/venv/lib/python3.12/site-packages/oslo_config/cfg.py:3560}}[00m
2026-09-15 18:28:12.213 3449763 DEBUG oslo_service.backend._eventlet.service [req-14e7fedf-0b2f-47fc-bf26-c59b6864214c - - - - - -] hitachi.nvmeof_conn_info_version = None [00;33m{{(pid=3449763) log_opt_values /opt/stack/data/venv/lib/python3.12/site-packages/oslo_config/cfg.py:3560}}[00m
2026-09-15 18:28:12.213 3449763 DEBUG oslo_service.backend._eventlet.service [req-14e7fedf-0b2f-47fc-bf26-c59b6864214c - - - - - -] hitachi.nvmet_ns_id            = None [00;33m{{(pid=3449763) log_opt_values /opt/stack/data/venv/lib/python3.12/site-packages/oslo_config/cfg.py:3560}}[00m
2026-09-15 18:28:12.213 3449763 DEBUG oslo_service.backend._eventlet.service [req-14e7fedf-0b2f-47fc-bf26-c59b6864214c - - - - - -] hitachi.nvmet_port_id          = None [00;33m{{(pid=3449763) log_opt_values /opt/stack/data/venv/lib/python3.12/site-packages/oslo_config/cfg.py:3560}}[00m
2026-09-15 18:28:12.213 3449763 DEBUG oslo_service.backend._eventlet.service [req-14e7fedf-0b2f-47fc-bf26-c59b6864214c - - - - - -] hitachi.replication_device     = **** [00;33m{{(pid=3449763) log_opt_values /opt/stack/data/venv/lib/python3.12/site-packages/oslo_config/cfg.py:3560}}[00m
2026-09-15 18:28:12.213 3449763 DEBUG oslo_service.backend._eventlet.service [req-14e7fedf-0b2f-47fc-bf26-c59b6864214c - - - - - -] hitachi.report_discard_supported = None [00;33m{{(pid=3449763) log_opt_values /opt/stack/data/venv/lib/python3.12/site-packages/oslo_config/cfg.py:3560}}[00m
2026-09-15 18:28:12.213 3449763 DEBUG oslo_service.backend._eventlet.service [req-14e7fedf-0b2f-47fc-bf26-c59b6864214c - - - - - -] hitachi.reserved_percentage    = None [00;33m{{(pid=3449763) log_opt_values /opt/stack/data/venv/lib/python3.12/site-packages/oslo_config/cfg.py:3560}}[00m
2026-09-15 18:28:12.213 3449763 DEBUG oslo_service.backend._eventlet.service [req-14e7fedf-0b2f-47fc-bf26-c59b6864214c - - - - - -] hitachi.san_api_port           = 443 [00;33m{{(pid=3449763) log_opt_values /opt/stack/data/venv/lib/python3.12/site-packages/oslo_config/cfg.py:3560}}[00m
2026-09-15 18:28:12.213 3449763 DEBUG oslo_service.backend._eventlet.service [req-14e7fedf-0b2f-47fc-bf26-c59b6864214c - - - - - -] hitachi.san_clustername        = None [00;33m{{(pid=3449763) log_opt_values /opt/stack/data/venv/lib/python3.12/site-packages/oslo_config/cfg.py:3560}}[00m
2026-09-15 18:28:12.214 3449763 DEBUG oslo_service.backend._eventlet.service [req-14e7fedf-0b2f-47fc-bf26-c59b6864214c - - - - - -] hitachi.san_ip                 = 172.25.44.128 [00;33m{{(pid=3449763) log_opt_values /opt/stack/data/venv/lib/python3.12/site-packages/oslo_config/cfg.py:3560}}[00m
2026-09-15 18:28:12.214 3449763 DEBUG oslo_service.backend._eventlet.service [req-14e7fedf-0b2f-47fc-bf26-c59b6864214c - - - - - -] hitachi.san_is_local           = None [00;33m{{(pid=3449763) log_opt_values /opt/stack/data/venv/lib/python3.12/site-packages/oslo_config/cfg.py:3560}}[00m
2026-09-15 18:28:12.214 3449763 DEBUG oslo_service.backend._eventlet.service [req-14e7fedf-0b2f-47fc-bf26-c59b6864214c - - - - - -] hitachi.san_login              = ucpa [00;33m{{(pid=3449763) log_opt_values /opt/stack/data/venv/lib/python3.12/site-packages/oslo_config/cfg.py:3560}}[00m
2026-09-15 18:28:12.214 3449763 DEBUG oslo_service.backend._eventlet.service [req-14e7fedf-0b2f-47fc-bf26-c59b6864214c - - - - - -] hitachi.san_password           = **** [00;33m{{(pid=3449763) log_opt_values /opt/stack/data/venv/lib/python3.12/site-packages/oslo_config/cfg.py:3560}}[00m
2026-09-15 18:28:12.214 3449763 DEBUG oslo_service.backend._eventlet.service [req-14e7fedf-0b2f-47fc-bf26-c59b6864214c - - - - - -] hitachi.san_private_key        = None [00;33m{{(pid=3449763) log_opt_values /opt/stack/data/venv/lib/python3.12/site-packages/oslo_config/cfg.py:3560}}[00m
2026-09-15 18:28:12.214 3449763 DEBUG oslo_service.backend._eventlet.service [req-14e7fedf-0b2f-47fc-bf26-c59b6864214c - - - - - -] hitachi.san_ssh_port           = None [00;33m{{(pid=3449763) log_opt_values /opt/stack/data/venv/lib/python3.12/site-packages/oslo_config/cfg.py:3560}}[00m
2026-09-15 18:28:12.214 3449763 DEBUG oslo_service.backend._eventlet.service [req-14e7fedf-0b2f-47fc-bf26-c59b6864214c - - - - - -] hitachi.san_thin_provision     = None [00;33m{{(pid=3449763) log_opt_values /opt/stack/data/venv/lib/python3.12/site-packages/oslo_config/cfg.py:3560}}[00m
2026-09-15 18:28:12.214 3449763 DEBUG oslo_service.backend._eventlet.service [req-14e7fedf-0b2f-47fc-bf26-c59b6864214c - - - - - -] hitachi.scst_target_driver     = None [00;33m{{(pid=3449763) log_opt_values /opt/stack/data/venv/lib/python3.12/site-packages/oslo_config/cfg.py:3560}}[00m
2026-09-15 18:28:12.214 3449763 DEBUG oslo_service.backend._eventlet.service [req-14e7fedf-0b2f-47fc-bf26-c59b6864214c - - - - - -] hitachi.scst_target_iqn_name   = None [00;33m{{(pid=3449763) log_opt_values /opt/stack/data/venv/lib/python3.12/site-packages/oslo_config/cfg.py:3560}}[00m
2026-09-15 18:28:12.214 3449763 DEBUG oslo_service.backend._eventlet.service [req-14e7fedf-0b2f-47fc-bf26-c59b6864214c - - - - - -] hitachi.ssh_conn_timeout       = None [00;33m{{(pid=3449763) log_opt_values /opt/stack/data/venv/lib/python3.12/site-packages/oslo_config/cfg.py:3560}}[00m
2026-09-15 18:28:12.214 3449763 DEBUG oslo_service.backend._eventlet.service [req-14e7fedf-0b2f-47fc-bf26-c59b6864214c - - - - - -] hitachi.ssh_max_pool_conn      = None [00;33m{{(pid=3449763) log_opt_values /opt/stack/data/venv/lib/python3.12/site-packages/oslo_config/cfg.py:3560}}[00m
2026-09-15 18:28:12.214 3449763 DEBUG oslo_service.backend._eventlet.service [req-14e7fedf-0b2f-47fc-bf26-c59b6864214c - - - - - -] hitachi.ssh_min_pool_conn      = None [00;33m{{(pid=3449763) log_opt_values /opt/stack/data/venv/lib/python3.12/site-packages/oslo_config/cfg.py:3560}}[00m
2026-09-15 18:28:12.214 3449763 DEBUG oslo_service.backend._eventlet.service [req-14e7fedf-0b2f-47fc-bf26-c59b6864214c - - - - - -] hitachi.storage_protocol       = None [00;33m{{(pid=3449763) log_opt_values /opt/stack/data/venv/lib/python3.12/site-packages/oslo_config/cfg.py:3560}}[00m
2026-09-15 18:28:12.215 3449763 DEBUG oslo_service.backend._eventlet.service [req-14e7fedf-0b2f-47fc-bf26-c59b6864214c - - - - - -] hitachi.suppress_requests_ssl_warnings = True [00;33m{{(pid=3449763) log_opt_values /opt/stack/data/venv/lib/python3.12/site-packages/oslo_config/cfg.py:3560}}[00m
2026-09-15 18:28:12.215 3449763 DEBUG oslo_service.backend._eventlet.service [req-14e7fedf-0b2f-47fc-bf26-c59b6864214c - - - - - -] hitachi.target_helper          = None [00;33m{{(pid=3449763) log_opt_values /opt/stack/data/venv/lib/python3.12/site-packages/oslo_config/cfg.py:3560}}[00m
2026-09-15 18:28:12.215 3449763 DEBUG oslo_service.backend._eventlet.service [req-14e7fedf-0b2f-47fc-bf26-c59b6864214c - - - - - -] hitachi.target_ip_address      = None [00;33m{{(pid=3449763) log_opt_values /opt/stack/data/venv/lib/python3.12/site-packages/oslo_config/cfg.py:3560}}[00m
2026-09-15 18:28:12.215 3449763 DEBUG oslo_service.backend._eventlet.service [req-14e7fedf-0b2f-47fc-bf26-c59b6864214c - - - - - -] hitachi.target_port            = None [00;33m{{(pid=3449763) log_opt_values /opt/stack/data/venv/lib/python3.12/site-packages/oslo_config/cfg.py:3560}}[00m
2026-09-15 18:28:12.215 3449763 DEBUG oslo_service.backend._eventlet.service [req-14e7fedf-0b2f-47fc-bf26-c59b6864214c - - - - - -] hitachi.target_prefix          = None [00;33m{{(pid=3449763) log_opt_values /opt/stack/data/venv/lib/python3.12/site-packages/oslo_config/cfg.py:3560}}[00m
2026-09-15 18:28:12.215 3449763 DEBUG oslo_service.backend._eventlet.service [req-14e7fedf-0b2f-47fc-bf26-c59b6864214c - - - - - -] hitachi.target_protocol        = None [00;33m{{(pid=3449763) log_opt_values /opt/stack/data/venv/lib/python3.12/site-packages/oslo_config/cfg.py:3560}}[00m
2026-09-15 18:28:12.215 3449763 DEBUG oslo_service.backend._eventlet.service [req-14e7fedf-0b2f-47fc-bf26-c59b6864214c - - - - - -] hitachi.target_secondary_ip_addresses = None [00;33m{{(pid=3449763) log_opt_values /opt/stack/data/venv/lib/python3.12/site-packages/oslo_config/cfg.py:3560}}[00m
2026-09-15 18:28:12.215 3449763 DEBUG oslo_service.backend._eventlet.service [req-14e7fedf-0b2f-47fc-bf26-c59b6864214c - - - - - -] hitachi.trace_flags            = None [00;33m{{(pid=3449763) log_opt_values /opt/stack/data/venv/lib/python3.12/site-packages/oslo_config/cfg.py:3560}}[00m
2026-09-15 18:28:12.215 3449763 DEBUG oslo_service.backend._eventlet.service [req-14e7fedf-0b2f-47fc-bf26-c59b6864214c - - - - - -] hitachi.unique_fqdn_network    = None [00;33m{{(pid=3449763) log_opt_values /opt/stack/data/venv/lib/python3.12/site-packages/oslo_config/cfg.py:3560}}[00m
2026-09-15 18:28:12.215 3449763 DEBUG oslo_service.backend._eventlet.service [req-14e7fedf-0b2f-47fc-bf26-c59b6864214c - - - - - -] hitachi.use_chap_auth          = None [00;33m{{(pid=3449763) log_opt_values /opt/stack/data/venv/lib/python3.12/site-packages/oslo_config/cfg.py:3560}}[00m
2026-09-15 18:28:12.215 3449763 DEBUG oslo_service.backend._eventlet.service [req-14e7fedf-0b2f-47fc-bf26-c59b6864214c - - - - - -] hitachi.use_multipath_for_image_xfer = False [00;33m{{(pid=3449763) log_opt_values /opt/stack/data/venv/lib/python3.12/site-packages/oslo_config/cfg.py:3560}}[00m
2026-09-15 18:28:12.215 3449763 DEBUG oslo_service.backend._eventlet.service [req-14e7fedf-0b2f-47fc-bf26-c59b6864214c - - - - - -] hitachi.volume_backend_name    = hitachi [00;33m{{(pid=3449763) log_opt_values /opt/stack/data/venv/lib/python3.12/site-packages/oslo_config/cfg.py:3560}}[00m
2026-09-15 18:28:12.215 3449763 DEBUG oslo_service.backend._eventlet.service [req-14e7fedf-0b2f-47fc-bf26-c59b6864214c - - - - - -] hitachi.volume_clear           = None [00;33m{{(pid=3449763) log_opt_values /opt/stack/data/venv/lib/python3.12/site-packages/oslo_config/cfg.py:3560}}[00m
2026-09-15 18:28:12.216 3449763 DEBUG oslo_service.backend._eventlet.service [req-14e7fedf-0b2f-47fc-bf26-c59b6864214c - - - - - -] hitachi.volume_clear_ionice    = None [00;33m{{(pid=3449763) log_opt_values /opt/stack/data/venv/lib/python3.12/site-packages/oslo_config/cfg.py:3560}}[00m
2026-09-15 18:28:12.216 3449763 DEBUG oslo_service.backend._eventlet.service [req-14e7fedf-0b2f-47fc-bf26-c59b6864214c - - - - - -] hitachi.volume_clear_size      = None [00;33m{{(pid=3449763) log_opt_values /opt/stack/data/venv/lib/python3.12/site-packages/oslo_config/cfg.py:3560}}[00m
2026-09-15 18:28:12.216 3449763 DEBUG oslo_service.backend._eventlet.service [req-14e7fedf-0b2f-47fc-bf26-c59b6864214c - - - - - -] hitachi.volume_copy_blkio_cgroup_name = None [00;33m{{(pid=3449763) log_opt_values /opt/stack/data/venv/lib/python3.12/site-packages/oslo_config/cfg.py:3560}}[00m
2026-09-15 18:28:12.216 3449763 DEBUG oslo_service.backend._eventlet.service [req-14e7fedf-0b2f-47fc-bf26-c59b6864214c - - - - - -] hitachi.volume_copy_bps_limit  = None [00;33m{{(pid=3449763) log_opt_values /opt/stack/data/venv/lib/python3.12/site-packages/oslo_config/cfg.py:3560}}[00m
2026-09-15 18:28:12.216 3449763 DEBUG oslo_service.backend._eventlet.service [req-14e7fedf-0b2f-47fc-bf26-c59b6864214c - - - - - -] hitachi.volume_dd_blocksize    = None [00;33m{{(pid=3449763) log_opt_values /opt/stack/data/venv/lib/python3.12/site-packages/oslo_config/cfg.py:3560}}[00m
2026-09-15 18:28:12.216 3449763 DEBUG oslo_service.backend._eventlet.service [req-14e7fedf-0b2f-47fc-bf26-c59b6864214c - - - - - -] hitachi.volume_driver          = cinder.volume.drivers.hitachi.hbsd_iscsi.HBSDISCSIDriver [00;33m{{(pid=3449763) log_opt_values /opt/stack/data/venv/lib/python3.12/site-packages/oslo_config/cfg.py:3560}}[00m
2026-09-15 18:28:12.216 3449763 DEBUG oslo_service.backend._eventlet.service [req-14e7fedf-0b2f-47fc-bf26-c59b6864214c - - - - - -] hitachi.volumes_dir            = None [00;33m{{(pid=3449763) log_opt_values /opt/stack/data/venv/lib/python3.12/site-packages/oslo_config/cfg.py:3560}}[00m
2026-09-15 18:28:12.216 3449763 DEBUG oslo_service.backend._eventlet.service [req-14e7fedf-0b2f-47fc-bf26-c59b6864214c - - - - - -] oslo_messaging_rabbit.amqp_auto_delete = False [00;33m{{(pid=3449763) log_opt_values /opt/stack/data/venv/lib/python3.12/site-packages/oslo_config/cfg.py:3560}}[00m
2026-09-15 18:28:12.216 3449763 DEBUG oslo_service.backend._eventlet.service [req-14e7fedf-0b2f-47fc-bf26-c59b6864214c - - - - - -] oslo_messaging_rabbit.amqp_durable_queues = False [00;33m{{(pid=3449763) log_opt_values /opt/stack/data/venv/lib/python3.12/site-packages/oslo_config/cfg.py:3560}}[00m
2026-09-15 18:28:12.216 3449763 DEBUG oslo_service.backend._eventlet.service [req-14e7fedf-0b2f-47fc-bf26-c59b6864214c - - - - - -] oslo_messaging_rabbit.conn_pool_min_size = 2 [00;33m{{(pid=3449763) log_opt_values /opt/stack/data/venv/lib/python3.12/site-packages/oslo_config/cfg.py:3560}}[00m
2026-09-15 18:28:12.216 3449763 DEBUG oslo_service.backend._eventlet.service [req-14e7fedf-0b2f-47fc-bf26-c59b6864214c - - - - - -] oslo_messaging_rabbit.conn_pool_ttl = 1200 [00;33m{{(pid=3449763) log_opt_values /opt/stack/data/venv/lib/python3.12/site-packages/oslo_config/cfg.py:3560}}[00m
2026-09-15 18:28:12.216 3449763 DEBUG oslo_service.backend._eventlet.service [req-14e7fedf-0b2f-47fc-bf26-c59b6864214c - - - - - -] oslo_messaging_rabbit.direct_mandatory_flag = True [00;33m{{(pid=3449763) log_opt_values /opt/stack/data/venv/lib/python3.12/site-packages/oslo_config/cfg.py:3560}}[00m
2026-09-15 18:28:12.216 3449763 DEBUG oslo_service.backend._eventlet.service [req-14e7fedf-0b2f-47fc-bf26-c59b6864214c - - - - - -] oslo_messaging_rabbit.enable_cancel_on_failover = False [00;33m{{(pid=3449763) log_opt_values /opt/stack/data/venv/lib/python3.12/site-packages/oslo_config/cfg.py:3560}}[00m
2026-09-15 18:28:12.217 3449763 DEBUG oslo_service.backend._eventlet.service [req-14e7fedf-0b2f-47fc-bf26-c59b6864214c - - - - - -] oslo_messaging_rabbit.heartbeat_rate = 3 [00;33m{{(pid=3449763) log_opt_values /opt/stack/data/venv/lib/python3.12/site-packages/oslo_config/cfg.py:3560}}[00m
2026-09-15 18:28:12.217 3449763 DEBUG oslo_service.backend._eventlet.service [req-14e7fedf-0b2f-47fc-bf26-c59b6864214c - - - - - -] oslo_messaging_rabbit.heartbeat_timeout_threshold = 60 [00;33m{{(pid=3449763) log_opt_values /opt/stack/data/venv/lib/python3.12/site-packages/oslo_config/cfg.py:3560}}[00m
2026-09-15 18:28:12.217 3449763 DEBUG oslo_service.backend._eventlet.service [req-14e7fedf-0b2f-47fc-bf26-c59b6864214c - - - - - -] oslo_messaging_rabbit.hostname = devstack-92-210 [00;33m{{(pid=3449763) log_opt_values /opt/stack/data/venv/lib/python3.12/site-packages/oslo_config/cfg.py:3560}}[00m
2026-09-15 18:28:12.217 3449763 DEBUG oslo_service.backend._eventlet.service [req-14e7fedf-0b2f-47fc-bf26-c59b6864214c - - - - - -] oslo_messaging_rabbit.kombu_compression = None [00;33m{{(pid=3449763) log_opt_values /opt/stack/data/venv/lib/python3.12/site-packages/oslo_config/cfg.py:3560}}[00m
2026-09-15 18:28:12.217 3449763 DEBUG oslo_service.backend._eventlet.service [req-14e7fedf-0b2f-47fc-bf26-c59b6864214c - - - - - -] oslo_messaging_rabbit.kombu_failover_strategy = round-robin [00;33m{{(pid=3449763) log_opt_values /opt/stack/data/venv/lib/python3.12/site-packages/oslo_config/cfg.py:3560}}[00m
2026-09-15 18:28:12.217 3449763 DEBUG oslo_service.backend._eventlet.service [req-14e7fedf-0b2f-47fc-bf26-c59b6864214c - - - - - -] oslo_messaging_rabbit.kombu_missing_consumer_retry_timeout = 60 [00;33m{{(pid=3449763) log_opt_values /opt/stack/data/venv/lib/python3.12/site-packages/oslo_config/cfg.py:3560}}[00m
2026-09-15 18:28:12.217 3449763 DEBUG oslo_service.backend._eventlet.service [req-14e7fedf-0b2f-47fc-bf26-c59b6864214c - - - - - -] oslo_messaging_rabbit.kombu_reconnect_delay = 1.0 [00;33m{{(pid=3449763) log_opt_values /opt/stack/data/venv/lib/python3.12/site-packages/oslo_config/cfg.py:3560}}[00m
2026-09-15 18:28:12.217 3449763 DEBUG oslo_service.backend._eventlet.service [req-14e7fedf-0b2f-47fc-bf26-c59b6864214c - - - - - -] oslo_messaging_rabbit.kombu_reconnect_splay = 0.0 [00;33m{{(pid=3449763) log_opt_values /opt/stack/data/venv/lib/python3.12/site-packages/oslo_config/cfg.py:3560}}[00m
2026-09-15 18:28:12.217 3449763 DEBUG oslo_service.backend._eventlet.service [req-14e7fedf-0b2f-47fc-bf26-c59b6864214c - - - - - -] oslo_messaging_rabbit.processname = cinder-volume [00;33m{{(pid=3449763) log_opt_values /opt/stack/data/venv/lib/python3.12/site-packages/oslo_config/cfg.py:3560}}[00m
2026-09-15 18:28:12.217 3449763 DEBUG oslo_service.backend._eventlet.service [req-14e7fedf-0b2f-47fc-bf26-c59b6864214c - - - - - -] oslo_messaging_rabbit.rabbit_ha_queues = False [00;33m{{(pid=3449763) log_opt_values /opt/stack/data/venv/lib/python3.12/site-packages/oslo_config/cfg.py:3560}}[00m
2026-09-15 18:28:12.217 3449763 DEBUG oslo_service.backend._eventlet.service [req-14e7fedf-0b2f-47fc-bf26-c59b6864214c - - - - - -] oslo_messaging_rabbit.rabbit_interval_max = 30 [00;33m{{(pid=3449763) log_opt_values /opt/stack/data/venv/lib/python3.12/site-packages/oslo_config/cfg.py:3560}}[00m
2026-09-15 18:28:12.217 3449763 DEBUG oslo_service.backend._eventlet.service [req-14e7fedf-0b2f-47fc-bf26-c59b6864214c - - - - - -] oslo_messaging_rabbit.rabbit_login_method = AMQPLAIN [00;33m{{(pid=3449763) log_opt_values /opt/stack/data/venv/lib/python3.12/site-packages/oslo_config/cfg.py:3560}}[00m
2026-09-15 18:28:12.218 3449763 DEBUG oslo_service.backend._eventlet.service [req-14e7fedf-0b2f-47fc-bf26-c59b6864214c - - - - - -] oslo_messaging_rabbit.rabbit_qos_prefetch_count = 0 [00;33m{{(pid=3449763) log_opt_values /opt/stack/data/venv/lib/python3.12/site-packages/oslo_config/cfg.py:3560}}[00m
2026-09-15 18:28:12.218 3449763 DEBUG oslo_service.backend._eventlet.service [req-14e7fedf-0b2f-47fc-bf26-c59b6864214c - - - - - -] oslo_messaging_rabbit.rabbit_quorum_delivery_limit = 0 [00;33m{{(pid=3449763) log_opt_values /opt/stack/data/venv/lib/python3.12/site-packages/oslo_config/cfg.py:3560}}[00m
2026-09-15 18:28:12.218 3449763 DEBUG oslo_service.backend._eventlet.service [req-14e7fedf-0b2f-47fc-bf26-c59b6864214c - - - - - -] oslo_messaging_rabbit.rabbit_quorum_max_memory_bytes = 0 [00;33m{{(pid=3449763) log_opt_values /opt/stack/data/venv/lib/python3.12/site-packages/oslo_config/cfg.py:3560}}[00m
2026-09-15 18:28:12.218 3449763 DEBUG oslo_service.backend._eventlet.service [req-14e7fedf-0b2f-47fc-bf26-c59b6864214c - - - - - -] oslo_messaging_rabbit.rabbit_quorum_max_memory_length = 0 [00;33m{{(pid=3449763) log_opt_values /opt/stack/data/venv/lib/python3.12/site-packages/oslo_config/cfg.py:3560}}[00m
2026-09-15 18:28:12.218 3449763 DEBUG oslo_service.backend._eventlet.service [req-14e7fedf-0b2f-47fc-bf26-c59b6864214c - - - - - -] oslo_messaging_rabbit.rabbit_quorum_queue = False [00;33m{{(pid=3449763) log_opt_values /opt/stack/data/venv/lib/python3.12/site-packages/oslo_config/cfg.py:3560}}[00m
2026-09-15 18:28:12.218 3449763 DEBUG oslo_service.backend._eventlet.service [req-14e7fedf-0b2f-47fc-bf26-c59b6864214c - - - - - -] oslo_messaging_rabbit.rabbit_retry_backoff = 2 [00;33m{{(pid=3449763) log_opt_values /opt/stack/data/venv/lib/python3.12/site-packages/oslo_config/cfg.py:3560}}[00m
2026-09-15 18:28:12.218 3449763 DEBUG oslo_service.backend._eventlet.service [req-14e7fedf-0b2f-47fc-bf26-c59b6864214c - - - - - -] oslo_messaging_rabbit.rabbit_retry_interval = 1 [00;33m{{(pid=3449763) log_opt_values /opt/stack/data/venv/lib/python3.12/site-packages/oslo_config/cfg.py:3560}}[00m
2026-09-15 18:28:12.218 3449763 DEBUG oslo_service.backend._eventlet.service [req-14e7fedf-0b2f-47fc-bf26-c59b6864214c - - - - - -] oslo_messaging_rabbit.rabbit_stream_fanout = False [00;33m{{(pid=3449763) log_opt_values /opt/stack/data/venv/lib/python3.12/site-packages/oslo_config/cfg.py:3560}}[00m
2026-09-15 18:28:12.218 3449763 DEBUG oslo_service.backend._eventlet.service [req-14e7fedf-0b2f-47fc-bf26-c59b6864214c - - - - - -] oslo_messaging_rabbit.rabbit_transient_queues_ttl = 1800 [00;33m{{(pid=3449763) log_opt_values /opt/stack/data/venv/lib/python3.12/site-packages/oslo_config/cfg.py:3560}}[00m
2026-09-15 18:28:12.218 3449763 DEBUG oslo_service.backend._eventlet.service [req-14e7fedf-0b2f-47fc-bf26-c59b6864214c - - - - - -] oslo_messaging_rabbit.rabbit_transient_quorum_queue = False [00;33m{{(pid=3449763) log_opt_values /opt/stack/data/venv/lib/python3.12/site-packages/oslo_config/cfg.py:3560}}[00m
2026-09-15 18:28:12.218 3449763 DEBUG oslo_service.backend._eventlet.service [req-14e7fedf-0b2f-47fc-bf26-c59b6864214c - - - - - -] oslo_messaging_rabbit.rpc_conn_pool_size = 30 [00;33m{{(pid=3449763) log_opt_values /opt/stack/data/venv/lib/python3.12/site-packages/oslo_config/cfg.py:3560}}[00m
2026-09-15 18:28:12.218 3449763 DEBUG oslo_service.backend._eventlet.service [req-14e7fedf-0b2f-47fc-bf26-c59b6864214c - - - - - -] oslo_messaging_rabbit.ssl      = False [00;33m{{(pid=3449763) log_opt_values /opt/stack/data/venv/lib/python3.12/site-packages/oslo_config/cfg.py:3560}}[00m
2026-09-15 18:28:12.218 3449763 DEBUG oslo_service.backend._eventlet.service [req-14e7fedf-0b2f-47fc-bf26-c59b6864214c - - - - - -] oslo_messaging_rabbit.ssl_ca_file =  [00;33m{{(pid=3449763) log_opt_values /opt/stack/data/venv/lib/python3.12/site-packages/oslo_config/cfg.py:3560}}[00m
2026-09-15 18:28:12.219 3449763 DEBUG oslo_service.backend._eventlet.service [req-14e7fedf-0b2f-47fc-bf26-c59b6864214c - - - - - -] oslo_messaging_rabbit.ssl_cert_file =  [00;33m{{(pid=3449763) log_opt_values /opt/stack/data/venv/lib/python3.12/site-packages/oslo_config/cfg.py:3560}}[00m
2026-09-15 18:28:12.219 3449763 DEBUG oslo_service.backend._eventlet.service [req-14e7fedf-0b2f-47fc-bf26-c59b6864214c - - - - - -] oslo_messaging_rabbit.ssl_enforce_fips_mode = False [00;33m{{(pid=3449763) log_opt_values /opt/stack/data/venv/lib/python3.12/site-packages/oslo_config/cfg.py:3560}}[00m
2026-09-15 18:28:12.219 3449763 DEBUG oslo_service.backend._eventlet.service [req-14e7fedf-0b2f-47fc-bf26-c59b6864214c - - - - - -] oslo_messaging_rabbit.ssl_enforce_hostname_verification = True [00;33m{{(pid=3449763) log_opt_values /opt/stack/data/venv/lib/python3.12/site-packages/oslo_config/cfg.py:3560}}[00m
2026-09-15 18:28:12.219 3449763 DEBUG oslo_service.backend._eventlet.service [req-14e7fedf-0b2f-47fc-bf26-c59b6864214c - - - - - -] oslo_messaging_rabbit.ssl_key_file =  [00;33m{{(pid=3449763) log_opt_values /opt/stack/data/venv/lib/python3.12/site-packages/oslo_config/cfg.py:3560}}[00m
2026-09-15 18:28:12.219 3449763 DEBUG oslo_service.backend._eventlet.service [req-14e7fedf-0b2f-47fc-bf26-c59b6864214c - - - - - -] oslo_messaging_rabbit.ssl_version =  [00;33m{{(pid=3449763) log_opt_values /opt/stack/data/venv/lib/python3.12/site-packages/oslo_config/cfg.py:3560}}[00m
2026-09-15 18:28:12.219 3449763 DEBUG oslo_service.backend._eventlet.service [req-14e7fedf-0b2f-47fc-bf26-c59b6864214c - - - - - -] oslo_messaging_rabbit.use_queue_manager = False [00;33m{{(pid=3449763) log_opt_values /opt/stack/data/venv/lib/python3.12/site-packages/oslo_config/cfg.py:3560}}[00m
2026-09-15 18:28:12.219 3449763 DEBUG oslo_service.backend._eventlet.service [req-14e7fedf-0b2f-47fc-bf26-c59b6864214c - - - - - -] oslo_messaging_notifications.driver = [] [00;33m{{(pid=3449763) log_opt_values /opt/stack/data/venv/lib/python3.12/site-packages/oslo_config/cfg.py:3560}}[00m
2026-09-15 18:28:12.219 3449763 DEBUG oslo_service.backend._eventlet.service [req-14e7fedf-0b2f-47fc-bf26-c59b6864214c - - - - - -] oslo_messaging_notifications.retry = -1 [00;33m{{(pid=3449763) log_opt_values /opt/stack/data/venv/lib/python3.12/site-packages/oslo_config/cfg.py:3560}}[00m
2026-09-15 18:28:12.219 3449763 DEBUG oslo_service.backend._eventlet.service [req-14e7fedf-0b2f-47fc-bf26-c59b6864214c - - - - - -] oslo_messaging_notifications.topics = ['notifications'] [00;33m{{(pid=3449763) log_opt_values /opt/stack/data/venv/lib/python3.12/site-packages/oslo_config/cfg.py:3560}}[00m
2026-09-15 18:28:12.219 3449763 DEBUG oslo_service.backend._eventlet.service [req-14e7fedf-0b2f-47fc-bf26-c59b6864214c - - - - - -] oslo_messaging_notifications.transport_url = **** [00;33m{{(pid=3449763) log_opt_values /opt/stack/data/venv/lib/python3.12/site-packages/oslo_config/cfg.py:3560}}[00m
2026-09-15 18:28:12.219 3449763 DEBUG oslo_service.backend._eventlet.service [req-14e7fedf-0b2f-47fc-bf26-c59b6864214c - - - - - -] key_manager.backend            = cinder.keymgr.conf_key_mgr.ConfKeyManager [00;33m{{(pid=3449763) log_opt_values /opt/stack/data/venv/lib/python3.12/site-packages/oslo_config/cfg.py:3560}}[00m
2026-09-15 18:28:12.219 3449763 DEBUG oslo_service.backend._eventlet.service [req-14e7fedf-0b2f-47fc-bf26-c59b6864214c - - - - - -] key_manager.fixed_key          = **** [00;33m{{(pid=3449763) log_opt_values /opt/stack/data/venv/lib/python3.12/site-packages/oslo_config/cfg.py:3560}}[00m
2026-09-15 18:28:12.220 3449763 DEBUG oslo_service.backend._eventlet.service [req-14e7fedf-0b2f-47fc-bf26-c59b6864214c - - - - - -] barbican.auth_endpoint         = http://localhost/identity/v3 [00;33m{{(pid=3449763) log_opt_values /opt/stack/data/venv/lib/python3.12/site-packages/oslo_config/cfg.py:3560}}[00m
2026-09-15 18:28:12.220 3449763 DEBUG oslo_service.backend._eventlet.service [req-14e7fedf-0b2f-47fc-bf26-c59b6864214c - - - - - -] barbican.barbican_api_version  = None [00;33m{{(pid=3449763) log_opt_values /opt/stack/data/venv/lib/python3.12/site-packages/oslo_config/cfg.py:3560}}[00m
2026-09-15 18:28:12.220 3449763 DEBUG oslo_service.backend._eventlet.service [req-14e7fedf-0b2f-47fc-bf26-c59b6864214c - - - - - -] barbican.barbican_endpoint     = None [00;33m{{(pid=3449763) log_opt_values /opt/stack/data/venv/lib/python3.12/site-packages/oslo_config/cfg.py:3560}}[00m
2026-09-15 18:28:12.220 3449763 DEBUG oslo_service.backend._eventlet.service [req-14e7fedf-0b2f-47fc-bf26-c59b6864214c - - - - - -] barbican.barbican_endpoint_type = public [00;33m{{(pid=3449763) log_opt_values /opt/stack/data/venv/lib/python3.12/site-packages/oslo_config/cfg.py:3560}}[00m
2026-09-15 18:28:12.220 3449763 DEBUG oslo_service.backend._eventlet.service [req-14e7fedf-0b2f-47fc-bf26-c59b6864214c - - - - - -] barbican.barbican_region_name  = None [00;33m{{(pid=3449763) log_opt_values /opt/stack/data/venv/lib/python3.12/site-packages/oslo_config/cfg.py:3560}}[00m
2026-09-15 18:28:12.220 3449763 DEBUG oslo_service.backend._eventlet.service [req-14e7fedf-0b2f-47fc-bf26-c59b6864214c - - - - - -] barbican.cafile                = None [00;33m{{(pid=3449763) log_opt_values /opt/stack/data/venv/lib/python3.12/site-packages/oslo_config/cfg.py:3560}}[00m
2026-09-15 18:28:12.220 3449763 DEBUG oslo_service.backend._eventlet.service [req-14e7fedf-0b2f-47fc-bf26-c59b6864214c - - - - - -] barbican.certfile              = None [00;33m{{(pid=3449763) log_opt_values /opt/stack/data/venv/lib/python3.12/site-packages/oslo_config/cfg.py:3560}}[00m
2026-09-15 18:28:12.220 3449763 DEBUG oslo_service.backend._eventlet.service [req-14e7fedf-0b2f-47fc-bf26-c59b6864214c - - - - - -] barbican.collect_timing        = False [00;33m{{(pid=3449763) log_opt_values /opt/stack/data/venv/lib/python3.12/site-packages/oslo_config/cfg.py:3560}}[00m
2026-09-15 18:28:12.220 3449763 DEBUG oslo_service.backend._eventlet.service [req-14e7fedf-0b2f-47fc-bf26-c59b6864214c - - - - - -] barbican.insecure              = False [00;33m{{(pid=3449763) log_opt_values /opt/stack/data/venv/lib/python3.12/site-packages/oslo_config/cfg.py:3560}}[00m
2026-09-15 18:28:12.221 3449763 DEBUG oslo_service.backend._eventlet.service [req-14e7fedf-0b2f-47fc-bf26-c59b6864214c - - - - - -] barbican.keyfile               = None [00;33m{{(pid=3449763) log_opt_values /opt/stack/data/venv/lib/python3.12/site-packages/oslo_config/cfg.py:3560}}[00m
2026-09-15 18:28:12.221 3449763 DEBUG oslo_service.backend._eventlet.service [req-14e7fedf-0b2f-47fc-bf26-c59b6864214c - - - - - -] barbican.number_of_retries     = 60 [00;33m{{(pid=3449763) log_opt_values /opt/stack/data/venv/lib/python3.12/site-packages/oslo_config/cfg.py:3560}}[00m
2026-09-15 18:28:12.221 3449763 DEBUG oslo_service.backend._eventlet.service [req-14e7fedf-0b2f-47fc-bf26-c59b6864214c - - - - - -] barbican.retry_delay           = 1 [00;33m{{(pid=3449763) log_opt_values /opt/stack/data/venv/lib/python3.12/site-packages/oslo_config/cfg.py:3560}}[00m
2026-09-15 18:28:12.221 3449763 DEBUG oslo_service.backend._eventlet.service [req-14e7fedf-0b2f-47fc-bf26-c59b6864214c - - - - - -] barbican.send_service_user_token = False [00;33m{{(pid=3449763) log_opt_values /opt/stack/data/venv/lib/python3.12/site-packages/oslo_config/cfg.py:3560}}[00m
2026-09-15 18:28:12.221 3449763 DEBUG oslo_service.backend._eventlet.service [req-14e7fedf-0b2f-47fc-bf26-c59b6864214c - - - - - -] barbican.split_loggers         = False [00;33m{{(pid=3449763) log_opt_values /opt/stack/data/venv/lib/python3.12/site-packages/oslo_config/cfg.py:3560}}[00m
2026-09-15 18:28:12.221 3449763 DEBUG oslo_service.backend._eventlet.service [req-14e7fedf-0b2f-47fc-bf26-c59b6864214c - - - - - -] barbican.timeout               = None [00;33m{{(pid=3449763) log_opt_values /opt/stack/data/venv/lib/python3.12/site-packages/oslo_config/cfg.py:3560}}[00m
2026-09-15 18:28:12.221 3449763 DEBUG oslo_service.backend._eventlet.service [req-14e7fedf-0b2f-47fc-bf26-c59b6864214c - - - - - -] barbican.tls_ciphers           = None [00;33m{{(pid=3449763) log_opt_values /opt/stack/data/venv/lib/python3.12/site-packages/oslo_config/cfg.py:3560}}[00m
2026-09-15 18:28:12.221 3449763 DEBUG oslo_service.backend._eventlet.service [req-14e7fedf-0b2f-47fc-bf26-c59b6864214c - - - - - -] barbican.tls_min_version       = None [00;33m{{(pid=3449763) log_opt_values /opt/stack/data/venv/lib/python3.12/site-packages/oslo_config/cfg.py:3560}}[00m
2026-09-15 18:28:12.221 3449763 DEBUG oslo_service.backend._eventlet.service [req-14e7fedf-0b2f-47fc-bf26-c59b6864214c - - - - - -] barbican.verify_ssl            = True [00;33m{{(pid=3449763) log_opt_values /opt/stack/data/venv/lib/python3.12/site-packages/oslo_config/cfg.py:3560}}[00m
2026-09-15 18:28:12.221 3449763 DEBUG oslo_service.backend._eventlet.service [req-14e7fedf-0b2f-47fc-bf26-c59b6864214c - - - - - -] barbican.verify_ssl_path       = None [00;33m{{(pid=3449763) log_opt_values /opt/stack/data/venv/lib/python3.12/site-packages/oslo_config/cfg.py:3560}}[00m
2026-09-15 18:28:12.221 3449763 DEBUG oslo_service.backend._eventlet.service [req-14e7fedf-0b2f-47fc-bf26-c59b6864214c - - - - - -] barbican_service_user.auth_section = None [00;33m{{(pid=3449763) log_opt_values /opt/stack/data/venv/lib/python3.12/site-packages/oslo_config/cfg.py:3560}}[00m
2026-09-15 18:28:12.221 3449763 DEBUG oslo_service.backend._eventlet.service [req-14e7fedf-0b2f-47fc-bf26-c59b6864214c - - - - - -] barbican_service_user.auth_type = None [00;33m{{(pid=3449763) log_opt_values /opt/stack/data/venv/lib/python3.12/site-packages/oslo_config/cfg.py:3560}}[00m
2026-09-15 18:28:12.221 3449763 DEBUG oslo_service.backend._eventlet.service [req-14e7fedf-0b2f-47fc-bf26-c59b6864214c - - - - - -] barbican_service_user.cafile   = None [00;33m{{(pid=3449763) log_opt_values /opt/stack/data/venv/lib/python3.12/site-packages/oslo_config/cfg.py:3560}}[00m
2026-09-15 18:28:12.222 3449763 DEBUG oslo_service.backend._eventlet.service [req-14e7fedf-0b2f-47fc-bf26-c59b6864214c - - - - - -] barbican_service_user.certfile = None [00;33m{{(pid=3449763) log_opt_values /opt/stack/data/venv/lib/python3.12/site-packages/oslo_config/cfg.py:3560}}[00m
2026-09-15 18:28:12.222 3449763 DEBUG oslo_service.backend._eventlet.service [req-14e7fedf-0b2f-47fc-bf26-c59b6864214c - - - - - -] barbican_service_user.collect_timing = False [00;33m{{(pid=3449763) log_opt_values /opt/stack/data/venv/lib/python3.12/site-packages/oslo_config/cfg.py:3560}}[00m
2026-09-15 18:28:12.222 3449763 DEBUG oslo_service.backend._eventlet.service [req-14e7fedf-0b2f-47fc-bf26-c59b6864214c - - - - - -] barbican_service_user.insecure = False [00;33m{{(pid=3449763) log_opt_values /opt/stack/data/venv/lib/python3.12/site-packages/oslo_config/cfg.py:3560}}[00m
2026-09-15 18:28:12.222 3449763 DEBUG oslo_service.backend._eventlet.service [req-14e7fedf-0b2f-47fc-bf26-c59b6864214c - - - - - -] barbican_service_user.keyfile  = None [00;33m{{(pid=3449763) log_opt_values /opt/stack/data/venv/lib/python3.12/site-packages/oslo_config/cfg.py:3560}}[00m
2026-09-15 18:28:12.222 3449763 DEBUG oslo_service.backend._eventlet.service [req-14e7fedf-0b2f-47fc-bf26-c59b6864214c - - - - - -] barbican_service_user.split_loggers = False [00;33m{{(pid=3449763) log_opt_values /opt/stack/data/venv/lib/python3.12/site-packages/oslo_config/cfg.py:3560}}[00m
2026-09-15 18:28:12.222 3449763 DEBUG oslo_service.backend._eventlet.service [req-14e7fedf-0b2f-47fc-bf26-c59b6864214c - - - - - -] barbican_service_user.timeout  = None [00;33m{{(pid=3449763) log_opt_values /opt/stack/data/venv/lib/python3.12/site-packages/oslo_config/cfg.py:3560}}[00m
2026-09-15 18:28:12.222 3449763 DEBUG oslo_service.backend._eventlet.service [req-14e7fedf-0b2f-47fc-bf26-c59b6864214c - - - - - -] barbican_service_user.tls_ciphers = None [00;33m{{(pid=3449763) log_opt_values /opt/stack/data/venv/lib/python3.12/site-packages/oslo_config/cfg.py:3560}}[00m
2026-09-15 18:28:12.222 3449763 DEBUG oslo_service.backend._eventlet.service [req-14e7fedf-0b2f-47fc-bf26-c59b6864214c - - - - - -] barbican_service_user.tls_min_version = None [00;33m{{(pid=3449763) log_opt_values /opt/stack/data/venv/lib/python3.12/site-packages/oslo_config/cfg.py:3560}}[00m
2026-09-15 18:28:12.222 3449763 DEBUG oslo_service.backend._eventlet.service [req-14e7fedf-0b2f-47fc-bf26-c59b6864214c - - - - - -] vault.approle_role_id          = **** [00;33m{{(pid=3449763) log_opt_values /opt/stack/data/venv/lib/python3.12/site-packages/oslo_config/cfg.py:3560}}[00m
2026-09-15 18:28:12.222 3449763 DEBUG oslo_service.backend._eventlet.service [req-14e7fedf-0b2f-47fc-bf26-c59b6864214c - - - - - -] vault.approle_secret_id        = **** [00;33m{{(pid=3449763) log_opt_values /opt/stack/data/venv/lib/python3.12/site-packages/oslo_config/cfg.py:3560}}[00m
2026-09-15 18:28:12.222 3449763 DEBUG oslo_service.backend._eventlet.service [req-14e7fedf-0b2f-47fc-bf26-c59b6864214c - - - - - -] vault.auth_method              = approle [00;33m{{(pid=3449763) log_opt_values /opt/stack/data/venv/lib/python3.12/site-packages/oslo_config/cfg.py:3560}}[00m
2026-09-15 18:28:12.222 3449763 DEBUG oslo_service.backend._eventlet.service [req-14e7fedf-0b2f-47fc-bf26-c59b6864214c - - - - - -] vault.auth_path                = None [00;33m{{(pid=3449763) log_opt_values /opt/stack/data/venv/lib/python3.12/site-packages/oslo_config/cfg.py:3560}}[00m
2026-09-15 18:28:12.223 3449763 DEBUG oslo_service.backend._eventlet.service [req-14e7fedf-0b2f-47fc-bf26-c59b6864214c - - - - - -] vault.kv_mountpoint            = secret [00;33m{{(pid=3449763) log_opt_values /opt/stack/data/venv/lib/python3.12/site-packages/oslo_config/cfg.py:3560}}[00m
2026-09-15 18:28:12.223 3449763 DEBUG oslo_service.backend._eventlet.service [req-14e7fedf-0b2f-47fc-bf26-c59b6864214c - - - - - -] vault.kv_path                  = None [00;33m{{(pid=3449763) log_opt_values /opt/stack/data/venv/lib/python3.12/site-packages/oslo_config/cfg.py:3560}}[00m
2026-09-15 18:28:12.223 3449763 DEBUG oslo_service.backend._eventlet.service [req-14e7fedf-0b2f-47fc-bf26-c59b6864214c - - - - - -] vault.kv_version               = 2 [00;33m{{(pid=3449763) log_opt_values /opt/stack/data/venv/lib/python3.12/site-packages/oslo_config/cfg.py:3560}}[00m
2026-09-15 18:28:12.223 3449763 DEBUG oslo_service.backend._eventlet.service [req-14e7fedf-0b2f-47fc-bf26-c59b6864214c - - - - - -] vault.namespace                = None [00;33m{{(pid=3449763) log_opt_values /opt/stack/data/venv/lib/python3.12/site-packages/oslo_config/cfg.py:3560}}[00m
2026-09-15 18:28:12.223 3449763 DEBUG oslo_service.backend._eventlet.service [req-14e7fedf-0b2f-47fc-bf26-c59b6864214c - - - - - -] vault.root_token_id            = **** [00;33m{{(pid=3449763) log_opt_values /opt/stack/data/venv/lib/python3.12/site-packages/oslo_config/cfg.py:3560}}[00m
2026-09-15 18:28:12.223 3449763 DEBUG oslo_service.backend._eventlet.service [req-14e7fedf-0b2f-47fc-bf26-c59b6864214c - - - - - -] vault.ssl_ca_crt_file          = None [00;33m{{(pid=3449763) log_opt_values /opt/stack/data/venv/lib/python3.12/site-packages/oslo_config/cfg.py:3560}}[00m
2026-09-15 18:28:12.223 3449763 DEBUG oslo_service.backend._eventlet.service [req-14e7fedf-0b2f-47fc-bf26-c59b6864214c - - - - - -] vault.timeout                  = 60.0 [00;33m{{(pid=3449763) log_opt_values /opt/stack/data/venv/lib/python3.12/site-packages/oslo_config/cfg.py:3560}}[00m
2026-09-15 18:28:12.223 3449763 DEBUG oslo_service.backend._eventlet.service [req-14e7fedf-0b2f-47fc-bf26-c59b6864214c - - - - - -] vault.token_file               = None [00;33m{{(pid=3449763) log_opt_values /opt/stack/data/venv/lib/python3.12/site-packages/oslo_config/cfg.py:3560}}[00m
2026-09-15 18:28:12.223 3449763 DEBUG oslo_service.backend._eventlet.service [req-14e7fedf-0b2f-47fc-bf26-c59b6864214c - - - - - -] vault.token_role               = None [00;33m{{(pid=3449763) log_opt_values /opt/stack/data/venv/lib/python3.12/site-packages/oslo_config/cfg.py:3560}}[00m
2026-09-15 18:28:12.223 3449763 DEBUG oslo_service.backend._eventlet.service [req-14e7fedf-0b2f-47fc-bf26-c59b6864214c - - - - - -] vault.use_ssl                  = False [00;33m{{(pid=3449763) log_opt_values /opt/stack/data/venv/lib/python3.12/site-packages/oslo_config/cfg.py:3560}}[00m
2026-09-15 18:28:12.223 3449763 DEBUG oslo_service.backend._eventlet.service [req-14e7fedf-0b2f-47fc-bf26-c59b6864214c - - - - - -] vault.vault_url                = http://127.0.0.1:8200 [00;33m{{(pid=3449763) log_opt_values /opt/stack/data/venv/lib/python3.12/site-packages/oslo_config/cfg.py:3560}}[00m
2026-09-15 18:28:12.223 3449763 DEBUG oslo_service.backend._eventlet.service [req-14e7fedf-0b2f-47fc-bf26-c59b6864214c - - - - - -] fc-zone-manager.enable_unsupported_driver = False [00;33m{{(pid=3449763) log_opt_values /opt/stack/data/venv/lib/python3.12/site-packages/oslo_config/cfg.py:3560}}[00m
2026-09-15 18:28:12.224 3449763 DEBUG oslo_service.backend._eventlet.service [req-14e7fedf-0b2f-47fc-bf26-c59b6864214c - - - - - -] fc-zone-manager.fc_fabric_names = None [00;33m{{(pid=3449763) log_opt_values /opt/stack/data/venv/lib/python3.12/site-packages/oslo_config/cfg.py:3560}}[00m
2026-09-15 18:28:12.224 3449763 DEBUG oslo_service.backend._eventlet.service [req-14e7fedf-0b2f-47fc-bf26-c59b6864214c - - - - - -] fc-zone-manager.fc_san_lookup_service = cinder.zonemanager.drivers.brocade.brcd_fc_san_lookup_service.BrcdFCSanLookupService [00;33m{{(pid=3449763) log_opt_values /opt/stack/data/venv/lib/python3.12/site-packages/oslo_config/cfg.py:3560}}[00m
2026-09-15 18:28:12.224 3449763 DEBUG oslo_service.backend._eventlet.service [req-14e7fedf-0b2f-47fc-bf26-c59b6864214c - - - - - -] fc-zone-manager.zone_driver    = cinder.zonemanager.drivers.brocade.brcd_fc_zone_driver.BrcdFCZoneDriver [00;33m{{(pid=3449763) log_opt_values /opt/stack/data/venv/lib/python3.12/site-packages/oslo_config/cfg.py:3560}}[00m
2026-09-15 18:28:12.224 3449763 DEBUG oslo_service.backend._eventlet.service [req-14e7fedf-0b2f-47fc-bf26-c59b6864214c - - - - - -] fc-zone-manager.zoning_policy  = initiator-target [00;33m{{(pid=3449763) log_opt_values /opt/stack/data/venv/lib/python3.12/site-packages/oslo_config/cfg.py:3560}}[00m
2026-09-15 18:28:12.224 3449763 DEBUG oslo_service.backend._eventlet.service [req-14e7fedf-0b2f-47fc-bf26-c59b6864214c - - - - - -] ******************************************************************************** [00;33m{{(pid=3449763) log_opt_values /opt/stack/data/venv/lib/python3.12/site-packages/oslo_config/cfg.py:3567}}[00m
2026-09-15 18:28:12.289 3449777 DEBUG cinder.volume.drivers.hitachi.hbsd_rest_api [req-724a402a-44f5-404f-b2ce-8bb673660971 - - - - - -] ERROR <?xml version="1.0" encoding="iso-8859-1"?> <!DOCTYPE html PUBLIC "-//W3C//DTD XHTML 1.0 Transitional//EN"          "http://www.w3.org/TR/xhtml1/DTD/xhtml1-transitional.dtd"> <html xmlns="http://www.w3.org/1999/xhtml" xml:lang="en" lang="en">  <head>   <title>503 Service Not Available</title>  </head>  <body>   <h1>503 Service Not Available</h1>  </body> </html> [00;33m{{(pid=3449777) _check_rest_api_response /opt/stack/cinder/cinder/volume/drivers/hitachi/hbsd_rest_api.py:485}}[00m
2026-09-15 18:28:17.304 3449777 DEBUG cinder.volume.drivers.hitachi.hbsd_rest_api [req-724a402a-44f5-404f-b2ce-8bb673660971 - - - - - -] ERROR <?xml version="1.0" encoding="iso-8859-1"?> <!DOCTYPE html PUBLIC "-//W3C//DTD XHTML 1.0 Transitional//EN"          "http://www.w3.org/TR/xhtml1/DTD/xhtml1-transitional.dtd"> <html xmlns="http://www.w3.org/1999/xhtml" xml:lang="en" lang="en">  <head>   <title>503 Service Not Available</title>  </head>  <body>   <h1>503 Service Not Available</h1>  </body> </html> [00;33m{{(pid=3449777) _check_rest_api_response /opt/stack/cinder/cinder/volume/drivers/hitachi/hbsd_rest_api.py:485}}[00m
2026-09-15 18:28:22.150 3449763 DEBUG dbcounter [-] [3449763] Writing DB stats cinder:SELECT=5,cinder:UPDATE=1 [00;33m{{(pid=3449763) stat_writer /opt/stack/data/venv/lib/python3.12/site-packages/dbcounter.py:115}}[00m
2026-09-15 18:28:22.304 3449777 DEBUG cinder.volume.drivers.hitachi.hbsd_rest_api [req-724a402a-44f5-404f-b2ce-8bb673660971 - - - - - -] ERROR <?xml version="1.0" encoding="iso-8859-1"?> <!DOCTYPE html PUBLIC "-//W3C//DTD XHTML 1.0 Transitional//EN"          "http://www.w3.org/TR/xhtml1/DTD/xhtml1-transitional.dtd"> <html xmlns="http://www.w3.org/1999/xhtml" xml:lang="en" lang="en">  <head>   <title>503 Service Not Available</title>  </head>  <body>   <h1>503 Service Not Available</h1>  </body> </html> [00;33m{{(pid=3449777) _check_rest_api_response /opt/stack/cinder/cinder/volume/drivers/hitachi/hbsd_rest_api.py:485}}[00m
2026-09-15 18:28:27.301 3449777 DEBUG cinder.volume.drivers.hitachi.hbsd_rest_api [req-724a402a-44f5-404f-b2ce-8bb673660971 - - - - - -] ERROR <?xml version="1.0" encoding="iso-8859-1"?> <!DOCTYPE html PUBLIC "-//W3C//DTD XHTML 1.0 Transitional//EN"          "http://www.w3.org/TR/xhtml1/DTD/xhtml1-transitional.dtd"> <html xmlns="http://www.w3.org/1999/xhtml" xml:lang="en" lang="en">  <head>   <title>503 Service Not Available</title>  </head>  <body>   <h1>503 Service Not Available</h1>  </body> </html> [00;33m{{(pid=3449777) _check_rest_api_response /opt/stack/cinder/cinder/volume/drivers/hitachi/hbsd_rest_api.py:485}}[00m
2026-09-15 18:28:32.303 3449777 DEBUG cinder.volume.drivers.hitachi.hbsd_rest_api [req-724a402a-44f5-404f-b2ce-8bb673660971 - - - - - -] ERROR <?xml version="1.0" encoding="iso-8859-1"?> <!DOCTYPE html PUBLIC "-//W3C//DTD XHTML 1.0 Transitional//EN"          "http://www.w3.org/TR/xhtml1/DTD/xhtml1-transitional.dtd"> <html xmlns="http://www.w3.org/1999/xhtml" xml:lang="en" lang="en">  <head>   <title>503 Service Not Available</title>  </head>  <body>   <h1>503 Service Not Available</h1>  </body> </html> [00;33m{{(pid=3449777) _check_rest_api_response /opt/stack/cinder/cinder/volume/drivers/hitachi/hbsd_rest_api.py:485}}[00m
2026-09-15 18:28:37.308 3449777 DEBUG cinder.volume.drivers.hitachi.hbsd_rest_api [req-724a402a-44f5-404f-b2ce-8bb673660971 - - - - - -] ERROR <?xml version="1.0" encoding="iso-8859-1"?> <!DOCTYPE html PUBLIC "-//W3C//DTD XHTML 1.0 Transitional//EN"          "http://www.w3.org/TR/xhtml1/DTD/xhtml1-transitional.dtd"> <html xmlns="http://www.w3.org/1999/xhtml" xml:lang="en" lang="en">  <head>   <title>503 Service Not Available</title>  </head>  <body>   <h1>503 Service Not Available</h1>  </body> </html> [00;33m{{(pid=3449777) _check_rest_api_response /opt/stack/cinder/cinder/volume/drivers/hitachi/hbsd_rest_api.py:485}}[00m
2026-09-15 18:28:42.308 3449777 DEBUG cinder.volume.drivers.hitachi.hbsd_rest_api [req-724a402a-44f5-404f-b2ce-8bb673660971 - - - - - -] ERROR <?xml version="1.0" encoding="iso-8859-1"?> <!DOCTYPE html PUBLIC "-//W3C//DTD XHTML 1.0 Transitional//EN"          "http://www.w3.org/TR/xhtml1/DTD/xhtml1-transitional.dtd"> <html xmlns="http://www.w3.org/1999/xhtml" xml:lang="en" lang="en">  <head>   <title>503 Service Not Available</title>  </head>  <body>   <h1>503 Service Not Available</h1>  </body> </html> [00;33m{{(pid=3449777) _check_rest_api_response /opt/stack/cinder/cinder/volume/drivers/hitachi/hbsd_rest_api.py:485}}[00m
2026-09-15 18:28:47.310 3449777 DEBUG cinder.volume.drivers.hitachi.hbsd_rest_api [req-724a402a-44f5-404f-b2ce-8bb673660971 - - - - - -] ERROR <?xml version="1.0" encoding="iso-8859-1"?> <!DOCTYPE html PUBLIC "-//W3C//DTD XHTML 1.0 Transitional//EN"          "http://www.w3.org/TR/xhtml1/DTD/xhtml1-transitional.dtd"> <html xmlns="http://www.w3.org/1999/xhtml" xml:lang="en" lang="en">  <head>   <title>503 Service Not Available</title>  </head>  <body>   <h1>503 Service Not Available</h1>  </body> </html> [00;33m{{(pid=3449777) _check_rest_api_response /opt/stack/cinder/cinder/volume/drivers/hitachi/hbsd_rest_api.py:485}}[00m
2026-09-15 18:28:52.313 3449777 DEBUG cinder.volume.drivers.hitachi.hbsd_rest_api [req-724a402a-44f5-404f-b2ce-8bb673660971 - - - - - -] ERROR <?xml version="1.0" encoding="iso-8859-1"?> <!DOCTYPE html PUBLIC "-//W3C//DTD XHTML 1.0 Transitional//EN"          "http://www.w3.org/TR/xhtml1/DTD/xhtml1-transitional.dtd"> <html xmlns="http://www.w3.org/1999/xhtml" xml:lang="en" lang="en">  <head>   <title>503 Service Not Available</title>  </head>  <body>   <h1>503 Service Not Available</h1>  </body> </html> [00;33m{{(pid=3449777) _check_rest_api_response /opt/stack/cinder/cinder/volume/drivers/hitachi/hbsd_rest_api.py:485}}[00m
2026-09-15 18:28:57.313 3449777 DEBUG cinder.volume.drivers.hitachi.hbsd_rest_api [req-724a402a-44f5-404f-b2ce-8bb673660971 - - - - - -] ERROR <?xml version="1.0" encoding="iso-8859-1"?> <!DOCTYPE html PUBLIC "-//W3C//DTD XHTML 1.0 Transitional//EN"          "http://www.w3.org/TR/xhtml1/DTD/xhtml1-transitional.dtd"> <html xmlns="http://www.w3.org/1999/xhtml" xml:lang="en" lang="en">  <head>   <title>503 Service Not Available</title>  </head>  <body>   <h1>503 Service Not Available</h1>  </body> </html> [00;33m{{(pid=3449777) _check_rest_api_response /opt/stack/cinder/cinder/volume/drivers/hitachi/hbsd_rest_api.py:485}}[00m
2026-09-15 18:29:02.313 3449777 DEBUG cinder.volume.drivers.hitachi.hbsd_rest_api [req-724a402a-44f5-404f-b2ce-8bb673660971 - - - - - -] ERROR <?xml version="1.0" encoding="iso-8859-1"?> <!DOCTYPE html PUBLIC "-//W3C//DTD XHTML 1.0 Transitional//EN"          "http://www.w3.org/TR/xhtml1/DTD/xhtml1-transitional.dtd"> <html xmlns="http://www.w3.org/1999/xhtml" xml:lang="en" lang="en">  <head>   <title>503 Service Not Available</title>  </head>  <body>   <h1>503 Service Not Available</h1>  </body> </html> [00;33m{{(pid=3449777) _check_rest_api_response /opt/stack/cinder/cinder/volume/drivers/hitachi/hbsd_rest_api.py:485}}[00m
2026-09-15 18:29:07.317 3449777 DEBUG cinder.volume.drivers.hitachi.hbsd_rest_api [req-724a402a-44f5-404f-b2ce-8bb673660971 - - - - - -] ERROR <?xml version="1.0" encoding="iso-8859-1"?> <!DOCTYPE html PUBLIC "-//W3C//DTD XHTML 1.0 Transitional//EN"          "http://www.w3.org/TR/xhtml1/DTD/xhtml1-transitional.dtd"> <html xmlns="http://www.w3.org/1999/xhtml" xml:lang="en" lang="en">  <head>   <title>503 Service Not Available</title>  </head>  <body>   <h1>503 Service Not Available</h1>  </body> </html> [00;33m{{(pid=3449777) _check_rest_api_response /opt/stack/cinder/cinder/volume/drivers/hitachi/hbsd_rest_api.py:485}}[00m
2026-09-15 18:29:12.322 3449777 DEBUG cinder.volume.drivers.hitachi.hbsd_rest_api [req-724a402a-44f5-404f-b2ce-8bb673660971 - - - - - -] ERROR <?xml version="1.0" encoding="iso-8859-1"?> <!DOCTYPE html PUBLIC "-//W3C//DTD XHTML 1.0 Transitional//EN"          "http://www.w3.org/TR/xhtml1/DTD/xhtml1-transitional.dtd"> <html xmlns="http://www.w3.org/1999/xhtml" xml:lang="en" lang="en">  <head>   <title>503 Service Not Available</title>  </head>  <body>   <h1>503 Service Not Available</h1>  </body> </html> [00;33m{{(pid=3449777) _check_rest_api_response /opt/stack/cinder/cinder/volume/drivers/hitachi/hbsd_rest_api.py:485}}[00m
2026-09-15 18:29:17.317 3449777 DEBUG cinder.volume.drivers.hitachi.hbsd_rest_api [req-724a402a-44f5-404f-b2ce-8bb673660971 - - - - - -] ERROR <?xml version="1.0" encoding="iso-8859-1"?> <!DOCTYPE html PUBLIC "-//W3C//DTD XHTML 1.0 Transitional//EN"          "http://www.w3.org/TR/xhtml1/DTD/xhtml1-transitional.dtd"> <html xmlns="http://www.w3.org/1999/xhtml" xml:lang="en" lang="en">  <head>   <title>503 Service Not Available</title>  </head>  <body>   <h1>503 Service Not Available</h1>  </body> </html> [00;33m{{(pid=3449777) _check_rest_api_response /opt/stack/cinder/cinder/volume/drivers/hitachi/hbsd_rest_api.py:485}}[00m
2026-09-15 18:29:22.319 3449777 DEBUG cinder.volume.drivers.hitachi.hbsd_rest_api [req-724a402a-44f5-404f-b2ce-8bb673660971 - - - - - -] ERROR <?xml version="1.0" encoding="iso-8859-1"?> <!DOCTYPE html PUBLIC "-//W3C//DTD XHTML 1.0 Transitional//EN"          "http://www.w3.org/TR/xhtml1/DTD/xhtml1-transitional.dtd"> <html xmlns="http://www.w3.org/1999/xhtml" xml:lang="en" lang="en">  <head>   <title>503 Service Not Available</title>  </head>  <body>   <h1>503 Service Not Available</h1>  </body> </html> [00;33m{{(pid=3449777) _check_rest_api_response /opt/stack/cinder/cinder/volume/drivers/hitachi/hbsd_rest_api.py:485}}[00m
2026-09-15 18:29:27.320 3449777 DEBUG cinder.volume.drivers.hitachi.hbsd_rest_api [req-724a402a-44f5-404f-b2ce-8bb673660971 - - - - - -] ERROR <?xml version="1.0" encoding="iso-8859-1"?> <!DOCTYPE html PUBLIC "-//W3C//DTD XHTML 1.0 Transitional//EN"          "http://www.w3.org/TR/xhtml1/DTD/xhtml1-transitional.dtd"> <html xmlns="http://www.w3.org/1999/xhtml" xml:lang="en" lang="en">  <head>   <title>503 Service Not Available</title>  </head>  <body>   <h1>503 Service Not Available</h1>  </body> </html> [00;33m{{(pid=3449777) _check_rest_api_response /opt/stack/cinder/cinder/volume/drivers/hitachi/hbsd_rest_api.py:485}}[00m
2026-09-15 18:29:32.326 3449777 DEBUG cinder.volume.drivers.hitachi.hbsd_rest_api [req-724a402a-44f5-404f-b2ce-8bb673660971 - - - - - -] ERROR <?xml version="1.0" encoding="iso-8859-1"?> <!DOCTYPE html PUBLIC "-//W3C//DTD XHTML 1.0 Transitional//EN"          "http://www.w3.org/TR/xhtml1/DTD/xhtml1-transitional.dtd"> <html xmlns="http://www.w3.org/1999/xhtml" xml:lang="en" lang="en">  <head>   <title>503 Service Not Available</title>  </head>  <body>   <h1>503 Service Not Available</h1>  </body> </html> [00;33m{{(pid=3449777) _check_rest_api_response /opt/stack/cinder/cinder/volume/drivers/hitachi/hbsd_rest_api.py:485}}[00m
2026-09-15 18:29:37.323 3449777 DEBUG cinder.volume.drivers.hitachi.hbsd_rest_api [req-724a402a-44f5-404f-b2ce-8bb673660971 - - - - - -] ERROR <?xml version="1.0" encoding="iso-8859-1"?> <!DOCTYPE html PUBLIC "-//W3C//DTD XHTML 1.0 Transitional//EN"          "http://www.w3.org/TR/xhtml1/DTD/xhtml1-transitional.dtd"> <html xmlns="http://www.w3.org/1999/xhtml" xml:lang="en" lang="en">  <head>   <title>503 Service Not Available</title>  </head>  <body>   <h1>503 Service Not Available</h1>  </body> </html> [00;33m{{(pid=3449777) _check_rest_api_response /opt/stack/cinder/cinder/volume/drivers/hitachi/hbsd_rest_api.py:485}}[00m
2026-09-15 18:29:42.326 3449777 DEBUG cinder.volume.drivers.hitachi.hbsd_rest_api [req-724a402a-44f5-404f-b2ce-8bb673660971 - - - - - -] ERROR <?xml version="1.0" encoding="iso-8859-1"?> <!DOCTYPE html PUBLIC "-//W3C//DTD XHTML 1.0 Transitional//EN"          "http://www.w3.org/TR/xhtml1/DTD/xhtml1-transitional.dtd"> <html xmlns="http://www.w3.org/1999/xhtml" xml:lang="en" lang="en">  <head>   <title>503 Service Not Available</title>  </head>  <body>   <h1>503 Service Not Available</h1>  </body> </html> [00;33m{{(pid=3449777) _check_rest_api_response /opt/stack/cinder/cinder/volume/drivers/hitachi/hbsd_rest_api.py:485}}[00m
2026-09-15 18:29:47.326 3449777 DEBUG cinder.volume.drivers.hitachi.hbsd_rest_api [req-724a402a-44f5-404f-b2ce-8bb673660971 - - - - - -] ERROR <?xml version="1.0" encoding="iso-8859-1"?> <!DOCTYPE html PUBLIC "-//W3C//DTD XHTML 1.0 Transitional//EN"          "http://www.w3.org/TR/xhtml1/DTD/xhtml1-transitional.dtd"> <html xmlns="http://www.w3.org/1999/xhtml" xml:lang="en" lang="en">  <head>   <title>503 Service Not Available</title>  </head>  <body>   <h1>503 Service Not Available</h1>  </body> </html> [00;33m{{(pid=3449777) _check_rest_api_response /opt/stack/cinder/cinder/volume/drivers/hitachi/hbsd_rest_api.py:485}}[00m
2026-09-15 18:29:52.327 3449777 DEBUG cinder.volume.drivers.hitachi.hbsd_rest_api [req-724a402a-44f5-404f-b2ce-8bb673660971 - - - - - -] ERROR <?xml version="1.0" encoding="iso-8859-1"?> <!DOCTYPE html PUBLIC "-//W3C//DTD XHTML 1.0 Transitional//EN"          "http://www.w3.org/TR/xhtml1/DTD/xhtml1-transitional.dtd"> <html xmlns="http://www.w3.org/1999/xhtml" xml:lang="en" lang="en">  <head>   <title>503 Service Not Available</title>  </head>  <body>   <h1>503 Service Not Available</h1>  </body> </html> [00;33m{{(pid=3449777) _check_rest_api_response /opt/stack/cinder/cinder/volume/drivers/hitachi/hbsd_rest_api.py:485}}[00m
2026-09-15 18:29:57.329 3449777 DEBUG cinder.volume.drivers.hitachi.hbsd_rest_api [req-724a402a-44f5-404f-b2ce-8bb673660971 - - - - - -] ERROR <?xml version="1.0" encoding="iso-8859-1"?> <!DOCTYPE html PUBLIC "-//W3C//DTD XHTML 1.0 Transitional//EN"          "http://www.w3.org/TR/xhtml1/DTD/xhtml1-transitional.dtd"> <html xmlns="http://www.w3.org/1999/xhtml" xml:lang="en" lang="en">  <head>   <title>503 Service Not Available</title>  </head>  <body>   <h1>503 Service Not Available</h1>  </body> </html> [00;33m{{(pid=3449777) _check_rest_api_response /opt/stack/cinder/cinder/volume/drivers/hitachi/hbsd_rest_api.py:485}}[00m
2026-09-15 18:30:02.330 3449777 DEBUG cinder.volume.drivers.hitachi.hbsd_rest_api [req-724a402a-44f5-404f-b2ce-8bb673660971 - - - - - -] ERROR <?xml version="1.0" encoding="iso-8859-1"?> <!DOCTYPE html PUBLIC "-//W3C//DTD XHTML 1.0 Transitional//EN"          "http://www.w3.org/TR/xhtml1/DTD/xhtml1-transitional.dtd"> <html xmlns="http://www.w3.org/1999/xhtml" xml:lang="en" lang="en">  <head>   <title>503 Service Not Available</title>  </head>  <body>   <h1>503 Service Not Available</h1>  </body> </html> [00;33m{{(pid=3449777) _check_rest_api_response /opt/stack/cinder/cinder/volume/drivers/hitachi/hbsd_rest_api.py:485}}[00m
2026-09-15 18:30:07.330 3449777 DEBUG cinder.volume.drivers.hitachi.hbsd_rest_api [req-724a402a-44f5-404f-b2ce-8bb673660971 - - - - - -] ERROR <?xml version="1.0" encoding="iso-8859-1"?> <!DOCTYPE html PUBLIC "-//W3C//DTD XHTML 1.0 Transitional//EN"          "http://www.w3.org/TR/xhtml1/DTD/xhtml1-transitional.dtd"> <html xmlns="http://www.w3.org/1999/xhtml" xml:lang="en" lang="en">  <head>   <title>503 Service Not Available</title>  </head>  <body>   <h1>503 Service Not Available</h1>  </body> </html> [00;33m{{(pid=3449777) _check_rest_api_response /opt/stack/cinder/cinder/volume/drivers/hitachi/hbsd_rest_api.py:485}}[00m
2026-09-15 18:30:12.333 3449777 DEBUG cinder.volume.drivers.hitachi.hbsd_rest_api [req-724a402a-44f5-404f-b2ce-8bb673660971 - - - - - -] ERROR <?xml version="1.0" encoding="iso-8859-1"?> <!DOCTYPE html PUBLIC "-//W3C//DTD XHTML 1.0 Transitional//EN"          "http://www.w3.org/TR/xhtml1/DTD/xhtml1-transitional.dtd"> <html xmlns="http://www.w3.org/1999/xhtml" xml:lang="en" lang="en">  <head>   <title>503 Service Not Available</title>  </head>  <body>   <h1>503 Service Not Available</h1>  </body> </html> [00;33m{{(pid=3449777) _check_rest_api_response /opt/stack/cinder/cinder/volume/drivers/hitachi/hbsd_rest_api.py:485}}[00m
2026-09-15 18:30:17.337 3449777 DEBUG cinder.volume.drivers.hitachi.hbsd_rest_api [req-724a402a-44f5-404f-b2ce-8bb673660971 - - - - - -] ERROR <?xml version="1.0" encoding="iso-8859-1"?> <!DOCTYPE html PUBLIC "-//W3C//DTD XHTML 1.0 Transitional//EN"          "http://www.w3.org/TR/xhtml1/DTD/xhtml1-transitional.dtd"> <html xmlns="http://www.w3.org/1999/xhtml" xml:lang="en" lang="en">  <head>   <title>503 Service Not Available</title>  </head>  <body>   <h1>503 Service Not Available</h1>  </body> </html> [00;33m{{(pid=3449777) _check_rest_api_response /opt/stack/cinder/cinder/volume/drivers/hitachi/hbsd_rest_api.py:485}}[00m
2026-09-15 18:30:22.334 3449777 DEBUG cinder.volume.drivers.hitachi.hbsd_rest_api [req-724a402a-44f5-404f-b2ce-8bb673660971 - - - - - -] ERROR <?xml version="1.0" encoding="iso-8859-1"?> <!DOCTYPE html PUBLIC "-//W3C//DTD XHTML 1.0 Transitional//EN"          "http://www.w3.org/TR/xhtml1/DTD/xhtml1-transitional.dtd"> <html xmlns="http://www.w3.org/1999/xhtml" xml:lang="en" lang="en">  <head>   <title>503 Service Not Available</title>  </head>  <body>   <h1>503 Service Not Available</h1>  </body> </html> [00;33m{{(pid=3449777) _check_rest_api_response /opt/stack/cinder/cinder/volume/drivers/hitachi/hbsd_rest_api.py:485}}[00m
2026-09-15 18:30:27.334 3449777 DEBUG cinder.volume.drivers.hitachi.hbsd_rest_api [req-724a402a-44f5-404f-b2ce-8bb673660971 - - - - - -] ERROR <?xml version="1.0" encoding="iso-8859-1"?> <!DOCTYPE html PUBLIC "-//W3C//DTD XHTML 1.0 Transitional//EN"          "http://www.w3.org/TR/xhtml1/DTD/xhtml1-transitional.dtd"> <html xmlns="http://www.w3.org/1999/xhtml" xml:lang="en" lang="en">  <head>   <title>503 Service Not Available</title>  </head>  <body>   <h1>503 Service Not Available</h1>  </body> </html> [00;33m{{(pid=3449777) _check_rest_api_response /opt/stack/cinder/cinder/volume/drivers/hitachi/hbsd_rest_api.py:485}}[00m
2026-09-15 18:30:32.337 3449777 DEBUG cinder.volume.drivers.hitachi.hbsd_rest_api [req-724a402a-44f5-404f-b2ce-8bb673660971 - - - - - -] ERROR <?xml version="1.0" encoding="iso-8859-1"?> <!DOCTYPE html PUBLIC "-//W3C//DTD XHTML 1.0 Transitional//EN"          "http://www.w3.org/TR/xhtml1/DTD/xhtml1-transitional.dtd"> <html xmlns="http://www.w3.org/1999/xhtml" xml:lang="en" lang="en">  <head>   <title>503 Service Not Available</title>  </head>  <body>   <h1>503 Service Not Available</h1>  </body> </html> [00;33m{{(pid=3449777) _check_rest_api_response /opt/stack/cinder/cinder/volume/drivers/hitachi/hbsd_rest_api.py:485}}[00m
2026-09-15 18:30:37.344 3449777 DEBUG cinder.volume.drivers.hitachi.hbsd_rest_api [req-724a402a-44f5-404f-b2ce-8bb673660971 - - - - - -] ERROR <?xml version="1.0" encoding="iso-8859-1"?> <!DOCTYPE html PUBLIC "-//W3C//DTD XHTML 1.0 Transitional//EN"          "http://www.w3.org/TR/xhtml1/DTD/xhtml1-transitional.dtd"> <html xmlns="http://www.w3.org/1999/xhtml" xml:lang="en" lang="en">  <head>   <title>503 Service Not Available</title>  </head>  <body>   <h1>503 Service Not Available</h1>  </body> </html> [00;33m{{(pid=3449777) _check_rest_api_response /opt/stack/cinder/cinder/volume/drivers/hitachi/hbsd_rest_api.py:485}}[00m
2026-09-15 18:30:42.340 3449777 DEBUG cinder.volume.drivers.hitachi.hbsd_rest_api [req-724a402a-44f5-404f-b2ce-8bb673660971 - - - - - -] ERROR <?xml version="1.0" encoding="iso-8859-1"?> <!DOCTYPE html PUBLIC "-//W3C//DTD XHTML 1.0 Transitional//EN"          "http://www.w3.org/TR/xhtml1/DTD/xhtml1-transitional.dtd"> <html xmlns="http://www.w3.org/1999/xhtml" xml:lang="en" lang="en">  <head>   <title>503 Service Not Available</title>  </head>  <body>   <h1>503 Service Not Available</h1>  </body> </html> [00;33m{{(pid=3449777) _check_rest_api_response /opt/stack/cinder/cinder/volume/drivers/hitachi/hbsd_rest_api.py:485}}[00m
2026-09-15 18:30:47.340 3449777 DEBUG cinder.volume.drivers.hitachi.hbsd_rest_api [req-724a402a-44f5-404f-b2ce-8bb673660971 - - - - - -] ERROR <?xml version="1.0" encoding="iso-8859-1"?> <!DOCTYPE html PUBLIC "-//W3C//DTD XHTML 1.0 Transitional//EN"          "http://www.w3.org/TR/xhtml1/DTD/xhtml1-transitional.dtd"> <html xmlns="http://www.w3.org/1999/xhtml" xml:lang="en" lang="en">  <head>   <title>503 Service Not Available</title>  </head>  <body>   <h1>503 Service Not Available</h1>  </body> </html> [00;33m{{(pid=3449777) _check_rest_api_response /opt/stack/cinder/cinder/volume/drivers/hitachi/hbsd_rest_api.py:485}}[00m
2026-09-15 18:30:52.341 3449777 DEBUG cinder.volume.drivers.hitachi.hbsd_rest_api [req-724a402a-44f5-404f-b2ce-8bb673660971 - - - - - -] ERROR <?xml version="1.0" encoding="iso-8859-1"?> <!DOCTYPE html PUBLIC "-//W3C//DTD XHTML 1.0 Transitional//EN"          "http://www.w3.org/TR/xhtml1/DTD/xhtml1-transitional.dtd"> <html xmlns="http://www.w3.org/1999/xhtml" xml:lang="en" lang="en">  <head>   <title>503 Service Not Available</title>  </head>  <body>   <h1>503 Service Not Available</h1>  </body> </html> [00;33m{{(pid=3449777) _check_rest_api_response /opt/stack/cinder/cinder/volume/drivers/hitachi/hbsd_rest_api.py:485}}[00m
2026-09-15 18:30:57.343 3449777 DEBUG cinder.volume.drivers.hitachi.hbsd_rest_api [req-724a402a-44f5-404f-b2ce-8bb673660971 - - - - - -] ERROR <?xml version="1.0" encoding="iso-8859-1"?> <!DOCTYPE html PUBLIC "-//W3C//DTD XHTML 1.0 Transitional//EN"          "http://www.w3.org/TR/xhtml1/DTD/xhtml1-transitional.dtd"> <html xmlns="http://www.w3.org/1999/xhtml" xml:lang="en" lang="en">  <head>   <title>503 Service Not Available</title>  </head>  <body>   <h1>503 Service Not Available</h1>  </body> </html> [00;33m{{(pid=3449777) _check_rest_api_response /opt/stack/cinder/cinder/volume/drivers/hitachi/hbsd_rest_api.py:485}}[00m
2026-09-15 18:31:02.355 3449777 DEBUG cinder.volume.drivers.hitachi.hbsd_rest_api [req-724a402a-44f5-404f-b2ce-8bb673660971 - - - - - -] ERROR <?xml version="1.0" encoding="iso-8859-1"?> <!DOCTYPE html PUBLIC "-//W3C//DTD XHTML 1.0 Transitional//EN"          "http://www.w3.org/TR/xhtml1/DTD/xhtml1-transitional.dtd"> <html xmlns="http://www.w3.org/1999/xhtml" xml:lang="en" lang="en">  <head>   <title>503 Service Not Available</title>  </head>  <body>   <h1>503 Service Not Available</h1>  </body> </html> [00;33m{{(pid=3449777) _check_rest_api_response /opt/stack/cinder/cinder/volume/drivers/hitachi/hbsd_rest_api.py:485}}[00m
2026-09-15 18:31:07.348 3449777 DEBUG cinder.volume.drivers.hitachi.hbsd_rest_api [req-724a402a-44f5-404f-b2ce-8bb673660971 - - - - - -] ERROR <?xml version="1.0" encoding="iso-8859-1"?> <!DOCTYPE html PUBLIC "-//W3C//DTD XHTML 1.0 Transitional//EN"          "http://www.w3.org/TR/xhtml1/DTD/xhtml1-transitional.dtd"> <html xmlns="http://www.w3.org/1999/xhtml" xml:lang="en" lang="en">  <head>   <title>503 Service Not Available</title>  </head>  <body>   <h1>503 Service Not Available</h1>  </body> </html> [00;33m{{(pid=3449777) _check_rest_api_response /opt/stack/cinder/cinder/volume/drivers/hitachi/hbsd_rest_api.py:485}}[00m
2026-09-15 18:31:12.351 3449777 DEBUG cinder.volume.drivers.hitachi.hbsd_rest_api [req-724a402a-44f5-404f-b2ce-8bb673660971 - - - - - -] ERROR <?xml version="1.0" encoding="iso-8859-1"?> <!DOCTYPE html PUBLIC "-//W3C//DTD XHTML 1.0 Transitional//EN"          "http://www.w3.org/TR/xhtml1/DTD/xhtml1-transitional.dtd"> <html xmlns="http://www.w3.org/1999/xhtml" xml:lang="en" lang="en">  <head>   <title>503 Service Not Available</title>  </head>  <body>   <h1>503 Service Not Available</h1>  </body> </html> [00;33m{{(pid=3449777) _check_rest_api_response /opt/stack/cinder/cinder/volume/drivers/hitachi/hbsd_rest_api.py:485}}[00m
2026-09-15 18:31:17.351 3449777 DEBUG cinder.volume.drivers.hitachi.hbsd_rest_api [req-724a402a-44f5-404f-b2ce-8bb673660971 - - - - - -] ERROR <?xml version="1.0" encoding="iso-8859-1"?> <!DOCTYPE html PUBLIC "-//W3C//DTD XHTML 1.0 Transitional//EN"          "http://www.w3.org/TR/xhtml1/DTD/xhtml1-transitional.dtd"> <html xmlns="http://www.w3.org/1999/xhtml" xml:lang="en" lang="en">  <head>   <title>503 Service Not Available</title>  </head>  <body>   <h1>503 Service Not Available</h1>  </body> </html> [00;33m{{(pid=3449777) _check_rest_api_response /opt/stack/cinder/cinder/volume/drivers/hitachi/hbsd_rest_api.py:485}}[00m
2026-09-15 18:31:22.409 3449777 DEBUG cinder.volume.drivers.hitachi.hbsd_rest_api [req-724a402a-44f5-404f-b2ce-8bb673660971 - - - - - -] ERROR <?xml version="1.0" encoding="iso-8859-1"?> <!DOCTYPE html PUBLIC "-//W3C//DTD XHTML 1.0 Transitional//EN"          "http://www.w3.org/TR/xhtml1/DTD/xhtml1-transitional.dtd"> <html xmlns="http://www.w3.org/1999/xhtml" xml:lang="en" lang="en">  <head>   <title>503 Service Not Available</title>  </head>  <body>   <h1>503 Service Not Available</h1>  </body> </html> [00;33m{{(pid=3449777) _check_rest_api_response /opt/stack/cinder/cinder/volume/drivers/hitachi/hbsd_rest_api.py:485}}[00m
2026-09-15 18:31:27.353 3449777 DEBUG cinder.volume.drivers.hitachi.hbsd_rest_api [req-724a402a-44f5-404f-b2ce-8bb673660971 - - - - - -] ERROR <?xml version="1.0" encoding="iso-8859-1"?> <!DOCTYPE html PUBLIC "-//W3C//DTD XHTML 1.0 Transitional//EN"          "http://www.w3.org/TR/xhtml1/DTD/xhtml1-transitional.dtd"> <html xmlns="http://www.w3.org/1999/xhtml" xml:lang="en" lang="en">  <head>   <title>503 Service Not Available</title>  </head>  <body>   <h1>503 Service Not Available</h1>  </body> </html> [00;33m{{(pid=3449777) _check_rest_api_response /opt/stack/cinder/cinder/volume/drivers/hitachi/hbsd_rest_api.py:485}}[00m
2026-09-15 18:31:32.352 3449777 DEBUG cinder.volume.drivers.hitachi.hbsd_rest_api [req-724a402a-44f5-404f-b2ce-8bb673660971 - - - - - -] ERROR <?xml version="1.0" encoding="iso-8859-1"?> <!DOCTYPE html PUBLIC "-//W3C//DTD XHTML 1.0 Transitional//EN"          "http://www.w3.org/TR/xhtml1/DTD/xhtml1-transitional.dtd"> <html xmlns="http://www.w3.org/1999/xhtml" xml:lang="en" lang="en">  <head>   <title>503 Service Not Available</title>  </head>  <body>   <h1>503 Service Not Available</h1>  </body> </html> [00;33m{{(pid=3449777) _check_rest_api_response /opt/stack/cinder/cinder/volume/drivers/hitachi/hbsd_rest_api.py:485}}[00m
2026-09-15 18:31:37.354 3449777 DEBUG cinder.volume.drivers.hitachi.hbsd_rest_api [req-724a402a-44f5-404f-b2ce-8bb673660971 - - - - - -] ERROR <?xml version="1.0" encoding="iso-8859-1"?> <!DOCTYPE html PUBLIC "-//W3C//DTD XHTML 1.0 Transitional//EN"          "http://www.w3.org/TR/xhtml1/DTD/xhtml1-transitional.dtd"> <html xmlns="http://www.w3.org/1999/xhtml" xml:lang="en" lang="en">  <head>   <title>503 Service Not Available</title>  </head>  <body>   <h1>503 Service Not Available</h1>  </body> </html> [00;33m{{(pid=3449777) _check_rest_api_response /opt/stack/cinder/cinder/volume/drivers/hitachi/hbsd_rest_api.py:485}}[00m
2026-09-15 18:31:42.354 3449777 DEBUG cinder.volume.drivers.hitachi.hbsd_rest_api [req-724a402a-44f5-404f-b2ce-8bb673660971 - - - - - -] ERROR <?xml version="1.0" encoding="iso-8859-1"?> <!DOCTYPE html PUBLIC "-//W3C//DTD XHTML 1.0 Transitional//EN"          "http://www.w3.org/TR/xhtml1/DTD/xhtml1-transitional.dtd"> <html xmlns="http://www.w3.org/1999/xhtml" xml:lang="en" lang="en">  <head>   <title>503 Service Not Available</title>  </head>  <body>   <h1>503 Service Not Available</h1>  </body> </html> [00;33m{{(pid=3449777) _check_rest_api_response /opt/stack/cinder/cinder/volume/drivers/hitachi/hbsd_rest_api.py:485}}[00m
2026-09-15 18:31:47.362 3449777 DEBUG cinder.volume.drivers.hitachi.hbsd_rest_api [req-724a402a-44f5-404f-b2ce-8bb673660971 - - - - - -] ERROR <?xml version="1.0" encoding="iso-8859-1"?> <!DOCTYPE html PUBLIC "-//W3C//DTD XHTML 1.0 Transitional//EN"          "http://www.w3.org/TR/xhtml1/DTD/xhtml1-transitional.dtd"> <html xmlns="http://www.w3.org/1999/xhtml" xml:lang="en" lang="en">  <head>   <title>503 Service Not Available</title>  </head>  <body>   <h1>503 Service Not Available</h1>  </body> </html> [00;33m{{(pid=3449777) _check_rest_api_response /opt/stack/cinder/cinder/volume/drivers/hitachi/hbsd_rest_api.py:485}}[00m
2026-09-15 18:31:52.357 3449777 DEBUG cinder.volume.drivers.hitachi.hbsd_rest_api [req-724a402a-44f5-404f-b2ce-8bb673660971 - - - - - -] ERROR <?xml version="1.0" encoding="iso-8859-1"?> <!DOCTYPE html PUBLIC "-//W3C//DTD XHTML 1.0 Transitional//EN"          "http://www.w3.org/TR/xhtml1/DTD/xhtml1-transitional.dtd"> <html xmlns="http://www.w3.org/1999/xhtml" xml:lang="en" lang="en">  <head>   <title>503 Service Not Available</title>  </head>  <body>   <h1>503 Service Not Available</h1>  </body> </html> [00;33m{{(pid=3449777) _check_rest_api_response /opt/stack/cinder/cinder/volume/drivers/hitachi/hbsd_rest_api.py:485}}[00m
2026-09-15 18:31:57.359 3449777 DEBUG cinder.volume.drivers.hitachi.hbsd_rest_api [req-724a402a-44f5-404f-b2ce-8bb673660971 - - - - - -] ERROR <?xml version="1.0" encoding="iso-8859-1"?> <!DOCTYPE html PUBLIC "-//W3C//DTD XHTML 1.0 Transitional//EN"          "http://www.w3.org/TR/xhtml1/DTD/xhtml1-transitional.dtd"> <html xmlns="http://www.w3.org/1999/xhtml" xml:lang="en" lang="en">  <head>   <title>503 Service Not Available</title>  </head>  <body>   <h1>503 Service Not Available</h1>  </body> </html> [00;33m{{(pid=3449777) _check_rest_api_response /opt/stack/cinder/cinder/volume/drivers/hitachi/hbsd_rest_api.py:485}}[00m
2026-09-15 18:32:02.360 3449777 DEBUG cinder.volume.drivers.hitachi.hbsd_rest_api [req-724a402a-44f5-404f-b2ce-8bb673660971 - - - - - -] ERROR <?xml version="1.0" encoding="iso-8859-1"?> <!DOCTYPE html PUBLIC "-//W3C//DTD XHTML 1.0 Transitional//EN"          "http://www.w3.org/TR/xhtml1/DTD/xhtml1-transitional.dtd"> <html xmlns="http://www.w3.org/1999/xhtml" xml:lang="en" lang="en">  <head>   <title>503 Service Not Available</title>  </head>  <body>   <h1>503 Service Not Available</h1>  </body> </html> [00;33m{{(pid=3449777) _check_rest_api_response /opt/stack/cinder/cinder/volume/drivers/hitachi/hbsd_rest_api.py:485}}[00m
2026-09-15 18:32:07.364 3449777 DEBUG cinder.volume.drivers.hitachi.hbsd_rest_api [req-724a402a-44f5-404f-b2ce-8bb673660971 - - - - - -] ERROR <?xml version="1.0" encoding="iso-8859-1"?> <!DOCTYPE html PUBLIC "-//W3C//DTD XHTML 1.0 Transitional//EN"          "http://www.w3.org/TR/xhtml1/DTD/xhtml1-transitional.dtd"> <html xmlns="http://www.w3.org/1999/xhtml" xml:lang="en" lang="en">  <head>   <title>503 Service Not Available</title>  </head>  <body>   <h1>503 Service Not Available</h1>  </body> </html> [00;33m{{(pid=3449777) _check_rest_api_response /opt/stack/cinder/cinder/volume/drivers/hitachi/hbsd_rest_api.py:485}}[00m
2026-09-15 18:32:12.362 3449777 DEBUG cinder.volume.drivers.hitachi.hbsd_rest_api [req-724a402a-44f5-404f-b2ce-8bb673660971 - - - - - -] ERROR <?xml version="1.0" encoding="iso-8859-1"?> <!DOCTYPE html PUBLIC "-//W3C//DTD XHTML 1.0 Transitional//EN"          "http://www.w3.org/TR/xhtml1/DTD/xhtml1-transitional.dtd"> <html xmlns="http://www.w3.org/1999/xhtml" xml:lang="en" lang="en">  <head>   <title>503 Service Not Available</title>  </head>  <body>   <h1>503 Service Not Available</h1>  </body> </html> [00;33m{{(pid=3449777) _check_rest_api_response /opt/stack/cinder/cinder/volume/drivers/hitachi/hbsd_rest_api.py:485}}[00m
2026-09-15 18:32:17.366 3449777 DEBUG cinder.volume.drivers.hitachi.hbsd_rest_api [req-724a402a-44f5-404f-b2ce-8bb673660971 - - - - - -] ERROR <?xml version="1.0" encoding="iso-8859-1"?> <!DOCTYPE html PUBLIC "-//W3C//DTD XHTML 1.0 Transitional//EN"          "http://www.w3.org/TR/xhtml1/DTD/xhtml1-transitional.dtd"> <html xmlns="http://www.w3.org/1999/xhtml" xml:lang="en" lang="en">  <head>   <title>503 Service Not Available</title>  </head>  <body>   <h1>503 Service Not Available</h1>  </body> </html> [00;33m{{(pid=3449777) _check_rest_api_response /opt/stack/cinder/cinder/volume/drivers/hitachi/hbsd_rest_api.py:485}}[00m
2026-09-15 18:32:22.384 3449777 DEBUG cinder.volume.drivers.hitachi.hbsd_rest_api [req-724a402a-44f5-404f-b2ce-8bb673660971 - - - - - -] ERROR <?xml version="1.0" encoding="iso-8859-1"?> <!DOCTYPE html PUBLIC "-//W3C//DTD XHTML 1.0 Transitional//EN"          "http://www.w3.org/TR/xhtml1/DTD/xhtml1-transitional.dtd"> <html xmlns="http://www.w3.org/1999/xhtml" xml:lang="en" lang="en">  <head>   <title>503 Service Not Available</title>  </head>  <body>   <h1>503 Service Not Available</h1>  </body> </html> [00;33m{{(pid=3449777) _check_rest_api_response /opt/stack/cinder/cinder/volume/drivers/hitachi/hbsd_rest_api.py:485}}[00m
2026-09-15 18:32:27.400 3449777 DEBUG cinder.volume.drivers.hitachi.hbsd_rest_api [req-724a402a-44f5-404f-b2ce-8bb673660971 - - - - - -] ERROR <?xml version="1.0" encoding="iso-8859-1"?> <!DOCTYPE html PUBLIC "-//W3C//DTD XHTML 1.0 Transitional//EN"          "http://www.w3.org/TR/xhtml1/DTD/xhtml1-transitional.dtd"> <html xmlns="http://www.w3.org/1999/xhtml" xml:lang="en" lang="en">  <head>   <title>503 Service Not Available</title>  </head>  <body>   <h1>503 Service Not Available</h1>  </body> </html> [00;33m{{(pid=3449777) _check_rest_api_response /opt/stack/cinder/cinder/volume/drivers/hitachi/hbsd_rest_api.py:485}}[00m
2026-09-15 18:32:32.368 3449777 DEBUG cinder.volume.drivers.hitachi.hbsd_rest_api [req-724a402a-44f5-404f-b2ce-8bb673660971 - - - - - -] ERROR <?xml version="1.0" encoding="iso-8859-1"?> <!DOCTYPE html PUBLIC "-//W3C//DTD XHTML 1.0 Transitional//EN"          "http://www.w3.org/TR/xhtml1/DTD/xhtml1-transitional.dtd"> <html xmlns="http://www.w3.org/1999/xhtml" xml:lang="en" lang="en">  <head>   <title>503 Service Not Available</title>  </head>  <body>   <h1>503 Service Not Available</h1>  </body> </html> [00;33m{{(pid=3449777) _check_rest_api_response /opt/stack/cinder/cinder/volume/drivers/hitachi/hbsd_rest_api.py:485}}[00m
2026-09-15 18:32:37.370 3449777 DEBUG cinder.volume.drivers.hitachi.hbsd_rest_api [req-724a402a-44f5-404f-b2ce-8bb673660971 - - - - - -] ERROR <?xml version="1.0" encoding="iso-8859-1"?> <!DOCTYPE html PUBLIC "-//W3C//DTD XHTML 1.0 Transitional//EN"          "http://www.w3.org/TR/xhtml1/DTD/xhtml1-transitional.dtd"> <html xmlns="http://www.w3.org/1999/xhtml" xml:lang="en" lang="en">  <head>   <title>503 Service Not Available</title>  </head>  <body>   <h1>503 Service Not Available</h1>  </body> </html> [00;33m{{(pid=3449777) _check_rest_api_response /opt/stack/cinder/cinder/volume/drivers/hitachi/hbsd_rest_api.py:485}}[00m
2026-09-15 18:32:42.370 3449777 DEBUG cinder.volume.drivers.hitachi.hbsd_rest_api [req-724a402a-44f5-404f-b2ce-8bb673660971 - - - - - -] ERROR <?xml version="1.0" encoding="iso-8859-1"?> <!DOCTYPE html PUBLIC "-//W3C//DTD XHTML 1.0 Transitional//EN"          "http://www.w3.org/TR/xhtml1/DTD/xhtml1-transitional.dtd"> <html xmlns="http://www.w3.org/1999/xhtml" xml:lang="en" lang="en">  <head>   <title>503 Service Not Available</title>  </head>  <body>   <h1>503 Service Not Available</h1>  </body> </html> [00;33m{{(pid=3449777) _check_rest_api_response /opt/stack/cinder/cinder/volume/drivers/hitachi/hbsd_rest_api.py:485}}[00m
2026-09-15 18:32:47.373 3449777 DEBUG cinder.volume.drivers.hitachi.hbsd_rest_api [req-724a402a-44f5-404f-b2ce-8bb673660971 - - - - - -] ERROR <?xml version="1.0" encoding="iso-8859-1"?> <!DOCTYPE html PUBLIC "-//W3C//DTD XHTML 1.0 Transitional//EN"          "http://www.w3.org/TR/xhtml1/DTD/xhtml1-transitional.dtd"> <html xmlns="http://www.w3.org/1999/xhtml" xml:lang="en" lang="en">  <head>   <title>503 Service Not Available</title>  </head>  <body>   <h1>503 Service Not Available</h1>  </body> </html> [00;33m{{(pid=3449777) _check_rest_api_response /opt/stack/cinder/cinder/volume/drivers/hitachi/hbsd_rest_api.py:485}}[00m
2026-09-15 18:32:52.386 3449777 DEBUG cinder.volume.drivers.hitachi.hbsd_rest_api [req-724a402a-44f5-404f-b2ce-8bb673660971 - - - - - -] ERROR <?xml version="1.0" encoding="iso-8859-1"?> <!DOCTYPE html PUBLIC "-//W3C//DTD XHTML 1.0 Transitional//EN"          "http://www.w3.org/TR/xhtml1/DTD/xhtml1-transitional.dtd"> <html xmlns="http://www.w3.org/1999/xhtml" xml:lang="en" lang="en">  <head>   <title>503 Service Not Available</title>  </head>  <body>   <h1>503 Service Not Available</h1>  </body> </html> [00;33m{{(pid=3449777) _check_rest_api_response /opt/stack/cinder/cinder/volume/drivers/hitachi/hbsd_rest_api.py:485}}[00m
2026-09-15 18:32:57.383 3449777 DEBUG cinder.volume.drivers.hitachi.hbsd_rest_api [req-724a402a-44f5-404f-b2ce-8bb673660971 - - - - - -] ERROR <?xml version="1.0" encoding="iso-8859-1"?> <!DOCTYPE html PUBLIC "-//W3C//DTD XHTML 1.0 Transitional//EN"          "http://www.w3.org/TR/xhtml1/DTD/xhtml1-transitional.dtd"> <html xmlns="http://www.w3.org/1999/xhtml" xml:lang="en" lang="en">  <head>   <title>503 Service Not Available</title>  </head>  <body>   <h1>503 Service Not Available</h1>  </body> </html> [00;33m{{(pid=3449777) _check_rest_api_response /opt/stack/cinder/cinder/volume/drivers/hitachi/hbsd_rest_api.py:485}}[00m
2026-09-15 18:33:02.423 3449777 DEBUG cinder.volume.drivers.hitachi.hbsd_rest_api [req-724a402a-44f5-404f-b2ce-8bb673660971 - - - - - -] ERROR <?xml version="1.0" encoding="iso-8859-1"?> <!DOCTYPE html PUBLIC "-//W3C//DTD XHTML 1.0 Transitional//EN"          "http://www.w3.org/TR/xhtml1/DTD/xhtml1-transitional.dtd"> <html xmlns="http://www.w3.org/1999/xhtml" xml:lang="en" lang="en">  <head>   <title>503 Service Not Available</title>  </head>  <body>   <h1>503 Service Not Available</h1>  </body> </html> [00;33m{{(pid=3449777) _check_rest_api_response /opt/stack/cinder/cinder/volume/drivers/hitachi/hbsd_rest_api.py:485}}[00m
2026-09-15 18:33:07.388 3449777 DEBUG cinder.volume.drivers.hitachi.hbsd_rest_api [req-724a402a-44f5-404f-b2ce-8bb673660971 - - - - - -] ERROR <?xml version="1.0" encoding="iso-8859-1"?> <!DOCTYPE html PUBLIC "-//W3C//DTD XHTML 1.0 Transitional//EN"          "http://www.w3.org/TR/xhtml1/DTD/xhtml1-transitional.dtd"> <html xmlns="http://www.w3.org/1999/xhtml" xml:lang="en" lang="en">  <head>   <title>503 Service Not Available</title>  </head>  <body>   <h1>503 Service Not Available</h1>  </body> </html> [00;33m{{(pid=3449777) _check_rest_api_response /opt/stack/cinder/cinder/volume/drivers/hitachi/hbsd_rest_api.py:485}}[00m
2026-09-15 18:33:12.379 3449777 DEBUG cinder.volume.drivers.hitachi.hbsd_rest_api [req-724a402a-44f5-404f-b2ce-8bb673660971 - - - - - -] ERROR <?xml version="1.0" encoding="iso-8859-1"?> <!DOCTYPE html PUBLIC "-//W3C//DTD XHTML 1.0 Transitional//EN"          "http://www.w3.org/TR/xhtml1/DTD/xhtml1-transitional.dtd"> <html xmlns="http://www.w3.org/1999/xhtml" xml:lang="en" lang="en">  <head>   <title>503 Service Not Available</title>  </head>  <body>   <h1>503 Service Not Available</h1>  </body> </html> [00;33m{{(pid=3449777) _check_rest_api_response /opt/stack/cinder/cinder/volume/drivers/hitachi/hbsd_rest_api.py:485}}[00m
2026-09-15 18:33:17.384 3449777 DEBUG cinder.volume.drivers.hitachi.hbsd_rest_api [req-724a402a-44f5-404f-b2ce-8bb673660971 - - - - - -] ERROR <?xml version="1.0" encoding="iso-8859-1"?> <!DOCTYPE html PUBLIC "-//W3C//DTD XHTML 1.0 Transitional//EN"          "http://www.w3.org/TR/xhtml1/DTD/xhtml1-transitional.dtd"> <html xmlns="http://www.w3.org/1999/xhtml" xml:lang="en" lang="en">  <head>   <title>503 Service Not Available</title>  </head>  <body>   <h1>503 Service Not Available</h1>  </body> </html> [00;33m{{(pid=3449777) _check_rest_api_response /opt/stack/cinder/cinder/volume/drivers/hitachi/hbsd_rest_api.py:485}}[00m
2026-09-15 18:33:22.380 3449777 DEBUG cinder.volume.drivers.hitachi.hbsd_rest_api [req-724a402a-44f5-404f-b2ce-8bb673660971 - - - - - -] ERROR <?xml version="1.0" encoding="iso-8859-1"?> <!DOCTYPE html PUBLIC "-//W3C//DTD XHTML 1.0 Transitional//EN"          "http://www.w3.org/TR/xhtml1/DTD/xhtml1-transitional.dtd"> <html xmlns="http://www.w3.org/1999/xhtml" xml:lang="en" lang="en">  <head>   <title>503 Service Not Available</title>  </head>  <body>   <h1>503 Service Not Available</h1>  </body> </html> [00;33m{{(pid=3449777) _check_rest_api_response /opt/stack/cinder/cinder/volume/drivers/hitachi/hbsd_rest_api.py:485}}[00m
2026-09-15 18:33:27.382 3449777 DEBUG cinder.volume.drivers.hitachi.hbsd_rest_api [req-724a402a-44f5-404f-b2ce-8bb673660971 - - - - - -] ERROR <?xml version="1.0" encoding="iso-8859-1"?> <!DOCTYPE html PUBLIC "-//W3C//DTD XHTML 1.0 Transitional//EN"          "http://www.w3.org/TR/xhtml1/DTD/xhtml1-transitional.dtd"> <html xmlns="http://www.w3.org/1999/xhtml" xml:lang="en" lang="en">  <head>   <title>503 Service Not Available</title>  </head>  <body>   <h1>503 Service Not Available</h1>  </body> </html> [00;33m{{(pid=3449777) _check_rest_api_response /opt/stack/cinder/cinder/volume/drivers/hitachi/hbsd_rest_api.py:485}}[00m
2026-09-15 18:33:32.392 3449777 DEBUG cinder.volume.drivers.hitachi.hbsd_rest_api [req-724a402a-44f5-404f-b2ce-8bb673660971 - - - - - -] ERROR <?xml version="1.0" encoding="iso-8859-1"?> <!DOCTYPE html PUBLIC "-//W3C//DTD XHTML 1.0 Transitional//EN"          "http://www.w3.org/TR/xhtml1/DTD/xhtml1-transitional.dtd"> <html xmlns="http://www.w3.org/1999/xhtml" xml:lang="en" lang="en">  <head>   <title>503 Service Not Available</title>  </head>  <body>   <h1>503 Service Not Available</h1>  </body> </html> [00;33m{{(pid=3449777) _check_rest_api_response /opt/stack/cinder/cinder/volume/drivers/hitachi/hbsd_rest_api.py:485}}[00m
2026-09-15 18:33:37.384 3449777 DEBUG cinder.volume.drivers.hitachi.hbsd_rest_api [req-724a402a-44f5-404f-b2ce-8bb673660971 - - - - - -] ERROR <?xml version="1.0" encoding="iso-8859-1"?> <!DOCTYPE html PUBLIC "-//W3C//DTD XHTML 1.0 Transitional//EN"          "http://www.w3.org/TR/xhtml1/DTD/xhtml1-transitional.dtd"> <html xmlns="http://www.w3.org/1999/xhtml" xml:lang="en" lang="en">  <head>   <title>503 Service Not Available</title>  </head>  <body>   <h1>503 Service Not Available</h1>  </body> </html> [00;33m{{(pid=3449777) _check_rest_api_response /opt/stack/cinder/cinder/volume/drivers/hitachi/hbsd_rest_api.py:485}}[00m
2026-09-15 18:33:42.399 3449777 DEBUG cinder.volume.drivers.hitachi.hbsd_rest_api [req-724a402a-44f5-404f-b2ce-8bb673660971 - - - - - -] ERROR <?xml version="1.0" encoding="iso-8859-1"?> <!DOCTYPE html PUBLIC "-//W3C//DTD XHTML 1.0 Transitional//EN"          "http://www.w3.org/TR/xhtml1/DTD/xhtml1-transitional.dtd"> <html xmlns="http://www.w3.org/1999/xhtml" xml:lang="en" lang="en">  <head>   <title>503 Service Not Available</title>  </head>  <body>   <h1>503 Service Not Available</h1>  </body> </html> [00;33m{{(pid=3449777) _check_rest_api_response /opt/stack/cinder/cinder/volume/drivers/hitachi/hbsd_rest_api.py:485}}[00m
2026-09-15 18:33:47.386 3449777 DEBUG cinder.volume.drivers.hitachi.hbsd_rest_api [req-724a402a-44f5-404f-b2ce-8bb673660971 - - - - - -] ERROR <?xml version="1.0" encoding="iso-8859-1"?> <!DOCTYPE html PUBLIC "-//W3C//DTD XHTML 1.0 Transitional//EN"          "http://www.w3.org/TR/xhtml1/DTD/xhtml1-transitional.dtd"> <html xmlns="http://www.w3.org/1999/xhtml" xml:lang="en" lang="en">  <head>   <title>503 Service Not Available</title>  </head>  <body>   <h1>503 Service Not Available</h1>  </body> </html> [00;33m{{(pid=3449777) _check_rest_api_response /opt/stack/cinder/cinder/volume/drivers/hitachi/hbsd_rest_api.py:485}}[00m
2026-09-15 18:33:52.394 3449777 DEBUG cinder.volume.drivers.hitachi.hbsd_rest_api [req-724a402a-44f5-404f-b2ce-8bb673660971 - - - - - -] ERROR <?xml version="1.0" encoding="iso-8859-1"?> <!DOCTYPE html PUBLIC "-//W3C//DTD XHTML 1.0 Transitional//EN"          "http://www.w3.org/TR/xhtml1/DTD/xhtml1-transitional.dtd"> <html xmlns="http://www.w3.org/1999/xhtml" xml:lang="en" lang="en">  <head>   <title>503 Service Not Available</title>  </head>  <body>   <h1>503 Service Not Available</h1>  </body> </html> [00;33m{{(pid=3449777) _check_rest_api_response /opt/stack/cinder/cinder/volume/drivers/hitachi/hbsd_rest_api.py:485}}[00m
2026-09-15 18:33:57.388 3449777 DEBUG cinder.volume.drivers.hitachi.hbsd_rest_api [req-724a402a-44f5-404f-b2ce-8bb673660971 - - - - - -] ERROR <?xml version="1.0" encoding="iso-8859-1"?> <!DOCTYPE html PUBLIC "-//W3C//DTD XHTML 1.0 Transitional//EN"          "http://www.w3.org/TR/xhtml1/DTD/xhtml1-transitional.dtd"> <html xmlns="http://www.w3.org/1999/xhtml" xml:lang="en" lang="en">  <head>   <title>503 Service Not Available</title>  </head>  <body>   <h1>503 Service Not Available</h1>  </body> </html> [00;33m{{(pid=3449777) _check_rest_api_response /opt/stack/cinder/cinder/volume/drivers/hitachi/hbsd_rest_api.py:485}}[00m
2026-09-15 18:34:02.392 3449777 DEBUG cinder.volume.drivers.hitachi.hbsd_rest_api [req-724a402a-44f5-404f-b2ce-8bb673660971 - - - - - -] ERROR <?xml version="1.0" encoding="iso-8859-1"?> <!DOCTYPE html PUBLIC "-//W3C//DTD XHTML 1.0 Transitional//EN"          "http://www.w3.org/TR/xhtml1/DTD/xhtml1-transitional.dtd"> <html xmlns="http://www.w3.org/1999/xhtml" xml:lang="en" lang="en">  <head>   <title>503 Service Not Available</title>  </head>  <body>   <h1>503 Service Not Available</h1>  </body> </html> [00;33m{{(pid=3449777) _check_rest_api_response /opt/stack/cinder/cinder/volume/drivers/hitachi/hbsd_rest_api.py:485}}[00m
2026-09-15 18:34:07.405 3449777 DEBUG cinder.volume.drivers.hitachi.hbsd_rest_api [req-724a402a-44f5-404f-b2ce-8bb673660971 - - - - - -] ERROR <?xml version="1.0" encoding="iso-8859-1"?> <!DOCTYPE html PUBLIC "-//W3C//DTD XHTML 1.0 Transitional//EN"          "http://www.w3.org/TR/xhtml1/DTD/xhtml1-transitional.dtd"> <html xmlns="http://www.w3.org/1999/xhtml" xml:lang="en" lang="en">  <head>   <title>503 Service Not Available</title>  </head>  <body>   <h1>503 Service Not Available</h1>  </body> </html> [00;33m{{(pid=3449777) _check_rest_api_response /opt/stack/cinder/cinder/volume/drivers/hitachi/hbsd_rest_api.py:485}}[00m
2026-09-15 18:34:12.428 3449777 DEBUG cinder.volume.drivers.hitachi.hbsd_rest_api [req-724a402a-44f5-404f-b2ce-8bb673660971 - - - - - -] ERROR <?xml version="1.0" encoding="iso-8859-1"?> <!DOCTYPE html PUBLIC "-//W3C//DTD XHTML 1.0 Transitional//EN"          "http://www.w3.org/TR/xhtml1/DTD/xhtml1-transitional.dtd"> <html xmlns="http://www.w3.org/1999/xhtml" xml:lang="en" lang="en">  <head>   <title>503 Service Not Available</title>  </head>  <body>   <h1>503 Service Not Available</h1>  </body> </html> [00;33m{{(pid=3449777) _check_rest_api_response /opt/stack/cinder/cinder/volume/drivers/hitachi/hbsd_rest_api.py:485}}[00m
2026-09-15 18:34:17.402 3449777 DEBUG cinder.volume.drivers.hitachi.hbsd_rest_api [req-724a402a-44f5-404f-b2ce-8bb673660971 - - - - - -] ERROR <?xml version="1.0" encoding="iso-8859-1"?> <!DOCTYPE html PUBLIC "-//W3C//DTD XHTML 1.0 Transitional//EN"          "http://www.w3.org/TR/xhtml1/DTD/xhtml1-transitional.dtd"> <html xmlns="http://www.w3.org/1999/xhtml" xml:lang="en" lang="en">  <head>   <title>503 Service Not Available</title>  </head>  <body>   <h1>503 Service Not Available</h1>  </body> </html> [00;33m{{(pid=3449777) _check_rest_api_response /opt/stack/cinder/cinder/volume/drivers/hitachi/hbsd_rest_api.py:485}}[00m
2026-09-15 18:34:22.395 3449777 DEBUG cinder.volume.drivers.hitachi.hbsd_rest_api [req-724a402a-44f5-404f-b2ce-8bb673660971 - - - - - -] ERROR <?xml version="1.0" encoding="iso-8859-1"?> <!DOCTYPE html PUBLIC "-//W3C//DTD XHTML 1.0 Transitional//EN"          "http://www.w3.org/TR/xhtml1/DTD/xhtml1-transitional.dtd"> <html xmlns="http://www.w3.org/1999/xhtml" xml:lang="en" lang="en">  <head>   <title>503 Service Not Available</title>  </head>  <body>   <h1>503 Service Not Available</h1>  </body> </html> [00;33m{{(pid=3449777) _check_rest_api_response /opt/stack/cinder/cinder/volume/drivers/hitachi/hbsd_rest_api.py:485}}[00m
2026-09-15 18:34:27.398 3449777 DEBUG cinder.volume.drivers.hitachi.hbsd_rest_api [req-724a402a-44f5-404f-b2ce-8bb673660971 - - - - - -] ERROR <?xml version="1.0" encoding="iso-8859-1"?> <!DOCTYPE html PUBLIC "-//W3C//DTD XHTML 1.0 Transitional//EN"          "http://www.w3.org/TR/xhtml1/DTD/xhtml1-transitional.dtd"> <html xmlns="http://www.w3.org/1999/xhtml" xml:lang="en" lang="en">  <head>   <title>503 Service Not Available</title>  </head>  <body>   <h1>503 Service Not Available</h1>  </body> </html> [00;33m{{(pid=3449777) _check_rest_api_response /opt/stack/cinder/cinder/volume/drivers/hitachi/hbsd_rest_api.py:485}}[00m
2026-09-15 18:34:32.401 3449777 DEBUG cinder.volume.drivers.hitachi.hbsd_rest_api [req-724a402a-44f5-404f-b2ce-8bb673660971 - - - - - -] ERROR <?xml version="1.0" encoding="iso-8859-1"?> <!DOCTYPE html PUBLIC "-//W3C//DTD XHTML 1.0 Transitional//EN"          "http://www.w3.org/TR/xhtml1/DTD/xhtml1-transitional.dtd"> <html xmlns="http://www.w3.org/1999/xhtml" xml:lang="en" lang="en">  <head>   <title>503 Service Not Available</title>  </head>  <body>   <h1>503 Service Not Available</h1>  </body> </html> [00;33m{{(pid=3449777) _check_rest_api_response /opt/stack/cinder/cinder/volume/drivers/hitachi/hbsd_rest_api.py:485}}[00m
2026-09-15 18:34:37.401 3449777 DEBUG cinder.volume.drivers.hitachi.hbsd_rest_api [req-724a402a-44f5-404f-b2ce-8bb673660971 - - - - - -] ERROR <?xml version="1.0" encoding="iso-8859-1"?> <!DOCTYPE html PUBLIC "-//W3C//DTD XHTML 1.0 Transitional//EN"          "http://www.w3.org/TR/xhtml1/DTD/xhtml1-transitional.dtd"> <html xmlns="http://www.w3.org/1999/xhtml" xml:lang="en" lang="en">  <head>   <title>503 Service Not Available</title>  </head>  <body>   <h1>503 Service Not Available</h1>  </body> </html> [00;33m{{(pid=3449777) _check_rest_api_response /opt/stack/cinder/cinder/volume/drivers/hitachi/hbsd_rest_api.py:485}}[00m
2026-09-15 18:34:42.409 3449777 DEBUG cinder.volume.drivers.hitachi.hbsd_rest_api [req-724a402a-44f5-404f-b2ce-8bb673660971 - - - - - -] ERROR <?xml version="1.0" encoding="iso-8859-1"?> <!DOCTYPE html PUBLIC "-//W3C//DTD XHTML 1.0 Transitional//EN"          "http://www.w3.org/TR/xhtml1/DTD/xhtml1-transitional.dtd"> <html xmlns="http://www.w3.org/1999/xhtml" xml:lang="en" lang="en">  <head>   <title>503 Service Not Available</title>  </head>  <body>   <h1>503 Service Not Available</h1>  </body> </html> [00;33m{{(pid=3449777) _check_rest_api_response /opt/stack/cinder/cinder/volume/drivers/hitachi/hbsd_rest_api.py:485}}[00m
2026-09-15 18:34:47.403 3449777 DEBUG cinder.volume.drivers.hitachi.hbsd_rest_api [req-724a402a-44f5-404f-b2ce-8bb673660971 - - - - - -] ERROR <?xml version="1.0" encoding="iso-8859-1"?> <!DOCTYPE html PUBLIC "-//W3C//DTD XHTML 1.0 Transitional//EN"          "http://www.w3.org/TR/xhtml1/DTD/xhtml1-transitional.dtd"> <html xmlns="http://www.w3.org/1999/xhtml" xml:lang="en" lang="en">  <head>   <title>503 Service Not Available</title>  </head>  <body>   <h1>503 Service Not Available</h1>  </body> </html> [00;33m{{(pid=3449777) _check_rest_api_response /opt/stack/cinder/cinder/volume/drivers/hitachi/hbsd_rest_api.py:485}}[00m
2026-09-15 18:34:52.405 3449777 DEBUG cinder.volume.drivers.hitachi.hbsd_rest_api [req-724a402a-44f5-404f-b2ce-8bb673660971 - - - - - -] ERROR <?xml version="1.0" encoding="iso-8859-1"?> <!DOCTYPE html PUBLIC "-//W3C//DTD XHTML 1.0 Transitional//EN"          "http://www.w3.org/TR/xhtml1/DTD/xhtml1-transitional.dtd"> <html xmlns="http://www.w3.org/1999/xhtml" xml:lang="en" lang="en">  <head>   <title>503 Service Not Available</title>  </head>  <body>   <h1>503 Service Not Available</h1>  </body> </html> [00;33m{{(pid=3449777) _check_rest_api_response /opt/stack/cinder/cinder/volume/drivers/hitachi/hbsd_rest_api.py:485}}[00m
2026-09-15 18:34:57.408 3449777 DEBUG cinder.volume.drivers.hitachi.hbsd_rest_api [req-724a402a-44f5-404f-b2ce-8bb673660971 - - - - - -] ERROR <?xml version="1.0" encoding="iso-8859-1"?> <!DOCTYPE html PUBLIC "-//W3C//DTD XHTML 1.0 Transitional//EN"          "http://www.w3.org/TR/xhtml1/DTD/xhtml1-transitional.dtd"> <html xmlns="http://www.w3.org/1999/xhtml" xml:lang="en" lang="en">  <head>   <title>503 Service Not Available</title>  </head>  <body>   <h1>503 Service Not Available</h1>  </body> </html> [00;33m{{(pid=3449777) _check_rest_api_response /opt/stack/cinder/cinder/volume/drivers/hitachi/hbsd_rest_api.py:485}}[00m
2026-09-15 18:35:02.421 3449777 DEBUG cinder.volume.drivers.hitachi.hbsd_rest_api [req-724a402a-44f5-404f-b2ce-8bb673660971 - - - - - -] ERROR <?xml version="1.0" encoding="iso-8859-1"?> <!DOCTYPE html PUBLIC "-//W3C//DTD XHTML 1.0 Transitional//EN"          "http://www.w3.org/TR/xhtml1/DTD/xhtml1-transitional.dtd"> <html xmlns="http://www.w3.org/1999/xhtml" xml:lang="en" lang="en">  <head>   <title>503 Service Not Available</title>  </head>  <body>   <h1>503 Service Not Available</h1>  </body> </html> [00;33m{{(pid=3449777) _check_rest_api_response /opt/stack/cinder/cinder/volume/drivers/hitachi/hbsd_rest_api.py:485}}[00m
2026-09-15 18:35:07.410 3449777 DEBUG cinder.volume.drivers.hitachi.hbsd_rest_api [req-724a402a-44f5-404f-b2ce-8bb673660971 - - - - - -] ERROR <?xml version="1.0" encoding="iso-8859-1"?> <!DOCTYPE html PUBLIC "-//W3C//DTD XHTML 1.0 Transitional//EN"          "http://www.w3.org/TR/xhtml1/DTD/xhtml1-transitional.dtd"> <html xmlns="http://www.w3.org/1999/xhtml" xml:lang="en" lang="en">  <head>   <title>503 Service Not Available</title>  </head>  <body>   <h1>503 Service Not Available</h1>  </body> </html> [00;33m{{(pid=3449777) _check_rest_api_response /opt/stack/cinder/cinder/volume/drivers/hitachi/hbsd_rest_api.py:485}}[00m
2026-09-15 18:35:12.414 3449777 DEBUG cinder.volume.drivers.hitachi.hbsd_rest_api [req-724a402a-44f5-404f-b2ce-8bb673660971 - - - - - -] ERROR <?xml version="1.0" encoding="iso-8859-1"?> <!DOCTYPE html PUBLIC "-//W3C//DTD XHTML 1.0 Transitional//EN"          "http://www.w3.org/TR/xhtml1/DTD/xhtml1-transitional.dtd"> <html xmlns="http://www.w3.org/1999/xhtml" xml:lang="en" lang="en">  <head>   <title>503 Service Not Available</title>  </head>  <body>   <h1>503 Service Not Available</h1>  </body> </html> [00;33m{{(pid=3449777) _check_rest_api_response /opt/stack/cinder/cinder/volume/drivers/hitachi/hbsd_rest_api.py:485}}[00m
2026-09-15 18:35:17.426 3449777 DEBUG cinder.volume.drivers.hitachi.hbsd_rest_api [req-724a402a-44f5-404f-b2ce-8bb673660971 - - - - - -] ERROR <?xml version="1.0" encoding="iso-8859-1"?> <!DOCTYPE html PUBLIC "-//W3C//DTD XHTML 1.0 Transitional//EN"          "http://www.w3.org/TR/xhtml1/DTD/xhtml1-transitional.dtd"> <html xmlns="http://www.w3.org/1999/xhtml" xml:lang="en" lang="en">  <head>   <title>503 Service Not Available</title>  </head>  <body>   <h1>503 Service Not Available</h1>  </body> </html> [00;33m{{(pid=3449777) _check_rest_api_response /opt/stack/cinder/cinder/volume/drivers/hitachi/hbsd_rest_api.py:485}}[00m
2026-09-15 18:35:22.412 3449777 DEBUG cinder.volume.drivers.hitachi.hbsd_rest_api [req-724a402a-44f5-404f-b2ce-8bb673660971 - - - - - -] ERROR <?xml version="1.0" encoding="iso-8859-1"?> <!DOCTYPE html PUBLIC "-//W3C//DTD XHTML 1.0 Transitional//EN"          "http://www.w3.org/TR/xhtml1/DTD/xhtml1-transitional.dtd"> <html xmlns="http://www.w3.org/1999/xhtml" xml:lang="en" lang="en">  <head>   <title>503 Service Not Available</title>  </head>  <body>   <h1>503 Service Not Available</h1>  </body> </html> [00;33m{{(pid=3449777) _check_rest_api_response /opt/stack/cinder/cinder/volume/drivers/hitachi/hbsd_rest_api.py:485}}[00m
2026-09-15 18:35:27.431 3449777 DEBUG cinder.volume.drivers.hitachi.hbsd_rest_api [req-724a402a-44f5-404f-b2ce-8bb673660971 - - - - - -] ERROR <?xml version="1.0" encoding="iso-8859-1"?> <!DOCTYPE html PUBLIC "-//W3C//DTD XHTML 1.0 Transitional//EN"          "http://www.w3.org/TR/xhtml1/DTD/xhtml1-transitional.dtd"> <html xmlns="http://www.w3.org/1999/xhtml" xml:lang="en" lang="en">  <head>   <title>503 Service Not Available</title>  </head>  <body>   <h1>503 Service Not Available</h1>  </body> </html> [00;33m{{(pid=3449777) _check_rest_api_response /opt/stack/cinder/cinder/volume/drivers/hitachi/hbsd_rest_api.py:485}}[00m
2026-09-15 18:35:32.414 3449777 DEBUG cinder.volume.drivers.hitachi.hbsd_rest_api [req-724a402a-44f5-404f-b2ce-8bb673660971 - - - - - -] ERROR <?xml version="1.0" encoding="iso-8859-1"?> <!DOCTYPE html PUBLIC "-//W3C//DTD XHTML 1.0 Transitional//EN"          "http://www.w3.org/TR/xhtml1/DTD/xhtml1-transitional.dtd"> <html xmlns="http://www.w3.org/1999/xhtml" xml:lang="en" lang="en">  <head>   <title>503 Service Not Available</title>  </head>  <body>   <h1>503 Service Not Available</h1>  </body> </html> [00;33m{{(pid=3449777) _check_rest_api_response /opt/stack/cinder/cinder/volume/drivers/hitachi/hbsd_rest_api.py:485}}[00m
2026-09-15 18:35:37.412 3449777 DEBUG cinder.volume.drivers.hitachi.hbsd_rest_api [req-724a402a-44f5-404f-b2ce-8bb673660971 - - - - - -] ERROR <?xml version="1.0" encoding="iso-8859-1"?> <!DOCTYPE html PUBLIC "-//W3C//DTD XHTML 1.0 Transitional//EN"          "http://www.w3.org/TR/xhtml1/DTD/xhtml1-transitional.dtd"> <html xmlns="http://www.w3.org/1999/xhtml" xml:lang="en" lang="en">  <head>   <title>503 Service Not Available</title>  </head>  <body>   <h1>503 Service Not Available</h1>  </body> </html> [00;33m{{(pid=3449777) _check_rest_api_response /opt/stack/cinder/cinder/volume/drivers/hitachi/hbsd_rest_api.py:485}}[00m
2026-09-15 18:35:42.416 3449777 DEBUG cinder.volume.drivers.hitachi.hbsd_rest_api [req-724a402a-44f5-404f-b2ce-8bb673660971 - - - - - -] ERROR <?xml version="1.0" encoding="iso-8859-1"?> <!DOCTYPE html PUBLIC "-//W3C//DTD XHTML 1.0 Transitional//EN"          "http://www.w3.org/TR/xhtml1/DTD/xhtml1-transitional.dtd"> <html xmlns="http://www.w3.org/1999/xhtml" xml:lang="en" lang="en">  <head>   <title>503 Service Not Available</title>  </head>  <body>   <h1>503 Service Not Available</h1>  </body> </html> [00;33m{{(pid=3449777) _check_rest_api_response /opt/stack/cinder/cinder/volume/drivers/hitachi/hbsd_rest_api.py:485}}[00m
2026-09-15 18:35:47.414 3449777 DEBUG cinder.volume.drivers.hitachi.hbsd_rest_api [req-724a402a-44f5-404f-b2ce-8bb673660971 - - - - - -] ERROR <?xml version="1.0" encoding="iso-8859-1"?> <!DOCTYPE html PUBLIC "-//W3C//DTD XHTML 1.0 Transitional//EN"          "http://www.w3.org/TR/xhtml1/DTD/xhtml1-transitional.dtd"> <html xmlns="http://www.w3.org/1999/xhtml" xml:lang="en" lang="en">  <head>   <title>503 Service Not Available</title>  </head>  <body>   <h1>503 Service Not Available</h1>  </body> </html> [00;33m{{(pid=3449777) _check_rest_api_response /opt/stack/cinder/cinder/volume/drivers/hitachi/hbsd_rest_api.py:485}}[00m
2026-09-15 18:35:52.417 3449777 DEBUG cinder.volume.drivers.hitachi.hbsd_rest_api [req-724a402a-44f5-404f-b2ce-8bb673660971 - - - - - -] ERROR <?xml version="1.0" encoding="iso-8859-1"?> <!DOCTYPE html PUBLIC "-//W3C//DTD XHTML 1.0 Transitional//EN"          "http://www.w3.org/TR/xhtml1/DTD/xhtml1-transitional.dtd"> <html xmlns="http://www.w3.org/1999/xhtml" xml:lang="en" lang="en">  <head>   <title>503 Service Not Available</title>  </head>  <body>   <h1>503 Service Not Available</h1>  </body> </html> [00;33m{{(pid=3449777) _check_rest_api_response /opt/stack/cinder/cinder/volume/drivers/hitachi/hbsd_rest_api.py:485}}[00m
2026-09-15 18:35:57.418 3449777 DEBUG cinder.volume.drivers.hitachi.hbsd_rest_api [req-724a402a-44f5-404f-b2ce-8bb673660971 - - - - - -] ERROR <?xml version="1.0" encoding="iso-8859-1"?> <!DOCTYPE html PUBLIC "-//W3C//DTD XHTML 1.0 Transitional//EN"          "http://www.w3.org/TR/xhtml1/DTD/xhtml1-transitional.dtd"> <html xmlns="http://www.w3.org/1999/xhtml" xml:lang="en" lang="en">  <head>   <title>503 Service Not Available</title>  </head>  <body>   <h1>503 Service Not Available</h1>  </body> </html> [00;33m{{(pid=3449777) _check_rest_api_response /opt/stack/cinder/cinder/volume/drivers/hitachi/hbsd_rest_api.py:485}}[00m
2026-09-15 18:36:02.421 3449777 DEBUG cinder.volume.drivers.hitachi.hbsd_rest_api [req-724a402a-44f5-404f-b2ce-8bb673660971 - - - - - -] ERROR <?xml version="1.0" encoding="iso-8859-1"?> <!DOCTYPE html PUBLIC "-//W3C//DTD XHTML 1.0 Transitional//EN"          "http://www.w3.org/TR/xhtml1/DTD/xhtml1-transitional.dtd"> <html xmlns="http://www.w3.org/1999/xhtml" xml:lang="en" lang="en">  <head>   <title>503 Service Not Available</title>  </head>  <body>   <h1>503 Service Not Available</h1>  </body> </html> [00;33m{{(pid=3449777) _check_rest_api_response /opt/stack/cinder/cinder/volume/drivers/hitachi/hbsd_rest_api.py:485}}[00m
2026-09-15 18:36:07.419 3449777 DEBUG cinder.volume.drivers.hitachi.hbsd_rest_api [req-724a402a-44f5-404f-b2ce-8bb673660971 - - - - - -] ERROR <?xml version="1.0" encoding="iso-8859-1"?> <!DOCTYPE html PUBLIC "-//W3C//DTD XHTML 1.0 Transitional//EN"          "http://www.w3.org/TR/xhtml1/DTD/xhtml1-transitional.dtd"> <html xmlns="http://www.w3.org/1999/xhtml" xml:lang="en" lang="en">  <head>   <title>503 Service Not Available</title>  </head>  <body>   <h1>503 Service Not Available</h1>  </body> </html> [00;33m{{(pid=3449777) _check_rest_api_response /opt/stack/cinder/cinder/volume/drivers/hitachi/hbsd_rest_api.py:485}}[00m
2026-09-15 18:36:12.422 3449777 DEBUG cinder.volume.drivers.hitachi.hbsd_rest_api [req-724a402a-44f5-404f-b2ce-8bb673660971 - - - - - -] ERROR <?xml version="1.0" encoding="iso-8859-1"?> <!DOCTYPE html PUBLIC "-//W3C//DTD XHTML 1.0 Transitional//EN"          "http://www.w3.org/TR/xhtml1/DTD/xhtml1-transitional.dtd"> <html xmlns="http://www.w3.org/1999/xhtml" xml:lang="en" lang="en">  <head>   <title>503 Service Not Available</title>  </head>  <body>   <h1>503 Service Not Available</h1>  </body> </html> [00;33m{{(pid=3449777) _check_rest_api_response /opt/stack/cinder/cinder/volume/drivers/hitachi/hbsd_rest_api.py:485}}[00m
2026-09-15 18:36:17.425 3449777 DEBUG cinder.volume.drivers.hitachi.hbsd_rest_api [req-724a402a-44f5-404f-b2ce-8bb673660971 - - - - - -] ERROR <?xml version="1.0" encoding="iso-8859-1"?> <!DOCTYPE html PUBLIC "-//W3C//DTD XHTML 1.0 Transitional//EN"          "http://www.w3.org/TR/xhtml1/DTD/xhtml1-transitional.dtd"> <html xmlns="http://www.w3.org/1999/xhtml" xml:lang="en" lang="en">  <head>   <title>503 Service Not Available</title>  </head>  <body>   <h1>503 Service Not Available</h1>  </body> </html> [00;33m{{(pid=3449777) _check_rest_api_response /opt/stack/cinder/cinder/volume/drivers/hitachi/hbsd_rest_api.py:485}}[00m
2026-09-15 18:36:22.441 3449777 DEBUG cinder.volume.drivers.hitachi.hbsd_rest_api [req-724a402a-44f5-404f-b2ce-8bb673660971 - - - - - -] ERROR <?xml version="1.0" encoding="iso-8859-1"?> <!DOCTYPE html PUBLIC "-//W3C//DTD XHTML 1.0 Transitional//EN"          "http://www.w3.org/TR/xhtml1/DTD/xhtml1-transitional.dtd"> <html xmlns="http://www.w3.org/1999/xhtml" xml:lang="en" lang="en">  <head>   <title>503 Service Not Available</title>  </head>  <body>   <h1>503 Service Not Available</h1>  </body> </html> [00;33m{{(pid=3449777) _check_rest_api_response /opt/stack/cinder/cinder/volume/drivers/hitachi/hbsd_rest_api.py:485}}[00m
2026-09-15 18:36:27.427 3449777 DEBUG cinder.volume.drivers.hitachi.hbsd_rest_api [req-724a402a-44f5-404f-b2ce-8bb673660971 - - - - - -] ERROR <?xml version="1.0" encoding="iso-8859-1"?> <!DOCTYPE html PUBLIC "-//W3C//DTD XHTML 1.0 Transitional//EN"          "http://www.w3.org/TR/xhtml1/DTD/xhtml1-transitional.dtd"> <html xmlns="http://www.w3.org/1999/xhtml" xml:lang="en" lang="en">  <head>   <title>503 Service Not Available</title>  </head>  <body>   <h1>503 Service Not Available</h1>  </body> </html> [00;33m{{(pid=3449777) _check_rest_api_response /opt/stack/cinder/cinder/volume/drivers/hitachi/hbsd_rest_api.py:485}}[00m
2026-09-15 18:36:32.433 3449777 DEBUG cinder.volume.drivers.hitachi.hbsd_rest_api [req-724a402a-44f5-404f-b2ce-8bb673660971 - - - - - -] ERROR <?xml version="1.0" encoding="iso-8859-1"?> <!DOCTYPE html PUBLIC "-//W3C//DTD XHTML 1.0 Transitional//EN"          "http://www.w3.org/TR/xhtml1/DTD/xhtml1-transitional.dtd"> <html xmlns="http://www.w3.org/1999/xhtml" xml:lang="en" lang="en">  <head>   <title>503 Service Not Available</title>  </head>  <body>   <h1>503 Service Not Available</h1>  </body> </html> [00;33m{{(pid=3449777) _check_rest_api_response /opt/stack/cinder/cinder/volume/drivers/hitachi/hbsd_rest_api.py:485}}[00m
2026-09-15 18:36:37.430 3449777 DEBUG cinder.volume.drivers.hitachi.hbsd_rest_api [req-724a402a-44f5-404f-b2ce-8bb673660971 - - - - - -] ERROR <?xml version="1.0" encoding="iso-8859-1"?> <!DOCTYPE html PUBLIC "-//W3C//DTD XHTML 1.0 Transitional//EN"          "http://www.w3.org/TR/xhtml1/DTD/xhtml1-transitional.dtd"> <html xmlns="http://www.w3.org/1999/xhtml" xml:lang="en" lang="en">  <head>   <title>503 Service Not Available</title>  </head>  <body>   <h1>503 Service Not Available</h1>  </body> </html> [00;33m{{(pid=3449777) _check_rest_api_response /opt/stack/cinder/cinder/volume/drivers/hitachi/hbsd_rest_api.py:485}}[00m
2026-09-15 18:36:42.430 3449777 DEBUG cinder.volume.drivers.hitachi.hbsd_rest_api [req-724a402a-44f5-404f-b2ce-8bb673660971 - - - - - -] ERROR <?xml version="1.0" encoding="iso-8859-1"?> <!DOCTYPE html PUBLIC "-//W3C//DTD XHTML 1.0 Transitional//EN"          "http://www.w3.org/TR/xhtml1/DTD/xhtml1-transitional.dtd"> <html xmlns="http://www.w3.org/1999/xhtml" xml:lang="en" lang="en">  <head>   <title>503 Service Not Available</title>  </head>  <body>   <h1>503 Service Not Available</h1>  </body> </html> [00;33m{{(pid=3449777) _check_rest_api_response /opt/stack/cinder/cinder/volume/drivers/hitachi/hbsd_rest_api.py:485}}[00m
2026-09-15 18:36:47.432 3449777 DEBUG cinder.volume.drivers.hitachi.hbsd_rest_api [req-724a402a-44f5-404f-b2ce-8bb673660971 - - - - - -] ERROR <?xml version="1.0" encoding="iso-8859-1"?> <!DOCTYPE html PUBLIC "-//W3C//DTD XHTML 1.0 Transitional//EN"          "http://www.w3.org/TR/xhtml1/DTD/xhtml1-transitional.dtd"> <html xmlns="http://www.w3.org/1999/xhtml" xml:lang="en" lang="en">  <head>   <title>503 Service Not Available</title>  </head>  <body>   <h1>503 Service Not Available</h1>  </body> </html> [00;33m{{(pid=3449777) _check_rest_api_response /opt/stack/cinder/cinder/volume/drivers/hitachi/hbsd_rest_api.py:485}}[00m
2026-09-15 18:36:52.432 3449777 DEBUG cinder.volume.drivers.hitachi.hbsd_rest_api [req-724a402a-44f5-404f-b2ce-8bb673660971 - - - - - -] ERROR <?xml version="1.0" encoding="iso-8859-1"?> <!DOCTYPE html PUBLIC "-//W3C//DTD XHTML 1.0 Transitional//EN"          "http://www.w3.org/TR/xhtml1/DTD/xhtml1-transitional.dtd"> <html xmlns="http://www.w3.org/1999/xhtml" xml:lang="en" lang="en">  <head>   <title>503 Service Not Available</title>  </head>  <body>   <h1>503 Service Not Available</h1>  </body> </html> [00;33m{{(pid=3449777) _check_rest_api_response /opt/stack/cinder/cinder/volume/drivers/hitachi/hbsd_rest_api.py:485}}[00m
2026-09-15 18:36:57.435 3449777 DEBUG cinder.volume.drivers.hitachi.hbsd_rest_api [req-724a402a-44f5-404f-b2ce-8bb673660971 - - - - - -] ERROR <?xml version="1.0" encoding="iso-8859-1"?> <!DOCTYPE html PUBLIC "-//W3C//DTD XHTML 1.0 Transitional//EN"          "http://www.w3.org/TR/xhtml1/DTD/xhtml1-transitional.dtd"> <html xmlns="http://www.w3.org/1999/xhtml" xml:lang="en" lang="en">  <head>   <title>503 Service Not Available</title>  </head>  <body>   <h1>503 Service Not Available</h1>  </body> </html> [00;33m{{(pid=3449777) _check_rest_api_response /opt/stack/cinder/cinder/volume/drivers/hitachi/hbsd_rest_api.py:485}}[00m
2026-09-15 18:37:02.436 3449777 DEBUG cinder.volume.drivers.hitachi.hbsd_rest_api [req-724a402a-44f5-404f-b2ce-8bb673660971 - - - - - -] ERROR <?xml version="1.0" encoding="iso-8859-1"?> <!DOCTYPE html PUBLIC "-//W3C//DTD XHTML 1.0 Transitional//EN"          "http://www.w3.org/TR/xhtml1/DTD/xhtml1-transitional.dtd"> <html xmlns="http://www.w3.org/1999/xhtml" xml:lang="en" lang="en">  <head>   <title>503 Service Not Available</title>  </head>  <body>   <h1>503 Service Not Available</h1>  </body> </html> [00;33m{{(pid=3449777) _check_rest_api_response /opt/stack/cinder/cinder/volume/drivers/hitachi/hbsd_rest_api.py:485}}[00m
2026-09-15 18:37:07.437 3449777 DEBUG cinder.volume.drivers.hitachi.hbsd_rest_api [req-724a402a-44f5-404f-b2ce-8bb673660971 - - - - - -] ERROR <?xml version="1.0" encoding="iso-8859-1"?> <!DOCTYPE html PUBLIC "-//W3C//DTD XHTML 1.0 Transitional//EN"          "http://www.w3.org/TR/xhtml1/DTD/xhtml1-transitional.dtd"> <html xmlns="http://www.w3.org/1999/xhtml" xml:lang="en" lang="en">  <head>   <title>503 Service Not Available</title>  </head>  <body>   <h1>503 Service Not Available</h1>  </body> </html> [00;33m{{(pid=3449777) _check_rest_api_response /opt/stack/cinder/cinder/volume/drivers/hitachi/hbsd_rest_api.py:485}}[00m
2026-09-15 18:37:12.439 3449777 DEBUG cinder.volume.drivers.hitachi.hbsd_rest_api [req-724a402a-44f5-404f-b2ce-8bb673660971 - - - - - -] ERROR <?xml version="1.0" encoding="iso-8859-1"?> <!DOCTYPE html PUBLIC "-//W3C//DTD XHTML 1.0 Transitional//EN"          "http://www.w3.org/TR/xhtml1/DTD/xhtml1-transitional.dtd"> <html xmlns="http://www.w3.org/1999/xhtml" xml:lang="en" lang="en">  <head>   <title>503 Service Not Available</title>  </head>  <body>   <h1>503 Service Not Available</h1>  </body> </html> [00;33m{{(pid=3449777) _check_rest_api_response /opt/stack/cinder/cinder/volume/drivers/hitachi/hbsd_rest_api.py:485}}[00m
2026-09-15 18:37:17.458 3449777 DEBUG cinder.volume.drivers.hitachi.hbsd_rest_api [req-724a402a-44f5-404f-b2ce-8bb673660971 - - - - - -] ERROR <?xml version="1.0" encoding="iso-8859-1"?> <!DOCTYPE html PUBLIC "-//W3C//DTD XHTML 1.0 Transitional//EN"          "http://www.w3.org/TR/xhtml1/DTD/xhtml1-transitional.dtd"> <html xmlns="http://www.w3.org/1999/xhtml" xml:lang="en" lang="en">  <head>   <title>503 Service Not Available</title>  </head>  <body>   <h1>503 Service Not Available</h1>  </body> </html> [00;33m{{(pid=3449777) _check_rest_api_response /opt/stack/cinder/cinder/volume/drivers/hitachi/hbsd_rest_api.py:485}}[00m
2026-09-15 18:37:22.448 3449777 DEBUG cinder.volume.drivers.hitachi.hbsd_rest_api [req-724a402a-44f5-404f-b2ce-8bb673660971 - - - - - -] ERROR <?xml version="1.0" encoding="iso-8859-1"?> <!DOCTYPE html PUBLIC "-//W3C//DTD XHTML 1.0 Transitional//EN"          "http://www.w3.org/TR/xhtml1/DTD/xhtml1-transitional.dtd"> <html xmlns="http://www.w3.org/1999/xhtml" xml:lang="en" lang="en">  <head>   <title>503 Service Not Available</title>  </head>  <body>   <h1>503 Service Not Available</h1>  </body> </html> [00;33m{{(pid=3449777) _check_rest_api_response /opt/stack/cinder/cinder/volume/drivers/hitachi/hbsd_rest_api.py:485}}[00m
2026-09-15 18:37:27.441 3449777 DEBUG cinder.volume.drivers.hitachi.hbsd_rest_api [req-724a402a-44f5-404f-b2ce-8bb673660971 - - - - - -] ERROR <?xml version="1.0" encoding="iso-8859-1"?> <!DOCTYPE html PUBLIC "-//W3C//DTD XHTML 1.0 Transitional//EN"          "http://www.w3.org/TR/xhtml1/DTD/xhtml1-transitional.dtd"> <html xmlns="http://www.w3.org/1999/xhtml" xml:lang="en" lang="en">  <head>   <title>503 Service Not Available</title>  </head>  <body>   <h1>503 Service Not Available</h1>  </body> </html> [00;33m{{(pid=3449777) _check_rest_api_response /opt/stack/cinder/cinder/volume/drivers/hitachi/hbsd_rest_api.py:485}}[00m
2026-09-15 18:37:32.442 3449777 DEBUG cinder.volume.drivers.hitachi.hbsd_rest_api [req-724a402a-44f5-404f-b2ce-8bb673660971 - - - - - -] ERROR <?xml version="1.0" encoding="iso-8859-1"?> <!DOCTYPE html PUBLIC "-//W3C//DTD XHTML 1.0 Transitional//EN"          "http://www.w3.org/TR/xhtml1/DTD/xhtml1-transitional.dtd"> <html xmlns="http://www.w3.org/1999/xhtml" xml:lang="en" lang="en">  <head>   <title>503 Service Not Available</title>  </head>  <body>   <h1>503 Service Not Available</h1>  </body> </html> [00;33m{{(pid=3449777) _check_rest_api_response /opt/stack/cinder/cinder/volume/drivers/hitachi/hbsd_rest_api.py:485}}[00m
2026-09-15 18:37:37.444 3449777 DEBUG cinder.volume.drivers.hitachi.hbsd_rest_api [req-724a402a-44f5-404f-b2ce-8bb673660971 - - - - - -] ERROR <?xml version="1.0" encoding="iso-8859-1"?> <!DOCTYPE html PUBLIC "-//W3C//DTD XHTML 1.0 Transitional//EN"          "http://www.w3.org/TR/xhtml1/DTD/xhtml1-transitional.dtd"> <html xmlns="http://www.w3.org/1999/xhtml" xml:lang="en" lang="en">  <head>   <title>503 Service Not Available</title>  </head>  <body>   <h1>503 Service Not Available</h1>  </body> </html> [00;33m{{(pid=3449777) _check_rest_api_response /opt/stack/cinder/cinder/volume/drivers/hitachi/hbsd_rest_api.py:485}}[00m
2026-09-15 18:37:42.457 3449777 DEBUG cinder.volume.drivers.hitachi.hbsd_rest_api [req-724a402a-44f5-404f-b2ce-8bb673660971 - - - - - -] ERROR <?xml version="1.0" encoding="iso-8859-1"?> <!DOCTYPE html PUBLIC "-//W3C//DTD XHTML 1.0 Transitional//EN"          "http://www.w3.org/TR/xhtml1/DTD/xhtml1-transitional.dtd"> <html xmlns="http://www.w3.org/1999/xhtml" xml:lang="en" lang="en">  <head>   <title>503 Service Not Available</title>  </head>  <body>   <h1>503 Service Not Available</h1>  </body> </html> [00;33m{{(pid=3449777) _check_rest_api_response /opt/stack/cinder/cinder/volume/drivers/hitachi/hbsd_rest_api.py:485}}[00m
2026-09-15 18:37:47.459 3449777 DEBUG cinder.volume.drivers.hitachi.hbsd_rest_api [req-724a402a-44f5-404f-b2ce-8bb673660971 - - - - - -] ERROR <?xml version="1.0" encoding="iso-8859-1"?> <!DOCTYPE html PUBLIC "-//W3C//DTD XHTML 1.0 Transitional//EN"          "http://www.w3.org/TR/xhtml1/DTD/xhtml1-transitional.dtd"> <html xmlns="http://www.w3.org/1999/xhtml" xml:lang="en" lang="en">  <head>   <title>503 Service Not Available</title>  </head>  <body>   <h1>503 Service Not Available</h1>  </body> </html> [00;33m{{(pid=3449777) _check_rest_api_response /opt/stack/cinder/cinder/volume/drivers/hitachi/hbsd_rest_api.py:485}}[00m
2026-09-15 18:37:52.447 3449777 DEBUG cinder.volume.drivers.hitachi.hbsd_rest_api [req-724a402a-44f5-404f-b2ce-8bb673660971 - - - - - -] ERROR <?xml version="1.0" encoding="iso-8859-1"?> <!DOCTYPE html PUBLIC "-//W3C//DTD XHTML 1.0 Transitional//EN"          "http://www.w3.org/TR/xhtml1/DTD/xhtml1-transitional.dtd"> <html xmlns="http://www.w3.org/1999/xhtml" xml:lang="en" lang="en">  <head>   <title>503 Service Not Available</title>  </head>  <body>   <h1>503 Service Not Available</h1>  </body> </html> [00;33m{{(pid=3449777) _check_rest_api_response /opt/stack/cinder/cinder/volume/drivers/hitachi/hbsd_rest_api.py:485}}[00m
2026-09-15 18:37:57.449 3449777 DEBUG cinder.volume.drivers.hitachi.hbsd_rest_api [req-724a402a-44f5-404f-b2ce-8bb673660971 - - - - - -] ERROR <?xml version="1.0" encoding="iso-8859-1"?> <!DOCTYPE html PUBLIC "-//W3C//DTD XHTML 1.0 Transitional//EN"          "http://www.w3.org/TR/xhtml1/DTD/xhtml1-transitional.dtd"> <html xmlns="http://www.w3.org/1999/xhtml" xml:lang="en" lang="en">  <head>   <title>503 Service Not Available</title>  </head>  <body>   <h1>503 Service Not Available</h1>  </body> </html> [00;33m{{(pid=3449777) _check_rest_api_response /opt/stack/cinder/cinder/volume/drivers/hitachi/hbsd_rest_api.py:485}}[00m
2026-09-15 18:38:02.494 3449777 DEBUG cinder.volume.drivers.hitachi.hbsd_rest_api [req-724a402a-44f5-404f-b2ce-8bb673660971 - - - - - -] ERROR <?xml version="1.0" encoding="iso-8859-1"?> <!DOCTYPE html PUBLIC "-//W3C//DTD XHTML 1.0 Transitional//EN"          "http://www.w3.org/TR/xhtml1/DTD/xhtml1-transitional.dtd"> <html xmlns="http://www.w3.org/1999/xhtml" xml:lang="en" lang="en">  <head>   <title>503 Service Not Available</title>  </head>  <body>   <h1>503 Service Not Available</h1>  </body> </html> [00;33m{{(pid=3449777) _check_rest_api_response /opt/stack/cinder/cinder/volume/drivers/hitachi/hbsd_rest_api.py:485}}[00m
2026-09-15 18:38:07.454 3449777 DEBUG cinder.volume.drivers.hitachi.hbsd_rest_api [req-724a402a-44f5-404f-b2ce-8bb673660971 - - - - - -] ERROR <?xml version="1.0" encoding="iso-8859-1"?> <!DOCTYPE html PUBLIC "-//W3C//DTD XHTML 1.0 Transitional//EN"          "http://www.w3.org/TR/xhtml1/DTD/xhtml1-transitional.dtd"> <html xmlns="http://www.w3.org/1999/xhtml" xml:lang="en" lang="en">  <head>   <title>503 Service Not Available</title>  </head>  <body>   <h1>503 Service Not Available</h1>  </body> </html> [00;33m{{(pid=3449777) _check_rest_api_response /opt/stack/cinder/cinder/volume/drivers/hitachi/hbsd_rest_api.py:485}}[00m
2026-09-15 18:38:12.462 3449777 DEBUG cinder.volume.drivers.hitachi.hbsd_rest_api [req-724a402a-44f5-404f-b2ce-8bb673660971 - - - - - -] ERROR <?xml version="1.0" encoding="iso-8859-1"?> <!DOCTYPE html PUBLIC "-//W3C//DTD XHTML 1.0 Transitional//EN"          "http://www.w3.org/TR/xhtml1/DTD/xhtml1-transitional.dtd"> <html xmlns="http://www.w3.org/1999/xhtml" xml:lang="en" lang="en">  <head>   <title>503 Service Not Available</title>  </head>  <body>   <h1>503 Service Not Available</h1>  </body> </html> [00;33m{{(pid=3449777) _check_rest_api_response /opt/stack/cinder/cinder/volume/drivers/hitachi/hbsd_rest_api.py:485}}[00m
2026-09-15 18:38:17.454 3449777 DEBUG cinder.volume.drivers.hitachi.hbsd_rest_api [req-724a402a-44f5-404f-b2ce-8bb673660971 - - - - - -] ERROR <?xml version="1.0" encoding="iso-8859-1"?> <!DOCTYPE html PUBLIC "-//W3C//DTD XHTML 1.0 Transitional//EN"          "http://www.w3.org/TR/xhtml1/DTD/xhtml1-transitional.dtd"> <html xmlns="http://www.w3.org/1999/xhtml" xml:lang="en" lang="en">  <head>   <title>503 Service Not Available</title>  </head>  <body>   <h1>503 Service Not Available</h1>  </body> </html> [00;33m{{(pid=3449777) _check_rest_api_response /opt/stack/cinder/cinder/volume/drivers/hitachi/hbsd_rest_api.py:485}}[00m
2026-09-15 18:38:22.465 3449777 DEBUG cinder.volume.drivers.hitachi.hbsd_rest_api [req-724a402a-44f5-404f-b2ce-8bb673660971 - - - - - -] ERROR <?xml version="1.0" encoding="iso-8859-1"?> <!DOCTYPE html PUBLIC "-//W3C//DTD XHTML 1.0 Transitional//EN"          "http://www.w3.org/TR/xhtml1/DTD/xhtml1-transitional.dtd"> <html xmlns="http://www.w3.org/1999/xhtml" xml:lang="en" lang="en">  <head>   <title>503 Service Not Available</title>  </head>  <body>   <h1>503 Service Not Available</h1>  </body> </html> [00;33m{{(pid=3449777) _check_rest_api_response /opt/stack/cinder/cinder/volume/drivers/hitachi/hbsd_rest_api.py:485}}[00m
2026-09-15 18:38:27.455 3449777 DEBUG cinder.volume.drivers.hitachi.hbsd_rest_api [req-724a402a-44f5-404f-b2ce-8bb673660971 - - - - - -] ERROR <?xml version="1.0" encoding="iso-8859-1"?> <!DOCTYPE html PUBLIC "-//W3C//DTD XHTML 1.0 Transitional//EN"          "http://www.w3.org/TR/xhtml1/DTD/xhtml1-transitional.dtd"> <html xmlns="http://www.w3.org/1999/xhtml" xml:lang="en" lang="en">  <head>   <title>503 Service Not Available</title>  </head>  <body>   <h1>503 Service Not Available</h1>  </body> </html> [00;33m{{(pid=3449777) _check_rest_api_response /opt/stack/cinder/cinder/volume/drivers/hitachi/hbsd_rest_api.py:485}}[00m
2026-09-15 18:38:32.457 3449777 DEBUG cinder.volume.drivers.hitachi.hbsd_rest_api [req-724a402a-44f5-404f-b2ce-8bb673660971 - - - - - -] ERROR <?xml version="1.0" encoding="iso-8859-1"?> <!DOCTYPE html PUBLIC "-//W3C//DTD XHTML 1.0 Transitional//EN"          "http://www.w3.org/TR/xhtml1/DTD/xhtml1-transitional.dtd"> <html xmlns="http://www.w3.org/1999/xhtml" xml:lang="en" lang="en">  <head>   <title>503 Service Not Available</title>  </head>  <body>   <h1>503 Service Not Available</h1>  </body> </html> [00;33m{{(pid=3449777) _check_rest_api_response /opt/stack/cinder/cinder/volume/drivers/hitachi/hbsd_rest_api.py:485}}[00m
2026-09-15 18:38:37.458 3449777 DEBUG cinder.volume.drivers.hitachi.hbsd_rest_api [req-724a402a-44f5-404f-b2ce-8bb673660971 - - - - - -] ERROR <?xml version="1.0" encoding="iso-8859-1"?> <!DOCTYPE html PUBLIC "-//W3C//DTD XHTML 1.0 Transitional//EN"          "http://www.w3.org/TR/xhtml1/DTD/xhtml1-transitional.dtd"> <html xmlns="http://www.w3.org/1999/xhtml" xml:lang="en" lang="en">  <head>   <title>503 Service Not Available</title>  </head>  <body>   <h1>503 Service Not Available</h1>  </body> </html> [00;33m{{(pid=3449777) _check_rest_api_response /opt/stack/cinder/cinder/volume/drivers/hitachi/hbsd_rest_api.py:485}}[00m
2026-09-15 18:38:42.460 3449777 DEBUG cinder.volume.drivers.hitachi.hbsd_rest_api [req-724a402a-44f5-404f-b2ce-8bb673660971 - - - - - -] ERROR <?xml version="1.0" encoding="iso-8859-1"?> <!DOCTYPE html PUBLIC "-//W3C//DTD XHTML 1.0 Transitional//EN"          "http://www.w3.org/TR/xhtml1/DTD/xhtml1-transitional.dtd"> <html xmlns="http://www.w3.org/1999/xhtml" xml:lang="en" lang="en">  <head>   <title>503 Service Not Available</title>  </head>  <body>   <h1>503 Service Not Available</h1>  </body> </html> [00;33m{{(pid=3449777) _check_rest_api_response /opt/stack/cinder/cinder/volume/drivers/hitachi/hbsd_rest_api.py:485}}[00m
2026-09-15 18:38:47.463 3449777 DEBUG cinder.volume.drivers.hitachi.hbsd_rest_api [req-724a402a-44f5-404f-b2ce-8bb673660971 - - - - - -] ERROR <?xml version="1.0" encoding="iso-8859-1"?> <!DOCTYPE html PUBLIC "-//W3C//DTD XHTML 1.0 Transitional//EN"          "http://www.w3.org/TR/xhtml1/DTD/xhtml1-transitional.dtd"> <html xmlns="http://www.w3.org/1999/xhtml" xml:lang="en" lang="en">  <head>   <title>503 Service Not Available</title>  </head>  <body>   <h1>503 Service Not Available</h1>  </body> </html> [00;33m{{(pid=3449777) _check_rest_api_response /opt/stack/cinder/cinder/volume/drivers/hitachi/hbsd_rest_api.py:485}}[00m
2026-09-15 18:38:52.469 3449777 DEBUG cinder.volume.drivers.hitachi.hbsd_rest_api [req-724a402a-44f5-404f-b2ce-8bb673660971 - - - - - -] ERROR <?xml version="1.0" encoding="iso-8859-1"?> <!DOCTYPE html PUBLIC "-//W3C//DTD XHTML 1.0 Transitional//EN"          "http://www.w3.org/TR/xhtml1/DTD/xhtml1-transitional.dtd"> <html xmlns="http://www.w3.org/1999/xhtml" xml:lang="en" lang="en">  <head>   <title>503 Service Not Available</title>  </head>  <body>   <h1>503 Service Not Available</h1>  </body> </html> [00;33m{{(pid=3449777) _check_rest_api_response /opt/stack/cinder/cinder/volume/drivers/hitachi/hbsd_rest_api.py:485}}[00m
2026-09-15 18:38:57.473 3449777 DEBUG cinder.volume.drivers.hitachi.hbsd_rest_api [req-724a402a-44f5-404f-b2ce-8bb673660971 - - - - - -] ERROR <?xml version="1.0" encoding="iso-8859-1"?> <!DOCTYPE html PUBLIC "-//W3C//DTD XHTML 1.0 Transitional//EN"          "http://www.w3.org/TR/xhtml1/DTD/xhtml1-transitional.dtd"> <html xmlns="http://www.w3.org/1999/xhtml" xml:lang="en" lang="en">  <head>   <title>503 Service Not Available</title>  </head>  <body>   <h1>503 Service Not Available</h1>  </body> </html> [00;33m{{(pid=3449777) _check_rest_api_response /opt/stack/cinder/cinder/volume/drivers/hitachi/hbsd_rest_api.py:485}}[00m
2026-09-15 18:39:02.464 3449777 DEBUG cinder.volume.drivers.hitachi.hbsd_rest_api [req-724a402a-44f5-404f-b2ce-8bb673660971 - - - - - -] ERROR <?xml version="1.0" encoding="iso-8859-1"?> <!DOCTYPE html PUBLIC "-//W3C//DTD XHTML 1.0 Transitional//EN"          "http://www.w3.org/TR/xhtml1/DTD/xhtml1-transitional.dtd"> <html xmlns="http://www.w3.org/1999/xhtml" xml:lang="en" lang="en">  <head>   <title>503 Service Not Available</title>  </head>  <body>   <h1>503 Service Not Available</h1>  </body> </html> [00;33m{{(pid=3449777) _check_rest_api_response /opt/stack/cinder/cinder/volume/drivers/hitachi/hbsd_rest_api.py:485}}[00m
2026-09-15 18:39:07.466 3449777 DEBUG cinder.volume.drivers.hitachi.hbsd_rest_api [req-724a402a-44f5-404f-b2ce-8bb673660971 - - - - - -] ERROR <?xml version="1.0" encoding="iso-8859-1"?> <!DOCTYPE html PUBLIC "-//W3C//DTD XHTML 1.0 Transitional//EN"          "http://www.w3.org/TR/xhtml1/DTD/xhtml1-transitional.dtd"> <html xmlns="http://www.w3.org/1999/xhtml" xml:lang="en" lang="en">  <head>   <title>503 Service Not Available</title>  </head>  <body>   <h1>503 Service Not Available</h1>  </body> </html> [00;33m{{(pid=3449777) _check_rest_api_response /opt/stack/cinder/cinder/volume/drivers/hitachi/hbsd_rest_api.py:485}}[00m
2026-09-15 18:39:12.480 3449777 DEBUG cinder.volume.drivers.hitachi.hbsd_rest_api [req-724a402a-44f5-404f-b2ce-8bb673660971 - - - - - -] ERROR <?xml version="1.0" encoding="iso-8859-1"?> <!DOCTYPE html PUBLIC "-//W3C//DTD XHTML 1.0 Transitional//EN"          "http://www.w3.org/TR/xhtml1/DTD/xhtml1-transitional.dtd"> <html xmlns="http://www.w3.org/1999/xhtml" xml:lang="en" lang="en">  <head>   <title>503 Service Not Available</title>  </head>  <body>   <h1>503 Service Not Available</h1>  </body> </html> [00;33m{{(pid=3449777) _check_rest_api_response /opt/stack/cinder/cinder/volume/drivers/hitachi/hbsd_rest_api.py:485}}[00m
2026-09-15 18:39:17.473 3449777 DEBUG cinder.volume.drivers.hitachi.hbsd_rest_api [req-724a402a-44f5-404f-b2ce-8bb673660971 - - - - - -] ERROR <?xml version="1.0" encoding="iso-8859-1"?> <!DOCTYPE html PUBLIC "-//W3C//DTD XHTML 1.0 Transitional//EN"          "http://www.w3.org/TR/xhtml1/DTD/xhtml1-transitional.dtd"> <html xmlns="http://www.w3.org/1999/xhtml" xml:lang="en" lang="en">  <head>   <title>503 Service Not Available</title>  </head>  <body>   <h1>503 Service Not Available</h1>  </body> </html> [00;33m{{(pid=3449777) _check_rest_api_response /opt/stack/cinder/cinder/volume/drivers/hitachi/hbsd_rest_api.py:485}}[00m
2026-09-15 18:39:22.469 3449777 DEBUG cinder.volume.drivers.hitachi.hbsd_rest_api [req-724a402a-44f5-404f-b2ce-8bb673660971 - - - - - -] ERROR <?xml version="1.0" encoding="iso-8859-1"?> <!DOCTYPE html PUBLIC "-//W3C//DTD XHTML 1.0 Transitional//EN"          "http://www.w3.org/TR/xhtml1/DTD/xhtml1-transitional.dtd"> <html xmlns="http://www.w3.org/1999/xhtml" xml:lang="en" lang="en">  <head>   <title>503 Service Not Available</title>  </head>  <body>   <h1>503 Service Not Available</h1>  </body> </html> [00;33m{{(pid=3449777) _check_rest_api_response /opt/stack/cinder/cinder/volume/drivers/hitachi/hbsd_rest_api.py:485}}[00m
2026-09-15 18:39:27.473 3449777 DEBUG cinder.volume.drivers.hitachi.hbsd_rest_api [req-724a402a-44f5-404f-b2ce-8bb673660971 - - - - - -] ERROR <?xml version="1.0" encoding="iso-8859-1"?> <!DOCTYPE html PUBLIC "-//W3C//DTD XHTML 1.0 Transitional//EN"          "http://www.w3.org/TR/xhtml1/DTD/xhtml1-transitional.dtd"> <html xmlns="http://www.w3.org/1999/xhtml" xml:lang="en" lang="en">  <head>   <title>503 Service Not Available</title>  </head>  <body>   <h1>503 Service Not Available</h1>  </body> </html> [00;33m{{(pid=3449777) _check_rest_api_response /opt/stack/cinder/cinder/volume/drivers/hitachi/hbsd_rest_api.py:485}}[00m
2026-09-15 18:39:32.472 3449777 DEBUG cinder.volume.drivers.hitachi.hbsd_rest_api [req-724a402a-44f5-404f-b2ce-8bb673660971 - - - - - -] ERROR <?xml version="1.0" encoding="iso-8859-1"?> <!DOCTYPE html PUBLIC "-//W3C//DTD XHTML 1.0 Transitional//EN"          "http://www.w3.org/TR/xhtml1/DTD/xhtml1-transitional.dtd"> <html xmlns="http://www.w3.org/1999/xhtml" xml:lang="en" lang="en">  <head>   <title>503 Service Not Available</title>  </head>  <body>   <h1>503 Service Not Available</h1>  </body> </html> [00;33m{{(pid=3449777) _check_rest_api_response /opt/stack/cinder/cinder/volume/drivers/hitachi/hbsd_rest_api.py:485}}[00m
2026-09-15 18:39:37.491 3449777 DEBUG cinder.volume.drivers.hitachi.hbsd_rest_api [req-724a402a-44f5-404f-b2ce-8bb673660971 - - - - - -] ERROR <?xml version="1.0" encoding="iso-8859-1"?> <!DOCTYPE html PUBLIC "-//W3C//DTD XHTML 1.0 Transitional//EN"          "http://www.w3.org/TR/xhtml1/DTD/xhtml1-transitional.dtd"> <html xmlns="http://www.w3.org/1999/xhtml" xml:lang="en" lang="en">  <head>   <title>503 Service Not Available</title>  </head>  <body>   <h1>503 Service Not Available</h1>  </body> </html> [00;33m{{(pid=3449777) _check_rest_api_response /opt/stack/cinder/cinder/volume/drivers/hitachi/hbsd_rest_api.py:485}}[00m
2026-09-15 18:39:42.477 3449777 DEBUG cinder.volume.drivers.hitachi.hbsd_rest_api [req-724a402a-44f5-404f-b2ce-8bb673660971 - - - - - -] ERROR <?xml version="1.0" encoding="iso-8859-1"?> <!DOCTYPE html PUBLIC "-//W3C//DTD XHTML 1.0 Transitional//EN"          "http://www.w3.org/TR/xhtml1/DTD/xhtml1-transitional.dtd"> <html xmlns="http://www.w3.org/1999/xhtml" xml:lang="en" lang="en">  <head>   <title>503 Service Not Available</title>  </head>  <body>   <h1>503 Service Not Available</h1>  </body> </html> [00;33m{{(pid=3449777) _check_rest_api_response /opt/stack/cinder/cinder/volume/drivers/hitachi/hbsd_rest_api.py:485}}[00m
2026-09-15 18:39:47.479 3449777 DEBUG cinder.volume.drivers.hitachi.hbsd_rest_api [req-724a402a-44f5-404f-b2ce-8bb673660971 - - - - - -] ERROR <?xml version="1.0" encoding="iso-8859-1"?> <!DOCTYPE html PUBLIC "-//W3C//DTD XHTML 1.0 Transitional//EN"          "http://www.w3.org/TR/xhtml1/DTD/xhtml1-transitional.dtd"> <html xmlns="http://www.w3.org/1999/xhtml" xml:lang="en" lang="en">  <head>   <title>503 Service Not Available</title>  </head>  <body>   <h1>503 Service Not Available</h1>  </body> </html> [00;33m{{(pid=3449777) _check_rest_api_response /opt/stack/cinder/cinder/volume/drivers/hitachi/hbsd_rest_api.py:485}}[00m
2026-09-15 18:39:52.479 3449777 DEBUG cinder.volume.drivers.hitachi.hbsd_rest_api [req-724a402a-44f5-404f-b2ce-8bb673660971 - - - - - -] ERROR <?xml version="1.0" encoding="iso-8859-1"?> <!DOCTYPE html PUBLIC "-//W3C//DTD XHTML 1.0 Transitional//EN"          "http://www.w3.org/TR/xhtml1/DTD/xhtml1-transitional.dtd"> <html xmlns="http://www.w3.org/1999/xhtml" xml:lang="en" lang="en">  <head>   <title>503 Service Not Available</title>  </head>  <body>   <h1>503 Service Not Available</h1>  </body> </html> [00;33m{{(pid=3449777) _check_rest_api_response /opt/stack/cinder/cinder/volume/drivers/hitachi/hbsd_rest_api.py:485}}[00m
2026-09-15 18:39:57.479 3449777 DEBUG cinder.volume.drivers.hitachi.hbsd_rest_api [req-724a402a-44f5-404f-b2ce-8bb673660971 - - - - - -] ERROR <?xml version="1.0" encoding="iso-8859-1"?> <!DOCTYPE html PUBLIC "-//W3C//DTD XHTML 1.0 Transitional//EN"          "http://www.w3.org/TR/xhtml1/DTD/xhtml1-transitional.dtd"> <html xmlns="http://www.w3.org/1999/xhtml" xml:lang="en" lang="en">  <head>   <title>503 Service Not Available</title>  </head>  <body>   <h1>503 Service Not Available</h1>  </body> </html> [00;33m{{(pid=3449777) _check_rest_api_response /opt/stack/cinder/cinder/volume/drivers/hitachi/hbsd_rest_api.py:485}}[00m
2026-09-15 18:40:02.510 3449777 DEBUG cinder.volume.drivers.hitachi.hbsd_rest_api [req-724a402a-44f5-404f-b2ce-8bb673660971 - - - - - -] ERROR <?xml version="1.0" encoding="iso-8859-1"?> <!DOCTYPE html PUBLIC "-//W3C//DTD XHTML 1.0 Transitional//EN"          "http://www.w3.org/TR/xhtml1/DTD/xhtml1-transitional.dtd"> <html xmlns="http://www.w3.org/1999/xhtml" xml:lang="en" lang="en">  <head>   <title>503 Service Not Available</title>  </head>  <body>   <h1>503 Service Not Available</h1>  </body> </html> [00;33m{{(pid=3449777) _check_rest_api_response /opt/stack/cinder/cinder/volume/drivers/hitachi/hbsd_rest_api.py:485}}[00m
2026-09-15 18:40:07.487 3449777 DEBUG cinder.volume.drivers.hitachi.hbsd_rest_api [req-724a402a-44f5-404f-b2ce-8bb673660971 - - - - - -] ERROR <?xml version="1.0" encoding="iso-8859-1"?> <!DOCTYPE html PUBLIC "-//W3C//DTD XHTML 1.0 Transitional//EN"          "http://www.w3.org/TR/xhtml1/DTD/xhtml1-transitional.dtd"> <html xmlns="http://www.w3.org/1999/xhtml" xml:lang="en" lang="en">  <head>   <title>503 Service Not Available</title>  </head>  <body>   <h1>503 Service Not Available</h1>  </body> </html> [00;33m{{(pid=3449777) _check_rest_api_response /opt/stack/cinder/cinder/volume/drivers/hitachi/hbsd_rest_api.py:485}}[00m
2026-09-15 18:40:12.483 3449777 DEBUG cinder.volume.drivers.hitachi.hbsd_rest_api [req-724a402a-44f5-404f-b2ce-8bb673660971 - - - - - -] ERROR <?xml version="1.0" encoding="iso-8859-1"?> <!DOCTYPE html PUBLIC "-//W3C//DTD XHTML 1.0 Transitional//EN"          "http://www.w3.org/TR/xhtml1/DTD/xhtml1-transitional.dtd"> <html xmlns="http://www.w3.org/1999/xhtml" xml:lang="en" lang="en">  <head>   <title>503 Service Not Available</title>  </head>  <body>   <h1>503 Service Not Available</h1>  </body> </html> [00;33m{{(pid=3449777) _check_rest_api_response /opt/stack/cinder/cinder/volume/drivers/hitachi/hbsd_rest_api.py:485}}[00m
2026-09-15 18:40:17.489 3449777 DEBUG cinder.volume.drivers.hitachi.hbsd_rest_api [req-724a402a-44f5-404f-b2ce-8bb673660971 - - - - - -] ERROR <?xml version="1.0" encoding="iso-8859-1"?> <!DOCTYPE html PUBLIC "-//W3C//DTD XHTML 1.0 Transitional//EN"          "http://www.w3.org/TR/xhtml1/DTD/xhtml1-transitional.dtd"> <html xmlns="http://www.w3.org/1999/xhtml" xml:lang="en" lang="en">  <head>   <title>503 Service Not Available</title>  </head>  <body>   <h1>503 Service Not Available</h1>  </body> </html> [00;33m{{(pid=3449777) _check_rest_api_response /opt/stack/cinder/cinder/volume/drivers/hitachi/hbsd_rest_api.py:485}}[00m
2026-09-15 18:40:22.486 3449777 DEBUG cinder.volume.drivers.hitachi.hbsd_rest_api [req-724a402a-44f5-404f-b2ce-8bb673660971 - - - - - -] ERROR <?xml version="1.0" encoding="iso-8859-1"?> <!DOCTYPE html PUBLIC "-//W3C//DTD XHTML 1.0 Transitional//EN"          "http://www.w3.org/TR/xhtml1/DTD/xhtml1-transitional.dtd"> <html xmlns="http://www.w3.org/1999/xhtml" xml:lang="en" lang="en">  <head>   <title>503 Service Not Available</title>  </head>  <body>   <h1>503 Service Not Available</h1>  </body> </html> [00;33m{{(pid=3449777) _check_rest_api_response /opt/stack/cinder/cinder/volume/drivers/hitachi/hbsd_rest_api.py:485}}[00m
2026-09-15 18:40:27.486 3449777 DEBUG cinder.volume.drivers.hitachi.hbsd_rest_api [req-724a402a-44f5-404f-b2ce-8bb673660971 - - - - - -] ERROR <?xml version="1.0" encoding="iso-8859-1"?> <!DOCTYPE html PUBLIC "-//W3C//DTD XHTML 1.0 Transitional//EN"          "http://www.w3.org/TR/xhtml1/DTD/xhtml1-transitional.dtd"> <html xmlns="http://www.w3.org/1999/xhtml" xml:lang="en" lang="en">  <head>   <title>503 Service Not Available</title>  </head>  <body>   <h1>503 Service Not Available</h1>  </body> </html> [00;33m{{(pid=3449777) _check_rest_api_response /opt/stack/cinder/cinder/volume/drivers/hitachi/hbsd_rest_api.py:485}}[00m
2026-09-15 18:40:32.487 3449777 DEBUG cinder.volume.drivers.hitachi.hbsd_rest_api [req-724a402a-44f5-404f-b2ce-8bb673660971 - - - - - -] ERROR <?xml version="1.0" encoding="iso-8859-1"?> <!DOCTYPE html PUBLIC "-//W3C//DTD XHTML 1.0 Transitional//EN"          "http://www.w3.org/TR/xhtml1/DTD/xhtml1-transitional.dtd"> <html xmlns="http://www.w3.org/1999/xhtml" xml:lang="en" lang="en">  <head>   <title>503 Service Not Available</title>  </head>  <body>   <h1>503 Service Not Available</h1>  </body> </html> [00;33m{{(pid=3449777) _check_rest_api_response /opt/stack/cinder/cinder/volume/drivers/hitachi/hbsd_rest_api.py:485}}[00m
2026-09-15 18:40:37.503 3449777 DEBUG cinder.volume.drivers.hitachi.hbsd_rest_api [req-724a402a-44f5-404f-b2ce-8bb673660971 - - - - - -] ERROR <?xml version="1.0" encoding="iso-8859-1"?> <!DOCTYPE html PUBLIC "-//W3C//DTD XHTML 1.0 Transitional//EN"          "http://www.w3.org/TR/xhtml1/DTD/xhtml1-transitional.dtd"> <html xmlns="http://www.w3.org/1999/xhtml" xml:lang="en" lang="en">  <head>   <title>503 Service Not Available</title>  </head>  <body>   <h1>503 Service Not Available</h1>  </body> </html> [00;33m{{(pid=3449777) _check_rest_api_response /opt/stack/cinder/cinder/volume/drivers/hitachi/hbsd_rest_api.py:485}}[00m
2026-09-15 18:40:42.491 3449777 DEBUG cinder.volume.drivers.hitachi.hbsd_rest_api [req-724a402a-44f5-404f-b2ce-8bb673660971 - - - - - -] ERROR <?xml version="1.0" encoding="iso-8859-1"?> <!DOCTYPE html PUBLIC "-//W3C//DTD XHTML 1.0 Transitional//EN"          "http://www.w3.org/TR/xhtml1/DTD/xhtml1-transitional.dtd"> <html xmlns="http://www.w3.org/1999/xhtml" xml:lang="en" lang="en">  <head>   <title>503 Service Not Available</title>  </head>  <body>   <h1>503 Service Not Available</h1>  </body> </html> [00;33m{{(pid=3449777) _check_rest_api_response /opt/stack/cinder/cinder/volume/drivers/hitachi/hbsd_rest_api.py:485}}[00m
2026-09-15 18:40:47.494 3449777 DEBUG cinder.volume.drivers.hitachi.hbsd_rest_api [req-724a402a-44f5-404f-b2ce-8bb673660971 - - - - - -] ERROR <?xml version="1.0" encoding="iso-8859-1"?> <!DOCTYPE html PUBLIC "-//W3C//DTD XHTML 1.0 Transitional//EN"          "http://www.w3.org/TR/xhtml1/DTD/xhtml1-transitional.dtd"> <html xmlns="http://www.w3.org/1999/xhtml" xml:lang="en" lang="en">  <head>   <title>503 Service Not Available</title>  </head>  <body>   <h1>503 Service Not Available</h1>  </body> </html> [00;33m{{(pid=3449777) _check_rest_api_response /opt/stack/cinder/cinder/volume/drivers/hitachi/hbsd_rest_api.py:485}}[00m
2026-09-15 18:40:52.493 3449777 DEBUG cinder.volume.drivers.hitachi.hbsd_rest_api [req-724a402a-44f5-404f-b2ce-8bb673660971 - - - - - -] ERROR <?xml version="1.0" encoding="iso-8859-1"?> <!DOCTYPE html PUBLIC "-//W3C//DTD XHTML 1.0 Transitional//EN"          "http://www.w3.org/TR/xhtml1/DTD/xhtml1-transitional.dtd"> <html xmlns="http://www.w3.org/1999/xhtml" xml:lang="en" lang="en">  <head>   <title>503 Service Not Available</title>  </head>  <body>   <h1>503 Service Not Available</h1>  </body> </html> [00;33m{{(pid=3449777) _check_rest_api_response /opt/stack/cinder/cinder/volume/drivers/hitachi/hbsd_rest_api.py:485}}[00m
2026-09-15 18:40:57.493 3449777 DEBUG cinder.volume.drivers.hitachi.hbsd_rest_api [req-724a402a-44f5-404f-b2ce-8bb673660971 - - - - - -] ERROR <?xml version="1.0" encoding="iso-8859-1"?> <!DOCTYPE html PUBLIC "-//W3C//DTD XHTML 1.0 Transitional//EN"          "http://www.w3.org/TR/xhtml1/DTD/xhtml1-transitional.dtd"> <html xmlns="http://www.w3.org/1999/xhtml" xml:lang="en" lang="en">  <head>   <title>503 Service Not Available</title>  </head>  <body>   <h1>503 Service Not Available</h1>  </body> </html> [00;33m{{(pid=3449777) _check_rest_api_response /opt/stack/cinder/cinder/volume/drivers/hitachi/hbsd_rest_api.py:485}}[00m
2026-09-15 18:41:02.499 3449777 DEBUG cinder.volume.drivers.hitachi.hbsd_rest_api [req-724a402a-44f5-404f-b2ce-8bb673660971 - - - - - -] ERROR <?xml version="1.0" encoding="iso-8859-1"?> <!DOCTYPE html PUBLIC "-//W3C//DTD XHTML 1.0 Transitional//EN"          "http://www.w3.org/TR/xhtml1/DTD/xhtml1-transitional.dtd"> <html xmlns="http://www.w3.org/1999/xhtml" xml:lang="en" lang="en">  <head>   <title>503 Service Not Available</title>  </head>  <body>   <h1>503 Service Not Available</h1>  </body> </html> [00;33m{{(pid=3449777) _check_rest_api_response /opt/stack/cinder/cinder/volume/drivers/hitachi/hbsd_rest_api.py:485}}[00m
2026-09-15 18:41:07.500 3449777 DEBUG cinder.volume.drivers.hitachi.hbsd_rest_api [req-724a402a-44f5-404f-b2ce-8bb673660971 - - - - - -] ERROR <?xml version="1.0" encoding="iso-8859-1"?> <!DOCTYPE html PUBLIC "-//W3C//DTD XHTML 1.0 Transitional//EN"          "http://www.w3.org/TR/xhtml1/DTD/xhtml1-transitional.dtd"> <html xmlns="http://www.w3.org/1999/xhtml" xml:lang="en" lang="en">  <head>   <title>503 Service Not Available</title>  </head>  <body>   <h1>503 Service Not Available</h1>  </body> </html> [00;33m{{(pid=3449777) _check_rest_api_response /opt/stack/cinder/cinder/volume/drivers/hitachi/hbsd_rest_api.py:485}}[00m
2026-09-15 18:41:12.497 3449777 DEBUG cinder.volume.drivers.hitachi.hbsd_rest_api [req-724a402a-44f5-404f-b2ce-8bb673660971 - - - - - -] ERROR <?xml version="1.0" encoding="iso-8859-1"?> <!DOCTYPE html PUBLIC "-//W3C//DTD XHTML 1.0 Transitional//EN"          "http://www.w3.org/TR/xhtml1/DTD/xhtml1-transitional.dtd"> <html xmlns="http://www.w3.org/1999/xhtml" xml:lang="en" lang="en">  <head>   <title>503 Service Not Available</title>  </head>  <body>   <h1>503 Service Not Available</h1>  </body> </html> [00;33m{{(pid=3449777) _check_rest_api_response /opt/stack/cinder/cinder/volume/drivers/hitachi/hbsd_rest_api.py:485}}[00m
2026-09-15 18:41:17.506 3449777 DEBUG cinder.volume.drivers.hitachi.hbsd_rest_api [req-724a402a-44f5-404f-b2ce-8bb673660971 - - - - - -] ERROR <?xml version="1.0" encoding="iso-8859-1"?> <!DOCTYPE html PUBLIC "-//W3C//DTD XHTML 1.0 Transitional//EN"          "http://www.w3.org/TR/xhtml1/DTD/xhtml1-transitional.dtd"> <html xmlns="http://www.w3.org/1999/xhtml" xml:lang="en" lang="en">  <head>   <title>503 Service Not Available</title>  </head>  <body>   <h1>503 Service Not Available</h1>  </body> </html> [00;33m{{(pid=3449777) _check_rest_api_response /opt/stack/cinder/cinder/volume/drivers/hitachi/hbsd_rest_api.py:485}}[00m
2026-09-15 18:41:22.569 3449777 DEBUG cinder.volume.drivers.hitachi.hbsd_rest_api [req-724a402a-44f5-404f-b2ce-8bb673660971 - - - - - -] ERROR <?xml version="1.0" encoding="iso-8859-1"?> <!DOCTYPE html PUBLIC "-//W3C//DTD XHTML 1.0 Transitional//EN"          "http://www.w3.org/TR/xhtml1/DTD/xhtml1-transitional.dtd"> <html xmlns="http://www.w3.org/1999/xhtml" xml:lang="en" lang="en">  <head>   <title>503 Service Not Available</title>  </head>  <body>   <h1>503 Service Not Available</h1>  </body> </html> [00;33m{{(pid=3449777) _check_rest_api_response /opt/stack/cinder/cinder/volume/drivers/hitachi/hbsd_rest_api.py:485}}[00m
2026-09-15 18:41:27.499 3449777 DEBUG cinder.volume.drivers.hitachi.hbsd_rest_api [req-724a402a-44f5-404f-b2ce-8bb673660971 - - - - - -] ERROR <?xml version="1.0" encoding="iso-8859-1"?> <!DOCTYPE html PUBLIC "-//W3C//DTD XHTML 1.0 Transitional//EN"          "http://www.w3.org/TR/xhtml1/DTD/xhtml1-transitional.dtd"> <html xmlns="http://www.w3.org/1999/xhtml" xml:lang="en" lang="en">  <head>   <title>503 Service Not Available</title>  </head>  <body>   <h1>503 Service Not Available</h1>  </body> </html> [00;33m{{(pid=3449777) _check_rest_api_response /opt/stack/cinder/cinder/volume/drivers/hitachi/hbsd_rest_api.py:485}}[00m
2026-09-15 18:41:32.502 3449777 DEBUG cinder.volume.drivers.hitachi.hbsd_rest_api [req-724a402a-44f5-404f-b2ce-8bb673660971 - - - - - -] ERROR <?xml version="1.0" encoding="iso-8859-1"?> <!DOCTYPE html PUBLIC "-//W3C//DTD XHTML 1.0 Transitional//EN"          "http://www.w3.org/TR/xhtml1/DTD/xhtml1-transitional.dtd"> <html xmlns="http://www.w3.org/1999/xhtml" xml:lang="en" lang="en">  <head>   <title>503 Service Not Available</title>  </head>  <body>   <h1>503 Service Not Available</h1>  </body> </html> [00;33m{{(pid=3449777) _check_rest_api_response /opt/stack/cinder/cinder/volume/drivers/hitachi/hbsd_rest_api.py:485}}[00m
2026-09-15 18:41:37.518 3449777 DEBUG cinder.volume.drivers.hitachi.hbsd_rest_api [req-724a402a-44f5-404f-b2ce-8bb673660971 - - - - - -] ERROR <?xml version="1.0" encoding="iso-8859-1"?> <!DOCTYPE html PUBLIC "-//W3C//DTD XHTML 1.0 Transitional//EN"          "http://www.w3.org/TR/xhtml1/DTD/xhtml1-transitional.dtd"> <html xmlns="http://www.w3.org/1999/xhtml" xml:lang="en" lang="en">  <head>   <title>503 Service Not Available</title>  </head>  <body>   <h1>503 Service Not Available</h1>  </body> </html> [00;33m{{(pid=3449777) _check_rest_api_response /opt/stack/cinder/cinder/volume/drivers/hitachi/hbsd_rest_api.py:485}}[00m
2026-09-15 18:41:42.507 3449777 DEBUG cinder.volume.drivers.hitachi.hbsd_rest_api [req-724a402a-44f5-404f-b2ce-8bb673660971 - - - - - -] ERROR <?xml version="1.0" encoding="iso-8859-1"?> <!DOCTYPE html PUBLIC "-//W3C//DTD XHTML 1.0 Transitional//EN"          "http://www.w3.org/TR/xhtml1/DTD/xhtml1-transitional.dtd"> <html xmlns="http://www.w3.org/1999/xhtml" xml:lang="en" lang="en">  <head>   <title>503 Service Not Available</title>  </head>  <body>   <h1>503 Service Not Available</h1>  </body> </html> [00;33m{{(pid=3449777) _check_rest_api_response /opt/stack/cinder/cinder/volume/drivers/hitachi/hbsd_rest_api.py:485}}[00m
2026-09-15 18:41:47.517 3449777 DEBUG cinder.volume.drivers.hitachi.hbsd_rest_api [req-724a402a-44f5-404f-b2ce-8bb673660971 - - - - - -] ERROR <?xml version="1.0" encoding="iso-8859-1"?> <!DOCTYPE html PUBLIC "-//W3C//DTD XHTML 1.0 Transitional//EN"          "http://www.w3.org/TR/xhtml1/DTD/xhtml1-transitional.dtd"> <html xmlns="http://www.w3.org/1999/xhtml" xml:lang="en" lang="en">  <head>   <title>503 Service Not Available</title>  </head>  <body>   <h1>503 Service Not Available</h1>  </body> </html> [00;33m{{(pid=3449777) _check_rest_api_response /opt/stack/cinder/cinder/volume/drivers/hitachi/hbsd_rest_api.py:485}}[00m
2026-09-15 18:41:52.521 3449777 DEBUG cinder.volume.drivers.hitachi.hbsd_rest_api [req-724a402a-44f5-404f-b2ce-8bb673660971 - - - - - -] ERROR <?xml version="1.0" encoding="iso-8859-1"?> <!DOCTYPE html PUBLIC "-//W3C//DTD XHTML 1.0 Transitional//EN"          "http://www.w3.org/TR/xhtml1/DTD/xhtml1-transitional.dtd"> <html xmlns="http://www.w3.org/1999/xhtml" xml:lang="en" lang="en">  <head>   <title>503 Service Not Available</title>  </head>  <body>   <h1>503 Service Not Available</h1>  </body> </html> [00;33m{{(pid=3449777) _check_rest_api_response /opt/stack/cinder/cinder/volume/drivers/hitachi/hbsd_rest_api.py:485}}[00m
2026-09-15 18:41:57.508 3449777 DEBUG cinder.volume.drivers.hitachi.hbsd_rest_api [req-724a402a-44f5-404f-b2ce-8bb673660971 - - - - - -] ERROR <?xml version="1.0" encoding="iso-8859-1"?> <!DOCTYPE html PUBLIC "-//W3C//DTD XHTML 1.0 Transitional//EN"          "http://www.w3.org/TR/xhtml1/DTD/xhtml1-transitional.dtd"> <html xmlns="http://www.w3.org/1999/xhtml" xml:lang="en" lang="en">  <head>   <title>503 Service Not Available</title>  </head>  <body>   <h1>503 Service Not Available</h1>  </body> </html> [00;33m{{(pid=3449777) _check_rest_api_response /opt/stack/cinder/cinder/volume/drivers/hitachi/hbsd_rest_api.py:485}}[00m
2026-09-15 18:42:02.511 3449777 DEBUG cinder.volume.drivers.hitachi.hbsd_rest_api [req-724a402a-44f5-404f-b2ce-8bb673660971 - - - - - -] ERROR <?xml version="1.0" encoding="iso-8859-1"?> <!DOCTYPE html PUBLIC "-//W3C//DTD XHTML 1.0 Transitional//EN"          "http://www.w3.org/TR/xhtml1/DTD/xhtml1-transitional.dtd"> <html xmlns="http://www.w3.org/1999/xhtml" xml:lang="en" lang="en">  <head>   <title>503 Service Not Available</title>  </head>  <body>   <h1>503 Service Not Available</h1>  </body> </html> [00;33m{{(pid=3449777) _check_rest_api_response /opt/stack/cinder/cinder/volume/drivers/hitachi/hbsd_rest_api.py:485}}[00m
2026-09-15 18:42:07.512 3449777 DEBUG cinder.volume.drivers.hitachi.hbsd_rest_api [req-724a402a-44f5-404f-b2ce-8bb673660971 - - - - - -] ERROR <?xml version="1.0" encoding="iso-8859-1"?> <!DOCTYPE html PUBLIC "-//W3C//DTD XHTML 1.0 Transitional//EN"          "http://www.w3.org/TR/xhtml1/DTD/xhtml1-transitional.dtd"> <html xmlns="http://www.w3.org/1999/xhtml" xml:lang="en" lang="en">  <head>   <title>503 Service Not Available</title>  </head>  <body>   <h1>503 Service Not Available</h1>  </body> </html> [00;33m{{(pid=3449777) _check_rest_api_response /opt/stack/cinder/cinder/volume/drivers/hitachi/hbsd_rest_api.py:485}}[00m
2026-09-15 18:42:12.517 3449777 DEBUG cinder.volume.drivers.hitachi.hbsd_rest_api [req-724a402a-44f5-404f-b2ce-8bb673660971 - - - - - -] ERROR <?xml version="1.0" encoding="iso-8859-1"?> <!DOCTYPE html PUBLIC "-//W3C//DTD XHTML 1.0 Transitional//EN"          "http://www.w3.org/TR/xhtml1/DTD/xhtml1-transitional.dtd"> <html xmlns="http://www.w3.org/1999/xhtml" xml:lang="en" lang="en">  <head>   <title>503 Service Not Available</title>  </head>  <body>   <h1>503 Service Not Available</h1>  </body> </html> [00;33m{{(pid=3449777) _check_rest_api_response /opt/stack/cinder/cinder/volume/drivers/hitachi/hbsd_rest_api.py:485}}[00m
2026-09-15 18:42:17.519 3449777 DEBUG cinder.volume.drivers.hitachi.hbsd_rest_api [req-724a402a-44f5-404f-b2ce-8bb673660971 - - - - - -] ERROR <?xml version="1.0" encoding="iso-8859-1"?> <!DOCTYPE html PUBLIC "-//W3C//DTD XHTML 1.0 Transitional//EN"          "http://www.w3.org/TR/xhtml1/DTD/xhtml1-transitional.dtd"> <html xmlns="http://www.w3.org/1999/xhtml" xml:lang="en" lang="en">  <head>   <title>503 Service Not Available</title>  </head>  <body>   <h1>503 Service Not Available</h1>  </body> </html> [00;33m{{(pid=3449777) _check_rest_api_response /opt/stack/cinder/cinder/volume/drivers/hitachi/hbsd_rest_api.py:485}}[00m
2026-09-15 18:42:22.537 3449777 DEBUG cinder.volume.drivers.hitachi.hbsd_rest_api [req-724a402a-44f5-404f-b2ce-8bb673660971 - - - - - -] ERROR <?xml version="1.0" encoding="iso-8859-1"?> <!DOCTYPE html PUBLIC "-//W3C//DTD XHTML 1.0 Transitional//EN"          "http://www.w3.org/TR/xhtml1/DTD/xhtml1-transitional.dtd"> <html xmlns="http://www.w3.org/1999/xhtml" xml:lang="en" lang="en">  <head>   <title>503 Service Not Available</title>  </head>  <body>   <h1>503 Service Not Available</h1>  </body> </html> [00;33m{{(pid=3449777) _check_rest_api_response /opt/stack/cinder/cinder/volume/drivers/hitachi/hbsd_rest_api.py:485}}[00m
2026-09-15 18:42:27.527 3449777 DEBUG cinder.volume.drivers.hitachi.hbsd_rest_api [req-724a402a-44f5-404f-b2ce-8bb673660971 - - - - - -] ERROR <?xml version="1.0" encoding="iso-8859-1"?> <!DOCTYPE html PUBLIC "-//W3C//DTD XHTML 1.0 Transitional//EN"          "http://www.w3.org/TR/xhtml1/DTD/xhtml1-transitional.dtd"> <html xmlns="http://www.w3.org/1999/xhtml" xml:lang="en" lang="en">  <head>   <title>503 Service Not Available</title>  </head>  <body>   <h1>503 Service Not Available</h1>  </body> </html> [00;33m{{(pid=3449777) _check_rest_api_response /opt/stack/cinder/cinder/volume/drivers/hitachi/hbsd_rest_api.py:485}}[00m
2026-09-15 18:42:32.519 3449777 DEBUG cinder.volume.drivers.hitachi.hbsd_rest_api [req-724a402a-44f5-404f-b2ce-8bb673660971 - - - - - -] ERROR <?xml version="1.0" encoding="iso-8859-1"?> <!DOCTYPE html PUBLIC "-//W3C//DTD XHTML 1.0 Transitional//EN"          "http://www.w3.org/TR/xhtml1/DTD/xhtml1-transitional.dtd"> <html xmlns="http://www.w3.org/1999/xhtml" xml:lang="en" lang="en">  <head>   <title>503 Service Not Available</title>  </head>  <body>   <h1>503 Service Not Available</h1>  </body> </html> [00;33m{{(pid=3449777) _check_rest_api_response /opt/stack/cinder/cinder/volume/drivers/hitachi/hbsd_rest_api.py:485}}[00m
2026-09-15 18:42:37.520 3449777 DEBUG cinder.volume.drivers.hitachi.hbsd_rest_api [req-724a402a-44f5-404f-b2ce-8bb673660971 - - - - - -] ERROR <?xml version="1.0" encoding="iso-8859-1"?> <!DOCTYPE html PUBLIC "-//W3C//DTD XHTML 1.0 Transitional//EN"          "http://www.w3.org/TR/xhtml1/DTD/xhtml1-transitional.dtd"> <html xmlns="http://www.w3.org/1999/xhtml" xml:lang="en" lang="en">  <head>   <title>503 Service Not Available</title>  </head>  <body>   <h1>503 Service Not Available</h1>  </body> </html> [00;33m{{(pid=3449777) _check_rest_api_response /opt/stack/cinder/cinder/volume/drivers/hitachi/hbsd_rest_api.py:485}}[00m
2026-09-15 18:42:42.522 3449777 DEBUG cinder.volume.drivers.hitachi.hbsd_rest_api [req-724a402a-44f5-404f-b2ce-8bb673660971 - - - - - -] ERROR <?xml version="1.0" encoding="iso-8859-1"?> <!DOCTYPE html PUBLIC "-//W3C//DTD XHTML 1.0 Transitional//EN"          "http://www.w3.org/TR/xhtml1/DTD/xhtml1-transitional.dtd"> <html xmlns="http://www.w3.org/1999/xhtml" xml:lang="en" lang="en">  <head>   <title>503 Service Not Available</title>  </head>  <body>   <h1>503 Service Not Available</h1>  </body> </html> [00;33m{{(pid=3449777) _check_rest_api_response /opt/stack/cinder/cinder/volume/drivers/hitachi/hbsd_rest_api.py:485}}[00m
2026-09-15 18:42:47.523 3449777 DEBUG cinder.volume.drivers.hitachi.hbsd_rest_api [req-724a402a-44f5-404f-b2ce-8bb673660971 - - - - - -] ERROR <?xml version="1.0" encoding="iso-8859-1"?> <!DOCTYPE html PUBLIC "-//W3C//DTD XHTML 1.0 Transitional//EN"          "http://www.w3.org/TR/xhtml1/DTD/xhtml1-transitional.dtd"> <html xmlns="http://www.w3.org/1999/xhtml" xml:lang="en" lang="en">  <head>   <title>503 Service Not Available</title>  </head>  <body>   <h1>503 Service Not Available</h1>  </body> </html> [00;33m{{(pid=3449777) _check_rest_api_response /opt/stack/cinder/cinder/volume/drivers/hitachi/hbsd_rest_api.py:485}}[00m
2026-09-15 18:42:52.526 3449777 DEBUG cinder.volume.drivers.hitachi.hbsd_rest_api [req-724a402a-44f5-404f-b2ce-8bb673660971 - - - - - -] ERROR <?xml version="1.0" encoding="iso-8859-1"?> <!DOCTYPE html PUBLIC "-//W3C//DTD XHTML 1.0 Transitional//EN"          "http://www.w3.org/TR/xhtml1/DTD/xhtml1-transitional.dtd"> <html xmlns="http://www.w3.org/1999/xhtml" xml:lang="en" lang="en">  <head>   <title>503 Service Not Available</title>  </head>  <body>   <h1>503 Service Not Available</h1>  </body> </html> [00;33m{{(pid=3449777) _check_rest_api_response /opt/stack/cinder/cinder/volume/drivers/hitachi/hbsd_rest_api.py:485}}[00m
2026-09-15 18:42:57.527 3449777 DEBUG cinder.volume.drivers.hitachi.hbsd_rest_api [req-724a402a-44f5-404f-b2ce-8bb673660971 - - - - - -] ERROR <?xml version="1.0" encoding="iso-8859-1"?> <!DOCTYPE html PUBLIC "-//W3C//DTD XHTML 1.0 Transitional//EN"          "http://www.w3.org/TR/xhtml1/DTD/xhtml1-transitional.dtd"> <html xmlns="http://www.w3.org/1999/xhtml" xml:lang="en" lang="en">  <head>   <title>503 Service Not Available</title>  </head>  <body>   <h1>503 Service Not Available</h1>  </body> </html> [00;33m{{(pid=3449777) _check_rest_api_response /opt/stack/cinder/cinder/volume/drivers/hitachi/hbsd_rest_api.py:485}}[00m
2026-09-15 18:43:02.553 3449777 DEBUG cinder.volume.drivers.hitachi.hbsd_rest_api [req-724a402a-44f5-404f-b2ce-8bb673660971 - - - - - -] ERROR <?xml version="1.0" encoding="iso-8859-1"?> <!DOCTYPE html PUBLIC "-//W3C//DTD XHTML 1.0 Transitional//EN"          "http://www.w3.org/TR/xhtml1/DTD/xhtml1-transitional.dtd"> <html xmlns="http://www.w3.org/1999/xhtml" xml:lang="en" lang="en">  <head>   <title>503 Service Not Available</title>  </head>  <body>   <h1>503 Service Not Available</h1>  </body> </html> [00;33m{{(pid=3449777) _check_rest_api_response /opt/stack/cinder/cinder/volume/drivers/hitachi/hbsd_rest_api.py:485}}[00m
2026-09-15 18:43:07.526 3449777 DEBUG cinder.volume.drivers.hitachi.hbsd_rest_api [req-724a402a-44f5-404f-b2ce-8bb673660971 - - - - - -] ERROR <?xml version="1.0" encoding="iso-8859-1"?> <!DOCTYPE html PUBLIC "-//W3C//DTD XHTML 1.0 Transitional//EN"          "http://www.w3.org/TR/xhtml1/DTD/xhtml1-transitional.dtd"> <html xmlns="http://www.w3.org/1999/xhtml" xml:lang="en" lang="en">  <head>   <title>503 Service Not Available</title>  </head>  <body>   <h1>503 Service Not Available</h1>  </body> </html> [00;33m{{(pid=3449777) _check_rest_api_response /opt/stack/cinder/cinder/volume/drivers/hitachi/hbsd_rest_api.py:485}}[00m
2026-09-15 18:43:12.555 3449777 DEBUG cinder.volume.drivers.hitachi.hbsd_rest_api [req-724a402a-44f5-404f-b2ce-8bb673660971 - - - - - -] ERROR <?xml version="1.0" encoding="iso-8859-1"?> <!DOCTYPE html PUBLIC "-//W3C//DTD XHTML 1.0 Transitional//EN"          "http://www.w3.org/TR/xhtml1/DTD/xhtml1-transitional.dtd"> <html xmlns="http://www.w3.org/1999/xhtml" xml:lang="en" lang="en">  <head>   <title>503 Service Not Available</title>  </head>  <body>   <h1>503 Service Not Available</h1>  </body> </html> [00;33m{{(pid=3449777) _check_rest_api_response /opt/stack/cinder/cinder/volume/drivers/hitachi/hbsd_rest_api.py:485}}[00m
2026-09-15 18:43:17.561 3449777 DEBUG cinder.volume.drivers.hitachi.hbsd_rest_api [req-724a402a-44f5-404f-b2ce-8bb673660971 - - - - - -] ERROR <?xml version="1.0" encoding="iso-8859-1"?> <!DOCTYPE html PUBLIC "-//W3C//DTD XHTML 1.0 Transitional//EN"          "http://www.w3.org/TR/xhtml1/DTD/xhtml1-transitional.dtd"> <html xmlns="http://www.w3.org/1999/xhtml" xml:lang="en" lang="en">  <head>   <title>503 Service Not Available</title>  </head>  <body>   <h1>503 Service Not Available</h1>  </body> </html> [00;33m{{(pid=3449777) _check_rest_api_response /opt/stack/cinder/cinder/volume/drivers/hitachi/hbsd_rest_api.py:485}}[00m
2026-09-15 18:43:22.530 3449777 DEBUG cinder.volume.drivers.hitachi.hbsd_rest_api [req-724a402a-44f5-404f-b2ce-8bb673660971 - - - - - -] ERROR <?xml version="1.0" encoding="iso-8859-1"?> <!DOCTYPE html PUBLIC "-//W3C//DTD XHTML 1.0 Transitional//EN"          "http://www.w3.org/TR/xhtml1/DTD/xhtml1-transitional.dtd"> <html xmlns="http://www.w3.org/1999/xhtml" xml:lang="en" lang="en">  <head>   <title>503 Service Not Available</title>  </head>  <body>   <h1>503 Service Not Available</h1>  </body> </html> [00;33m{{(pid=3449777) _check_rest_api_response /opt/stack/cinder/cinder/volume/drivers/hitachi/hbsd_rest_api.py:485}}[00m
2026-09-15 18:43:27.532 3449777 DEBUG cinder.volume.drivers.hitachi.hbsd_rest_api [req-724a402a-44f5-404f-b2ce-8bb673660971 - - - - - -] ERROR <?xml version="1.0" encoding="iso-8859-1"?> <!DOCTYPE html PUBLIC "-//W3C//DTD XHTML 1.0 Transitional//EN"          "http://www.w3.org/TR/xhtml1/DTD/xhtml1-transitional.dtd"> <html xmlns="http://www.w3.org/1999/xhtml" xml:lang="en" lang="en">  <head>   <title>503 Service Not Available</title>  </head>  <body>   <h1>503 Service Not Available</h1>  </body> </html> [00;33m{{(pid=3449777) _check_rest_api_response /opt/stack/cinder/cinder/volume/drivers/hitachi/hbsd_rest_api.py:485}}[00m
2026-09-15 18:43:32.532 3449777 DEBUG cinder.volume.drivers.hitachi.hbsd_rest_api [req-724a402a-44f5-404f-b2ce-8bb673660971 - - - - - -] ERROR <?xml version="1.0" encoding="iso-8859-1"?> <!DOCTYPE html PUBLIC "-//W3C//DTD XHTML 1.0 Transitional//EN"          "http://www.w3.org/TR/xhtml1/DTD/xhtml1-transitional.dtd"> <html xmlns="http://www.w3.org/1999/xhtml" xml:lang="en" lang="en">  <head>   <title>503 Service Not Available</title>  </head>  <body>   <h1>503 Service Not Available</h1>  </body> </html> [00;33m{{(pid=3449777) _check_rest_api_response /opt/stack/cinder/cinder/volume/drivers/hitachi/hbsd_rest_api.py:485}}[00m
2026-09-15 18:43:37.552 3449777 DEBUG cinder.volume.drivers.hitachi.hbsd_rest_api [req-724a402a-44f5-404f-b2ce-8bb673660971 - - - - - -] ERROR <?xml version="1.0" encoding="iso-8859-1"?> <!DOCTYPE html PUBLIC "-//W3C//DTD XHTML 1.0 Transitional//EN"          "http://www.w3.org/TR/xhtml1/DTD/xhtml1-transitional.dtd"> <html xmlns="http://www.w3.org/1999/xhtml" xml:lang="en" lang="en">  <head>   <title>503 Service Not Available</title>  </head>  <body>   <h1>503 Service Not Available</h1>  </body> </html> [00;33m{{(pid=3449777) _check_rest_api_response /opt/stack/cinder/cinder/volume/drivers/hitachi/hbsd_rest_api.py:485}}[00m
2026-09-15 18:43:42.550 3449777 DEBUG cinder.volume.drivers.hitachi.hbsd_rest_api [req-724a402a-44f5-404f-b2ce-8bb673660971 - - - - - -] ERROR <?xml version="1.0" encoding="iso-8859-1"?> <!DOCTYPE html PUBLIC "-//W3C//DTD XHTML 1.0 Transitional//EN"          "http://www.w3.org/TR/xhtml1/DTD/xhtml1-transitional.dtd"> <html xmlns="http://www.w3.org/1999/xhtml" xml:lang="en" lang="en">  <head>   <title>503 Service Not Available</title>  </head>  <body>   <h1>503 Service Not Available</h1>  </body> </html> [00;33m{{(pid=3449777) _check_rest_api_response /opt/stack/cinder/cinder/volume/drivers/hitachi/hbsd_rest_api.py:485}}[00m
2026-09-15 18:43:47.541 3449777 DEBUG cinder.volume.drivers.hitachi.hbsd_rest_api [req-724a402a-44f5-404f-b2ce-8bb673660971 - - - - - -] ERROR <?xml version="1.0" encoding="iso-8859-1"?> <!DOCTYPE html PUBLIC "-//W3C//DTD XHTML 1.0 Transitional//EN"          "http://www.w3.org/TR/xhtml1/DTD/xhtml1-transitional.dtd"> <html xmlns="http://www.w3.org/1999/xhtml" xml:lang="en" lang="en">  <head>   <title>503 Service Not Available</title>  </head>  <body>   <h1>503 Service Not Available</h1>  </body> </html> [00;33m{{(pid=3449777) _check_rest_api_response /opt/stack/cinder/cinder/volume/drivers/hitachi/hbsd_rest_api.py:485}}[00m
2026-09-15 18:43:52.540 3449777 DEBUG cinder.volume.drivers.hitachi.hbsd_rest_api [req-724a402a-44f5-404f-b2ce-8bb673660971 - - - - - -] ERROR <?xml version="1.0" encoding="iso-8859-1"?> <!DOCTYPE html PUBLIC "-//W3C//DTD XHTML 1.0 Transitional//EN"          "http://www.w3.org/TR/xhtml1/DTD/xhtml1-transitional.dtd"> <html xmlns="http://www.w3.org/1999/xhtml" xml:lang="en" lang="en">  <head>   <title>503 Service Not Available</title>  </head>  <body>   <h1>503 Service Not Available</h1>  </body> </html> [00;33m{{(pid=3449777) _check_rest_api_response /opt/stack/cinder/cinder/volume/drivers/hitachi/hbsd_rest_api.py:485}}[00m
2026-09-15 18:43:57.543 3449777 DEBUG cinder.volume.drivers.hitachi.hbsd_rest_api [req-724a402a-44f5-404f-b2ce-8bb673660971 - - - - - -] ERROR <?xml version="1.0" encoding="iso-8859-1"?> <!DOCTYPE html PUBLIC "-//W3C//DTD XHTML 1.0 Transitional//EN"          "http://www.w3.org/TR/xhtml1/DTD/xhtml1-transitional.dtd"> <html xmlns="http://www.w3.org/1999/xhtml" xml:lang="en" lang="en">  <head>   <title>503 Service Not Available</title>  </head>  <body>   <h1>503 Service Not Available</h1>  </body> </html> [00;33m{{(pid=3449777) _check_rest_api_response /opt/stack/cinder/cinder/volume/drivers/hitachi/hbsd_rest_api.py:485}}[00m
2026-09-15 18:44:02.545 3449777 DEBUG cinder.volume.drivers.hitachi.hbsd_rest_api [req-724a402a-44f5-404f-b2ce-8bb673660971 - - - - - -] ERROR <?xml version="1.0" encoding="iso-8859-1"?> <!DOCTYPE html PUBLIC "-//W3C//DTD XHTML 1.0 Transitional//EN"          "http://www.w3.org/TR/xhtml1/DTD/xhtml1-transitional.dtd"> <html xmlns="http://www.w3.org/1999/xhtml" xml:lang="en" lang="en">  <head>   <title>503 Service Not Available</title>  </head>  <body>   <h1>503 Service Not Available</h1>  </body> </html> [00;33m{{(pid=3449777) _check_rest_api_response /opt/stack/cinder/cinder/volume/drivers/hitachi/hbsd_rest_api.py:485}}[00m
2026-09-15 18:44:07.551 3449777 DEBUG cinder.volume.drivers.hitachi.hbsd_rest_api [req-724a402a-44f5-404f-b2ce-8bb673660971 - - - - - -] ERROR <?xml version="1.0" encoding="iso-8859-1"?> <!DOCTYPE html PUBLIC "-//W3C//DTD XHTML 1.0 Transitional//EN"          "http://www.w3.org/TR/xhtml1/DTD/xhtml1-transitional.dtd"> <html xmlns="http://www.w3.org/1999/xhtml" xml:lang="en" lang="en">  <head>   <title>503 Service Not Available</title>  </head>  <body>   <h1>503 Service Not Available</h1>  </body> </html> [00;33m{{(pid=3449777) _check_rest_api_response /opt/stack/cinder/cinder/volume/drivers/hitachi/hbsd_rest_api.py:485}}[00m
2026-09-15 18:44:12.546 3449777 DEBUG cinder.volume.drivers.hitachi.hbsd_rest_api [req-724a402a-44f5-404f-b2ce-8bb673660971 - - - - - -] ERROR <?xml version="1.0" encoding="iso-8859-1"?> <!DOCTYPE html PUBLIC "-//W3C//DTD XHTML 1.0 Transitional//EN"          "http://www.w3.org/TR/xhtml1/DTD/xhtml1-transitional.dtd"> <html xmlns="http://www.w3.org/1999/xhtml" xml:lang="en" lang="en">  <head>   <title>503 Service Not Available</title>  </head>  <body>   <h1>503 Service Not Available</h1>  </body> </html> [00;33m{{(pid=3449777) _check_rest_api_response /opt/stack/cinder/cinder/volume/drivers/hitachi/hbsd_rest_api.py:485}}[00m
2026-09-15 18:44:17.558 3449777 DEBUG cinder.volume.drivers.hitachi.hbsd_rest_api [req-724a402a-44f5-404f-b2ce-8bb673660971 - - - - - -] ERROR <?xml version="1.0" encoding="iso-8859-1"?> <!DOCTYPE html PUBLIC "-//W3C//DTD XHTML 1.0 Transitional//EN"          "http://www.w3.org/TR/xhtml1/DTD/xhtml1-transitional.dtd"> <html xmlns="http://www.w3.org/1999/xhtml" xml:lang="en" lang="en">  <head>   <title>503 Service Not Available</title>  </head>  <body>   <h1>503 Service Not Available</h1>  </body> </html> [00;33m{{(pid=3449777) _check_rest_api_response /opt/stack/cinder/cinder/volume/drivers/hitachi/hbsd_rest_api.py:485}}[00m
2026-09-15 18:44:22.577 3449777 DEBUG cinder.volume.drivers.hitachi.hbsd_rest_api [req-724a402a-44f5-404f-b2ce-8bb673660971 - - - - - -] ERROR <?xml version="1.0" encoding="iso-8859-1"?> <!DOCTYPE html PUBLIC "-//W3C//DTD XHTML 1.0 Transitional//EN"          "http://www.w3.org/TR/xhtml1/DTD/xhtml1-transitional.dtd"> <html xmlns="http://www.w3.org/1999/xhtml" xml:lang="en" lang="en">  <head>   <title>503 Service Not Available</title>  </head>  <body>   <h1>503 Service Not Available</h1>  </body> </html> [00;33m{{(pid=3449777) _check_rest_api_response /opt/stack/cinder/cinder/volume/drivers/hitachi/hbsd_rest_api.py:485}}[00m
2026-09-15 18:44:27.549 3449777 DEBUG cinder.volume.drivers.hitachi.hbsd_rest_api [req-724a402a-44f5-404f-b2ce-8bb673660971 - - - - - -] ERROR <?xml version="1.0" encoding="iso-8859-1"?> <!DOCTYPE html PUBLIC "-//W3C//DTD XHTML 1.0 Transitional//EN"          "http://www.w3.org/TR/xhtml1/DTD/xhtml1-transitional.dtd"> <html xmlns="http://www.w3.org/1999/xhtml" xml:lang="en" lang="en">  <head>   <title>503 Service Not Available</title>  </head>  <body>   <h1>503 Service Not Available</h1>  </body> </html> [00;33m{{(pid=3449777) _check_rest_api_response /opt/stack/cinder/cinder/volume/drivers/hitachi/hbsd_rest_api.py:485}}[00m
2026-09-15 18:44:32.564 3449777 DEBUG cinder.volume.drivers.hitachi.hbsd_rest_api [req-724a402a-44f5-404f-b2ce-8bb673660971 - - - - - -] ERROR <?xml version="1.0" encoding="iso-8859-1"?> <!DOCTYPE html PUBLIC "-//W3C//DTD XHTML 1.0 Transitional//EN"          "http://www.w3.org/TR/xhtml1/DTD/xhtml1-transitional.dtd"> <html xmlns="http://www.w3.org/1999/xhtml" xml:lang="en" lang="en">  <head>   <title>503 Service Not Available</title>  </head>  <body>   <h1>503 Service Not Available</h1>  </body> </html> [00;33m{{(pid=3449777) _check_rest_api_response /opt/stack/cinder/cinder/volume/drivers/hitachi/hbsd_rest_api.py:485}}[00m
2026-09-15 18:44:37.562 3449777 DEBUG cinder.volume.drivers.hitachi.hbsd_rest_api [req-724a402a-44f5-404f-b2ce-8bb673660971 - - - - - -] ERROR <?xml version="1.0" encoding="iso-8859-1"?> <!DOCTYPE html PUBLIC "-//W3C//DTD XHTML 1.0 Transitional//EN"          "http://www.w3.org/TR/xhtml1/DTD/xhtml1-transitional.dtd"> <html xmlns="http://www.w3.org/1999/xhtml" xml:lang="en" lang="en">  <head>   <title>503 Service Not Available</title>  </head>  <body>   <h1>503 Service Not Available</h1>  </body> </html> [00;33m{{(pid=3449777) _check_rest_api_response /opt/stack/cinder/cinder/volume/drivers/hitachi/hbsd_rest_api.py:485}}[00m
2026-09-15 18:44:42.554 3449777 DEBUG cinder.volume.drivers.hitachi.hbsd_rest_api [req-724a402a-44f5-404f-b2ce-8bb673660971 - - - - - -] ERROR <?xml version="1.0" encoding="iso-8859-1"?> <!DOCTYPE html PUBLIC "-//W3C//DTD XHTML 1.0 Transitional//EN"          "http://www.w3.org/TR/xhtml1/DTD/xhtml1-transitional.dtd"> <html xmlns="http://www.w3.org/1999/xhtml" xml:lang="en" lang="en">  <head>   <title>503 Service Not Available</title>  </head>  <body>   <h1>503 Service Not Available</h1>  </body> </html> [00;33m{{(pid=3449777) _check_rest_api_response /opt/stack/cinder/cinder/volume/drivers/hitachi/hbsd_rest_api.py:485}}[00m
2026-09-15 18:44:47.563 3449777 DEBUG cinder.volume.drivers.hitachi.hbsd_rest_api [req-724a402a-44f5-404f-b2ce-8bb673660971 - - - - - -] ERROR <?xml version="1.0" encoding="iso-8859-1"?> <!DOCTYPE html PUBLIC "-//W3C//DTD XHTML 1.0 Transitional//EN"          "http://www.w3.org/TR/xhtml1/DTD/xhtml1-transitional.dtd"> <html xmlns="http://www.w3.org/1999/xhtml" xml:lang="en" lang="en">  <head>   <title>503 Service Not Available</title>  </head>  <body>   <h1>503 Service Not Available</h1>  </body> </html> [00;33m{{(pid=3449777) _check_rest_api_response /opt/stack/cinder/cinder/volume/drivers/hitachi/hbsd_rest_api.py:485}}[00m
2026-09-15 18:44:52.553 3449777 DEBUG cinder.volume.drivers.hitachi.hbsd_rest_api [req-724a402a-44f5-404f-b2ce-8bb673660971 - - - - - -] ERROR <?xml version="1.0" encoding="iso-8859-1"?> <!DOCTYPE html PUBLIC "-//W3C//DTD XHTML 1.0 Transitional//EN"          "http://www.w3.org/TR/xhtml1/DTD/xhtml1-transitional.dtd"> <html xmlns="http://www.w3.org/1999/xhtml" xml:lang="en" lang="en">  <head>   <title>503 Service Not Available</title>  </head>  <body>   <h1>503 Service Not Available</h1>  </body> </html> [00;33m{{(pid=3449777) _check_rest_api_response /opt/stack/cinder/cinder/volume/drivers/hitachi/hbsd_rest_api.py:485}}[00m
2026-09-15 18:44:57.558 3449777 DEBUG cinder.volume.drivers.hitachi.hbsd_rest_api [req-724a402a-44f5-404f-b2ce-8bb673660971 - - - - - -] ERROR <?xml version="1.0" encoding="iso-8859-1"?> <!DOCTYPE html PUBLIC "-//W3C//DTD XHTML 1.0 Transitional//EN"          "http://www.w3.org/TR/xhtml1/DTD/xhtml1-transitional.dtd"> <html xmlns="http://www.w3.org/1999/xhtml" xml:lang="en" lang="en">  <head>   <title>503 Service Not Available</title>  </head>  <body>   <h1>503 Service Not Available</h1>  </body> </html> [00;33m{{(pid=3449777) _check_rest_api_response /opt/stack/cinder/cinder/volume/drivers/hitachi/hbsd_rest_api.py:485}}[00m
2026-09-15 18:45:02.558 3449777 DEBUG cinder.volume.drivers.hitachi.hbsd_rest_api [req-724a402a-44f5-404f-b2ce-8bb673660971 - - - - - -] ERROR <?xml version="1.0" encoding="iso-8859-1"?> <!DOCTYPE html PUBLIC "-//W3C//DTD XHTML 1.0 Transitional//EN"          "http://www.w3.org/TR/xhtml1/DTD/xhtml1-transitional.dtd"> <html xmlns="http://www.w3.org/1999/xhtml" xml:lang="en" lang="en">  <head>   <title>503 Service Not Available</title>  </head>  <body>   <h1>503 Service Not Available</h1>  </body> </html> [00;33m{{(pid=3449777) _check_rest_api_response /opt/stack/cinder/cinder/volume/drivers/hitachi/hbsd_rest_api.py:485}}[00m
2026-09-15 18:45:07.556 3449777 DEBUG cinder.volume.drivers.hitachi.hbsd_rest_api [req-724a402a-44f5-404f-b2ce-8bb673660971 - - - - - -] ERROR <?xml version="1.0" encoding="iso-8859-1"?> <!DOCTYPE html PUBLIC "-//W3C//DTD XHTML 1.0 Transitional//EN"          "http://www.w3.org/TR/xhtml1/DTD/xhtml1-transitional.dtd"> <html xmlns="http://www.w3.org/1999/xhtml" xml:lang="en" lang="en">  <head>   <title>503 Service Not Available</title>  </head>  <body>   <h1>503 Service Not Available</h1>  </body> </html> [00;33m{{(pid=3449777) _check_rest_api_response /opt/stack/cinder/cinder/volume/drivers/hitachi/hbsd_rest_api.py:485}}[00m
2026-09-15 18:45:12.566 3449777 DEBUG cinder.volume.drivers.hitachi.hbsd_rest_api [req-724a402a-44f5-404f-b2ce-8bb673660971 - - - - - -] ERROR <?xml version="1.0" encoding="iso-8859-1"?> <!DOCTYPE html PUBLIC "-//W3C//DTD XHTML 1.0 Transitional//EN"          "http://www.w3.org/TR/xhtml1/DTD/xhtml1-transitional.dtd"> <html xmlns="http://www.w3.org/1999/xhtml" xml:lang="en" lang="en">  <head>   <title>503 Service Not Available</title>  </head>  <body>   <h1>503 Service Not Available</h1>  </body> </html> [00;33m{{(pid=3449777) _check_rest_api_response /opt/stack/cinder/cinder/volume/drivers/hitachi/hbsd_rest_api.py:485}}[00m
2026-09-15 18:45:17.584 3449777 DEBUG cinder.volume.drivers.hitachi.hbsd_rest_api [req-724a402a-44f5-404f-b2ce-8bb673660971 - - - - - -] ERROR <?xml version="1.0" encoding="iso-8859-1"?> <!DOCTYPE html PUBLIC "-//W3C//DTD XHTML 1.0 Transitional//EN"          "http://www.w3.org/TR/xhtml1/DTD/xhtml1-transitional.dtd"> <html xmlns="http://www.w3.org/1999/xhtml" xml:lang="en" lang="en">  <head>   <title>503 Service Not Available</title>  </head>  <body>   <h1>503 Service Not Available</h1>  </body> </html> [00;33m{{(pid=3449777) _check_rest_api_response /opt/stack/cinder/cinder/volume/drivers/hitachi/hbsd_rest_api.py:485}}[00m
2026-09-15 18:45:22.563 3449777 DEBUG cinder.volume.drivers.hitachi.hbsd_rest_api [req-724a402a-44f5-404f-b2ce-8bb673660971 - - - - - -] ERROR <?xml version="1.0" encoding="iso-8859-1"?> <!DOCTYPE html PUBLIC "-//W3C//DTD XHTML 1.0 Transitional//EN"          "http://www.w3.org/TR/xhtml1/DTD/xhtml1-transitional.dtd"> <html xmlns="http://www.w3.org/1999/xhtml" xml:lang="en" lang="en">  <head>   <title>503 Service Not Available</title>  </head>  <body>   <h1>503 Service Not Available</h1>  </body> </html> [00;33m{{(pid=3449777) _check_rest_api_response /opt/stack/cinder/cinder/volume/drivers/hitachi/hbsd_rest_api.py:485}}[00m
2026-09-15 18:45:27.572 3449777 DEBUG cinder.volume.drivers.hitachi.hbsd_rest_api [req-724a402a-44f5-404f-b2ce-8bb673660971 - - - - - -] ERROR <?xml version="1.0" encoding="iso-8859-1"?> <!DOCTYPE html PUBLIC "-//W3C//DTD XHTML 1.0 Transitional//EN"          "http://www.w3.org/TR/xhtml1/DTD/xhtml1-transitional.dtd"> <html xmlns="http://www.w3.org/1999/xhtml" xml:lang="en" lang="en">  <head>   <title>503 Service Not Available</title>  </head>  <body>   <h1>503 Service Not Available</h1>  </body> </html> [00;33m{{(pid=3449777) _check_rest_api_response /opt/stack/cinder/cinder/volume/drivers/hitachi/hbsd_rest_api.py:485}}[00m
2026-09-15 18:45:32.586 3449777 DEBUG cinder.volume.drivers.hitachi.hbsd_rest_api [req-724a402a-44f5-404f-b2ce-8bb673660971 - - - - - -] ERROR <?xml version="1.0" encoding="iso-8859-1"?> <!DOCTYPE html PUBLIC "-//W3C//DTD XHTML 1.0 Transitional//EN"          "http://www.w3.org/TR/xhtml1/DTD/xhtml1-transitional.dtd"> <html xmlns="http://www.w3.org/1999/xhtml" xml:lang="en" lang="en">  <head>   <title>503 Service Not Available</title>  </head>  <body>   <h1>503 Service Not Available</h1>  </body> </html> [00;33m{{(pid=3449777) _check_rest_api_response /opt/stack/cinder/cinder/volume/drivers/hitachi/hbsd_rest_api.py:485}}[00m
2026-09-15 18:45:37.569 3449777 DEBUG cinder.volume.drivers.hitachi.hbsd_rest_api [req-724a402a-44f5-404f-b2ce-8bb673660971 - - - - - -] ERROR <?xml version="1.0" encoding="iso-8859-1"?> <!DOCTYPE html PUBLIC "-//W3C//DTD XHTML 1.0 Transitional//EN"          "http://www.w3.org/TR/xhtml1/DTD/xhtml1-transitional.dtd"> <html xmlns="http://www.w3.org/1999/xhtml" xml:lang="en" lang="en">  <head>   <title>503 Service Not Available</title>  </head>  <body>   <h1>503 Service Not Available</h1>  </body> </html> [00;33m{{(pid=3449777) _check_rest_api_response /opt/stack/cinder/cinder/volume/drivers/hitachi/hbsd_rest_api.py:485}}[00m
2026-09-15 18:45:42.572 3449777 DEBUG cinder.volume.drivers.hitachi.hbsd_rest_api [req-724a402a-44f5-404f-b2ce-8bb673660971 - - - - - -] ERROR <?xml version="1.0" encoding="iso-8859-1"?> <!DOCTYPE html PUBLIC "-//W3C//DTD XHTML 1.0 Transitional//EN"          "http://www.w3.org/TR/xhtml1/DTD/xhtml1-transitional.dtd"> <html xmlns="http://www.w3.org/1999/xhtml" xml:lang="en" lang="en">  <head>   <title>503 Service Not Available</title>  </head>  <body>   <h1>503 Service Not Available</h1>  </body> </html> [00;33m{{(pid=3449777) _check_rest_api_response /opt/stack/cinder/cinder/volume/drivers/hitachi/hbsd_rest_api.py:485}}[00m
2026-09-15 18:45:47.566 3449777 DEBUG cinder.volume.drivers.hitachi.hbsd_rest_api [req-724a402a-44f5-404f-b2ce-8bb673660971 - - - - - -] ERROR <?xml version="1.0" encoding="iso-8859-1"?> <!DOCTYPE html PUBLIC "-//W3C//DTD XHTML 1.0 Transitional//EN"          "http://www.w3.org/TR/xhtml1/DTD/xhtml1-transitional.dtd"> <html xmlns="http://www.w3.org/1999/xhtml" xml:lang="en" lang="en">  <head>   <title>503 Service Not Available</title>  </head>  <body>   <h1>503 Service Not Available</h1>  </body> </html> [00;33m{{(pid=3449777) _check_rest_api_response /opt/stack/cinder/cinder/volume/drivers/hitachi/hbsd_rest_api.py:485}}[00m
2026-09-15 18:45:52.591 3449777 DEBUG cinder.volume.drivers.hitachi.hbsd_rest_api [req-724a402a-44f5-404f-b2ce-8bb673660971 - - - - - -] ERROR <?xml version="1.0" encoding="iso-8859-1"?> <!DOCTYPE html PUBLIC "-//W3C//DTD XHTML 1.0 Transitional//EN"          "http://www.w3.org/TR/xhtml1/DTD/xhtml1-transitional.dtd"> <html xmlns="http://www.w3.org/1999/xhtml" xml:lang="en" lang="en">  <head>   <title>503 Service Not Available</title>  </head>  <body>   <h1>503 Service Not Available</h1>  </body> </html> [00;33m{{(pid=3449777) _check_rest_api_response /opt/stack/cinder/cinder/volume/drivers/hitachi/hbsd_rest_api.py:485}}[00m
2026-09-15 18:45:57.579 3449777 DEBUG cinder.volume.drivers.hitachi.hbsd_rest_api [req-724a402a-44f5-404f-b2ce-8bb673660971 - - - - - -] ERROR <?xml version="1.0" encoding="iso-8859-1"?> <!DOCTYPE html PUBLIC "-//W3C//DTD XHTML 1.0 Transitional//EN"          "http://www.w3.org/TR/xhtml1/DTD/xhtml1-transitional.dtd"> <html xmlns="http://www.w3.org/1999/xhtml" xml:lang="en" lang="en">  <head>   <title>503 Service Not Available</title>  </head>  <body>   <h1>503 Service Not Available</h1>  </body> </html> [00;33m{{(pid=3449777) _check_rest_api_response /opt/stack/cinder/cinder/volume/drivers/hitachi/hbsd_rest_api.py:485}}[00m
2026-09-15 18:46:02.599 3449777 DEBUG cinder.volume.drivers.hitachi.hbsd_rest_api [req-724a402a-44f5-404f-b2ce-8bb673660971 - - - - - -] ERROR <?xml version="1.0" encoding="iso-8859-1"?> <!DOCTYPE html PUBLIC "-//W3C//DTD XHTML 1.0 Transitional//EN"          "http://www.w3.org/TR/xhtml1/DTD/xhtml1-transitional.dtd"> <html xmlns="http://www.w3.org/1999/xhtml" xml:lang="en" lang="en">  <head>   <title>503 Service Not Available</title>  </head>  <body>   <h1>503 Service Not Available</h1>  </body> </html> [00;33m{{(pid=3449777) _check_rest_api_response /opt/stack/cinder/cinder/volume/drivers/hitachi/hbsd_rest_api.py:485}}[00m
2026-09-15 18:46:07.572 3449777 DEBUG cinder.volume.drivers.hitachi.hbsd_rest_api [req-724a402a-44f5-404f-b2ce-8bb673660971 - - - - - -] ERROR <?xml version="1.0" encoding="iso-8859-1"?> <!DOCTYPE html PUBLIC "-//W3C//DTD XHTML 1.0 Transitional//EN"          "http://www.w3.org/TR/xhtml1/DTD/xhtml1-transitional.dtd"> <html xmlns="http://www.w3.org/1999/xhtml" xml:lang="en" lang="en">  <head>   <title>503 Service Not Available</title>  </head>  <body>   <h1>503 Service Not Available</h1>  </body> </html> [00;33m{{(pid=3449777) _check_rest_api_response /opt/stack/cinder/cinder/volume/drivers/hitachi/hbsd_rest_api.py:485}}[00m
2026-09-15 18:46:12.607 3449777 DEBUG cinder.volume.drivers.hitachi.hbsd_rest_api [req-724a402a-44f5-404f-b2ce-8bb673660971 - - - - - -] ERROR <?xml version="1.0" encoding="iso-8859-1"?> <!DOCTYPE html PUBLIC "-//W3C//DTD XHTML 1.0 Transitional//EN"          "http://www.w3.org/TR/xhtml1/DTD/xhtml1-transitional.dtd"> <html xmlns="http://www.w3.org/1999/xhtml" xml:lang="en" lang="en">  <head>   <title>503 Service Not Available</title>  </head>  <body>   <h1>503 Service Not Available</h1>  </body> </html> [00;33m{{(pid=3449777) _check_rest_api_response /opt/stack/cinder/cinder/volume/drivers/hitachi/hbsd_rest_api.py:485}}[00m
2026-09-15 18:46:17.576 3449777 DEBUG cinder.volume.drivers.hitachi.hbsd_rest_api [req-724a402a-44f5-404f-b2ce-8bb673660971 - - - - - -] ERROR <?xml version="1.0" encoding="iso-8859-1"?> <!DOCTYPE html PUBLIC "-//W3C//DTD XHTML 1.0 Transitional//EN"          "http://www.w3.org/TR/xhtml1/DTD/xhtml1-transitional.dtd"> <html xmlns="http://www.w3.org/1999/xhtml" xml:lang="en" lang="en">  <head>   <title>503 Service Not Available</title>  </head>  <body>   <h1>503 Service Not Available</h1>  </body> </html> [00;33m{{(pid=3449777) _check_rest_api_response /opt/stack/cinder/cinder/volume/drivers/hitachi/hbsd_rest_api.py:485}}[00m
2026-09-15 18:46:22.575 3449777 DEBUG cinder.volume.drivers.hitachi.hbsd_rest_api [req-724a402a-44f5-404f-b2ce-8bb673660971 - - - - - -] ERROR <?xml version="1.0" encoding="iso-8859-1"?> <!DOCTYPE html PUBLIC "-//W3C//DTD XHTML 1.0 Transitional//EN"          "http://www.w3.org/TR/xhtml1/DTD/xhtml1-transitional.dtd"> <html xmlns="http://www.w3.org/1999/xhtml" xml:lang="en" lang="en">  <head>   <title>503 Service Not Available</title>  </head>  <body>   <h1>503 Service Not Available</h1>  </body> </html> [00;33m{{(pid=3449777) _check_rest_api_response /opt/stack/cinder/cinder/volume/drivers/hitachi/hbsd_rest_api.py:485}}[00m
2026-09-15 18:46:27.585 3449777 DEBUG cinder.volume.drivers.hitachi.hbsd_rest_api [req-724a402a-44f5-404f-b2ce-8bb673660971 - - - - - -] ERROR <?xml version="1.0" encoding="iso-8859-1"?> <!DOCTYPE html PUBLIC "-//W3C//DTD XHTML 1.0 Transitional//EN"          "http://www.w3.org/TR/xhtml1/DTD/xhtml1-transitional.dtd"> <html xmlns="http://www.w3.org/1999/xhtml" xml:lang="en" lang="en">  <head>   <title>503 Service Not Available</title>  </head>  <body>   <h1>503 Service Not Available</h1>  </body> </html> [00;33m{{(pid=3449777) _check_rest_api_response /opt/stack/cinder/cinder/volume/drivers/hitachi/hbsd_rest_api.py:485}}[00m
2026-09-15 18:46:32.577 3449777 DEBUG cinder.volume.drivers.hitachi.hbsd_rest_api [req-724a402a-44f5-404f-b2ce-8bb673660971 - - - - - -] ERROR <?xml version="1.0" encoding="iso-8859-1"?> <!DOCTYPE html PUBLIC "-//W3C//DTD XHTML 1.0 Transitional//EN"          "http://www.w3.org/TR/xhtml1/DTD/xhtml1-transitional.dtd"> <html xmlns="http://www.w3.org/1999/xhtml" xml:lang="en" lang="en">  <head>   <title>503 Service Not Available</title>  </head>  <body>   <h1>503 Service Not Available</h1>  </body> </html> [00;33m{{(pid=3449777) _check_rest_api_response /opt/stack/cinder/cinder/volume/drivers/hitachi/hbsd_rest_api.py:485}}[00m
2026-09-15 18:46:37.579 3449777 DEBUG cinder.volume.drivers.hitachi.hbsd_rest_api [req-724a402a-44f5-404f-b2ce-8bb673660971 - - - - - -] ERROR <?xml version="1.0" encoding="iso-8859-1"?> <!DOCTYPE html PUBLIC "-//W3C//DTD XHTML 1.0 Transitional//EN"          "http://www.w3.org/TR/xhtml1/DTD/xhtml1-transitional.dtd"> <html xmlns="http://www.w3.org/1999/xhtml" xml:lang="en" lang="en">  <head>   <title>503 Service Not Available</title>  </head>  <body>   <h1>503 Service Not Available</h1>  </body> </html> [00;33m{{(pid=3449777) _check_rest_api_response /opt/stack/cinder/cinder/volume/drivers/hitachi/hbsd_rest_api.py:485}}[00m
2026-09-15 18:46:42.596 3449777 DEBUG cinder.volume.drivers.hitachi.hbsd_rest_api [req-724a402a-44f5-404f-b2ce-8bb673660971 - - - - - -] ERROR <?xml version="1.0" encoding="iso-8859-1"?> <!DOCTYPE html PUBLIC "-//W3C//DTD XHTML 1.0 Transitional//EN"          "http://www.w3.org/TR/xhtml1/DTD/xhtml1-transitional.dtd"> <html xmlns="http://www.w3.org/1999/xhtml" xml:lang="en" lang="en">  <head>   <title>503 Service Not Available</title>  </head>  <body>   <h1>503 Service Not Available</h1>  </body> </html> [00;33m{{(pid=3449777) _check_rest_api_response /opt/stack/cinder/cinder/volume/drivers/hitachi/hbsd_rest_api.py:485}}[00m
2026-09-15 18:46:47.579 3449777 DEBUG cinder.volume.drivers.hitachi.hbsd_rest_api [req-724a402a-44f5-404f-b2ce-8bb673660971 - - - - - -] ERROR <?xml version="1.0" encoding="iso-8859-1"?> <!DOCTYPE html PUBLIC "-//W3C//DTD XHTML 1.0 Transitional//EN"          "http://www.w3.org/TR/xhtml1/DTD/xhtml1-transitional.dtd"> <html xmlns="http://www.w3.org/1999/xhtml" xml:lang="en" lang="en">  <head>   <title>503 Service Not Available</title>  </head>  <body>   <h1>503 Service Not Available</h1>  </body> </html> [00;33m{{(pid=3449777) _check_rest_api_response /opt/stack/cinder/cinder/volume/drivers/hitachi/hbsd_rest_api.py:485}}[00m
2026-09-15 18:46:52.583 3449777 DEBUG cinder.volume.drivers.hitachi.hbsd_rest_api [req-724a402a-44f5-404f-b2ce-8bb673660971 - - - - - -] ERROR <?xml version="1.0" encoding="iso-8859-1"?> <!DOCTYPE html PUBLIC "-//W3C//DTD XHTML 1.0 Transitional//EN"          "http://www.w3.org/TR/xhtml1/DTD/xhtml1-transitional.dtd"> <html xmlns="http://www.w3.org/1999/xhtml" xml:lang="en" lang="en">  <head>   <title>503 Service Not Available</title>  </head>  <body>   <h1>503 Service Not Available</h1>  </body> </html> [00;33m{{(pid=3449777) _check_rest_api_response /opt/stack/cinder/cinder/volume/drivers/hitachi/hbsd_rest_api.py:485}}[00m
2026-09-15 18:46:57.594 3449777 DEBUG cinder.volume.drivers.hitachi.hbsd_rest_api [req-724a402a-44f5-404f-b2ce-8bb673660971 - - - - - -] ERROR <?xml version="1.0" encoding="iso-8859-1"?> <!DOCTYPE html PUBLIC "-//W3C//DTD XHTML 1.0 Transitional//EN"          "http://www.w3.org/TR/xhtml1/DTD/xhtml1-transitional.dtd"> <html xmlns="http://www.w3.org/1999/xhtml" xml:lang="en" lang="en">  <head>   <title>503 Service Not Available</title>  </head>  <body>   <h1>503 Service Not Available</h1>  </body> </html> [00;33m{{(pid=3449777) _check_rest_api_response /opt/stack/cinder/cinder/volume/drivers/hitachi/hbsd_rest_api.py:485}}[00m
2026-09-15 18:47:02.597 3449777 DEBUG cinder.volume.drivers.hitachi.hbsd_rest_api [req-724a402a-44f5-404f-b2ce-8bb673660971 - - - - - -] ERROR <?xml version="1.0" encoding="iso-8859-1"?> <!DOCTYPE html PUBLIC "-//W3C//DTD XHTML 1.0 Transitional//EN"          "http://www.w3.org/TR/xhtml1/DTD/xhtml1-transitional.dtd"> <html xmlns="http://www.w3.org/1999/xhtml" xml:lang="en" lang="en">  <head>   <title>503 Service Not Available</title>  </head>  <body>   <h1>503 Service Not Available</h1>  </body> </html> [00;33m{{(pid=3449777) _check_rest_api_response /opt/stack/cinder/cinder/volume/drivers/hitachi/hbsd_rest_api.py:485}}[00m
2026-09-15 18:47:07.591 3449777 DEBUG cinder.volume.drivers.hitachi.hbsd_rest_api [req-724a402a-44f5-404f-b2ce-8bb673660971 - - - - - -] ERROR <?xml version="1.0" encoding="iso-8859-1"?> <!DOCTYPE html PUBLIC "-//W3C//DTD XHTML 1.0 Transitional//EN"          "http://www.w3.org/TR/xhtml1/DTD/xhtml1-transitional.dtd"> <html xmlns="http://www.w3.org/1999/xhtml" xml:lang="en" lang="en">  <head>   <title>503 Service Not Available</title>  </head>  <body>   <h1>503 Service Not Available</h1>  </body> </html> [00;33m{{(pid=3449777) _check_rest_api_response /opt/stack/cinder/cinder/volume/drivers/hitachi/hbsd_rest_api.py:485}}[00m
2026-09-15 18:47:12.614 3449777 DEBUG cinder.volume.drivers.hitachi.hbsd_rest_api [req-724a402a-44f5-404f-b2ce-8bb673660971 - - - - - -] ERROR <?xml version="1.0" encoding="iso-8859-1"?> <!DOCTYPE html PUBLIC "-//W3C//DTD XHTML 1.0 Transitional//EN"          "http://www.w3.org/TR/xhtml1/DTD/xhtml1-transitional.dtd"> <html xmlns="http://www.w3.org/1999/xhtml" xml:lang="en" lang="en">  <head>   <title>503 Service Not Available</title>  </head>  <body>   <h1>503 Service Not Available</h1>  </body> </html> [00;33m{{(pid=3449777) _check_rest_api_response /opt/stack/cinder/cinder/volume/drivers/hitachi/hbsd_rest_api.py:485}}[00m
