2026-10-06 15:07:43.076 2181389 DEBUG dbcounter [-] [2181389] Writing DB stats cinder:SELECT=1,cinder:UPDATE=1 [00;33m{{(pid=2181389) stat_writer /opt/stack/data/venv/lib/python3.12/site-packages/dbcounter.py:115}}[00m
2026-10-06 15:08:58.651 2181389 DEBUG cinder.volume.drivers.hitachi.hbsd_rest_api [-] _keep_session thread is started [00;33m{{(pid=2181389) _keep_session /opt/stack/cinder/cinder/volume/drivers/hitachi/hbsd_rest_api.py:611}}[00m
2026-10-06 15:08:58.652 2181389 DEBUG cinder.volume.drivers.hitachi.hbsd_rest_api [-] ==> _get_object: call "{'self': <cinder.volume.drivers.hitachi.hbsd_rest_api.RestApiClient object at 0x7bf412e59550>, 'url': 'https://172.25.45.103:443/ConfigurationManager/v1/objects/storages/A34000810045/sessions/8030', 'kwargs': {'no_retry': True, 'no_log': True}, 'params': None}" [00;33m{{(pid=2181389) trace_logging_wrapper /opt/stack/cinder/cinder/volume/volume_utils.py:1497}}[00m
2026-10-06 15:08:58.848 2181389 DEBUG cinder.volume.drivers.hitachi.hbsd_rest_api [-] <== _get_object: return (196ms) {'token': '***', 'sessionId': 8030} [00;33m{{(pid=2181389) trace_logging_wrapper /opt/stack/cinder/cinder/volume/volume_utils.py:1522}}[00m
2026-10-06 15:09:43.076 2181389 DEBUG dbcounter [-] [2181389] Writing DB stats cinder:SELECT=1,cinder:UPDATE=1 [00;33m{{(pid=2181389) stat_writer /opt/stack/data/venv/lib/python3.12/site-packages/dbcounter.py:115}}[00m
2026-10-06 15:11:43.076 2181389 DEBUG dbcounter [-] [2181389] Writing DB stats cinder:SELECT=1,cinder:UPDATE=1 [00;33m{{(pid=2181389) stat_writer /opt/stack/data/venv/lib/python3.12/site-packages/dbcounter.py:115}}[00m
2026-10-06 15:11:58.650 2181389 DEBUG cinder.volume.drivers.hitachi.hbsd_rest_api [-] _keep_session thread is started [00;33m{{(pid=2181389) _keep_session /opt/stack/cinder/cinder/volume/drivers/hitachi/hbsd_rest_api.py:611}}[00m
2026-10-06 15:11:58.651 2181389 DEBUG cinder.volume.drivers.hitachi.hbsd_rest_api [-] ==> _get_object: call "{'self': <cinder.volume.drivers.hitachi.hbsd_rest_api.RestApiClient object at 0x7bf412e59550>, 'url': 'https://172.25.45.103:443/ConfigurationManager/v1/objects/storages/A34000810045/sessions/8030', 'kwargs': {'no_retry': True, 'no_log': True}, 'params': None}" [00;33m{{(pid=2181389) trace_logging_wrapper /opt/stack/cinder/cinder/volume/volume_utils.py:1497}}[00m
2026-10-06 15:11:58.708 2181389 DEBUG cinder.volume.drivers.hitachi.hbsd_rest_api [-] <== _get_object: return (56ms) {'token': '***', 'sessionId': 8030} [00;33m{{(pid=2181389) trace_logging_wrapper /opt/stack/cinder/cinder/volume/volume_utils.py:1522}}[00m
2026-10-06 15:12:05.153 2181291 INFO oslo_service.backend._eventlet.service [req-dad98944-b5c9-4eb1-9a32-6dd576cac657 - - - - - -] Caught SIGTERM, stopping children
2026-10-06 15:12:05.154 2181291 DEBUG oslo_concurrency.lockutils [req-dad98944-b5c9-4eb1-9a32-6dd576cac657 - - - - - -] Acquiring lock "singleton_lock" [00;33m{{(pid=2181291) lock /opt/stack/data/venv/lib/python3.12/site-packages/oslo_concurrency/lockutils.py:396}}[00m
2026-10-06 15:12:05.154 2181291 DEBUG oslo_concurrency.lockutils [req-dad98944-b5c9-4eb1-9a32-6dd576cac657 - - - - - -] Acquired lock "singleton_lock" [00;33m{{(pid=2181291) lock /opt/stack/data/venv/lib/python3.12/site-packages/oslo_concurrency/lockutils.py:399}}[00m
2026-10-06 15:12:05.154 2181291 DEBUG oslo_concurrency.lockutils [req-dad98944-b5c9-4eb1-9a32-6dd576cac657 - - - - - -] Releasing lock "singleton_lock" [00;33m{{(pid=2181291) lock /opt/stack/data/venv/lib/python3.12/site-packages/oslo_concurrency/lockutils.py:419}}[00m
2026-10-06 15:12:05.154 2181291 DEBUG oslo_service.backend._eventlet.service [req-dad98944-b5c9-4eb1-9a32-6dd576cac657 - - - - - -] Stop services. [00;33m{{(pid=2181291) stop /opt/stack/data/venv/lib/python3.12/site-packages/oslo_service/backend/_eventlet/service.py:611}}[00m
2026-10-06 15:12:05.154 2181291 DEBUG oslo_service.backend._eventlet.service [req-dad98944-b5c9-4eb1-9a32-6dd576cac657 - - - - - -] Killing children. [00;33m{{(pid=2181291) stop /opt/stack/data/venv/lib/python3.12/site-packages/oslo_service/backend/_eventlet/service.py:616}}[00m
2026-10-06 15:12:05.155 2181291 INFO oslo_service.backend._eventlet.service [req-dad98944-b5c9-4eb1-9a32-6dd576cac657 - - - - - -] Waiting on 1 children to exit
2026-10-06 15:12:07.140 2181389 DEBUG oslo_concurrency.lockutils [req-dad98944-b5c9-4eb1-9a32-6dd576cac657 - - - - - -] Acquiring lock "singleton_lock" [00;33m{{(pid=2181389) lock /opt/stack/data/venv/lib/python3.12/site-packages/oslo_concurrency/lockutils.py:396}}[00m
2026-10-06 15:12:07.140 2181389 DEBUG oslo_concurrency.lockutils [req-dad98944-b5c9-4eb1-9a32-6dd576cac657 - - - - - -] Acquired lock "singleton_lock" [00;33m{{(pid=2181389) lock /opt/stack/data/venv/lib/python3.12/site-packages/oslo_concurrency/lockutils.py:399}}[00m
2026-10-06 15:12:07.140 2181389 DEBUG oslo_concurrency.lockutils [req-dad98944-b5c9-4eb1-9a32-6dd576cac657 - - - - - -] Releasing lock "singleton_lock" [00;33m{{(pid=2181389) lock /opt/stack/data/venv/lib/python3.12/site-packages/oslo_concurrency/lockutils.py:419}}[00m
2026-10-06 15:12:07.146 2181389 WARNING amqp [req-dad98944-b5c9-4eb1-9a32-6dd576cac657 - - - - - -] Received method (60, 30) during closing channel 1. This method will be ignored
2026-10-06 15:12:07.151 2181389 WARNING amqp [req-dad98944-b5c9-4eb1-9a32-6dd576cac657 - - - - - -] Received method (60, 30) during closing channel 1. This method will be ignored
2026-10-06 15:12:07.164 2181291 INFO oslo_service.backend._eventlet.service [req-dad98944-b5c9-4eb1-9a32-6dd576cac657 - - - - - -] Child 2181389 exited with status 0
2026-10-06 15:12:08.078 2261365 DEBUG oslo_concurrency.lockutils [-] Acquiring lock "singleton_lock" [00;33m{{(pid=2261365) lock /opt/stack/data/venv/lib/python3.12/site-packages/oslo_concurrency/lockutils.py:396}}[00m
2026-10-06 15:12:08.078 2261365 DEBUG oslo_concurrency.lockutils [-] Acquired lock "singleton_lock" [00;33m{{(pid=2261365) lock /opt/stack/data/venv/lib/python3.12/site-packages/oslo_concurrency/lockutils.py:399}}[00m
2026-10-06 15:12:08.078 2261365 DEBUG oslo_concurrency.lockutils [-] Releasing lock "singleton_lock" [00;33m{{(pid=2261365) lock /opt/stack/data/venv/lib/python3.12/site-packages/oslo_concurrency/lockutils.py:419}}[00m
2026-10-06 15:12:08.276 2261365 INFO dbcounter [req-c182fb29-8630-4022-8d98-420ab45e3c19 - - - - - -] Registered counter for database cinder
2026-10-06 15:12:08.307 2261365 DEBUG oslo_db.sqlalchemy.engines [req-c182fb29-8630-4022-8d98-420ab45e3c19 - - - - - -] MySQL server mode set to STRICT_TRANS_TABLES,STRICT_ALL_TABLES,NO_ZERO_IN_DATE,NO_ZERO_DATE,ERROR_FOR_DIVISION_BY_ZERO,TRADITIONAL,NO_ENGINE_SUBSTITUTION [00;33m{{(pid=2261365) _check_effective_sql_mode /opt/stack/data/venv/lib/python3.12/site-packages/oslo_db/sqlalchemy/engines.py:325}}[00m
2026-10-06 15:12:08.429 2261365 DEBUG dbcounter [-] [2261365] Writer thread running [00;33m{{(pid=2261365) stat_writer /opt/stack/data/venv/lib/python3.12/site-packages/dbcounter.py:102}}[00m
2026-10-06 15:12:08.433 2261365 INFO cinder.rpc [req-c182fb29-8630-4022-8d98-420ab45e3c19 - - - - - -] Automatically selected cinder-scheduler objects version 1.39 as minimum service version.
2026-10-06 15:12:08.436 2261365 INFO cinder.rpc [req-c182fb29-8630-4022-8d98-420ab45e3c19 - - - - - -] Automatically selected cinder-scheduler RPC version 3.12 as minimum service version.
2026-10-06 15:12:08.463 2261365 DEBUG oslo_db.sqlalchemy.engines [req-c182fb29-8630-4022-8d98-420ab45e3c19 - - - - - -] MySQL server mode set to STRICT_TRANS_TABLES,STRICT_ALL_TABLES,NO_ZERO_IN_DATE,NO_ZERO_DATE,ERROR_FOR_DIVISION_BY_ZERO,TRADITIONAL,NO_ENGINE_SUBSTITUTION [00;33m{{(pid=2261365) _check_effective_sql_mode /opt/stack/data/venv/lib/python3.12/site-packages/oslo_db/sqlalchemy/engines.py:325}}[00m
2026-10-06 15:12:08.481 2261365 INFO cinder.volume.manager [req-c182fb29-8630-4022-8d98-420ab45e3c19 - - - - - -] Determined volume DB was empty at startup.
2026-10-06 15:12:08.481 2261365 DEBUG cinder.volume.manager [req-c182fb29-8630-4022-8d98-420ab45e3c19 - - - - - -] Cinder Volume DB check: vol_db_empty=True [00;33m{{(pid=2261365) __init__ /opt/stack/cinder/cinder/volume/manager.py:289}}[00m
2026-10-06 15:12:08.486 2261365 WARNING cinder.volume.manager [req-c182fb29-8630-4022-8d98-420ab45e3c19 - - - - - -] Suppressing requests library SSL Warnings
2026-10-06 15:12:08.486 2261365 WARNING stevedore.named [req-c182fb29-8630-4022-8d98-420ab45e3c19 - - - - - -] Could not load cinder.keymgr.conf_key_mgr.ConfKeyManager
2026-10-06 15:12:08.486 2261365 WARNING castellan.key_manager [req-c182fb29-8630-4022-8d98-420ab45e3c19 - - - - - -] Deprecation Warning : cinder.keymgr.conf_key_mgr.ConfKeyManager is not a stevedore based driver, trying to load it as a class: stevedore.exception.NoMatches: No 'castellan.drivers' driver found, looking for 'cinder.keymgr.conf_key_mgr.ConfKeyManager'
2026-10-06 15:12:08.487 2261365 WARNING cinder.keymgr.conf_key_mgr [req-c182fb29-8630-4022-8d98-420ab45e3c19 - - - - - -] This key manager is insecure and is not recommended for production deployments: stevedore.exception.NoMatches: No 'castellan.drivers' driver found, looking for 'cinder.keymgr.conf_key_mgr.ConfKeyManager'
2026-10-06 15:12:08.532 2261365 INFO cinder.volume.drivers.hitachi.hbsd_utils [req-c182fb29-8630-4022-8d98-420ab45e3c19 - - - - - -] MSGID0004-I: Initialization of HBSDISCSIDriver 2.7.2 started.
2026-10-06 15:12:08.535 2261365 INFO cinder.volume.manager [req-c182fb29-8630-4022-8d98-420ab45e3c19 - - - - - -] Image-volume cache disabled for host devstack-92-210@hitachi.
2026-10-06 15:12:08.559 2261365 DEBUG oslo_db.sqlalchemy.engines [req-c182fb29-8630-4022-8d98-420ab45e3c19 - - - - - -] MySQL server mode set to STRICT_TRANS_TABLES,STRICT_ALL_TABLES,NO_ZERO_IN_DATE,NO_ZERO_DATE,ERROR_FOR_DIVISION_BY_ZERO,TRADITIONAL,NO_ENGINE_SUBSTITUTION [00;33m{{(pid=2261365) _check_effective_sql_mode /opt/stack/data/venv/lib/python3.12/site-packages/oslo_db/sqlalchemy/engines.py:325}}[00m
2026-10-06 15:12:08.567 2261365 INFO oslo_service.backend._eventlet.service [req-c182fb29-8630-4022-8d98-420ab45e3c19 - - - - - -] Starting 1 workers
2026-10-06 15:12:08.573 2261365 DEBUG oslo_service.backend._eventlet.service [req-c182fb29-8630-4022-8d98-420ab45e3c19 - - - - - -] Started child 2261378 [00;33m{{(pid=2261365) _start_child /opt/stack/data/venv/lib/python3.12/site-packages/oslo_service/backend/_eventlet/service.py:491}}[00m
2026-10-06 15:12:08.574 2261365 DEBUG oslo_service.backend._eventlet.service [req-c182fb29-8630-4022-8d98-420ab45e3c19 - - - - - -] Full set of CONF: [00;33m{{(pid=2261365) wait /opt/stack/data/venv/lib/python3.12/site-packages/oslo_service/backend/_eventlet/service.py:565}}[00m
2026-10-06 15:12:08.574 2261365 DEBUG oslo_service.backend._eventlet.service [req-c182fb29-8630-4022-8d98-420ab45e3c19 - - - - - -] ******************************************************************************** [00;33m{{(pid=2261365) log_opt_values /opt/stack/data/venv/lib/python3.12/site-packages/oslo_config/cfg.py:3533}}[00m
2026-10-06 15:12:08.574 2261365 DEBUG oslo_service.backend._eventlet.service [req-c182fb29-8630-4022-8d98-420ab45e3c19 - - - - - -] Configuration options gathered from: [00;33m{{(pid=2261365) log_opt_values /opt/stack/data/venv/lib/python3.12/site-packages/oslo_config/cfg.py:3534}}[00m
2026-10-06 15:12:08.574 2261365 DEBUG oslo_service.backend._eventlet.service [req-c182fb29-8630-4022-8d98-420ab45e3c19 - - - - - -] command line args: ['--config-file', '/etc/cinder/cinder.conf'] [00;33m{{(pid=2261365) log_opt_values /opt/stack/data/venv/lib/python3.12/site-packages/oslo_config/cfg.py:3535}}[00m
2026-10-06 15:12:08.575 2261365 DEBUG oslo_service.backend._eventlet.service [req-c182fb29-8630-4022-8d98-420ab45e3c19 - - - - - -] config files: ['/etc/cinder/cinder.conf'] [00;33m{{(pid=2261365) log_opt_values /opt/stack/data/venv/lib/python3.12/site-packages/oslo_config/cfg.py:3536}}[00m
2026-10-06 15:12:08.575 2261365 DEBUG oslo_service.backend._eventlet.service [req-c182fb29-8630-4022-8d98-420ab45e3c19 - - - - - -] ================================================================================ [00;33m{{(pid=2261365) log_opt_values /opt/stack/data/venv/lib/python3.12/site-packages/oslo_config/cfg.py:3541}}[00m
2026-10-06 15:12:08.575 2261365 DEBUG oslo_service.backend._eventlet.service [req-c182fb29-8630-4022-8d98-420ab45e3c19 - - - - - -] allow_availability_zone_fallback = False [00;33m{{(pid=2261365) log_opt_values /opt/stack/data/venv/lib/python3.12/site-packages/oslo_config/cfg.py:3549}}[00m
2026-10-06 15:12:08.575 2261365 DEBUG oslo_service.backend._eventlet.service [req-c182fb29-8630-4022-8d98-420ab45e3c19 - - - - - -] allow_compression_on_image_upload = False [00;33m{{(pid=2261365) log_opt_values /opt/stack/data/venv/lib/python3.12/site-packages/oslo_config/cfg.py:3549}}[00m
2026-10-06 15:12:08.575 2261365 DEBUG oslo_service.backend._eventlet.service [req-c182fb29-8630-4022-8d98-420ab45e3c19 - - - - - -] allowed_direct_url_schemes     = [] [00;33m{{(pid=2261365) log_opt_values /opt/stack/data/venv/lib/python3.12/site-packages/oslo_config/cfg.py:3549}}[00m
2026-10-06 15:12:08.575 2261365 DEBUG oslo_service.backend._eventlet.service [req-c182fb29-8630-4022-8d98-420ab45e3c19 - - - - - -] api_rate_limit                 = True [00;33m{{(pid=2261365) log_opt_values /opt/stack/data/venv/lib/python3.12/site-packages/oslo_config/cfg.py:3549}}[00m
2026-10-06 15:12:08.575 2261365 DEBUG oslo_service.backend._eventlet.service [req-c182fb29-8630-4022-8d98-420ab45e3c19 - - - - - -] auth_strategy                  = keystone [00;33m{{(pid=2261365) log_opt_values /opt/stack/data/venv/lib/python3.12/site-packages/oslo_config/cfg.py:3549}}[00m
2026-10-06 15:12:08.575 2261365 DEBUG oslo_service.backend._eventlet.service [req-c182fb29-8630-4022-8d98-420ab45e3c19 - - - - - -] backend_availability_zone      = None [00;33m{{(pid=2261365) log_opt_values /opt/stack/data/venv/lib/python3.12/site-packages/oslo_config/cfg.py:3549}}[00m
2026-10-06 15:12:08.575 2261365 DEBUG oslo_service.backend._eventlet.service [req-c182fb29-8630-4022-8d98-420ab45e3c19 - - - - - -] backend_host                   = None [00;33m{{(pid=2261365) log_opt_values /opt/stack/data/venv/lib/python3.12/site-packages/oslo_config/cfg.py:3549}}[00m
2026-10-06 15:12:08.576 2261365 DEBUG oslo_service.backend._eventlet.service [req-c182fb29-8630-4022-8d98-420ab45e3c19 - - - - - -] backend_name                   = None [00;33m{{(pid=2261365) log_opt_values /opt/stack/data/venv/lib/python3.12/site-packages/oslo_config/cfg.py:3549}}[00m
2026-10-06 15:12:08.576 2261365 DEBUG oslo_service.backend._eventlet.service [req-c182fb29-8630-4022-8d98-420ab45e3c19 - - - - - -] backend_stats_polling_interval = 60 [00;33m{{(pid=2261365) log_opt_values /opt/stack/data/venv/lib/python3.12/site-packages/oslo_config/cfg.py:3549}}[00m
2026-10-06 15:12:08.576 2261365 DEBUG oslo_service.backend._eventlet.service [req-c182fb29-8630-4022-8d98-420ab45e3c19 - - - - - -] backup_api_class               = cinder.backup.api.API [00;33m{{(pid=2261365) log_opt_values /opt/stack/data/venv/lib/python3.12/site-packages/oslo_config/cfg.py:3549}}[00m
2026-10-06 15:12:08.576 2261365 DEBUG oslo_service.backend._eventlet.service [req-c182fb29-8630-4022-8d98-420ab45e3c19 - - - - - -] backup_manager                 = cinder.backup.manager.BackupManager [00;33m{{(pid=2261365) log_opt_values /opt/stack/data/venv/lib/python3.12/site-packages/oslo_config/cfg.py:3549}}[00m
2026-10-06 15:12:08.576 2261365 DEBUG oslo_service.backend._eventlet.service [req-c182fb29-8630-4022-8d98-420ab45e3c19 - - - - - -] backup_name_template           = backup-%s [00;33m{{(pid=2261365) log_opt_values /opt/stack/data/venv/lib/python3.12/site-packages/oslo_config/cfg.py:3549}}[00m
2026-10-06 15:12:08.576 2261365 DEBUG oslo_service.backend._eventlet.service [req-c182fb29-8630-4022-8d98-420ab45e3c19 - - - - - -] backup_use_same_host           = False [00;33m{{(pid=2261365) log_opt_values /opt/stack/data/venv/lib/python3.12/site-packages/oslo_config/cfg.py:3549}}[00m
2026-10-06 15:12:08.576 2261365 DEBUG oslo_service.backend._eventlet.service [req-c182fb29-8630-4022-8d98-420ab45e3c19 - - - - - -] backup_use_temp_snapshot       = False [00;33m{{(pid=2261365) log_opt_values /opt/stack/data/venv/lib/python3.12/site-packages/oslo_config/cfg.py:3549}}[00m
2026-10-06 15:12:08.576 2261365 DEBUG oslo_service.backend._eventlet.service [req-c182fb29-8630-4022-8d98-420ab45e3c19 - - - - - -] chap_password                  = **** [00;33m{{(pid=2261365) log_opt_values /opt/stack/data/venv/lib/python3.12/site-packages/oslo_config/cfg.py:3549}}[00m
2026-10-06 15:12:08.576 2261365 DEBUG oslo_service.backend._eventlet.service [req-c182fb29-8630-4022-8d98-420ab45e3c19 - - - - - -] chap_username                  =  [00;33m{{(pid=2261365) log_opt_values /opt/stack/data/venv/lib/python3.12/site-packages/oslo_config/cfg.py:3549}}[00m
2026-10-06 15:12:08.576 2261365 DEBUG oslo_service.backend._eventlet.service [req-c182fb29-8630-4022-8d98-420ab45e3c19 - - - - - -] chiscsi_conf                   = /etc/chelsio-iscsi/chiscsi.conf [00;33m{{(pid=2261365) log_opt_values /opt/stack/data/venv/lib/python3.12/site-packages/oslo_config/cfg.py:3549}}[00m
2026-10-06 15:12:08.577 2261365 DEBUG oslo_service.backend._eventlet.service [req-c182fb29-8630-4022-8d98-420ab45e3c19 - - - - - -] cinder_internal_tenant_project_id = d3e29f9e50b74d0abec0e0784320f7fb [00;33m{{(pid=2261365) log_opt_values /opt/stack/data/venv/lib/python3.12/site-packages/oslo_config/cfg.py:3549}}[00m
2026-10-06 15:12:08.577 2261365 DEBUG oslo_service.backend._eventlet.service [req-c182fb29-8630-4022-8d98-420ab45e3c19 - - - - - -] cinder_internal_tenant_user_id = c9037c83112947dbbf1738c9a0811277 [00;33m{{(pid=2261365) log_opt_values /opt/stack/data/venv/lib/python3.12/site-packages/oslo_config/cfg.py:3549}}[00m
2026-10-06 15:12:08.577 2261365 DEBUG oslo_service.backend._eventlet.service [req-c182fb29-8630-4022-8d98-420ab45e3c19 - - - - - -] cluster                        = None [00;33m{{(pid=2261365) log_opt_values /opt/stack/data/venv/lib/python3.12/site-packages/oslo_config/cfg.py:3549}}[00m
2026-10-06 15:12:08.577 2261365 DEBUG oslo_service.backend._eventlet.service [req-c182fb29-8630-4022-8d98-420ab45e3c19 - - - - - -] compression_format             = gzip [00;33m{{(pid=2261365) log_opt_values /opt/stack/data/venv/lib/python3.12/site-packages/oslo_config/cfg.py:3549}}[00m
2026-10-06 15:12:08.577 2261365 DEBUG oslo_service.backend._eventlet.service [req-c182fb29-8630-4022-8d98-420ab45e3c19 - - - - - -] compute_api_class              = cinder.compute.nova.API [00;33m{{(pid=2261365) log_opt_values /opt/stack/data/venv/lib/python3.12/site-packages/oslo_config/cfg.py:3549}}[00m
2026-10-06 15:12:08.577 2261365 DEBUG oslo_service.backend._eventlet.service [req-c182fb29-8630-4022-8d98-420ab45e3c19 - - - - - -] config_dir                     = [] [00;33m{{(pid=2261365) log_opt_values /opt/stack/data/venv/lib/python3.12/site-packages/oslo_config/cfg.py:3549}}[00m
2026-10-06 15:12:08.577 2261365 DEBUG oslo_service.backend._eventlet.service [req-c182fb29-8630-4022-8d98-420ab45e3c19 - - - - - -] config_file                    = ['/etc/cinder/cinder.conf'] [00;33m{{(pid=2261365) log_opt_values /opt/stack/data/venv/lib/python3.12/site-packages/oslo_config/cfg.py:3549}}[00m
2026-10-06 15:12:08.577 2261365 DEBUG oslo_service.backend._eventlet.service [req-c182fb29-8630-4022-8d98-420ab45e3c19 - - - - - -] config_source                  = [] [00;33m{{(pid=2261365) log_opt_values /opt/stack/data/venv/lib/python3.12/site-packages/oslo_config/cfg.py:3549}}[00m
2026-10-06 15:12:08.577 2261378 INFO cinder.service [-] Starting cinder-volume node (version 29.1.0)
2026-10-06 15:12:08.577 2261365 DEBUG oslo_service.backend._eventlet.service [req-c182fb29-8630-4022-8d98-420ab45e3c19 - - - - - -] consistencygroup_api_class     = cinder.consistencygroup.api.API [00;33m{{(pid=2261365) log_opt_values /opt/stack/data/venv/lib/python3.12/site-packages/oslo_config/cfg.py:3549}}[00m
2026-10-06 15:12:08.578 2261365 DEBUG oslo_service.backend._eventlet.service [req-c182fb29-8630-4022-8d98-420ab45e3c19 - - - - - -] control_exchange               = openstack [00;33m{{(pid=2261365) log_opt_values /opt/stack/data/venv/lib/python3.12/site-packages/oslo_config/cfg.py:3549}}[00m
2026-10-06 15:12:08.578 2261365 DEBUG oslo_service.backend._eventlet.service [req-c182fb29-8630-4022-8d98-420ab45e3c19 - - - - - -] debug                          = True [00;33m{{(pid=2261365) log_opt_values /opt/stack/data/venv/lib/python3.12/site-packages/oslo_config/cfg.py:3549}}[00m
2026-10-06 15:12:08.578 2261365 DEBUG oslo_service.backend._eventlet.service [req-c182fb29-8630-4022-8d98-420ab45e3c19 - - - - - -] default_availability_zone      = None [00;33m{{(pid=2261365) log_opt_values /opt/stack/data/venv/lib/python3.12/site-packages/oslo_config/cfg.py:3549}}[00m
2026-10-06 15:12:08.578 2261365 DEBUG oslo_service.backend._eventlet.service [req-c182fb29-8630-4022-8d98-420ab45e3c19 - - - - - -] default_group_type             = None [00;33m{{(pid=2261365) log_opt_values /opt/stack/data/venv/lib/python3.12/site-packages/oslo_config/cfg.py:3549}}[00m
2026-10-06 15:12:08.579 2261365 DEBUG oslo_service.backend._eventlet.service [req-c182fb29-8630-4022-8d98-420ab45e3c19 - - - - - -] default_log_levels             = ['amqp=WARN', 'boto=WARN', 'sqlalchemy=WARN', 'suds=INFO', 'oslo.messaging=INFO', 'oslo_messaging=INFO', 'iso8601=WARN', 'requests.packages.urllib3.connectionpool=WARN', 'urllib3.connectionpool=WARN', 'websocket=WARN', 'requests.packages.urllib3.util.retry=WARN', 'urllib3.util.retry=WARN', 'keystonemiddleware=WARN', 'routes.middleware=WARN', 'stevedore=WARN', 'taskflow=WARN', 'keystoneauth=WARN', 'oslo.cache=INFO', 'oslo_policy=INFO', 'dogpile.core.dogpile=INFO'] [00;33m{{(pid=2261365) log_opt_values /opt/stack/data/venv/lib/python3.12/site-packages/oslo_config/cfg.py:3549}}[00m
2026-10-06 15:12:08.579 2261365 DEBUG oslo_service.backend._eventlet.service [req-c182fb29-8630-4022-8d98-420ab45e3c19 - - - - - -] default_volume_type            = hitachi [00;33m{{(pid=2261365) log_opt_values /opt/stack/data/venv/lib/python3.12/site-packages/oslo_config/cfg.py:3549}}[00m
2026-10-06 15:12:08.579 2261365 DEBUG oslo_service.backend._eventlet.service [req-c182fb29-8630-4022-8d98-420ab45e3c19 - - - - - -] disk_geometry                  = None [00;33m{{(pid=2261365) log_opt_values /opt/stack/data/venv/lib/python3.12/site-packages/oslo_config/cfg.py:3549}}[00m
2026-10-06 15:12:08.579 2261365 DEBUG oslo_service.backend._eventlet.service [req-c182fb29-8630-4022-8d98-420ab45e3c19 - - - - - -] driver_client_cert             = None [00;33m{{(pid=2261365) log_opt_values /opt/stack/data/venv/lib/python3.12/site-packages/oslo_config/cfg.py:3549}}[00m
2026-10-06 15:12:08.579 2261365 DEBUG oslo_service.backend._eventlet.service [req-c182fb29-8630-4022-8d98-420ab45e3c19 - - - - - -] driver_client_cert_key         = None [00;33m{{(pid=2261365) log_opt_values /opt/stack/data/venv/lib/python3.12/site-packages/oslo_config/cfg.py:3549}}[00m
2026-10-06 15:12:08.579 2261365 DEBUG oslo_service.backend._eventlet.service [req-c182fb29-8630-4022-8d98-420ab45e3c19 - - - - - -] driver_data_namespace          = None [00;33m{{(pid=2261365) log_opt_values /opt/stack/data/venv/lib/python3.12/site-packages/oslo_config/cfg.py:3549}}[00m
2026-10-06 15:12:08.579 2261365 DEBUG oslo_service.backend._eventlet.service [req-c182fb29-8630-4022-8d98-420ab45e3c19 - - - - - -] driver_ssl_cert_path           = None [00;33m{{(pid=2261365) log_opt_values /opt/stack/data/venv/lib/python3.12/site-packages/oslo_config/cfg.py:3549}}[00m
2026-10-06 15:12:08.579 2261365 DEBUG oslo_service.backend._eventlet.service [req-c182fb29-8630-4022-8d98-420ab45e3c19 - - - - - -] driver_ssl_cert_verify         = False [00;33m{{(pid=2261365) log_opt_values /opt/stack/data/venv/lib/python3.12/site-packages/oslo_config/cfg.py:3549}}[00m
2026-10-06 15:12:08.579 2261365 DEBUG oslo_service.backend._eventlet.service [req-c182fb29-8630-4022-8d98-420ab45e3c19 - - - - - -] driver_use_ssl                 = False [00;33m{{(pid=2261365) log_opt_values /opt/stack/data/venv/lib/python3.12/site-packages/oslo_config/cfg.py:3549}}[00m
2026-10-06 15:12:08.579 2261365 DEBUG oslo_service.backend._eventlet.service [req-c182fb29-8630-4022-8d98-420ab45e3c19 - - - - - -] enable_new_services            = True [00;33m{{(pid=2261365) log_opt_values /opt/stack/data/venv/lib/python3.12/site-packages/oslo_config/cfg.py:3549}}[00m
2026-10-06 15:12:08.579 2261365 DEBUG oslo_service.backend._eventlet.service [req-c182fb29-8630-4022-8d98-420ab45e3c19 - - - - - -] enable_unsupported_driver      = False [00;33m{{(pid=2261365) log_opt_values /opt/stack/data/venv/lib/python3.12/site-packages/oslo_config/cfg.py:3549}}[00m
2026-10-06 15:12:08.579 2261365 DEBUG oslo_service.backend._eventlet.service [req-c182fb29-8630-4022-8d98-420ab45e3c19 - - - - - -] enabled_backends               = ['hitachi'] [00;33m{{(pid=2261365) log_opt_values /opt/stack/data/venv/lib/python3.12/site-packages/oslo_config/cfg.py:3549}}[00m
2026-10-06 15:12:08.580 2261365 DEBUG oslo_service.backend._eventlet.service [req-c182fb29-8630-4022-8d98-420ab45e3c19 - - - - - -] enforce_multipath_for_image_xfer = False [00;33m{{(pid=2261365) log_opt_values /opt/stack/data/venv/lib/python3.12/site-packages/oslo_config/cfg.py:3549}}[00m
2026-10-06 15:12:08.580 2261365 DEBUG oslo_service.backend._eventlet.service [req-c182fb29-8630-4022-8d98-420ab45e3c19 - - - - - -] filter_function                = None [00;33m{{(pid=2261365) log_opt_values /opt/stack/data/venv/lib/python3.12/site-packages/oslo_config/cfg.py:3549}}[00m
2026-10-06 15:12:08.580 2261365 DEBUG oslo_service.backend._eventlet.service [req-c182fb29-8630-4022-8d98-420ab45e3c19 - - - - - -] glance_api_insecure            = False [00;33m{{(pid=2261365) log_opt_values /opt/stack/data/venv/lib/python3.12/site-packages/oslo_config/cfg.py:3549}}[00m
2026-10-06 15:12:08.580 2261365 DEBUG oslo_service.backend._eventlet.service [req-c182fb29-8630-4022-8d98-420ab45e3c19 - - - - - -] glance_api_servers             = ['http://172.25.92.210/image'] [00;33m{{(pid=2261365) log_opt_values /opt/stack/data/venv/lib/python3.12/site-packages/oslo_config/cfg.py:3549}}[00m
2026-10-06 15:12:08.580 2261365 DEBUG oslo_service.backend._eventlet.service [req-c182fb29-8630-4022-8d98-420ab45e3c19 - - - - - -] glance_api_ssl_compression     = False [00;33m{{(pid=2261365) log_opt_values /opt/stack/data/venv/lib/python3.12/site-packages/oslo_config/cfg.py:3549}}[00m
2026-10-06 15:12:08.580 2261365 DEBUG oslo_service.backend._eventlet.service [req-c182fb29-8630-4022-8d98-420ab45e3c19 - - - - - -] glance_ca_certificates_file    = None [00;33m{{(pid=2261365) log_opt_values /opt/stack/data/venv/lib/python3.12/site-packages/oslo_config/cfg.py:3549}}[00m
2026-10-06 15:12:08.580 2261365 DEBUG oslo_service.backend._eventlet.service [req-c182fb29-8630-4022-8d98-420ab45e3c19 - - - - - -] glance_catalog_info            = image:glance:publicURL [00;33m{{(pid=2261365) log_opt_values /opt/stack/data/venv/lib/python3.12/site-packages/oslo_config/cfg.py:3549}}[00m
2026-10-06 15:12:08.580 2261365 DEBUG oslo_service.backend._eventlet.service [req-c182fb29-8630-4022-8d98-420ab45e3c19 - - - - - -] glance_certfile                = None [00;33m{{(pid=2261365) log_opt_values /opt/stack/data/venv/lib/python3.12/site-packages/oslo_config/cfg.py:3549}}[00m
2026-10-06 15:12:08.580 2261365 DEBUG oslo_service.backend._eventlet.service [req-c182fb29-8630-4022-8d98-420ab45e3c19 - - - - - -] glance_core_properties         = ['checksum', 'container_format', 'disk_format', 'image_name', 'image_id', 'min_disk', 'min_ram', 'name', 'size'] [00;33m{{(pid=2261365) log_opt_values /opt/stack/data/venv/lib/python3.12/site-packages/oslo_config/cfg.py:3549}}[00m
2026-10-06 15:12:08.580 2261365 DEBUG oslo_service.backend._eventlet.service [req-c182fb29-8630-4022-8d98-420ab45e3c19 - - - - - -] glance_keyfile                 = None [00;33m{{(pid=2261365) log_opt_values /opt/stack/data/venv/lib/python3.12/site-packages/oslo_config/cfg.py:3549}}[00m
2026-10-06 15:12:08.580 2261365 DEBUG oslo_service.backend._eventlet.service [req-c182fb29-8630-4022-8d98-420ab45e3c19 - - - - - -] glance_num_retries             = 3 [00;33m{{(pid=2261365) log_opt_values /opt/stack/data/venv/lib/python3.12/site-packages/oslo_config/cfg.py:3549}}[00m
2026-10-06 15:12:08.581 2261365 DEBUG oslo_service.backend._eventlet.service [req-c182fb29-8630-4022-8d98-420ab45e3c19 - - - - - -] glance_request_timeout         = None [00;33m{{(pid=2261365) log_opt_values /opt/stack/data/venv/lib/python3.12/site-packages/oslo_config/cfg.py:3549}}[00m
2026-10-06 15:12:08.581 2261365 DEBUG oslo_service.backend._eventlet.service [req-c182fb29-8630-4022-8d98-420ab45e3c19 - - - - - -] goodness_function              = None [00;33m{{(pid=2261365) log_opt_values /opt/stack/data/venv/lib/python3.12/site-packages/oslo_config/cfg.py:3549}}[00m
2026-10-06 15:12:08.581 2261365 DEBUG oslo_service.backend._eventlet.service [req-c182fb29-8630-4022-8d98-420ab45e3c19 - - - - - -] graceful_shutdown_timeout      = 5 [00;33m{{(pid=2261365) log_opt_values /opt/stack/data/venv/lib/python3.12/site-packages/oslo_config/cfg.py:3549}}[00m
2026-10-06 15:12:08.581 2261365 DEBUG oslo_service.backend._eventlet.service [req-c182fb29-8630-4022-8d98-420ab45e3c19 - - - - - -] group_api_class                = cinder.group.api.API [00;33m{{(pid=2261365) log_opt_values /opt/stack/data/venv/lib/python3.12/site-packages/oslo_config/cfg.py:3549}}[00m
2026-10-06 15:12:08.581 2261365 DEBUG oslo_service.backend._eventlet.service [req-c182fb29-8630-4022-8d98-420ab45e3c19 - - - - - -] hitachi_mirror_auth_password   = **** [00;33m{{(pid=2261365) log_opt_values /opt/stack/data/venv/lib/python3.12/site-packages/oslo_config/cfg.py:3549}}[00m
2026-10-06 15:12:08.581 2261365 DEBUG oslo_service.backend._eventlet.service [req-c182fb29-8630-4022-8d98-420ab45e3c19 - - - - - -] hitachi_mirror_auth_user       = None [00;33m{{(pid=2261365) log_opt_values /opt/stack/data/venv/lib/python3.12/site-packages/oslo_config/cfg.py:3549}}[00m
2026-10-06 15:12:08.581 2261365 DEBUG oslo_service.backend._eventlet.service [req-c182fb29-8630-4022-8d98-420ab45e3c19 - - - - - -] hitachi_mirror_compute_target_ports = [] [00;33m{{(pid=2261365) log_opt_values /opt/stack/data/venv/lib/python3.12/site-packages/oslo_config/cfg.py:3549}}[00m
2026-10-06 15:12:08.581 2261365 DEBUG oslo_service.backend._eventlet.service [req-c182fb29-8630-4022-8d98-420ab45e3c19 - - - - - -] hitachi_mirror_ldev_range      = None [00;33m{{(pid=2261365) log_opt_values /opt/stack/data/venv/lib/python3.12/site-packages/oslo_config/cfg.py:3549}}[00m
2026-10-06 15:12:08.581 2261365 DEBUG oslo_service.backend._eventlet.service [req-c182fb29-8630-4022-8d98-420ab45e3c19 - - - - - -] hitachi_mirror_pair_target_number = 0 [00;33m{{(pid=2261365) log_opt_values /opt/stack/data/venv/lib/python3.12/site-packages/oslo_config/cfg.py:3549}}[00m
2026-10-06 15:12:08.581 2261365 DEBUG oslo_service.backend._eventlet.service [req-c182fb29-8630-4022-8d98-420ab45e3c19 - - - - - -] hitachi_mirror_pool            = None [00;33m{{(pid=2261365) log_opt_values /opt/stack/data/venv/lib/python3.12/site-packages/oslo_config/cfg.py:3549}}[00m
2026-10-06 15:12:08.581 2261365 DEBUG oslo_service.backend._eventlet.service [req-c182fb29-8630-4022-8d98-420ab45e3c19 - - - - - -] hitachi_mirror_rest_api_ip     = None [00;33m{{(pid=2261365) log_opt_values /opt/stack/data/venv/lib/python3.12/site-packages/oslo_config/cfg.py:3549}}[00m
2026-10-06 15:12:08.581 2261365 DEBUG oslo_service.backend._eventlet.service [req-c182fb29-8630-4022-8d98-420ab45e3c19 - - - - - -] hitachi_mirror_rest_api_port   = 443 [00;33m{{(pid=2261365) log_opt_values /opt/stack/data/venv/lib/python3.12/site-packages/oslo_config/cfg.py:3549}}[00m
2026-10-06 15:12:08.582 2261365 DEBUG oslo_service.backend._eventlet.service [req-c182fb29-8630-4022-8d98-420ab45e3c19 - - - - - -] hitachi_mirror_rest_pair_target_ports = [] [00;33m{{(pid=2261365) log_opt_values /opt/stack/data/venv/lib/python3.12/site-packages/oslo_config/cfg.py:3549}}[00m
2026-10-06 15:12:08.582 2261365 DEBUG oslo_service.backend._eventlet.service [req-c182fb29-8630-4022-8d98-420ab45e3c19 - - - - - -] hitachi_mirror_rest_password   = **** [00;33m{{(pid=2261365) log_opt_values /opt/stack/data/venv/lib/python3.12/site-packages/oslo_config/cfg.py:3549}}[00m
2026-10-06 15:12:08.582 2261365 DEBUG oslo_service.backend._eventlet.service [req-c182fb29-8630-4022-8d98-420ab45e3c19 - - - - - -] hitachi_mirror_rest_user       = None [00;33m{{(pid=2261365) log_opt_values /opt/stack/data/venv/lib/python3.12/site-packages/oslo_config/cfg.py:3549}}[00m
2026-10-06 15:12:08.582 2261365 DEBUG oslo_service.backend._eventlet.service [req-c182fb29-8630-4022-8d98-420ab45e3c19 - - - - - -] hitachi_mirror_snap_pool       = None [00;33m{{(pid=2261365) log_opt_values /opt/stack/data/venv/lib/python3.12/site-packages/oslo_config/cfg.py:3549}}[00m
2026-10-06 15:12:08.582 2261365 DEBUG oslo_service.backend._eventlet.service [req-c182fb29-8630-4022-8d98-420ab45e3c19 - - - - - -] hitachi_mirror_ssl_cert_path   = None [00;33m{{(pid=2261365) log_opt_values /opt/stack/data/venv/lib/python3.12/site-packages/oslo_config/cfg.py:3549}}[00m
2026-10-06 15:12:08.582 2261365 DEBUG oslo_service.backend._eventlet.service [req-c182fb29-8630-4022-8d98-420ab45e3c19 - - - - - -] hitachi_mirror_ssl_cert_verify = False [00;33m{{(pid=2261365) log_opt_values /opt/stack/data/venv/lib/python3.12/site-packages/oslo_config/cfg.py:3549}}[00m
2026-10-06 15:12:08.582 2261365 DEBUG oslo_service.backend._eventlet.service [req-c182fb29-8630-4022-8d98-420ab45e3c19 - - - - - -] hitachi_mirror_storage_id      = None [00;33m{{(pid=2261365) log_opt_values /opt/stack/data/venv/lib/python3.12/site-packages/oslo_config/cfg.py:3549}}[00m
2026-10-06 15:12:08.582 2261365 DEBUG oslo_service.backend._eventlet.service [req-c182fb29-8630-4022-8d98-420ab45e3c19 - - - - - -] hitachi_mirror_target_ports    = [] [00;33m{{(pid=2261365) log_opt_values /opt/stack/data/venv/lib/python3.12/site-packages/oslo_config/cfg.py:3549}}[00m
2026-10-06 15:12:08.582 2261365 DEBUG oslo_service.backend._eventlet.service [req-c182fb29-8630-4022-8d98-420ab45e3c19 - - - - - -] hitachi_mirror_use_chap_auth   = False [00;33m{{(pid=2261365) log_opt_values /opt/stack/data/venv/lib/python3.12/site-packages/oslo_config/cfg.py:3549}}[00m
2026-10-06 15:12:08.582 2261365 DEBUG oslo_service.backend._eventlet.service [req-c182fb29-8630-4022-8d98-420ab45e3c19 - - - - - -] hitachi_path_group_id          = 0 [00;33m{{(pid=2261365) log_opt_values /opt/stack/data/venv/lib/python3.12/site-packages/oslo_config/cfg.py:3549}}[00m
2026-10-06 15:12:08.582 2261365 DEBUG oslo_service.backend._eventlet.service [req-c182fb29-8630-4022-8d98-420ab45e3c19 - - - - - -] hitachi_quorum_disk_id         = None [00;33m{{(pid=2261365) log_opt_values /opt/stack/data/venv/lib/python3.12/site-packages/oslo_config/cfg.py:3549}}[00m
2026-10-06 15:12:08.582 2261365 DEBUG oslo_service.backend._eventlet.service [req-c182fb29-8630-4022-8d98-420ab45e3c19 - - - - - -] hitachi_replication_copy_speed = 3 [00;33m{{(pid=2261365) log_opt_values /opt/stack/data/venv/lib/python3.12/site-packages/oslo_config/cfg.py:3549}}[00m
2026-10-06 15:12:08.583 2261365 DEBUG oslo_service.backend._eventlet.service [req-c182fb29-8630-4022-8d98-420ab45e3c19 - - - - - -] hitachi_replication_journal_creation_speed = L [00;33m{{(pid=2261365) log_opt_values /opt/stack/data/venv/lib/python3.12/site-packages/oslo_config/cfg.py:3549}}[00m
2026-10-06 15:12:08.583 2261365 DEBUG oslo_service.backend._eventlet.service [req-c182fb29-8630-4022-8d98-420ab45e3c19 - - - - - -] hitachi_replication_journal_overflow_tolerance = 60 [00;33m{{(pid=2261365) log_opt_values /opt/stack/data/venv/lib/python3.12/site-packages/oslo_config/cfg.py:3549}}[00m
2026-10-06 15:12:08.583 2261365 DEBUG oslo_service.backend._eventlet.service [req-c182fb29-8630-4022-8d98-420ab45e3c19 - - - - - -] hitachi_replication_journal_path_failure_tolerance = 5 [00;33m{{(pid=2261365) log_opt_values /opt/stack/data/venv/lib/python3.12/site-packages/oslo_config/cfg.py:3549}}[00m
2026-10-06 15:12:08.583 2261365 DEBUG oslo_service.backend._eventlet.service [req-c182fb29-8630-4022-8d98-420ab45e3c19 - - - - - -] hitachi_replication_journal_size = None [00;33m{{(pid=2261365) log_opt_values /opt/stack/data/venv/lib/python3.12/site-packages/oslo_config/cfg.py:3549}}[00m
2026-10-06 15:12:08.583 2261365 DEBUG oslo_service.backend._eventlet.service [req-c182fb29-8630-4022-8d98-420ab45e3c19 - - - - - -] hitachi_replication_journal_transfer_speed = 256 [00;33m{{(pid=2261365) log_opt_values /opt/stack/data/venv/lib/python3.12/site-packages/oslo_config/cfg.py:3549}}[00m
2026-10-06 15:12:08.583 2261365 DEBUG oslo_service.backend._eventlet.service [req-c182fb29-8630-4022-8d98-420ab45e3c19 - - - - - -] hitachi_replication_journal_use_cache = True [00;33m{{(pid=2261365) log_opt_values /opt/stack/data/venv/lib/python3.12/site-packages/oslo_config/cfg.py:3549}}[00m
2026-10-06 15:12:08.583 2261365 DEBUG oslo_service.backend._eventlet.service [req-c182fb29-8630-4022-8d98-420ab45e3c19 - - - - - -] hitachi_replication_mun        = 1 [00;33m{{(pid=2261365) log_opt_values /opt/stack/data/venv/lib/python3.12/site-packages/oslo_config/cfg.py:3549}}[00m
2026-10-06 15:12:08.583 2261365 DEBUG oslo_service.backend._eventlet.service [req-c182fb29-8630-4022-8d98-420ab45e3c19 - - - - - -] hitachi_replication_number     = 0 [00;33m{{(pid=2261365) log_opt_values /opt/stack/data/venv/lib/python3.12/site-packages/oslo_config/cfg.py:3549}}[00m
2026-10-06 15:12:08.583 2261365 DEBUG oslo_service.backend._eventlet.service [req-c182fb29-8630-4022-8d98-420ab45e3c19 - - - - - -] hitachi_replication_status_check_long_interval = 600 [00;33m{{(pid=2261365) log_opt_values /opt/stack/data/venv/lib/python3.12/site-packages/oslo_config/cfg.py:3549}}[00m
2026-10-06 15:12:08.583 2261365 DEBUG oslo_service.backend._eventlet.service [req-c182fb29-8630-4022-8d98-420ab45e3c19 - - - - - -] hitachi_replication_status_check_short_interval = 5 [00;33m{{(pid=2261365) log_opt_values /opt/stack/data/venv/lib/python3.12/site-packages/oslo_config/cfg.py:3549}}[00m
2026-10-06 15:12:08.583 2261365 DEBUG oslo_service.backend._eventlet.service [req-c182fb29-8630-4022-8d98-420ab45e3c19 - - - - - -] hitachi_replication_status_check_timeout = 86400 [00;33m{{(pid=2261365) log_opt_values /opt/stack/data/venv/lib/python3.12/site-packages/oslo_config/cfg.py:3549}}[00m
2026-10-06 15:12:08.583 2261365 DEBUG oslo_service.backend._eventlet.service [req-c182fb29-8630-4022-8d98-420ab45e3c19 - - - - - -] hitachi_set_mirror_reserve_attribute = True [00;33m{{(pid=2261365) log_opt_values /opt/stack/data/venv/lib/python3.12/site-packages/oslo_config/cfg.py:3549}}[00m
2026-10-06 15:12:08.584 2261365 DEBUG oslo_service.backend._eventlet.service [req-c182fb29-8630-4022-8d98-420ab45e3c19 - - - - - -] host                           = devstack-92-210 [00;33m{{(pid=2261365) log_opt_values /opt/stack/data/venv/lib/python3.12/site-packages/oslo_config/cfg.py:3549}}[00m
2026-10-06 15:12:08.584 2261365 DEBUG oslo_service.backend._eventlet.service [req-c182fb29-8630-4022-8d98-420ab45e3c19 - - - - - -] image_compress_on_upload       = True [00;33m{{(pid=2261365) log_opt_values /opt/stack/data/venv/lib/python3.12/site-packages/oslo_config/cfg.py:3549}}[00m
2026-10-06 15:12:08.584 2261365 DEBUG oslo_service.backend._eventlet.service [req-c182fb29-8630-4022-8d98-420ab45e3c19 - - - - - -] image_conversion_address_space_limit = 1 [00;33m{{(pid=2261365) log_opt_values /opt/stack/data/venv/lib/python3.12/site-packages/oslo_config/cfg.py:3549}}[00m
2026-10-06 15:12:08.584 2261365 DEBUG oslo_service.backend._eventlet.service [req-c182fb29-8630-4022-8d98-420ab45e3c19 - - - - - -] image_conversion_cpu_limit     = 60 [00;33m{{(pid=2261365) log_opt_values /opt/stack/data/venv/lib/python3.12/site-packages/oslo_config/cfg.py:3549}}[00m
2026-10-06 15:12:08.584 2261365 DEBUG oslo_service.backend._eventlet.service [req-c182fb29-8630-4022-8d98-420ab45e3c19 - - - - - -] image_conversion_dir           = /opt/stack/data/cinder/conversion [00;33m{{(pid=2261365) log_opt_values /opt/stack/data/venv/lib/python3.12/site-packages/oslo_config/cfg.py:3549}}[00m
2026-10-06 15:12:08.584 2261365 DEBUG oslo_service.backend._eventlet.service [req-c182fb29-8630-4022-8d98-420ab45e3c19 - - - - - -] image_conversion_disable       = False [00;33m{{(pid=2261365) log_opt_values /opt/stack/data/venv/lib/python3.12/site-packages/oslo_config/cfg.py:3549}}[00m
2026-10-06 15:12:08.584 2261365 DEBUG oslo_service.backend._eventlet.service [req-c182fb29-8630-4022-8d98-420ab45e3c19 - - - - - -] image_introspection_address_space_limit = 1 [00;33m{{(pid=2261365) log_opt_values /opt/stack/data/venv/lib/python3.12/site-packages/oslo_config/cfg.py:3549}}[00m
2026-10-06 15:12:08.584 2261365 DEBUG oslo_service.backend._eventlet.service [req-c182fb29-8630-4022-8d98-420ab45e3c19 - - - - - -] image_introspection_cpu_limit  = 60 [00;33m{{(pid=2261365) log_opt_values /opt/stack/data/venv/lib/python3.12/site-packages/oslo_config/cfg.py:3549}}[00m
2026-10-06 15:12:08.584 2261365 DEBUG oslo_service.backend._eventlet.service [req-c182fb29-8630-4022-8d98-420ab45e3c19 - - - - - -] image_upload_use_cinder_backend = False [00;33m{{(pid=2261365) log_opt_values /opt/stack/data/venv/lib/python3.12/site-packages/oslo_config/cfg.py:3549}}[00m
2026-10-06 15:12:08.584 2261365 DEBUG oslo_service.backend._eventlet.service [req-c182fb29-8630-4022-8d98-420ab45e3c19 - - - - - -] image_upload_use_internal_tenant = False [00;33m{{(pid=2261365) log_opt_values /opt/stack/data/venv/lib/python3.12/site-packages/oslo_config/cfg.py:3549}}[00m
2026-10-06 15:12:08.584 2261365 DEBUG oslo_service.backend._eventlet.service [req-c182fb29-8630-4022-8d98-420ab45e3c19 - - - - - -] image_volume_cache_enabled     = False [00;33m{{(pid=2261365) log_opt_values /opt/stack/data/venv/lib/python3.12/site-packages/oslo_config/cfg.py:3549}}[00m
2026-10-06 15:12:08.585 2261365 DEBUG oslo_service.backend._eventlet.service [req-c182fb29-8630-4022-8d98-420ab45e3c19 - - - - - -] image_volume_cache_max_count   = 0 [00;33m{{(pid=2261365) log_opt_values /opt/stack/data/venv/lib/python3.12/site-packages/oslo_config/cfg.py:3549}}[00m
2026-10-06 15:12:08.585 2261365 DEBUG oslo_service.backend._eventlet.service [req-c182fb29-8630-4022-8d98-420ab45e3c19 - - - - - -] image_volume_cache_max_size_gb = 0 [00;33m{{(pid=2261365) log_opt_values /opt/stack/data/venv/lib/python3.12/site-packages/oslo_config/cfg.py:3549}}[00m
2026-10-06 15:12:08.585 2261365 DEBUG oslo_service.backend._eventlet.service [req-c182fb29-8630-4022-8d98-420ab45e3c19 - - - - - -] init_host_max_objects_retrieval = 0 [00;33m{{(pid=2261365) log_opt_values /opt/stack/data/venv/lib/python3.12/site-packages/oslo_config/cfg.py:3549}}[00m
2026-10-06 15:12:08.585 2261365 DEBUG oslo_service.backend._eventlet.service [req-c182fb29-8630-4022-8d98-420ab45e3c19 - - - - - -] instance_format                = [instance: %(uuid)s]  [00;33m{{(pid=2261365) log_opt_values /opt/stack/data/venv/lib/python3.12/site-packages/oslo_config/cfg.py:3549}}[00m
2026-10-06 15:12:08.585 2261365 DEBUG oslo_service.backend._eventlet.service [req-c182fb29-8630-4022-8d98-420ab45e3c19 - - - - - -] instance_uuid_format           = [instance: %(uuid)s]  [00;33m{{(pid=2261365) log_opt_values /opt/stack/data/venv/lib/python3.12/site-packages/oslo_config/cfg.py:3549}}[00m
2026-10-06 15:12:08.585 2261365 DEBUG oslo_service.backend._eventlet.service [req-c182fb29-8630-4022-8d98-420ab45e3c19 - - - - - -] iscsi_target_flags             =  [00;33m{{(pid=2261365) log_opt_values /opt/stack/data/venv/lib/python3.12/site-packages/oslo_config/cfg.py:3549}}[00m
2026-10-06 15:12:08.585 2261365 DEBUG oslo_service.backend._eventlet.service [req-c182fb29-8630-4022-8d98-420ab45e3c19 - - - - - -] iscsi_write_cache              = on [00;33m{{(pid=2261365) log_opt_values /opt/stack/data/venv/lib/python3.12/site-packages/oslo_config/cfg.py:3549}}[00m
2026-10-06 15:12:08.585 2261365 DEBUG oslo_service.backend._eventlet.service [req-c182fb29-8630-4022-8d98-420ab45e3c19 - - - - - -] iser_helper                    = tgtadm [00;33m{{(pid=2261365) log_opt_values /opt/stack/data/venv/lib/python3.12/site-packages/oslo_config/cfg.py:3549}}[00m
2026-10-06 15:12:08.585 2261365 DEBUG oslo_service.backend._eventlet.service [req-c182fb29-8630-4022-8d98-420ab45e3c19 - - - - - -] iser_ip_address                = 172.25.92.210 [00;33m{{(pid=2261365) log_opt_values /opt/stack/data/venv/lib/python3.12/site-packages/oslo_config/cfg.py:3549}}[00m
2026-10-06 15:12:08.585 2261365 DEBUG oslo_service.backend._eventlet.service [req-c182fb29-8630-4022-8d98-420ab45e3c19 - - - - - -] iser_port                      = 3260 [00;33m{{(pid=2261365) log_opt_values /opt/stack/data/venv/lib/python3.12/site-packages/oslo_config/cfg.py:3549}}[00m
2026-10-06 15:12:08.585 2261365 DEBUG oslo_service.backend._eventlet.service [req-c182fb29-8630-4022-8d98-420ab45e3c19 - - - - - -] iser_target_prefix             = iqn.2010-10.org.openstack: [00;33m{{(pid=2261365) log_opt_values /opt/stack/data/venv/lib/python3.12/site-packages/oslo_config/cfg.py:3549}}[00m
2026-10-06 15:12:08.586 2261365 DEBUG oslo_service.backend._eventlet.service [req-c182fb29-8630-4022-8d98-420ab45e3c19 - - - - - -] log_color                      = False [00;33m{{(pid=2261365) log_opt_values /opt/stack/data/venv/lib/python3.12/site-packages/oslo_config/cfg.py:3549}}[00m
2026-10-06 15:12:08.586 2261365 DEBUG oslo_service.backend._eventlet.service [req-c182fb29-8630-4022-8d98-420ab45e3c19 - - - - - -] log_config_append              = None [00;33m{{(pid=2261365) log_opt_values /opt/stack/data/venv/lib/python3.12/site-packages/oslo_config/cfg.py:3549}}[00m
2026-10-06 15:12:08.586 2261365 DEBUG oslo_service.backend._eventlet.service [req-c182fb29-8630-4022-8d98-420ab45e3c19 - - - - - -] log_date_format                = %Y-%m-%d %H:%M:%S [00;33m{{(pid=2261365) log_opt_values /opt/stack/data/venv/lib/python3.12/site-packages/oslo_config/cfg.py:3549}}[00m
2026-10-06 15:12:08.586 2261365 DEBUG oslo_service.backend._eventlet.service [req-c182fb29-8630-4022-8d98-420ab45e3c19 - - - - - -] log_dir                        = /var/log/cinder [00;33m{{(pid=2261365) log_opt_values /opt/stack/data/venv/lib/python3.12/site-packages/oslo_config/cfg.py:3549}}[00m
2026-10-06 15:12:08.586 2261365 DEBUG oslo_service.backend._eventlet.service [req-c182fb29-8630-4022-8d98-420ab45e3c19 - - - - - -] log_file                       = None [00;33m{{(pid=2261365) log_opt_values /opt/stack/data/venv/lib/python3.12/site-packages/oslo_config/cfg.py:3549}}[00m
2026-10-06 15:12:08.586 2261365 DEBUG oslo_service.backend._eventlet.service [req-c182fb29-8630-4022-8d98-420ab45e3c19 - - - - - -] log_options                    = True [00;33m{{(pid=2261365) log_opt_values /opt/stack/data/venv/lib/python3.12/site-packages/oslo_config/cfg.py:3549}}[00m
2026-10-06 15:12:08.586 2261365 DEBUG oslo_service.backend._eventlet.service [req-c182fb29-8630-4022-8d98-420ab45e3c19 - - - - - -] log_rotate_interval            = 1 [00;33m{{(pid=2261365) log_opt_values /opt/stack/data/venv/lib/python3.12/site-packages/oslo_config/cfg.py:3549}}[00m
2026-10-06 15:12:08.586 2261365 DEBUG oslo_service.backend._eventlet.service [req-c182fb29-8630-4022-8d98-420ab45e3c19 - - - - - -] log_rotate_interval_type       = days [00;33m{{(pid=2261365) log_opt_values /opt/stack/data/venv/lib/python3.12/site-packages/oslo_config/cfg.py:3549}}[00m
2026-10-06 15:12:08.586 2261365 DEBUG oslo_service.backend._eventlet.service [req-c182fb29-8630-4022-8d98-420ab45e3c19 - - - - - -] log_rotation_type              = none [00;33m{{(pid=2261365) log_opt_values /opt/stack/data/venv/lib/python3.12/site-packages/oslo_config/cfg.py:3549}}[00m
2026-10-06 15:12:08.586 2261365 DEBUG oslo_service.backend._eventlet.service [req-c182fb29-8630-4022-8d98-420ab45e3c19 - - - - - -] logging_context_format_string  = %(asctime)s.%(msecs)03d %(process)d %(levelname)s %(name)s [%(request_id)s %(user_identity)s] %(instance)s%(message)s [00;33m{{(pid=2261365) log_opt_values /opt/stack/data/venv/lib/python3.12/site-packages/oslo_config/cfg.py:3549}}[00m
2026-10-06 15:12:08.586 2261365 DEBUG oslo_service.backend._eventlet.service [req-c182fb29-8630-4022-8d98-420ab45e3c19 - - - - - -] logging_debug_format_suffix    = [00;33m{{(pid=%(process)d) %(funcName)s %(pathname)s:%(lineno)d}}[00m [00;33m{{(pid=2261365) log_opt_values /opt/stack/data/venv/lib/python3.12/site-packages/oslo_config/cfg.py:3549}}[00m
2026-10-06 15:12:08.586 2261365 DEBUG oslo_service.backend._eventlet.service [req-c182fb29-8630-4022-8d98-420ab45e3c19 - - - - - -] logging_default_format_string  = %(asctime)s.%(msecs)03d %(process)d %(levelname)s %(name)s [-] %(instance)s%(message)s [00;33m{{(pid=2261365) log_opt_values /opt/stack/data/venv/lib/python3.12/site-packages/oslo_config/cfg.py:3549}}[00m
2026-10-06 15:12:08.586 2261365 DEBUG oslo_service.backend._eventlet.service [req-c182fb29-8630-4022-8d98-420ab45e3c19 - - - - - -] logging_exception_prefix       = ERROR %(name)s [01;35m%(instance)s[00m [00;33m{{(pid=2261365) log_opt_values /opt/stack/data/venv/lib/python3.12/site-packages/oslo_config/cfg.py:3549}}[00m
2026-10-06 15:12:08.587 2261365 DEBUG oslo_service.backend._eventlet.service [req-c182fb29-8630-4022-8d98-420ab45e3c19 - - - - - -] logging_user_identity_format   = %(user)s %(project)s %(domain)s %(system_scope)s %(user_domain)s %(project_domain)s [00;33m{{(pid=2261365) log_opt_values /opt/stack/data/venv/lib/python3.12/site-packages/oslo_config/cfg.py:3549}}[00m
2026-10-06 15:12:08.587 2261365 DEBUG oslo_service.backend._eventlet.service [req-c182fb29-8630-4022-8d98-420ab45e3c19 - - - - - -] max_age                        = 0 [00;33m{{(pid=2261365) log_opt_values /opt/stack/data/venv/lib/python3.12/site-packages/oslo_config/cfg.py:3549}}[00m
2026-10-06 15:12:08.587 2261365 DEBUG oslo_service.backend._eventlet.service [req-c182fb29-8630-4022-8d98-420ab45e3c19 - - - - - -] max_logfile_count              = 30 [00;33m{{(pid=2261365) log_opt_values /opt/stack/data/venv/lib/python3.12/site-packages/oslo_config/cfg.py:3549}}[00m
2026-10-06 15:12:08.587 2261365 DEBUG oslo_service.backend._eventlet.service [req-c182fb29-8630-4022-8d98-420ab45e3c19 - - - - - -] max_logfile_size_mb            = 200 [00;33m{{(pid=2261365) log_opt_values /opt/stack/data/venv/lib/python3.12/site-packages/oslo_config/cfg.py:3549}}[00m
2026-10-06 15:12:08.587 2261365 DEBUG oslo_service.backend._eventlet.service [req-c182fb29-8630-4022-8d98-420ab45e3c19 - - - - - -] max_over_subscription_ratio    = 20.0 [00;33m{{(pid=2261365) log_opt_values /opt/stack/data/venv/lib/python3.12/site-packages/oslo_config/cfg.py:3549}}[00m
2026-10-06 15:12:08.587 2261365 DEBUG oslo_service.backend._eventlet.service [req-c182fb29-8630-4022-8d98-420ab45e3c19 - - - - - -] message_reap_interval          = 86400 [00;33m{{(pid=2261365) log_opt_values /opt/stack/data/venv/lib/python3.12/site-packages/oslo_config/cfg.py:3549}}[00m
2026-10-06 15:12:08.587 2261365 DEBUG oslo_service.backend._eventlet.service [req-c182fb29-8630-4022-8d98-420ab45e3c19 - - - - - -] message_ttl                    = 2592000 [00;33m{{(pid=2261365) log_opt_values /opt/stack/data/venv/lib/python3.12/site-packages/oslo_config/cfg.py:3549}}[00m
2026-10-06 15:12:08.587 2261365 DEBUG oslo_service.backend._eventlet.service [req-c182fb29-8630-4022-8d98-420ab45e3c19 - - - - - -] migration_create_volume_timeout_secs = 300 [00;33m{{(pid=2261365) log_opt_values /opt/stack/data/venv/lib/python3.12/site-packages/oslo_config/cfg.py:3549}}[00m
2026-10-06 15:12:08.587 2261365 DEBUG oslo_service.backend._eventlet.service [req-c182fb29-8630-4022-8d98-420ab45e3c19 - - - - - -] monkey_patch                   = False [00;33m{{(pid=2261365) log_opt_values /opt/stack/data/venv/lib/python3.12/site-packages/oslo_config/cfg.py:3549}}[00m
2026-10-06 15:12:08.587 2261365 DEBUG oslo_service.backend._eventlet.service [req-c182fb29-8630-4022-8d98-420ab45e3c19 - - - - - -] monkey_patch_modules           = [] [00;33m{{(pid=2261365) log_opt_values /opt/stack/data/venv/lib/python3.12/site-packages/oslo_config/cfg.py:3549}}[00m
2026-10-06 15:12:08.587 2261365 DEBUG oslo_service.backend._eventlet.service [req-c182fb29-8630-4022-8d98-420ab45e3c19 - - - - - -] my_ip                          = 172.25.92.210 [00;33m{{(pid=2261365) log_opt_values /opt/stack/data/venv/lib/python3.12/site-packages/oslo_config/cfg.py:3549}}[00m
2026-10-06 15:12:08.588 2261365 DEBUG oslo_service.backend._eventlet.service [req-c182fb29-8630-4022-8d98-420ab45e3c19 - - - - - -] no_snapshot_gb_quota           = False [00;33m{{(pid=2261365) log_opt_values /opt/stack/data/venv/lib/python3.12/site-packages/oslo_config/cfg.py:3549}}[00m
2026-10-06 15:12:08.588 2261365 DEBUG oslo_service.backend._eventlet.service [req-c182fb29-8630-4022-8d98-420ab45e3c19 - - - - - -] num_iser_scan_tries            = 3 [00;33m{{(pid=2261365) log_opt_values /opt/stack/data/venv/lib/python3.12/site-packages/oslo_config/cfg.py:3549}}[00m
2026-10-06 15:12:08.588 2261365 DEBUG oslo_service.backend._eventlet.service [req-c182fb29-8630-4022-8d98-420ab45e3c19 - - - - - -] num_shell_tries                = 3 [00;33m{{(pid=2261365) log_opt_values /opt/stack/data/venv/lib/python3.12/site-packages/oslo_config/cfg.py:3549}}[00m
2026-10-06 15:12:08.588 2261365 DEBUG oslo_service.backend._eventlet.service [req-c182fb29-8630-4022-8d98-420ab45e3c19 - - - - - -] num_volume_device_scan_tries   = 100 [00;33m{{(pid=2261365) log_opt_values /opt/stack/data/venv/lib/python3.12/site-packages/oslo_config/cfg.py:3549}}[00m
2026-10-06 15:12:08.588 2261365 DEBUG oslo_service.backend._eventlet.service [req-c182fb29-8630-4022-8d98-420ab45e3c19 - - - - - -] nvmeof_conn_info_version       = 1 [00;33m{{(pid=2261365) log_opt_values /opt/stack/data/venv/lib/python3.12/site-packages/oslo_config/cfg.py:3549}}[00m
2026-10-06 15:12:08.588 2261378 INFO cinder.volume.manager [req-efbf2fd8-34f1-440c-b668-94ccf6f44144 - - - - - -] Starting volume driver HBSDISCSIDriver (2.7.2)
2026-10-06 15:12:08.588 2261365 DEBUG oslo_service.backend._eventlet.service [req-c182fb29-8630-4022-8d98-420ab45e3c19 - - - - - -] nvmet_ns_id                    = 10 [00;33m{{(pid=2261365) log_opt_values /opt/stack/data/venv/lib/python3.12/site-packages/oslo_config/cfg.py:3549}}[00m
2026-10-06 15:12:08.588 2261378 DEBUG cinder.volume.drivers.hitachi.hbsd_iscsi [req-efbf2fd8-34f1-440c-b668-94ccf6f44144 - - - - - -] ==> do_setup: call "{'self': <cinder.volume.drivers.hitachi.hbsd_iscsi.HBSDISCSIDriver object at 0x799fb1693f50>, 'context': <cinder.context.RequestContext object at 0x799fb10a9b80>}" [00;33m{{(pid=2261378) trace_logging_wrapper /opt/stack/cinder/cinder/volume/volume_utils.py:1497}}[00m
2026-10-06 15:12:08.589 2261365 DEBUG oslo_service.backend._eventlet.service [req-c182fb29-8630-4022-8d98-420ab45e3c19 - - - - - -] nvmet_port_id                  = 1 [00;33m{{(pid=2261365) log_opt_values /opt/stack/data/venv/lib/python3.12/site-packages/oslo_config/cfg.py:3549}}[00m
2026-10-06 15:12:08.589 2261365 DEBUG oslo_service.backend._eventlet.service [req-c182fb29-8630-4022-8d98-420ab45e3c19 - - - - - -] osapi_max_limit                = 1000 [00;33m{{(pid=2261365) log_opt_values /opt/stack/data/venv/lib/python3.12/site-packages/oslo_config/cfg.py:3549}}[00m
2026-10-06 15:12:08.589 2261365 DEBUG oslo_service.backend._eventlet.service [req-c182fb29-8630-4022-8d98-420ab45e3c19 - - - - - -] osapi_volume_ext_list          = [] [00;33m{{(pid=2261365) log_opt_values /opt/stack/data/venv/lib/python3.12/site-packages/oslo_config/cfg.py:3549}}[00m
2026-10-06 15:12:08.589 2261365 DEBUG oslo_service.backend._eventlet.service [req-c182fb29-8630-4022-8d98-420ab45e3c19 - - - - - -] osapi_volume_extension         = ['cinder.api.contrib.standard_extensions'] [00;33m{{(pid=2261365) log_opt_values /opt/stack/data/venv/lib/python3.12/site-packages/oslo_config/cfg.py:3549}}[00m
2026-10-06 15:12:08.589 2261365 DEBUG oslo_service.backend._eventlet.service [req-c182fb29-8630-4022-8d98-420ab45e3c19 - - - - - -] osapi_volume_listen            = 0.0.0.0 [00;33m{{(pid=2261365) log_opt_values /opt/stack/data/venv/lib/python3.12/site-packages/oslo_config/cfg.py:3549}}[00m
2026-10-06 15:12:08.589 2261365 DEBUG oslo_service.backend._eventlet.service [req-c182fb29-8630-4022-8d98-420ab45e3c19 - - - - - -] osapi_volume_listen_port       = 8776 [00;33m{{(pid=2261365) log_opt_values /opt/stack/data/venv/lib/python3.12/site-packages/oslo_config/cfg.py:3549}}[00m
2026-10-06 15:12:08.589 2261365 DEBUG oslo_service.backend._eventlet.service [req-c182fb29-8630-4022-8d98-420ab45e3c19 - - - - - -] osapi_volume_use_ssl           = False [00;33m{{(pid=2261365) log_opt_values /opt/stack/data/venv/lib/python3.12/site-packages/oslo_config/cfg.py:3549}}[00m
2026-10-06 15:12:08.589 2261365 DEBUG oslo_service.backend._eventlet.service [req-c182fb29-8630-4022-8d98-420ab45e3c19 - - - - - -] osapi_volume_workers           = None [00;33m{{(pid=2261365) log_opt_values /opt/stack/data/venv/lib/python3.12/site-packages/oslo_config/cfg.py:3549}}[00m
2026-10-06 15:12:08.589 2261365 DEBUG oslo_service.backend._eventlet.service [req-c182fb29-8630-4022-8d98-420ab45e3c19 - - - - - -] per_volume_size_limit          = -1 [00;33m{{(pid=2261365) log_opt_values /opt/stack/data/venv/lib/python3.12/site-packages/oslo_config/cfg.py:3549}}[00m
2026-10-06 15:12:08.590 2261365 DEBUG oslo_service.backend._eventlet.service [req-c182fb29-8630-4022-8d98-420ab45e3c19 - - - - - -] periodic_fuzzy_delay           = 60 [00;33m{{(pid=2261365) log_opt_values /opt/stack/data/venv/lib/python3.12/site-packages/oslo_config/cfg.py:3549}}[00m
2026-10-06 15:12:08.590 2261365 DEBUG oslo_service.backend._eventlet.service [req-c182fb29-8630-4022-8d98-420ab45e3c19 - - - - - -] periodic_interval              = 3600 [00;33m{{(pid=2261365) log_opt_values /opt/stack/data/venv/lib/python3.12/site-packages/oslo_config/cfg.py:3549}}[00m
2026-10-06 15:12:08.590 2261365 DEBUG oslo_service.backend._eventlet.service [req-c182fb29-8630-4022-8d98-420ab45e3c19 - - - - - -] project_id_regex               = [0-9a-f\-]+ [00;33m{{(pid=2261365) log_opt_values /opt/stack/data/venv/lib/python3.12/site-packages/oslo_config/cfg.py:3549}}[00m
2026-10-06 15:12:08.590 2261365 DEBUG oslo_service.backend._eventlet.service [req-c182fb29-8630-4022-8d98-420ab45e3c19 - - - - - -] public_endpoint                = None [00;33m{{(pid=2261365) log_opt_values /opt/stack/data/venv/lib/python3.12/site-packages/oslo_config/cfg.py:3549}}[00m
2026-10-06 15:12:08.590 2261365 DEBUG oslo_service.backend._eventlet.service [req-c182fb29-8630-4022-8d98-420ab45e3c19 - - - - - -] publish_errors                 = False [00;33m{{(pid=2261365) log_opt_values /opt/stack/data/venv/lib/python3.12/site-packages/oslo_config/cfg.py:3549}}[00m
2026-10-06 15:12:08.590 2261365 DEBUG oslo_service.backend._eventlet.service [req-c182fb29-8630-4022-8d98-420ab45e3c19 - - - - - -] quota_backup_gigabytes         = 1000 [00;33m{{(pid=2261365) log_opt_values /opt/stack/data/venv/lib/python3.12/site-packages/oslo_config/cfg.py:3549}}[00m
2026-10-06 15:12:08.590 2261365 DEBUG oslo_service.backend._eventlet.service [req-c182fb29-8630-4022-8d98-420ab45e3c19 - - - - - -] quota_backups                  = 50 [00;33m{{(pid=2261365) log_opt_values /opt/stack/data/venv/lib/python3.12/site-packages/oslo_config/cfg.py:3549}}[00m
2026-10-06 15:12:08.590 2261365 DEBUG oslo_service.backend._eventlet.service [req-c182fb29-8630-4022-8d98-420ab45e3c19 - - - - - -] quota_driver                   = cinder.quota.DbQuotaDriver [00;33m{{(pid=2261365) log_opt_values /opt/stack/data/venv/lib/python3.12/site-packages/oslo_config/cfg.py:3549}}[00m
2026-10-06 15:12:08.590 2261365 DEBUG oslo_service.backend._eventlet.service [req-c182fb29-8630-4022-8d98-420ab45e3c19 - - - - - -] quota_gigabytes                = 1000 [00;33m{{(pid=2261365) log_opt_values /opt/stack/data/venv/lib/python3.12/site-packages/oslo_config/cfg.py:3549}}[00m
2026-10-06 15:12:08.590 2261365 DEBUG oslo_service.backend._eventlet.service [req-c182fb29-8630-4022-8d98-420ab45e3c19 - - - - - -] quota_groups                   = 10 [00;33m{{(pid=2261365) log_opt_values /opt/stack/data/venv/lib/python3.12/site-packages/oslo_config/cfg.py:3549}}[00m
2026-10-06 15:12:08.590 2261365 DEBUG oslo_service.backend._eventlet.service [req-c182fb29-8630-4022-8d98-420ab45e3c19 - - - - - -] quota_snapshots                = 50 [00;33m{{(pid=2261365) log_opt_values /opt/stack/data/venv/lib/python3.12/site-packages/oslo_config/cfg.py:3549}}[00m
2026-10-06 15:12:08.590 2261365 DEBUG oslo_service.backend._eventlet.service [req-c182fb29-8630-4022-8d98-420ab45e3c19 - - - - - -] quota_volumes                  = 50 [00;33m{{(pid=2261365) log_opt_values /opt/stack/data/venv/lib/python3.12/site-packages/oslo_config/cfg.py:3549}}[00m
2026-10-06 15:12:08.591 2261365 DEBUG oslo_service.backend._eventlet.service [req-c182fb29-8630-4022-8d98-420ab45e3c19 - - - - - -] rate_limit_burst               = 0 [00;33m{{(pid=2261365) log_opt_values /opt/stack/data/venv/lib/python3.12/site-packages/oslo_config/cfg.py:3549}}[00m
2026-10-06 15:12:08.590 2261378 DEBUG cinder.volume.drivers.hitachi.hbsd_rest [req-efbf2fd8-34f1-440c-b668-94ccf6f44144 - - - - - -] Setting ldev_range: [22000, 29399] [00;33m{{(pid=2261378) check_param /opt/stack/cinder/cinder/volume/drivers/hitachi/hbsd_rest.py:887}}[00m
2026-10-06 15:12:08.591 2261365 DEBUG oslo_service.backend._eventlet.service [req-c182fb29-8630-4022-8d98-420ab45e3c19 - - - - - -] rate_limit_except_level        = CRITICAL [00;33m{{(pid=2261365) log_opt_values /opt/stack/data/venv/lib/python3.12/site-packages/oslo_config/cfg.py:3549}}[00m
2026-10-06 15:12:08.591 2261365 DEBUG oslo_service.backend._eventlet.service [req-c182fb29-8630-4022-8d98-420ab45e3c19 - - - - - -] rate_limit_interval            = 0 [00;33m{{(pid=2261365) log_opt_values /opt/stack/data/venv/lib/python3.12/site-packages/oslo_config/cfg.py:3549}}[00m
2026-10-06 15:12:08.591 2261365 DEBUG oslo_service.backend._eventlet.service [req-c182fb29-8630-4022-8d98-420ab45e3c19 - - - - - -] reinit_driver_count            = 3 [00;33m{{(pid=2261365) log_opt_values /opt/stack/data/venv/lib/python3.12/site-packages/oslo_config/cfg.py:3549}}[00m
2026-10-06 15:12:08.591 2261365 DEBUG oslo_service.backend._eventlet.service [req-c182fb29-8630-4022-8d98-420ab45e3c19 - - - - - -] replication_device             = **** [00;33m{{(pid=2261365) log_opt_values /opt/stack/data/venv/lib/python3.12/site-packages/oslo_config/cfg.py:3549}}[00m
2026-10-06 15:12:08.591 2261365 DEBUG oslo_service.backend._eventlet.service [req-c182fb29-8630-4022-8d98-420ab45e3c19 - - - - - -] report_discard_supported       = False [00;33m{{(pid=2261365) log_opt_values /opt/stack/data/venv/lib/python3.12/site-packages/oslo_config/cfg.py:3549}}[00m
2026-10-06 15:12:08.591 2261378 DEBUG cinder.volume.drivers.hitachi.hbsd_rest_api [req-efbf2fd8-34f1-440c-b668-94ccf6f44144 - - - - - -] Trying to login. [00;33m{{(pid=2261378) login /opt/stack/cinder/cinder/volume/drivers/hitachi/hbsd_rest_api.py:570}}[00m
2026-10-06 15:12:08.591 2261378 DEBUG cinder.volume.drivers.hitachi.hbsd_rest_api [req-efbf2fd8-34f1-440c-b668-94ccf6f44144 - - - - - -] ==> _login: call "{'self': <cinder.volume.drivers.hitachi.hbsd_rest_api.RestApiClient object at 0x799fb10a9f40>, 'do_raise': True}" [00;33m{{(pid=2261378) trace_logging_wrapper /opt/stack/cinder/cinder/volume/volume_utils.py:1497}}[00m
2026-10-06 15:12:08.591 2261365 DEBUG oslo_service.backend._eventlet.service [req-c182fb29-8630-4022-8d98-420ab45e3c19 - - - - - -] report_interval                = 120 [00;33m{{(pid=2261365) log_opt_values /opt/stack/data/venv/lib/python3.12/site-packages/oslo_config/cfg.py:3549}}[00m
2026-10-06 15:12:08.592 2261365 DEBUG oslo_service.backend._eventlet.service [req-c182fb29-8630-4022-8d98-420ab45e3c19 - - - - - -] reservation_clean_interval     = 86400 [00;33m{{(pid=2261365) log_opt_values /opt/stack/data/venv/lib/python3.12/site-packages/oslo_config/cfg.py:3549}}[00m
2026-10-06 15:12:08.592 2261365 DEBUG oslo_service.backend._eventlet.service [req-c182fb29-8630-4022-8d98-420ab45e3c19 - - - - - -] reservation_expire             = 86400 [00;33m{{(pid=2261365) log_opt_values /opt/stack/data/venv/lib/python3.12/site-packages/oslo_config/cfg.py:3549}}[00m
2026-10-06 15:12:08.592 2261365 DEBUG oslo_service.backend._eventlet.service [req-c182fb29-8630-4022-8d98-420ab45e3c19 - - - - - -] reserved_image_namespaces      = [] [00;33m{{(pid=2261365) log_opt_values /opt/stack/data/venv/lib/python3.12/site-packages/oslo_config/cfg.py:3549}}[00m
2026-10-06 15:12:08.592 2261365 DEBUG oslo_service.backend._eventlet.service [req-c182fb29-8630-4022-8d98-420ab45e3c19 - - - - - -] reserved_percentage            = 0 [00;33m{{(pid=2261365) log_opt_values /opt/stack/data/venv/lib/python3.12/site-packages/oslo_config/cfg.py:3549}}[00m
2026-10-06 15:12:08.592 2261365 DEBUG oslo_service.backend._eventlet.service [req-c182fb29-8630-4022-8d98-420ab45e3c19 - - - - - -] resource_query_filters_file    = /etc/cinder/resource_filters.json [00;33m{{(pid=2261365) log_opt_values /opt/stack/data/venv/lib/python3.12/site-packages/oslo_config/cfg.py:3549}}[00m
2026-10-06 15:12:08.592 2261365 DEBUG oslo_service.backend._eventlet.service [req-c182fb29-8630-4022-8d98-420ab45e3c19 - - - - - -] rootwrap_config                = /etc/cinder/rootwrap.conf [00;33m{{(pid=2261365) log_opt_values /opt/stack/data/venv/lib/python3.12/site-packages/oslo_config/cfg.py:3549}}[00m
2026-10-06 15:12:08.592 2261365 DEBUG oslo_service.backend._eventlet.service [req-c182fb29-8630-4022-8d98-420ab45e3c19 - - - - - -] rpc_response_timeout           = 3600 [00;33m{{(pid=2261365) log_opt_values /opt/stack/data/venv/lib/python3.12/site-packages/oslo_config/cfg.py:3549}}[00m
2026-10-06 15:12:08.593 2261365 DEBUG oslo_service.backend._eventlet.service [req-c182fb29-8630-4022-8d98-420ab45e3c19 - - - - - -] run_external_periodic_tasks    = True [00;33m{{(pid=2261365) log_opt_values /opt/stack/data/venv/lib/python3.12/site-packages/oslo_config/cfg.py:3549}}[00m
2026-10-06 15:12:08.593 2261365 DEBUG oslo_service.backend._eventlet.service [req-c182fb29-8630-4022-8d98-420ab45e3c19 - - - - - -] scheduler_manager              = cinder.scheduler.manager.SchedulerManager [00;33m{{(pid=2261365) log_opt_values /opt/stack/data/venv/lib/python3.12/site-packages/oslo_config/cfg.py:3549}}[00m
2026-10-06 15:12:08.593 2261365 DEBUG oslo_service.backend._eventlet.service [req-c182fb29-8630-4022-8d98-420ab45e3c19 - - - - - -] scst_target_driver             = iscsi [00;33m{{(pid=2261365) log_opt_values /opt/stack/data/venv/lib/python3.12/site-packages/oslo_config/cfg.py:3549}}[00m
2026-10-06 15:12:08.593 2261365 DEBUG oslo_service.backend._eventlet.service [req-c182fb29-8630-4022-8d98-420ab45e3c19 - - - - - -] scst_target_iqn_name           = None [00;33m{{(pid=2261365) log_opt_values /opt/stack/data/venv/lib/python3.12/site-packages/oslo_config/cfg.py:3549}}[00m
2026-10-06 15:12:08.593 2261365 DEBUG oslo_service.backend._eventlet.service [req-c182fb29-8630-4022-8d98-420ab45e3c19 - - - - - -] service_down_time              = 720 [00;33m{{(pid=2261365) log_opt_values /opt/stack/data/venv/lib/python3.12/site-packages/oslo_config/cfg.py:3549}}[00m
2026-10-06 15:12:08.593 2261365 DEBUG oslo_service.backend._eventlet.service [req-c182fb29-8630-4022-8d98-420ab45e3c19 - - - - - -] shell_completion               = None [00;33m{{(pid=2261365) log_opt_values /opt/stack/data/venv/lib/python3.12/site-packages/oslo_config/cfg.py:3549}}[00m
2026-10-06 15:12:08.593 2261365 DEBUG oslo_service.backend._eventlet.service [req-c182fb29-8630-4022-8d98-420ab45e3c19 - - - - - -] snapshot_name_template         = snapshot-%s [00;33m{{(pid=2261365) log_opt_values /opt/stack/data/venv/lib/python3.12/site-packages/oslo_config/cfg.py:3549}}[00m
2026-10-06 15:12:08.593 2261365 DEBUG oslo_service.backend._eventlet.service [req-c182fb29-8630-4022-8d98-420ab45e3c19 - - - - - -] split_loggers                  = False [00;33m{{(pid=2261365) log_opt_values /opt/stack/data/venv/lib/python3.12/site-packages/oslo_config/cfg.py:3549}}[00m
2026-10-06 15:12:08.593 2261365 DEBUG oslo_service.backend._eventlet.service [req-c182fb29-8630-4022-8d98-420ab45e3c19 - - - - - -] ssh_hosts_key_file             = /opt/stack/data/cinder/ssh_known_hosts [00;33m{{(pid=2261365) log_opt_values /opt/stack/data/venv/lib/python3.12/site-packages/oslo_config/cfg.py:3549}}[00m
2026-10-06 15:12:08.593 2261365 DEBUG oslo_service.backend._eventlet.service [req-c182fb29-8630-4022-8d98-420ab45e3c19 - - - - - -] state_path                     = /opt/stack/data/cinder [00;33m{{(pid=2261365) log_opt_values /opt/stack/data/venv/lib/python3.12/site-packages/oslo_config/cfg.py:3549}}[00m
2026-10-06 15:12:08.593 2261365 DEBUG oslo_service.backend._eventlet.service [req-c182fb29-8630-4022-8d98-420ab45e3c19 - - - - - -] storage_availability_zone      = nova [00;33m{{(pid=2261365) log_opt_values /opt/stack/data/venv/lib/python3.12/site-packages/oslo_config/cfg.py:3549}}[00m
2026-10-06 15:12:08.593 2261365 DEBUG oslo_service.backend._eventlet.service [req-c182fb29-8630-4022-8d98-420ab45e3c19 - - - - - -] storage_protocol               = iSCSI [00;33m{{(pid=2261365) log_opt_values /opt/stack/data/venv/lib/python3.12/site-packages/oslo_config/cfg.py:3549}}[00m
2026-10-06 15:12:08.594 2261365 DEBUG oslo_service.backend._eventlet.service [req-c182fb29-8630-4022-8d98-420ab45e3c19 - - - - - -] strict_ssh_host_key_policy     = False [00;33m{{(pid=2261365) log_opt_values /opt/stack/data/venv/lib/python3.12/site-packages/oslo_config/cfg.py:3549}}[00m
2026-10-06 15:12:08.594 2261365 DEBUG oslo_service.backend._eventlet.service [req-c182fb29-8630-4022-8d98-420ab45e3c19 - - - - - -] syslog_log_facility            = LOG_USER [00;33m{{(pid=2261365) log_opt_values /opt/stack/data/venv/lib/python3.12/site-packages/oslo_config/cfg.py:3549}}[00m
2026-10-06 15:12:08.594 2261365 DEBUG oslo_service.backend._eventlet.service [req-c182fb29-8630-4022-8d98-420ab45e3c19 - - - - - -] target_helper                  = lioadm [00;33m{{(pid=2261365) log_opt_values /opt/stack/data/venv/lib/python3.12/site-packages/oslo_config/cfg.py:3549}}[00m
2026-10-06 15:12:08.594 2261365 DEBUG oslo_service.backend._eventlet.service [req-c182fb29-8630-4022-8d98-420ab45e3c19 - - - - - -] target_ip_address              = 172.25.92.210 [00;33m{{(pid=2261365) log_opt_values /opt/stack/data/venv/lib/python3.12/site-packages/oslo_config/cfg.py:3549}}[00m
2026-10-06 15:12:08.594 2261365 DEBUG oslo_service.backend._eventlet.service [req-c182fb29-8630-4022-8d98-420ab45e3c19 - - - - - -] target_port                    = 3260 [00;33m{{(pid=2261365) log_opt_values /opt/stack/data/venv/lib/python3.12/site-packages/oslo_config/cfg.py:3549}}[00m
2026-10-06 15:12:08.594 2261365 DEBUG oslo_service.backend._eventlet.service [req-c182fb29-8630-4022-8d98-420ab45e3c19 - - - - - -] target_prefix                  = iqn.2010-10.org.openstack: [00;33m{{(pid=2261365) log_opt_values /opt/stack/data/venv/lib/python3.12/site-packages/oslo_config/cfg.py:3549}}[00m
2026-10-06 15:12:08.594 2261365 DEBUG oslo_service.backend._eventlet.service [req-c182fb29-8630-4022-8d98-420ab45e3c19 - - - - - -] target_protocol                = iscsi [00;33m{{(pid=2261365) log_opt_values /opt/stack/data/venv/lib/python3.12/site-packages/oslo_config/cfg.py:3549}}[00m
2026-10-06 15:12:08.594 2261365 DEBUG oslo_service.backend._eventlet.service [req-c182fb29-8630-4022-8d98-420ab45e3c19 - - - - - -] target_secondary_ip_addresses  = [] [00;33m{{(pid=2261365) log_opt_values /opt/stack/data/venv/lib/python3.12/site-packages/oslo_config/cfg.py:3549}}[00m
2026-10-06 15:12:08.594 2261365 DEBUG oslo_service.backend._eventlet.service [req-c182fb29-8630-4022-8d98-420ab45e3c19 - - - - - -] trace_flags                    = None [00;33m{{(pid=2261365) log_opt_values /opt/stack/data/venv/lib/python3.12/site-packages/oslo_config/cfg.py:3549}}[00m
2026-10-06 15:12:08.594 2261365 DEBUG oslo_service.backend._eventlet.service [req-c182fb29-8630-4022-8d98-420ab45e3c19 - - - - - -] transfer_api_class             = cinder.transfer.api.API [00;33m{{(pid=2261365) log_opt_values /opt/stack/data/venv/lib/python3.12/site-packages/oslo_config/cfg.py:3549}}[00m
2026-10-06 15:12:08.594 2261365 DEBUG oslo_service.backend._eventlet.service [req-c182fb29-8630-4022-8d98-420ab45e3c19 - - - - - -] transport_url                  = **** [00;33m{{(pid=2261365) log_opt_values /opt/stack/data/venv/lib/python3.12/site-packages/oslo_config/cfg.py:3549}}[00m
2026-10-06 15:12:08.595 2261365 DEBUG oslo_service.backend._eventlet.service [req-c182fb29-8630-4022-8d98-420ab45e3c19 - - - - - -] until_refresh                  = 0 [00;33m{{(pid=2261365) log_opt_values /opt/stack/data/venv/lib/python3.12/site-packages/oslo_config/cfg.py:3549}}[00m
2026-10-06 15:12:08.595 2261365 DEBUG oslo_service.backend._eventlet.service [req-c182fb29-8630-4022-8d98-420ab45e3c19 - - - - - -] use_chap_auth                  = False [00;33m{{(pid=2261365) log_opt_values /opt/stack/data/venv/lib/python3.12/site-packages/oslo_config/cfg.py:3549}}[00m
2026-10-06 15:12:08.595 2261365 DEBUG oslo_service.backend._eventlet.service [req-c182fb29-8630-4022-8d98-420ab45e3c19 - - - - - -] use_default_quota_class        = True [00;33m{{(pid=2261365) log_opt_values /opt/stack/data/venv/lib/python3.12/site-packages/oslo_config/cfg.py:3549}}[00m
2026-10-06 15:12:08.595 2261365 DEBUG oslo_service.backend._eventlet.service [req-c182fb29-8630-4022-8d98-420ab45e3c19 - - - - - -] use_journal                    = False [00;33m{{(pid=2261365) log_opt_values /opt/stack/data/venv/lib/python3.12/site-packages/oslo_config/cfg.py:3549}}[00m
2026-10-06 15:12:08.595 2261365 DEBUG oslo_service.backend._eventlet.service [req-c182fb29-8630-4022-8d98-420ab45e3c19 - - - - - -] use_json                       = False [00;33m{{(pid=2261365) log_opt_values /opt/stack/data/venv/lib/python3.12/site-packages/oslo_config/cfg.py:3549}}[00m
2026-10-06 15:12:08.595 2261365 DEBUG oslo_service.backend._eventlet.service [req-c182fb29-8630-4022-8d98-420ab45e3c19 - - - - - -] use_multipath_for_image_xfer   = False [00;33m{{(pid=2261365) log_opt_values /opt/stack/data/venv/lib/python3.12/site-packages/oslo_config/cfg.py:3549}}[00m
2026-10-06 15:12:08.595 2261365 DEBUG oslo_service.backend._eventlet.service [req-c182fb29-8630-4022-8d98-420ab45e3c19 - - - - - -] use_stderr                     = False [00;33m{{(pid=2261365) log_opt_values /opt/stack/data/venv/lib/python3.12/site-packages/oslo_config/cfg.py:3549}}[00m
2026-10-06 15:12:08.595 2261365 DEBUG oslo_service.backend._eventlet.service [req-c182fb29-8630-4022-8d98-420ab45e3c19 - - - - - -] use_syslog                     = False [00;33m{{(pid=2261365) log_opt_values /opt/stack/data/venv/lib/python3.12/site-packages/oslo_config/cfg.py:3549}}[00m
2026-10-06 15:12:08.595 2261365 DEBUG oslo_service.backend._eventlet.service [req-c182fb29-8630-4022-8d98-420ab45e3c19 - - - - - -] verify_glance_signatures       = enabled [00;33m{{(pid=2261365) log_opt_values /opt/stack/data/venv/lib/python3.12/site-packages/oslo_config/cfg.py:3549}}[00m
2026-10-06 15:12:08.595 2261365 DEBUG oslo_service.backend._eventlet.service [req-c182fb29-8630-4022-8d98-420ab45e3c19 - - - - - -] vmdk_allowed_types             = ['streamOptimized', 'monolithicSparse'] [00;33m{{(pid=2261365) log_opt_values /opt/stack/data/venv/lib/python3.12/site-packages/oslo_config/cfg.py:3549}}[00m
2026-10-06 15:12:08.595 2261365 DEBUG oslo_service.backend._eventlet.service [req-c182fb29-8630-4022-8d98-420ab45e3c19 - - - - - -] volume_api_class               = cinder.volume.api.API [00;33m{{(pid=2261365) log_opt_values /opt/stack/data/venv/lib/python3.12/site-packages/oslo_config/cfg.py:3549}}[00m
2026-10-06 15:12:08.595 2261365 DEBUG oslo_service.backend._eventlet.service [req-c182fb29-8630-4022-8d98-420ab45e3c19 - - - - - -] volume_backend_name            = None [00;33m{{(pid=2261365) log_opt_values /opt/stack/data/venv/lib/python3.12/site-packages/oslo_config/cfg.py:3549}}[00m
2026-10-06 15:12:08.596 2261365 DEBUG oslo_service.backend._eventlet.service [req-c182fb29-8630-4022-8d98-420ab45e3c19 - - - - - -] volume_clear                   = zero [00;33m{{(pid=2261365) log_opt_values /opt/stack/data/venv/lib/python3.12/site-packages/oslo_config/cfg.py:3549}}[00m
2026-10-06 15:12:08.596 2261365 DEBUG oslo_service.backend._eventlet.service [req-c182fb29-8630-4022-8d98-420ab45e3c19 - - - - - -] volume_clear_ionice            = None [00;33m{{(pid=2261365) log_opt_values /opt/stack/data/venv/lib/python3.12/site-packages/oslo_config/cfg.py:3549}}[00m
2026-10-06 15:12:08.596 2261365 DEBUG oslo_service.backend._eventlet.service [req-c182fb29-8630-4022-8d98-420ab45e3c19 - - - - - -] volume_clear_size              = 0 [00;33m{{(pid=2261365) log_opt_values /opt/stack/data/venv/lib/python3.12/site-packages/oslo_config/cfg.py:3549}}[00m
2026-10-06 15:12:08.596 2261365 DEBUG oslo_service.backend._eventlet.service [req-c182fb29-8630-4022-8d98-420ab45e3c19 - - - - - -] volume_copy_blkio_cgroup_name  = cinder-volume-copy [00;33m{{(pid=2261365) log_opt_values /opt/stack/data/venv/lib/python3.12/site-packages/oslo_config/cfg.py:3549}}[00m
2026-10-06 15:12:08.596 2261365 DEBUG oslo_service.backend._eventlet.service [req-c182fb29-8630-4022-8d98-420ab45e3c19 - - - - - -] volume_copy_bps_limit          = 0 [00;33m{{(pid=2261365) log_opt_values /opt/stack/data/venv/lib/python3.12/site-packages/oslo_config/cfg.py:3549}}[00m
2026-10-06 15:12:08.596 2261365 DEBUG oslo_service.backend._eventlet.service [req-c182fb29-8630-4022-8d98-420ab45e3c19 - - - - - -] volume_dd_blocksize            = 1M [00;33m{{(pid=2261365) log_opt_values /opt/stack/data/venv/lib/python3.12/site-packages/oslo_config/cfg.py:3549}}[00m
2026-10-06 15:12:08.596 2261365 DEBUG oslo_service.backend._eventlet.service [req-c182fb29-8630-4022-8d98-420ab45e3c19 - - - - - -] volume_manager                 = cinder.volume.manager.VolumeManager [00;33m{{(pid=2261365) log_opt_values /opt/stack/data/venv/lib/python3.12/site-packages/oslo_config/cfg.py:3549}}[00m
2026-10-06 15:12:08.596 2261365 DEBUG oslo_service.backend._eventlet.service [req-c182fb29-8630-4022-8d98-420ab45e3c19 - - - - - -] volume_name_template           = volume-%s [00;33m{{(pid=2261365) log_opt_values /opt/stack/data/venv/lib/python3.12/site-packages/oslo_config/cfg.py:3549}}[00m
2026-10-06 15:12:08.596 2261365 DEBUG oslo_service.backend._eventlet.service [req-c182fb29-8630-4022-8d98-420ab45e3c19 - - - - - -] volume_service_inithost_offload = False [00;33m{{(pid=2261365) log_opt_values /opt/stack/data/venv/lib/python3.12/site-packages/oslo_config/cfg.py:3549}}[00m
2026-10-06 15:12:08.596 2261365 DEBUG oslo_service.backend._eventlet.service [req-c182fb29-8630-4022-8d98-420ab45e3c19 - - - - - -] volume_usage_audit_period      = month [00;33m{{(pid=2261365) log_opt_values /opt/stack/data/venv/lib/python3.12/site-packages/oslo_config/cfg.py:3549}}[00m
2026-10-06 15:12:08.596 2261365 DEBUG oslo_service.backend._eventlet.service [req-c182fb29-8630-4022-8d98-420ab45e3c19 - - - - - -] volumes_dir                    = /opt/stack/data/cinder/volumes [00;33m{{(pid=2261365) log_opt_values /opt/stack/data/venv/lib/python3.12/site-packages/oslo_config/cfg.py:3549}}[00m
2026-10-06 15:12:08.597 2261365 DEBUG oslo_service.backend._eventlet.service [req-c182fb29-8630-4022-8d98-420ab45e3c19 - - - - - -] zoning_mode                    = None [00;33m{{(pid=2261365) log_opt_values /opt/stack/data/venv/lib/python3.12/site-packages/oslo_config/cfg.py:3549}}[00m
2026-10-06 15:12:08.597 2261365 DEBUG oslo_service.backend._eventlet.service [req-c182fb29-8630-4022-8d98-420ab45e3c19 - - - - - -] oslo_concurrency.disable_process_locking = False [00;33m{{(pid=2261365) log_opt_values /opt/stack/data/venv/lib/python3.12/site-packages/oslo_config/cfg.py:3560}}[00m
2026-10-06 15:12:08.597 2261365 DEBUG oslo_service.backend._eventlet.service [req-c182fb29-8630-4022-8d98-420ab45e3c19 - - - - - -] oslo_concurrency.lock_path     = /opt/stack/data/cinder [00;33m{{(pid=2261365) log_opt_values /opt/stack/data/venv/lib/python3.12/site-packages/oslo_config/cfg.py:3560}}[00m
2026-10-06 15:12:08.597 2261365 DEBUG oslo_service.backend._eventlet.service [req-c182fb29-8630-4022-8d98-420ab45e3c19 - - - - - -] os_brick.lightos_discovery_client_address = localhost [00;33m{{(pid=2261365) log_opt_values /opt/stack/data/venv/lib/python3.12/site-packages/oslo_config/cfg.py:3560}}[00m
2026-10-06 15:12:08.597 2261365 DEBUG oslo_service.backend._eventlet.service [req-c182fb29-8630-4022-8d98-420ab45e3c19 - - - - - -] os_brick.lightos_discovery_client_dir_path = /etc/discovery-client/discovery.d/ [00;33m{{(pid=2261365) log_opt_values /opt/stack/data/venv/lib/python3.12/site-packages/oslo_config/cfg.py:3560}}[00m
2026-10-06 15:12:08.597 2261365 DEBUG oslo_service.backend._eventlet.service [req-c182fb29-8630-4022-8d98-420ab45e3c19 - - - - - -] os_brick.lightos_discovery_client_port = 6060 [00;33m{{(pid=2261365) log_opt_values /opt/stack/data/venv/lib/python3.12/site-packages/oslo_config/cfg.py:3560}}[00m
2026-10-06 15:12:08.597 2261365 DEBUG oslo_service.backend._eventlet.service [req-c182fb29-8630-4022-8d98-420ab45e3c19 - - - - - -] os_brick.lock_path             = /opt/stack/data/os_brick [00;33m{{(pid=2261365) log_opt_values /opt/stack/data/venv/lib/python3.12/site-packages/oslo_config/cfg.py:3560}}[00m
2026-10-06 15:12:08.597 2261365 DEBUG oslo_service.backend._eventlet.service [req-c182fb29-8630-4022-8d98-420ab45e3c19 - - - - - -] os_brick.wait_mpath_device_attempts = 4 [00;33m{{(pid=2261365) log_opt_values /opt/stack/data/venv/lib/python3.12/site-packages/oslo_config/cfg.py:3560}}[00m
2026-10-06 15:12:08.597 2261365 DEBUG oslo_service.backend._eventlet.service [req-c182fb29-8630-4022-8d98-420ab45e3c19 - - - - - -] os_brick.wait_mpath_device_interval = 1 [00;33m{{(pid=2261365) log_opt_values /opt/stack/data/venv/lib/python3.12/site-packages/oslo_config/cfg.py:3560}}[00m
2026-10-06 15:12:08.597 2261365 DEBUG oslo_service.backend._eventlet.service [req-c182fb29-8630-4022-8d98-420ab45e3c19 - - - - - -] oslo_middleware.http_basic_auth_user_file = /etc/htpasswd [00;33m{{(pid=2261365) log_opt_values /opt/stack/data/venv/lib/python3.12/site-packages/oslo_config/cfg.py:3560}}[00m
2026-10-06 15:12:08.598 2261365 DEBUG oslo_service.backend._eventlet.service [req-c182fb29-8630-4022-8d98-420ab45e3c19 - - - - - -] oslo_versionedobjects.fatal_exception_format_errors = False [00;33m{{(pid=2261365) log_opt_values /opt/stack/data/venv/lib/python3.12/site-packages/oslo_config/cfg.py:3560}}[00m
2026-10-06 15:12:08.598 2261365 DEBUG oslo_service.backend._eventlet.service [req-c182fb29-8630-4022-8d98-420ab45e3c19 - - - - - -] keystone_authtoken.auth_section = None [00;33m{{(pid=2261365) log_opt_values /opt/stack/data/venv/lib/python3.12/site-packages/oslo_config/cfg.py:3560}}[00m
2026-10-06 15:12:08.598 2261365 DEBUG oslo_service.backend._eventlet.service [req-c182fb29-8630-4022-8d98-420ab45e3c19 - - - - - -] keystone_authtoken.auth_type   = password [00;33m{{(pid=2261365) log_opt_values /opt/stack/data/venv/lib/python3.12/site-packages/oslo_config/cfg.py:3560}}[00m
2026-10-06 15:12:08.598 2261365 DEBUG oslo_service.backend._eventlet.service [req-c182fb29-8630-4022-8d98-420ab45e3c19 - - - - - -] keystone_authtoken.auth_version = None [00;33m{{(pid=2261365) log_opt_values /opt/stack/data/venv/lib/python3.12/site-packages/oslo_config/cfg.py:3560}}[00m
2026-10-06 15:12:08.598 2261365 DEBUG oslo_service.backend._eventlet.service [req-c182fb29-8630-4022-8d98-420ab45e3c19 - - - - - -] keystone_authtoken.cache       = None [00;33m{{(pid=2261365) log_opt_values /opt/stack/data/venv/lib/python3.12/site-packages/oslo_config/cfg.py:3560}}[00m
2026-10-06 15:12:08.598 2261365 DEBUG oslo_service.backend._eventlet.service [req-c182fb29-8630-4022-8d98-420ab45e3c19 - - - - - -] keystone_authtoken.cafile      = /opt/stack/data/ca-bundle.pem [00;33m{{(pid=2261365) log_opt_values /opt/stack/data/venv/lib/python3.12/site-packages/oslo_config/cfg.py:3560}}[00m
2026-10-06 15:12:08.598 2261365 DEBUG oslo_service.backend._eventlet.service [req-c182fb29-8630-4022-8d98-420ab45e3c19 - - - - - -] keystone_authtoken.certfile    = None [00;33m{{(pid=2261365) log_opt_values /opt/stack/data/venv/lib/python3.12/site-packages/oslo_config/cfg.py:3560}}[00m
2026-10-06 15:12:08.598 2261365 DEBUG oslo_service.backend._eventlet.service [req-c182fb29-8630-4022-8d98-420ab45e3c19 - - - - - -] keystone_authtoken.delay_auth_decision = False [00;33m{{(pid=2261365) log_opt_values /opt/stack/data/venv/lib/python3.12/site-packages/oslo_config/cfg.py:3560}}[00m
2026-10-06 15:12:08.598 2261365 DEBUG oslo_service.backend._eventlet.service [req-c182fb29-8630-4022-8d98-420ab45e3c19 - - - - - -] keystone_authtoken.enforce_token_bind = permissive [00;33m{{(pid=2261365) log_opt_values /opt/stack/data/venv/lib/python3.12/site-packages/oslo_config/cfg.py:3560}}[00m
2026-10-06 15:12:08.598 2261365 DEBUG oslo_service.backend._eventlet.service [req-c182fb29-8630-4022-8d98-420ab45e3c19 - - - - - -] keystone_authtoken.http_connect_timeout = None [00;33m{{(pid=2261365) log_opt_values /opt/stack/data/venv/lib/python3.12/site-packages/oslo_config/cfg.py:3560}}[00m
2026-10-06 15:12:08.598 2261365 DEBUG oslo_service.backend._eventlet.service [req-c182fb29-8630-4022-8d98-420ab45e3c19 - - - - - -] keystone_authtoken.http_request_max_retries = 3 [00;33m{{(pid=2261365) log_opt_values /opt/stack/data/venv/lib/python3.12/site-packages/oslo_config/cfg.py:3560}}[00m
2026-10-06 15:12:08.599 2261365 DEBUG oslo_service.backend._eventlet.service [req-c182fb29-8630-4022-8d98-420ab45e3c19 - - - - - -] keystone_authtoken.include_service_catalog = True [00;33m{{(pid=2261365) log_opt_values /opt/stack/data/venv/lib/python3.12/site-packages/oslo_config/cfg.py:3560}}[00m
2026-10-06 15:12:08.599 2261365 DEBUG oslo_service.backend._eventlet.service [req-c182fb29-8630-4022-8d98-420ab45e3c19 - - - - - -] keystone_authtoken.insecure    = False [00;33m{{(pid=2261365) log_opt_values /opt/stack/data/venv/lib/python3.12/site-packages/oslo_config/cfg.py:3560}}[00m
2026-10-06 15:12:08.599 2261365 DEBUG oslo_service.backend._eventlet.service [req-c182fb29-8630-4022-8d98-420ab45e3c19 - - - - - -] keystone_authtoken.interface   = public [00;33m{{(pid=2261365) log_opt_values /opt/stack/data/venv/lib/python3.12/site-packages/oslo_config/cfg.py:3560}}[00m
2026-10-06 15:12:08.599 2261365 DEBUG oslo_service.backend._eventlet.service [req-c182fb29-8630-4022-8d98-420ab45e3c19 - - - - - -] keystone_authtoken.keyfile     = None [00;33m{{(pid=2261365) log_opt_values /opt/stack/data/venv/lib/python3.12/site-packages/oslo_config/cfg.py:3560}}[00m
2026-10-06 15:12:08.599 2261365 DEBUG oslo_service.backend._eventlet.service [req-c182fb29-8630-4022-8d98-420ab45e3c19 - - - - - -] keystone_authtoken.memcache_password = **** [00;33m{{(pid=2261365) log_opt_values /opt/stack/data/venv/lib/python3.12/site-packages/oslo_config/cfg.py:3560}}[00m
2026-10-06 15:12:08.599 2261365 DEBUG oslo_service.backend._eventlet.service [req-c182fb29-8630-4022-8d98-420ab45e3c19 - - - - - -] keystone_authtoken.memcache_pool_conn_get_timeout = 10 [00;33m{{(pid=2261365) log_opt_values /opt/stack/data/venv/lib/python3.12/site-packages/oslo_config/cfg.py:3560}}[00m
2026-10-06 15:12:08.599 2261365 DEBUG oslo_service.backend._eventlet.service [req-c182fb29-8630-4022-8d98-420ab45e3c19 - - - - - -] keystone_authtoken.memcache_pool_dead_retry = 300 [00;33m{{(pid=2261365) log_opt_values /opt/stack/data/venv/lib/python3.12/site-packages/oslo_config/cfg.py:3560}}[00m
2026-10-06 15:12:08.599 2261365 DEBUG oslo_service.backend._eventlet.service [req-c182fb29-8630-4022-8d98-420ab45e3c19 - - - - - -] keystone_authtoken.memcache_pool_maxsize = 10 [00;33m{{(pid=2261365) log_opt_values /opt/stack/data/venv/lib/python3.12/site-packages/oslo_config/cfg.py:3560}}[00m
2026-10-06 15:12:08.599 2261365 DEBUG oslo_service.backend._eventlet.service [req-c182fb29-8630-4022-8d98-420ab45e3c19 - - - - - -] keystone_authtoken.memcache_pool_socket_timeout = 3 [00;33m{{(pid=2261365) log_opt_values /opt/stack/data/venv/lib/python3.12/site-packages/oslo_config/cfg.py:3560}}[00m
2026-10-06 15:12:08.599 2261365 DEBUG oslo_service.backend._eventlet.service [req-c182fb29-8630-4022-8d98-420ab45e3c19 - - - - - -] keystone_authtoken.memcache_pool_unused_timeout = 60 [00;33m{{(pid=2261365) log_opt_values /opt/stack/data/venv/lib/python3.12/site-packages/oslo_config/cfg.py:3560}}[00m
2026-10-06 15:12:08.599 2261365 DEBUG oslo_service.backend._eventlet.service [req-c182fb29-8630-4022-8d98-420ab45e3c19 - - - - - -] keystone_authtoken.memcache_sasl_enabled = False [00;33m{{(pid=2261365) log_opt_values /opt/stack/data/venv/lib/python3.12/site-packages/oslo_config/cfg.py:3560}}[00m
2026-10-06 15:12:08.599 2261365 DEBUG oslo_service.backend._eventlet.service [req-c182fb29-8630-4022-8d98-420ab45e3c19 - - - - - -] keystone_authtoken.memcache_secret_key = **** [00;33m{{(pid=2261365) log_opt_values /opt/stack/data/venv/lib/python3.12/site-packages/oslo_config/cfg.py:3560}}[00m
2026-10-06 15:12:08.600 2261365 DEBUG oslo_service.backend._eventlet.service [req-c182fb29-8630-4022-8d98-420ab45e3c19 - - - - - -] keystone_authtoken.memcache_security_strategy = None [00;33m{{(pid=2261365) log_opt_values /opt/stack/data/venv/lib/python3.12/site-packages/oslo_config/cfg.py:3560}}[00m
2026-10-06 15:12:08.600 2261365 DEBUG oslo_service.backend._eventlet.service [req-c182fb29-8630-4022-8d98-420ab45e3c19 - - - - - -] keystone_authtoken.memcache_tls_allowed_ciphers = None [00;33m{{(pid=2261365) log_opt_values /opt/stack/data/venv/lib/python3.12/site-packages/oslo_config/cfg.py:3560}}[00m
2026-10-06 15:12:08.600 2261365 DEBUG oslo_service.backend._eventlet.service [req-c182fb29-8630-4022-8d98-420ab45e3c19 - - - - - -] keystone_authtoken.memcache_tls_cafile = None [00;33m{{(pid=2261365) log_opt_values /opt/stack/data/venv/lib/python3.12/site-packages/oslo_config/cfg.py:3560}}[00m
2026-10-06 15:12:08.600 2261365 DEBUG oslo_service.backend._eventlet.service [req-c182fb29-8630-4022-8d98-420ab45e3c19 - - - - - -] keystone_authtoken.memcache_tls_certfile = None [00;33m{{(pid=2261365) log_opt_values /opt/stack/data/venv/lib/python3.12/site-packages/oslo_config/cfg.py:3560}}[00m
2026-10-06 15:12:08.600 2261365 DEBUG oslo_service.backend._eventlet.service [req-c182fb29-8630-4022-8d98-420ab45e3c19 - - - - - -] keystone_authtoken.memcache_tls_enabled = False [00;33m{{(pid=2261365) log_opt_values /opt/stack/data/venv/lib/python3.12/site-packages/oslo_config/cfg.py:3560}}[00m
2026-10-06 15:12:08.600 2261365 DEBUG oslo_service.backend._eventlet.service [req-c182fb29-8630-4022-8d98-420ab45e3c19 - - - - - -] keystone_authtoken.memcache_tls_keyfile = None [00;33m{{(pid=2261365) log_opt_values /opt/stack/data/venv/lib/python3.12/site-packages/oslo_config/cfg.py:3560}}[00m
2026-10-06 15:12:08.600 2261365 DEBUG oslo_service.backend._eventlet.service [req-c182fb29-8630-4022-8d98-420ab45e3c19 - - - - - -] keystone_authtoken.memcache_use_advanced_pool = True [00;33m{{(pid=2261365) log_opt_values /opt/stack/data/venv/lib/python3.12/site-packages/oslo_config/cfg.py:3560}}[00m
2026-10-06 15:12:08.600 2261365 DEBUG oslo_service.backend._eventlet.service [req-c182fb29-8630-4022-8d98-420ab45e3c19 - - - - - -] keystone_authtoken.memcache_username = None [00;33m{{(pid=2261365) log_opt_values /opt/stack/data/venv/lib/python3.12/site-packages/oslo_config/cfg.py:3560}}[00m
2026-10-06 15:12:08.600 2261365 DEBUG oslo_service.backend._eventlet.service [req-c182fb29-8630-4022-8d98-420ab45e3c19 - - - - - -] keystone_authtoken.memcached_servers = ['localhost:11211'] [00;33m{{(pid=2261365) log_opt_values /opt/stack/data/venv/lib/python3.12/site-packages/oslo_config/cfg.py:3560}}[00m
2026-10-06 15:12:08.600 2261365 DEBUG oslo_service.backend._eventlet.service [req-c182fb29-8630-4022-8d98-420ab45e3c19 - - - - - -] keystone_authtoken.region_name = None [00;33m{{(pid=2261365) log_opt_values /opt/stack/data/venv/lib/python3.12/site-packages/oslo_config/cfg.py:3560}}[00m
2026-10-06 15:12:08.600 2261365 DEBUG oslo_service.backend._eventlet.service [req-c182fb29-8630-4022-8d98-420ab45e3c19 - - - - - -] keystone_authtoken.service_token_roles = ['service'] [00;33m{{(pid=2261365) log_opt_values /opt/stack/data/venv/lib/python3.12/site-packages/oslo_config/cfg.py:3560}}[00m
2026-10-06 15:12:08.600 2261365 DEBUG oslo_service.backend._eventlet.service [req-c182fb29-8630-4022-8d98-420ab45e3c19 - - - - - -] keystone_authtoken.service_token_roles_required = True [00;33m{{(pid=2261365) log_opt_values /opt/stack/data/venv/lib/python3.12/site-packages/oslo_config/cfg.py:3560}}[00m
2026-10-06 15:12:08.601 2261365 DEBUG oslo_service.backend._eventlet.service [req-c182fb29-8630-4022-8d98-420ab45e3c19 - - - - - -] keystone_authtoken.service_type = None [00;33m{{(pid=2261365) log_opt_values /opt/stack/data/venv/lib/python3.12/site-packages/oslo_config/cfg.py:3560}}[00m
2026-10-06 15:12:08.601 2261365 DEBUG oslo_service.backend._eventlet.service [req-c182fb29-8630-4022-8d98-420ab45e3c19 - - - - - -] keystone_authtoken.token_cache_time = 300 [00;33m{{(pid=2261365) log_opt_values /opt/stack/data/venv/lib/python3.12/site-packages/oslo_config/cfg.py:3560}}[00m
2026-10-06 15:12:08.601 2261365 DEBUG oslo_service.backend._eventlet.service [req-c182fb29-8630-4022-8d98-420ab45e3c19 - - - - - -] keystone_authtoken.www_authenticate_uri = http://172.25.92.210/identity [00;33m{{(pid=2261365) log_opt_values /opt/stack/data/venv/lib/python3.12/site-packages/oslo_config/cfg.py:3560}}[00m
2026-10-06 15:12:08.601 2261365 DEBUG oslo_service.backend._eventlet.service [req-c182fb29-8630-4022-8d98-420ab45e3c19 - - - - - -] cache.backend                  = dogpile.cache.null [00;33m{{(pid=2261365) log_opt_values /opt/stack/data/venv/lib/python3.12/site-packages/oslo_config/cfg.py:3560}}[00m
2026-10-06 15:12:08.601 2261365 DEBUG oslo_service.backend._eventlet.service [req-c182fb29-8630-4022-8d98-420ab45e3c19 - - - - - -] cache.backend_argument         = **** [00;33m{{(pid=2261365) log_opt_values /opt/stack/data/venv/lib/python3.12/site-packages/oslo_config/cfg.py:3560}}[00m
2026-10-06 15:12:08.601 2261365 DEBUG oslo_service.backend._eventlet.service [req-c182fb29-8630-4022-8d98-420ab45e3c19 - - - - - -] cache.backend_expiration_time  = None [00;33m{{(pid=2261365) log_opt_values /opt/stack/data/venv/lib/python3.12/site-packages/oslo_config/cfg.py:3560}}[00m
2026-10-06 15:12:08.601 2261365 DEBUG oslo_service.backend._eventlet.service [req-c182fb29-8630-4022-8d98-420ab45e3c19 - - - - - -] cache.config_prefix            = cache.oslo [00;33m{{(pid=2261365) log_opt_values /opt/stack/data/venv/lib/python3.12/site-packages/oslo_config/cfg.py:3560}}[00m
2026-10-06 15:12:08.601 2261365 DEBUG oslo_service.backend._eventlet.service [req-c182fb29-8630-4022-8d98-420ab45e3c19 - - - - - -] cache.debug_cache_backend      = False [00;33m{{(pid=2261365) log_opt_values /opt/stack/data/venv/lib/python3.12/site-packages/oslo_config/cfg.py:3560}}[00m
2026-10-06 15:12:08.601 2261365 DEBUG oslo_service.backend._eventlet.service [req-c182fb29-8630-4022-8d98-420ab45e3c19 - - - - - -] cache.enable_retry_client      = False [00;33m{{(pid=2261365) log_opt_values /opt/stack/data/venv/lib/python3.12/site-packages/oslo_config/cfg.py:3560}}[00m
2026-10-06 15:12:08.601 2261365 DEBUG oslo_service.backend._eventlet.service [req-c182fb29-8630-4022-8d98-420ab45e3c19 - - - - - -] cache.enable_socket_keepalive  = False [00;33m{{(pid=2261365) log_opt_values /opt/stack/data/venv/lib/python3.12/site-packages/oslo_config/cfg.py:3560}}[00m
2026-10-06 15:12:08.601 2261365 DEBUG oslo_service.backend._eventlet.service [req-c182fb29-8630-4022-8d98-420ab45e3c19 - - - - - -] cache.enabled                  = False [00;33m{{(pid=2261365) log_opt_values /opt/stack/data/venv/lib/python3.12/site-packages/oslo_config/cfg.py:3560}}[00m
2026-10-06 15:12:08.601 2261365 DEBUG oslo_service.backend._eventlet.service [req-c182fb29-8630-4022-8d98-420ab45e3c19 - - - - - -] cache.expiration_time          = 600 [00;33m{{(pid=2261365) log_opt_values /opt/stack/data/venv/lib/python3.12/site-packages/oslo_config/cfg.py:3560}}[00m
2026-10-06 15:12:08.602 2261365 DEBUG oslo_service.backend._eventlet.service [req-c182fb29-8630-4022-8d98-420ab45e3c19 - - - - - -] cache.hashclient_dead_timeout  = 60.0 [00;33m{{(pid=2261365) log_opt_values /opt/stack/data/venv/lib/python3.12/site-packages/oslo_config/cfg.py:3560}}[00m
2026-10-06 15:12:08.602 2261365 DEBUG oslo_service.backend._eventlet.service [req-c182fb29-8630-4022-8d98-420ab45e3c19 - - - - - -] cache.hashclient_retry_attempts = 2 [00;33m{{(pid=2261365) log_opt_values /opt/stack/data/venv/lib/python3.12/site-packages/oslo_config/cfg.py:3560}}[00m
2026-10-06 15:12:08.602 2261365 DEBUG oslo_service.backend._eventlet.service [req-c182fb29-8630-4022-8d98-420ab45e3c19 - - - - - -] cache.hashclient_retry_timeout = 1.0 [00;33m{{(pid=2261365) log_opt_values /opt/stack/data/venv/lib/python3.12/site-packages/oslo_config/cfg.py:3560}}[00m
2026-10-06 15:12:08.602 2261365 DEBUG oslo_service.backend._eventlet.service [req-c182fb29-8630-4022-8d98-420ab45e3c19 - - - - - -] cache.memcache_dead_retry      = 300 [00;33m{{(pid=2261365) log_opt_values /opt/stack/data/venv/lib/python3.12/site-packages/oslo_config/cfg.py:3560}}[00m
2026-10-06 15:12:08.602 2261365 DEBUG oslo_service.backend._eventlet.service [req-c182fb29-8630-4022-8d98-420ab45e3c19 - - - - - -] cache.memcache_pool_connection_get_timeout = 10 [00;33m{{(pid=2261365) log_opt_values /opt/stack/data/venv/lib/python3.12/site-packages/oslo_config/cfg.py:3560}}[00m
2026-10-06 15:12:08.602 2261365 DEBUG oslo_service.backend._eventlet.service [req-c182fb29-8630-4022-8d98-420ab45e3c19 - - - - - -] cache.memcache_pool_flush_on_reconnect = False [00;33m{{(pid=2261365) log_opt_values /opt/stack/data/venv/lib/python3.12/site-packages/oslo_config/cfg.py:3560}}[00m
2026-10-06 15:12:08.602 2261365 DEBUG oslo_service.backend._eventlet.service [req-c182fb29-8630-4022-8d98-420ab45e3c19 - - - - - -] cache.memcache_pool_maxsize    = 10 [00;33m{{(pid=2261365) log_opt_values /opt/stack/data/venv/lib/python3.12/site-packages/oslo_config/cfg.py:3560}}[00m
2026-10-06 15:12:08.602 2261365 DEBUG oslo_service.backend._eventlet.service [req-c182fb29-8630-4022-8d98-420ab45e3c19 - - - - - -] cache.memcache_pool_unused_timeout = 60 [00;33m{{(pid=2261365) log_opt_values /opt/stack/data/venv/lib/python3.12/site-packages/oslo_config/cfg.py:3560}}[00m
2026-10-06 15:12:08.602 2261365 DEBUG oslo_service.backend._eventlet.service [req-c182fb29-8630-4022-8d98-420ab45e3c19 - - - - - -] cache.memcache_sasl_enabled    = False [00;33m{{(pid=2261365) log_opt_values /opt/stack/data/venv/lib/python3.12/site-packages/oslo_config/cfg.py:3560}}[00m
2026-10-06 15:12:08.602 2261365 DEBUG oslo_service.backend._eventlet.service [req-c182fb29-8630-4022-8d98-420ab45e3c19 - - - - - -] cache.memcache_servers         = ['localhost:11211'] [00;33m{{(pid=2261365) log_opt_values /opt/stack/data/venv/lib/python3.12/site-packages/oslo_config/cfg.py:3560}}[00m
2026-10-06 15:12:08.602 2261365 DEBUG oslo_service.backend._eventlet.service [req-c182fb29-8630-4022-8d98-420ab45e3c19 - - - - - -] cache.password                 = **** [00;33m{{(pid=2261365) log_opt_values /opt/stack/data/venv/lib/python3.12/site-packages/oslo_config/cfg.py:3560}}[00m
2026-10-06 15:12:08.602 2261365 DEBUG oslo_service.backend._eventlet.service [req-c182fb29-8630-4022-8d98-420ab45e3c19 - - - - - -] cache.proxies                  = [] [00;33m{{(pid=2261365) log_opt_values /opt/stack/data/venv/lib/python3.12/site-packages/oslo_config/cfg.py:3560}}[00m
2026-10-06 15:12:08.603 2261365 DEBUG oslo_service.backend._eventlet.service [req-c182fb29-8630-4022-8d98-420ab45e3c19 - - - - - -] cache.redis_db                 = 0 [00;33m{{(pid=2261365) log_opt_values /opt/stack/data/venv/lib/python3.12/site-packages/oslo_config/cfg.py:3560}}[00m
2026-10-06 15:12:08.603 2261365 DEBUG oslo_service.backend._eventlet.service [req-c182fb29-8630-4022-8d98-420ab45e3c19 - - - - - -] cache.redis_sentinel_service_name = mymaster [00;33m{{(pid=2261365) log_opt_values /opt/stack/data/venv/lib/python3.12/site-packages/oslo_config/cfg.py:3560}}[00m
2026-10-06 15:12:08.603 2261365 DEBUG oslo_service.backend._eventlet.service [req-c182fb29-8630-4022-8d98-420ab45e3c19 - - - - - -] cache.redis_sentinels          = ['localhost:26379'] [00;33m{{(pid=2261365) log_opt_values /opt/stack/data/venv/lib/python3.12/site-packages/oslo_config/cfg.py:3560}}[00m
2026-10-06 15:12:08.603 2261365 DEBUG oslo_service.backend._eventlet.service [req-c182fb29-8630-4022-8d98-420ab45e3c19 - - - - - -] cache.redis_server             = localhost:6379 [00;33m{{(pid=2261365) log_opt_values /opt/stack/data/venv/lib/python3.12/site-packages/oslo_config/cfg.py:3560}}[00m
2026-10-06 15:12:08.603 2261365 DEBUG oslo_service.backend._eventlet.service [req-c182fb29-8630-4022-8d98-420ab45e3c19 - - - - - -] cache.retry_attempts           = 2 [00;33m{{(pid=2261365) log_opt_values /opt/stack/data/venv/lib/python3.12/site-packages/oslo_config/cfg.py:3560}}[00m
2026-10-06 15:12:08.603 2261365 DEBUG oslo_service.backend._eventlet.service [req-c182fb29-8630-4022-8d98-420ab45e3c19 - - - - - -] cache.retry_delay              = 0.0 [00;33m{{(pid=2261365) log_opt_values /opt/stack/data/venv/lib/python3.12/site-packages/oslo_config/cfg.py:3560}}[00m
2026-10-06 15:12:08.603 2261365 DEBUG oslo_service.backend._eventlet.service [req-c182fb29-8630-4022-8d98-420ab45e3c19 - - - - - -] cache.socket_keepalive_count   = 1 [00;33m{{(pid=2261365) log_opt_values /opt/stack/data/venv/lib/python3.12/site-packages/oslo_config/cfg.py:3560}}[00m
2026-10-06 15:12:08.603 2261365 DEBUG oslo_service.backend._eventlet.service [req-c182fb29-8630-4022-8d98-420ab45e3c19 - - - - - -] cache.socket_keepalive_idle    = 1 [00;33m{{(pid=2261365) log_opt_values /opt/stack/data/venv/lib/python3.12/site-packages/oslo_config/cfg.py:3560}}[00m
2026-10-06 15:12:08.603 2261365 DEBUG oslo_service.backend._eventlet.service [req-c182fb29-8630-4022-8d98-420ab45e3c19 - - - - - -] cache.socket_keepalive_interval = 1 [00;33m{{(pid=2261365) log_opt_values /opt/stack/data/venv/lib/python3.12/site-packages/oslo_config/cfg.py:3560}}[00m
2026-10-06 15:12:08.603 2261365 DEBUG oslo_service.backend._eventlet.service [req-c182fb29-8630-4022-8d98-420ab45e3c19 - - - - - -] cache.socket_timeout           = 1.0 [00;33m{{(pid=2261365) log_opt_values /opt/stack/data/venv/lib/python3.12/site-packages/oslo_config/cfg.py:3560}}[00m
2026-10-06 15:12:08.603 2261365 DEBUG oslo_service.backend._eventlet.service [req-c182fb29-8630-4022-8d98-420ab45e3c19 - - - - - -] cache.tls_allowed_ciphers      = None [00;33m{{(pid=2261365) log_opt_values /opt/stack/data/venv/lib/python3.12/site-packages/oslo_config/cfg.py:3560}}[00m
2026-10-06 15:12:08.604 2261365 DEBUG oslo_service.backend._eventlet.service [req-c182fb29-8630-4022-8d98-420ab45e3c19 - - - - - -] cache.tls_cafile               = None [00;33m{{(pid=2261365) log_opt_values /opt/stack/data/venv/lib/python3.12/site-packages/oslo_config/cfg.py:3560}}[00m
2026-10-06 15:12:08.604 2261365 DEBUG oslo_service.backend._eventlet.service [req-c182fb29-8630-4022-8d98-420ab45e3c19 - - - - - -] cache.tls_certfile             = None [00;33m{{(pid=2261365) log_opt_values /opt/stack/data/venv/lib/python3.12/site-packages/oslo_config/cfg.py:3560}}[00m
2026-10-06 15:12:08.604 2261365 DEBUG oslo_service.backend._eventlet.service [req-c182fb29-8630-4022-8d98-420ab45e3c19 - - - - - -] cache.tls_enabled              = False [00;33m{{(pid=2261365) log_opt_values /opt/stack/data/venv/lib/python3.12/site-packages/oslo_config/cfg.py:3560}}[00m
2026-10-06 15:12:08.604 2261365 DEBUG oslo_service.backend._eventlet.service [req-c182fb29-8630-4022-8d98-420ab45e3c19 - - - - - -] cache.tls_keyfile              = None [00;33m{{(pid=2261365) log_opt_values /opt/stack/data/venv/lib/python3.12/site-packages/oslo_config/cfg.py:3560}}[00m
2026-10-06 15:12:08.604 2261365 DEBUG oslo_service.backend._eventlet.service [req-c182fb29-8630-4022-8d98-420ab45e3c19 - - - - - -] cache.username                 = None [00;33m{{(pid=2261365) log_opt_values /opt/stack/data/venv/lib/python3.12/site-packages/oslo_config/cfg.py:3560}}[00m
2026-10-06 15:12:08.604 2261365 DEBUG oslo_service.backend._eventlet.service [req-c182fb29-8630-4022-8d98-420ab45e3c19 - - - - - -] coordination.backend_url       = **** [00;33m{{(pid=2261365) log_opt_values /opt/stack/data/venv/lib/python3.12/site-packages/oslo_config/cfg.py:3560}}[00m
2026-10-06 15:12:08.604 2261365 DEBUG oslo_service.backend._eventlet.service [req-c182fb29-8630-4022-8d98-420ab45e3c19 - - - - - -] database.asyncio_connection    = **** [00;33m{{(pid=2261365) log_opt_values /opt/stack/data/venv/lib/python3.12/site-packages/oslo_config/cfg.py:3560}}[00m
2026-10-06 15:12:08.604 2261365 DEBUG oslo_service.backend._eventlet.service [req-c182fb29-8630-4022-8d98-420ab45e3c19 - - - - - -] database.asyncio_slave_connection = **** [00;33m{{(pid=2261365) log_opt_values /opt/stack/data/venv/lib/python3.12/site-packages/oslo_config/cfg.py:3560}}[00m
2026-10-06 15:12:08.604 2261365 DEBUG oslo_service.backend._eventlet.service [req-c182fb29-8630-4022-8d98-420ab45e3c19 - - - - - -] database.backend               = sqlalchemy [00;33m{{(pid=2261365) log_opt_values /opt/stack/data/venv/lib/python3.12/site-packages/oslo_config/cfg.py:3560}}[00m
2026-10-06 15:12:08.604 2261365 DEBUG oslo_service.backend._eventlet.service [req-c182fb29-8630-4022-8d98-420ab45e3c19 - - - - - -] database.connection            = **** [00;33m{{(pid=2261365) log_opt_values /opt/stack/data/venv/lib/python3.12/site-packages/oslo_config/cfg.py:3560}}[00m
2026-10-06 15:12:08.604 2261365 DEBUG oslo_service.backend._eventlet.service [req-c182fb29-8630-4022-8d98-420ab45e3c19 - - - - - -] database.connection_debug      = 0 [00;33m{{(pid=2261365) log_opt_values /opt/stack/data/venv/lib/python3.12/site-packages/oslo_config/cfg.py:3560}}[00m
2026-10-06 15:12:08.605 2261365 DEBUG oslo_service.backend._eventlet.service [req-c182fb29-8630-4022-8d98-420ab45e3c19 - - - - - -] database.connection_parameters =  [00;33m{{(pid=2261365) log_opt_values /opt/stack/data/venv/lib/python3.12/site-packages/oslo_config/cfg.py:3560}}[00m
2026-10-06 15:12:08.605 2261365 DEBUG oslo_service.backend._eventlet.service [req-c182fb29-8630-4022-8d98-420ab45e3c19 - - - - - -] database.connection_recycle_time = 3600 [00;33m{{(pid=2261365) log_opt_values /opt/stack/data/venv/lib/python3.12/site-packages/oslo_config/cfg.py:3560}}[00m
2026-10-06 15:12:08.605 2261365 DEBUG oslo_service.backend._eventlet.service [req-c182fb29-8630-4022-8d98-420ab45e3c19 - - - - - -] database.connection_trace      = False [00;33m{{(pid=2261365) log_opt_values /opt/stack/data/venv/lib/python3.12/site-packages/oslo_config/cfg.py:3560}}[00m
2026-10-06 15:12:08.605 2261365 DEBUG oslo_service.backend._eventlet.service [req-c182fb29-8630-4022-8d98-420ab45e3c19 - - - - - -] database.db_inc_retry_interval = True [00;33m{{(pid=2261365) log_opt_values /opt/stack/data/venv/lib/python3.12/site-packages/oslo_config/cfg.py:3560}}[00m
2026-10-06 15:12:08.605 2261365 DEBUG oslo_service.backend._eventlet.service [req-c182fb29-8630-4022-8d98-420ab45e3c19 - - - - - -] database.db_max_retries        = 20 [00;33m{{(pid=2261365) log_opt_values /opt/stack/data/venv/lib/python3.12/site-packages/oslo_config/cfg.py:3560}}[00m
2026-10-06 15:12:08.605 2261365 DEBUG oslo_service.backend._eventlet.service [req-c182fb29-8630-4022-8d98-420ab45e3c19 - - - - - -] database.db_max_retry_interval = 10 [00;33m{{(pid=2261365) log_opt_values /opt/stack/data/venv/lib/python3.12/site-packages/oslo_config/cfg.py:3560}}[00m
2026-10-06 15:12:08.605 2261365 DEBUG oslo_service.backend._eventlet.service [req-c182fb29-8630-4022-8d98-420ab45e3c19 - - - - - -] database.db_retry_interval     = 1 [00;33m{{(pid=2261365) log_opt_values /opt/stack/data/venv/lib/python3.12/site-packages/oslo_config/cfg.py:3560}}[00m
2026-10-06 15:12:08.605 2261365 DEBUG oslo_service.backend._eventlet.service [req-c182fb29-8630-4022-8d98-420ab45e3c19 - - - - - -] database.max_overflow          = 50 [00;33m{{(pid=2261365) log_opt_values /opt/stack/data/venv/lib/python3.12/site-packages/oslo_config/cfg.py:3560}}[00m
2026-10-06 15:12:08.605 2261365 DEBUG oslo_service.backend._eventlet.service [req-c182fb29-8630-4022-8d98-420ab45e3c19 - - - - - -] database.max_pool_size         = 5 [00;33m{{(pid=2261365) log_opt_values /opt/stack/data/venv/lib/python3.12/site-packages/oslo_config/cfg.py:3560}}[00m
2026-10-06 15:12:08.605 2261365 DEBUG oslo_service.backend._eventlet.service [req-c182fb29-8630-4022-8d98-420ab45e3c19 - - - - - -] database.max_retries           = 10 [00;33m{{(pid=2261365) log_opt_values /opt/stack/data/venv/lib/python3.12/site-packages/oslo_config/cfg.py:3560}}[00m
2026-10-06 15:12:08.605 2261365 DEBUG oslo_service.backend._eventlet.service [req-c182fb29-8630-4022-8d98-420ab45e3c19 - - - - - -] database.mysql_sql_mode        = TRADITIONAL [00;33m{{(pid=2261365) log_opt_values /opt/stack/data/venv/lib/python3.12/site-packages/oslo_config/cfg.py:3560}}[00m
2026-10-06 15:12:08.605 2261365 DEBUG oslo_service.backend._eventlet.service [req-c182fb29-8630-4022-8d98-420ab45e3c19 - - - - - -] database.mysql_wsrep_sync_wait = None [00;33m{{(pid=2261365) log_opt_values /opt/stack/data/venv/lib/python3.12/site-packages/oslo_config/cfg.py:3560}}[00m
2026-10-06 15:12:08.605 2261365 DEBUG oslo_service.backend._eventlet.service [req-c182fb29-8630-4022-8d98-420ab45e3c19 - - - - - -] database.pool_timeout          = None [00;33m{{(pid=2261365) log_opt_values /opt/stack/data/venv/lib/python3.12/site-packages/oslo_config/cfg.py:3560}}[00m
2026-10-06 15:12:08.606 2261365 DEBUG oslo_service.backend._eventlet.service [req-c182fb29-8630-4022-8d98-420ab45e3c19 - - - - - -] database.retry_interval        = 10 [00;33m{{(pid=2261365) log_opt_values /opt/stack/data/venv/lib/python3.12/site-packages/oslo_config/cfg.py:3560}}[00m
2026-10-06 15:12:08.606 2261365 DEBUG oslo_service.backend._eventlet.service [req-c182fb29-8630-4022-8d98-420ab45e3c19 - - - - - -] database.slave_connection      = **** [00;33m{{(pid=2261365) log_opt_values /opt/stack/data/venv/lib/python3.12/site-packages/oslo_config/cfg.py:3560}}[00m
2026-10-06 15:12:08.606 2261365 DEBUG oslo_service.backend._eventlet.service [req-c182fb29-8630-4022-8d98-420ab45e3c19 - - - - - -] database.sqlite_synchronous    = True [00;33m{{(pid=2261365) log_opt_values /opt/stack/data/venv/lib/python3.12/site-packages/oslo_config/cfg.py:3560}}[00m
2026-10-06 15:12:08.606 2261365 DEBUG oslo_service.backend._eventlet.service [req-c182fb29-8630-4022-8d98-420ab45e3c19 - - - - - -] database.synchronous_reader    = True [00;33m{{(pid=2261365) log_opt_values /opt/stack/data/venv/lib/python3.12/site-packages/oslo_config/cfg.py:3560}}[00m
2026-10-06 15:12:08.606 2261365 DEBUG oslo_service.backend._eventlet.service [req-c182fb29-8630-4022-8d98-420ab45e3c19 - - - - - -] database.use_db_reconnect      = False [00;33m{{(pid=2261365) log_opt_values /opt/stack/data/venv/lib/python3.12/site-packages/oslo_config/cfg.py:3560}}[00m
2026-10-06 15:12:08.606 2261365 DEBUG oslo_service.backend._eventlet.service [req-c182fb29-8630-4022-8d98-420ab45e3c19 - - - - - -] oslo_messaging_metrics.metrics_buffer_size = 1000 [00;33m{{(pid=2261365) log_opt_values /opt/stack/data/venv/lib/python3.12/site-packages/oslo_config/cfg.py:3560}}[00m
2026-10-06 15:12:08.606 2261365 DEBUG oslo_service.backend._eventlet.service [req-c182fb29-8630-4022-8d98-420ab45e3c19 - - - - - -] oslo_messaging_metrics.metrics_enabled = False [00;33m{{(pid=2261365) log_opt_values /opt/stack/data/venv/lib/python3.12/site-packages/oslo_config/cfg.py:3560}}[00m
2026-10-06 15:12:08.606 2261365 DEBUG oslo_service.backend._eventlet.service [req-c182fb29-8630-4022-8d98-420ab45e3c19 - - - - - -] oslo_messaging_metrics.metrics_process_name =  [00;33m{{(pid=2261365) log_opt_values /opt/stack/data/venv/lib/python3.12/site-packages/oslo_config/cfg.py:3560}}[00m
2026-10-06 15:12:08.606 2261365 DEBUG oslo_service.backend._eventlet.service [req-c182fb29-8630-4022-8d98-420ab45e3c19 - - - - - -] oslo_messaging_metrics.metrics_socket_file = /var/tmp/metrics_collector.sock [00;33m{{(pid=2261365) log_opt_values /opt/stack/data/venv/lib/python3.12/site-packages/oslo_config/cfg.py:3560}}[00m
2026-10-06 15:12:08.606 2261365 DEBUG oslo_service.backend._eventlet.service [req-c182fb29-8630-4022-8d98-420ab45e3c19 - - - - - -] oslo_messaging_metrics.metrics_thread_stop_timeout = 10 [00;33m{{(pid=2261365) log_opt_values /opt/stack/data/venv/lib/python3.12/site-packages/oslo_config/cfg.py:3560}}[00m
2026-10-06 15:12:08.606 2261365 DEBUG oslo_service.backend._eventlet.service [req-c182fb29-8630-4022-8d98-420ab45e3c19 - - - - - -] oslo_messaging_tracing.insecure = False [00;33m{{(pid=2261365) log_opt_values /opt/stack/data/venv/lib/python3.12/site-packages/oslo_config/cfg.py:3560}}[00m
2026-10-06 15:12:08.607 2261365 DEBUG oslo_service.backend._eventlet.service [req-c182fb29-8630-4022-8d98-420ab45e3c19 - - - - - -] oslo_messaging_tracing.otel_exporter_otlp_endpoint = http://localhost:4318 [00;33m{{(pid=2261365) log_opt_values /opt/stack/data/venv/lib/python3.12/site-packages/oslo_config/cfg.py:3560}}[00m
2026-10-06 15:12:08.607 2261365 DEBUG oslo_service.backend._eventlet.service [req-c182fb29-8630-4022-8d98-420ab45e3c19 - - - - - -] oslo_messaging_tracing.otlp_protocol = http/protobuf [00;33m{{(pid=2261365) log_opt_values /opt/stack/data/venv/lib/python3.12/site-packages/oslo_config/cfg.py:3560}}[00m
2026-10-06 15:12:08.607 2261365 DEBUG oslo_service.backend._eventlet.service [req-c182fb29-8630-4022-8d98-420ab45e3c19 - - - - - -] oslo_messaging_tracing.tracing_enabled = False [00;33m{{(pid=2261365) log_opt_values /opt/stack/data/venv/lib/python3.12/site-packages/oslo_config/cfg.py:3560}}[00m
2026-10-06 15:12:08.607 2261365 DEBUG oslo_service.backend._eventlet.service [req-c182fb29-8630-4022-8d98-420ab45e3c19 - - - - - -] oslo_messaging_tracing.tracing_service_name = openstack [00;33m{{(pid=2261365) log_opt_values /opt/stack/data/venv/lib/python3.12/site-packages/oslo_config/cfg.py:3560}}[00m
2026-10-06 15:12:08.607 2261365 DEBUG oslo_service.backend._eventlet.service [req-c182fb29-8630-4022-8d98-420ab45e3c19 - - - - - -] profiler.connection_string     = messaging:// [00;33m{{(pid=2261365) log_opt_values /opt/stack/data/venv/lib/python3.12/site-packages/oslo_config/cfg.py:3560}}[00m
2026-10-06 15:12:08.607 2261365 DEBUG oslo_service.backend._eventlet.service [req-c182fb29-8630-4022-8d98-420ab45e3c19 - - - - - -] profiler.enabled               = False [00;33m{{(pid=2261365) log_opt_values /opt/stack/data/venv/lib/python3.12/site-packages/oslo_config/cfg.py:3560}}[00m
2026-10-06 15:12:08.607 2261365 DEBUG oslo_service.backend._eventlet.service [req-c182fb29-8630-4022-8d98-420ab45e3c19 - - - - - -] profiler.es_doc_type           = notification [00;33m{{(pid=2261365) log_opt_values /opt/stack/data/venv/lib/python3.12/site-packages/oslo_config/cfg.py:3560}}[00m
2026-10-06 15:12:08.607 2261365 DEBUG oslo_service.backend._eventlet.service [req-c182fb29-8630-4022-8d98-420ab45e3c19 - - - - - -] profiler.es_scroll_size        = 10000 [00;33m{{(pid=2261365) log_opt_values /opt/stack/data/venv/lib/python3.12/site-packages/oslo_config/cfg.py:3560}}[00m
2026-10-06 15:12:08.607 2261365 DEBUG oslo_service.backend._eventlet.service [req-c182fb29-8630-4022-8d98-420ab45e3c19 - - - - - -] profiler.es_scroll_time        = 2m [00;33m{{(pid=2261365) log_opt_values /opt/stack/data/venv/lib/python3.12/site-packages/oslo_config/cfg.py:3560}}[00m
2026-10-06 15:12:08.607 2261365 DEBUG oslo_service.backend._eventlet.service [req-c182fb29-8630-4022-8d98-420ab45e3c19 - - - - - -] profiler.filter_error_trace    = False [00;33m{{(pid=2261365) log_opt_values /opt/stack/data/venv/lib/python3.12/site-packages/oslo_config/cfg.py:3560}}[00m
2026-10-06 15:12:08.607 2261365 DEBUG oslo_service.backend._eventlet.service [req-c182fb29-8630-4022-8d98-420ab45e3c19 - - - - - -] profiler.hmac_keys             = **** [00;33m{{(pid=2261365) log_opt_values /opt/stack/data/venv/lib/python3.12/site-packages/oslo_config/cfg.py:3560}}[00m
2026-10-06 15:12:08.607 2261365 DEBUG oslo_service.backend._eventlet.service [req-c182fb29-8630-4022-8d98-420ab45e3c19 - - - - - -] profiler.sentinel_service_name = mymaster [00;33m{{(pid=2261365) log_opt_values /opt/stack/data/venv/lib/python3.12/site-packages/oslo_config/cfg.py:3560}}[00m
2026-10-06 15:12:08.608 2261365 DEBUG oslo_service.backend._eventlet.service [req-c182fb29-8630-4022-8d98-420ab45e3c19 - - - - - -] profiler.socket_timeout        = 0.1 [00;33m{{(pid=2261365) log_opt_values /opt/stack/data/venv/lib/python3.12/site-packages/oslo_config/cfg.py:3560}}[00m
2026-10-06 15:12:08.608 2261365 DEBUG oslo_service.backend._eventlet.service [req-c182fb29-8630-4022-8d98-420ab45e3c19 - - - - - -] profiler.trace_requests        = False [00;33m{{(pid=2261365) log_opt_values /opt/stack/data/venv/lib/python3.12/site-packages/oslo_config/cfg.py:3560}}[00m
2026-10-06 15:12:08.608 2261365 DEBUG oslo_service.backend._eventlet.service [req-c182fb29-8630-4022-8d98-420ab45e3c19 - - - - - -] profiler.trace_sqlalchemy      = False [00;33m{{(pid=2261365) log_opt_values /opt/stack/data/venv/lib/python3.12/site-packages/oslo_config/cfg.py:3560}}[00m
2026-10-06 15:12:08.608 2261365 DEBUG oslo_service.backend._eventlet.service [req-c182fb29-8630-4022-8d98-420ab45e3c19 - - - - - -] profiler_jaeger.process_tags   = {} [00;33m{{(pid=2261365) log_opt_values /opt/stack/data/venv/lib/python3.12/site-packages/oslo_config/cfg.py:3560}}[00m
2026-10-06 15:12:08.608 2261365 DEBUG oslo_service.backend._eventlet.service [req-c182fb29-8630-4022-8d98-420ab45e3c19 - - - - - -] profiler_jaeger.service_name_prefix = None [00;33m{{(pid=2261365) log_opt_values /opt/stack/data/venv/lib/python3.12/site-packages/oslo_config/cfg.py:3560}}[00m
2026-10-06 15:12:08.608 2261365 DEBUG oslo_service.backend._eventlet.service [req-c182fb29-8630-4022-8d98-420ab45e3c19 - - - - - -] profiler_otlp.service_name_prefix = None [00;33m{{(pid=2261365) log_opt_values /opt/stack/data/venv/lib/python3.12/site-packages/oslo_config/cfg.py:3560}}[00m
2026-10-06 15:12:08.608 2261365 DEBUG oslo_service.backend._eventlet.service [req-c182fb29-8630-4022-8d98-420ab45e3c19 - - - - - -] oslo_policy.enforce_new_defaults = True [00;33m{{(pid=2261365) log_opt_values /opt/stack/data/venv/lib/python3.12/site-packages/oslo_config/cfg.py:3560}}[00m
2026-10-06 15:12:08.608 2261365 DEBUG oslo_service.backend._eventlet.service [req-c182fb29-8630-4022-8d98-420ab45e3c19 - - - - - -] oslo_policy.policy_default_rule = default [00;33m{{(pid=2261365) log_opt_values /opt/stack/data/venv/lib/python3.12/site-packages/oslo_config/cfg.py:3560}}[00m
2026-10-06 15:12:08.608 2261365 DEBUG oslo_service.backend._eventlet.service [req-c182fb29-8630-4022-8d98-420ab45e3c19 - - - - - -] oslo_policy.policy_dirs        = ['policy.d'] [00;33m{{(pid=2261365) log_opt_values /opt/stack/data/venv/lib/python3.12/site-packages/oslo_config/cfg.py:3560}}[00m
2026-10-06 15:12:08.608 2261365 DEBUG oslo_service.backend._eventlet.service [req-c182fb29-8630-4022-8d98-420ab45e3c19 - - - - - -] oslo_policy.policy_file        = policy.yaml [00;33m{{(pid=2261365) log_opt_values /opt/stack/data/venv/lib/python3.12/site-packages/oslo_config/cfg.py:3560}}[00m
2026-10-06 15:12:08.608 2261365 DEBUG oslo_service.backend._eventlet.service [req-c182fb29-8630-4022-8d98-420ab45e3c19 - - - - - -] oslo_policy.remote_content_type = application/x-www-form-urlencoded [00;33m{{(pid=2261365) log_opt_values /opt/stack/data/venv/lib/python3.12/site-packages/oslo_config/cfg.py:3560}}[00m
2026-10-06 15:12:08.609 2261365 DEBUG oslo_service.backend._eventlet.service [req-c182fb29-8630-4022-8d98-420ab45e3c19 - - - - - -] oslo_policy.remote_ssl_ca_crt_file = None [00;33m{{(pid=2261365) log_opt_values /opt/stack/data/venv/lib/python3.12/site-packages/oslo_config/cfg.py:3560}}[00m
2026-10-06 15:12:08.609 2261365 DEBUG oslo_service.backend._eventlet.service [req-c182fb29-8630-4022-8d98-420ab45e3c19 - - - - - -] oslo_policy.remote_ssl_client_crt_file = None [00;33m{{(pid=2261365) log_opt_values /opt/stack/data/venv/lib/python3.12/site-packages/oslo_config/cfg.py:3560}}[00m
2026-10-06 15:12:08.609 2261365 DEBUG oslo_service.backend._eventlet.service [req-c182fb29-8630-4022-8d98-420ab45e3c19 - - - - - -] oslo_policy.remote_ssl_client_key_file = None [00;33m{{(pid=2261365) log_opt_values /opt/stack/data/venv/lib/python3.12/site-packages/oslo_config/cfg.py:3560}}[00m
2026-10-06 15:12:08.609 2261365 DEBUG oslo_service.backend._eventlet.service [req-c182fb29-8630-4022-8d98-420ab45e3c19 - - - - - -] oslo_policy.remote_ssl_verify_server_crt = False [00;33m{{(pid=2261365) log_opt_values /opt/stack/data/venv/lib/python3.12/site-packages/oslo_config/cfg.py:3560}}[00m
2026-10-06 15:12:08.609 2261365 DEBUG oslo_service.backend._eventlet.service [req-c182fb29-8630-4022-8d98-420ab45e3c19 - - - - - -] oslo_policy.remote_timeout     = 60.0 [00;33m{{(pid=2261365) log_opt_values /opt/stack/data/venv/lib/python3.12/site-packages/oslo_config/cfg.py:3560}}[00m
2026-10-06 15:12:08.609 2261365 DEBUG oslo_service.backend._eventlet.service [req-c182fb29-8630-4022-8d98-420ab45e3c19 - - - - - -] privsep_osbrick.capabilities   = [21, 2] [00;33m{{(pid=2261365) log_opt_values /opt/stack/data/venv/lib/python3.12/site-packages/oslo_config/cfg.py:3560}}[00m
2026-10-06 15:12:08.609 2261365 DEBUG oslo_service.backend._eventlet.service [req-c182fb29-8630-4022-8d98-420ab45e3c19 - - - - - -] privsep_osbrick.group          = None [00;33m{{(pid=2261365) log_opt_values /opt/stack/data/venv/lib/python3.12/site-packages/oslo_config/cfg.py:3560}}[00m
2026-10-06 15:12:08.609 2261365 DEBUG oslo_service.backend._eventlet.service [req-c182fb29-8630-4022-8d98-420ab45e3c19 - - - - - -] privsep_osbrick.helper_command = None [00;33m{{(pid=2261365) log_opt_values /opt/stack/data/venv/lib/python3.12/site-packages/oslo_config/cfg.py:3560}}[00m
2026-10-06 15:12:08.609 2261365 DEBUG oslo_service.backend._eventlet.service [req-c182fb29-8630-4022-8d98-420ab45e3c19 - - - - - -] privsep_osbrick.log_daemon_traceback = False [00;33m{{(pid=2261365) log_opt_values /opt/stack/data/venv/lib/python3.12/site-packages/oslo_config/cfg.py:3560}}[00m
2026-10-06 15:12:08.609 2261365 DEBUG oslo_service.backend._eventlet.service [req-c182fb29-8630-4022-8d98-420ab45e3c19 - - - - - -] privsep_osbrick.logger_name    = brick_privsep_hide_output [00;33m{{(pid=2261365) log_opt_values /opt/stack/data/venv/lib/python3.12/site-packages/oslo_config/cfg.py:3560}}[00m
2026-10-06 15:12:08.609 2261365 DEBUG oslo_service.backend._eventlet.service [req-c182fb29-8630-4022-8d98-420ab45e3c19 - - - - - -] privsep_osbrick.thread_pool_size = 128 [00;33m{{(pid=2261365) log_opt_values /opt/stack/data/venv/lib/python3.12/site-packages/oslo_config/cfg.py:3560}}[00m
2026-10-06 15:12:08.609 2261365 DEBUG oslo_service.backend._eventlet.service [req-c182fb29-8630-4022-8d98-420ab45e3c19 - - - - - -] privsep_osbrick.user           = None [00;33m{{(pid=2261365) log_opt_values /opt/stack/data/venv/lib/python3.12/site-packages/oslo_config/cfg.py:3560}}[00m
2026-10-06 15:12:08.610 2261365 DEBUG oslo_service.backend._eventlet.service [req-c182fb29-8630-4022-8d98-420ab45e3c19 - - - - - -] cinder_sys_admin.capabilities  = [0, 1, 2, 3, 12, 21] [00;33m{{(pid=2261365) log_opt_values /opt/stack/data/venv/lib/python3.12/site-packages/oslo_config/cfg.py:3560}}[00m
2026-10-06 15:12:08.610 2261365 DEBUG oslo_service.backend._eventlet.service [req-c182fb29-8630-4022-8d98-420ab45e3c19 - - - - - -] cinder_sys_admin.group         = None [00;33m{{(pid=2261365) log_opt_values /opt/stack/data/venv/lib/python3.12/site-packages/oslo_config/cfg.py:3560}}[00m
2026-10-06 15:12:08.610 2261365 DEBUG oslo_service.backend._eventlet.service [req-c182fb29-8630-4022-8d98-420ab45e3c19 - - - - - -] cinder_sys_admin.helper_command = None [00;33m{{(pid=2261365) log_opt_values /opt/stack/data/venv/lib/python3.12/site-packages/oslo_config/cfg.py:3560}}[00m
2026-10-06 15:12:08.610 2261365 DEBUG oslo_service.backend._eventlet.service [req-c182fb29-8630-4022-8d98-420ab45e3c19 - - - - - -] cinder_sys_admin.log_daemon_traceback = False [00;33m{{(pid=2261365) log_opt_values /opt/stack/data/venv/lib/python3.12/site-packages/oslo_config/cfg.py:3560}}[00m
2026-10-06 15:12:08.610 2261365 DEBUG oslo_service.backend._eventlet.service [req-c182fb29-8630-4022-8d98-420ab45e3c19 - - - - - -] cinder_sys_admin.logger_name   = oslo_privsep.daemon [00;33m{{(pid=2261365) log_opt_values /opt/stack/data/venv/lib/python3.12/site-packages/oslo_config/cfg.py:3560}}[00m
2026-10-06 15:12:08.610 2261365 DEBUG oslo_service.backend._eventlet.service [req-c182fb29-8630-4022-8d98-420ab45e3c19 - - - - - -] cinder_sys_admin.thread_pool_size = 128 [00;33m{{(pid=2261365) log_opt_values /opt/stack/data/venv/lib/python3.12/site-packages/oslo_config/cfg.py:3560}}[00m
2026-10-06 15:12:08.610 2261365 DEBUG oslo_service.backend._eventlet.service [req-c182fb29-8630-4022-8d98-420ab45e3c19 - - - - - -] cinder_sys_admin.user          = None [00;33m{{(pid=2261365) log_opt_values /opt/stack/data/venv/lib/python3.12/site-packages/oslo_config/cfg.py:3560}}[00m
2026-10-06 15:12:08.610 2261365 DEBUG oslo_service.backend._eventlet.service [req-c182fb29-8630-4022-8d98-420ab45e3c19 - - - - - -] service_user.auth_section      = None [00;33m{{(pid=2261365) log_opt_values /opt/stack/data/venv/lib/python3.12/site-packages/oslo_config/cfg.py:3560}}[00m
2026-10-06 15:12:08.610 2261365 DEBUG oslo_service.backend._eventlet.service [req-c182fb29-8630-4022-8d98-420ab45e3c19 - - - - - -] service_user.auth_type         = password [00;33m{{(pid=2261365) log_opt_values /opt/stack/data/venv/lib/python3.12/site-packages/oslo_config/cfg.py:3560}}[00m
2026-10-06 15:12:08.610 2261365 DEBUG oslo_service.backend._eventlet.service [req-c182fb29-8630-4022-8d98-420ab45e3c19 - - - - - -] service_user.cafile            = None [00;33m{{(pid=2261365) log_opt_values /opt/stack/data/venv/lib/python3.12/site-packages/oslo_config/cfg.py:3560}}[00m
2026-10-06 15:12:08.610 2261365 DEBUG oslo_service.backend._eventlet.service [req-c182fb29-8630-4022-8d98-420ab45e3c19 - - - - - -] service_user.certfile          = None [00;33m{{(pid=2261365) log_opt_values /opt/stack/data/venv/lib/python3.12/site-packages/oslo_config/cfg.py:3560}}[00m
2026-10-06 15:12:08.610 2261365 DEBUG oslo_service.backend._eventlet.service [req-c182fb29-8630-4022-8d98-420ab45e3c19 - - - - - -] service_user.collect_timing    = False [00;33m{{(pid=2261365) log_opt_values /opt/stack/data/venv/lib/python3.12/site-packages/oslo_config/cfg.py:3560}}[00m
2026-10-06 15:12:08.611 2261365 DEBUG oslo_service.backend._eventlet.service [req-c182fb29-8630-4022-8d98-420ab45e3c19 - - - - - -] service_user.insecure          = False [00;33m{{(pid=2261365) log_opt_values /opt/stack/data/venv/lib/python3.12/site-packages/oslo_config/cfg.py:3560}}[00m
2026-10-06 15:12:08.611 2261365 DEBUG oslo_service.backend._eventlet.service [req-c182fb29-8630-4022-8d98-420ab45e3c19 - - - - - -] service_user.keyfile           = None [00;33m{{(pid=2261365) log_opt_values /opt/stack/data/venv/lib/python3.12/site-packages/oslo_config/cfg.py:3560}}[00m
2026-10-06 15:12:08.611 2261365 DEBUG oslo_service.backend._eventlet.service [req-c182fb29-8630-4022-8d98-420ab45e3c19 - - - - - -] service_user.send_service_user_token = True [00;33m{{(pid=2261365) log_opt_values /opt/stack/data/venv/lib/python3.12/site-packages/oslo_config/cfg.py:3560}}[00m
2026-10-06 15:12:08.611 2261365 DEBUG oslo_service.backend._eventlet.service [req-c182fb29-8630-4022-8d98-420ab45e3c19 - - - - - -] service_user.split_loggers     = False [00;33m{{(pid=2261365) log_opt_values /opt/stack/data/venv/lib/python3.12/site-packages/oslo_config/cfg.py:3560}}[00m
2026-10-06 15:12:08.611 2261365 DEBUG oslo_service.backend._eventlet.service [req-c182fb29-8630-4022-8d98-420ab45e3c19 - - - - - -] service_user.timeout           = None [00;33m{{(pid=2261365) log_opt_values /opt/stack/data/venv/lib/python3.12/site-packages/oslo_config/cfg.py:3560}}[00m
2026-10-06 15:12:08.611 2261365 DEBUG oslo_service.backend._eventlet.service [req-c182fb29-8630-4022-8d98-420ab45e3c19 - - - - - -] service_user.tls_ciphers       = None [00;33m{{(pid=2261365) log_opt_values /opt/stack/data/venv/lib/python3.12/site-packages/oslo_config/cfg.py:3560}}[00m
2026-10-06 15:12:08.611 2261365 DEBUG oslo_service.backend._eventlet.service [req-c182fb29-8630-4022-8d98-420ab45e3c19 - - - - - -] service_user.tls_min_version   = None [00;33m{{(pid=2261365) log_opt_values /opt/stack/data/venv/lib/python3.12/site-packages/oslo_config/cfg.py:3560}}[00m
2026-10-06 15:12:08.611 2261365 DEBUG oslo_service.backend._eventlet.service [req-c182fb29-8630-4022-8d98-420ab45e3c19 - - - - - -] glance.auth_section            = None [00;33m{{(pid=2261365) log_opt_values /opt/stack/data/venv/lib/python3.12/site-packages/oslo_config/cfg.py:3560}}[00m
2026-10-06 15:12:08.611 2261365 DEBUG oslo_service.backend._eventlet.service [req-c182fb29-8630-4022-8d98-420ab45e3c19 - - - - - -] glance.auth_type               = password [00;33m{{(pid=2261365) log_opt_values /opt/stack/data/venv/lib/python3.12/site-packages/oslo_config/cfg.py:3560}}[00m
2026-10-06 15:12:08.611 2261365 DEBUG oslo_service.backend._eventlet.service [req-c182fb29-8630-4022-8d98-420ab45e3c19 - - - - - -] glance.cafile                  = /opt/stack/data/ca-bundle.pem [00;33m{{(pid=2261365) log_opt_values /opt/stack/data/venv/lib/python3.12/site-packages/oslo_config/cfg.py:3560}}[00m
2026-10-06 15:12:08.611 2261365 DEBUG oslo_service.backend._eventlet.service [req-c182fb29-8630-4022-8d98-420ab45e3c19 - - - - - -] glance.certfile                = None [00;33m{{(pid=2261365) log_opt_values /opt/stack/data/venv/lib/python3.12/site-packages/oslo_config/cfg.py:3560}}[00m
2026-10-06 15:12:08.611 2261365 DEBUG oslo_service.backend._eventlet.service [req-c182fb29-8630-4022-8d98-420ab45e3c19 - - - - - -] glance.collect_timing          = False [00;33m{{(pid=2261365) log_opt_values /opt/stack/data/venv/lib/python3.12/site-packages/oslo_config/cfg.py:3560}}[00m
2026-10-06 15:12:08.612 2261365 DEBUG oslo_service.backend._eventlet.service [req-c182fb29-8630-4022-8d98-420ab45e3c19 - - - - - -] glance.insecure                = False [00;33m{{(pid=2261365) log_opt_values /opt/stack/data/venv/lib/python3.12/site-packages/oslo_config/cfg.py:3560}}[00m
2026-10-06 15:12:08.612 2261365 DEBUG oslo_service.backend._eventlet.service [req-c182fb29-8630-4022-8d98-420ab45e3c19 - - - - - -] glance.keyfile                 = None [00;33m{{(pid=2261365) log_opt_values /opt/stack/data/venv/lib/python3.12/site-packages/oslo_config/cfg.py:3560}}[00m
2026-10-06 15:12:08.612 2261365 DEBUG oslo_service.backend._eventlet.service [req-c182fb29-8630-4022-8d98-420ab45e3c19 - - - - - -] glance.region_name             = None [00;33m{{(pid=2261365) log_opt_values /opt/stack/data/venv/lib/python3.12/site-packages/oslo_config/cfg.py:3560}}[00m
2026-10-06 15:12:08.612 2261365 DEBUG oslo_service.backend._eventlet.service [req-c182fb29-8630-4022-8d98-420ab45e3c19 - - - - - -] glance.split_loggers           = False [00;33m{{(pid=2261365) log_opt_values /opt/stack/data/venv/lib/python3.12/site-packages/oslo_config/cfg.py:3560}}[00m
2026-10-06 15:12:08.612 2261365 DEBUG oslo_service.backend._eventlet.service [req-c182fb29-8630-4022-8d98-420ab45e3c19 - - - - - -] glance.timeout                 = None [00;33m{{(pid=2261365) log_opt_values /opt/stack/data/venv/lib/python3.12/site-packages/oslo_config/cfg.py:3560}}[00m
2026-10-06 15:12:08.612 2261365 DEBUG oslo_service.backend._eventlet.service [req-c182fb29-8630-4022-8d98-420ab45e3c19 - - - - - -] glance.tls_ciphers             = None [00;33m{{(pid=2261365) log_opt_values /opt/stack/data/venv/lib/python3.12/site-packages/oslo_config/cfg.py:3560}}[00m
2026-10-06 15:12:08.612 2261365 DEBUG oslo_service.backend._eventlet.service [req-c182fb29-8630-4022-8d98-420ab45e3c19 - - - - - -] glance.tls_min_version         = None [00;33m{{(pid=2261365) log_opt_values /opt/stack/data/venv/lib/python3.12/site-packages/oslo_config/cfg.py:3560}}[00m
2026-10-06 15:12:08.612 2261365 DEBUG oslo_service.backend._eventlet.service [req-c182fb29-8630-4022-8d98-420ab45e3c19 - - - - - -] backend_defaults.backend_availability_zone = None [00;33m{{(pid=2261365) log_opt_values /opt/stack/data/venv/lib/python3.12/site-packages/oslo_config/cfg.py:3560}}[00m
2026-10-06 15:12:08.612 2261365 DEBUG oslo_service.backend._eventlet.service [req-c182fb29-8630-4022-8d98-420ab45e3c19 - - - - - -] backend_defaults.backend_native_threads_pool_size = 20 [00;33m{{(pid=2261365) log_opt_values /opt/stack/data/venv/lib/python3.12/site-packages/oslo_config/cfg.py:3560}}[00m
2026-10-06 15:12:08.612 2261365 DEBUG oslo_service.backend._eventlet.service [req-c182fb29-8630-4022-8d98-420ab45e3c19 - - - - - -] backend_defaults.backup_use_temp_snapshot = False [00;33m{{(pid=2261365) log_opt_values /opt/stack/data/venv/lib/python3.12/site-packages/oslo_config/cfg.py:3560}}[00m
2026-10-06 15:12:08.612 2261365 DEBUG oslo_service.backend._eventlet.service [req-c182fb29-8630-4022-8d98-420ab45e3c19 - - - - - -] backend_defaults.chap_password = **** [00;33m{{(pid=2261365) log_opt_values /opt/stack/data/venv/lib/python3.12/site-packages/oslo_config/cfg.py:3560}}[00m
2026-10-06 15:12:08.612 2261365 DEBUG oslo_service.backend._eventlet.service [req-c182fb29-8630-4022-8d98-420ab45e3c19 - - - - - -] backend_defaults.chap_username =  [00;33m{{(pid=2261365) log_opt_values /opt/stack/data/venv/lib/python3.12/site-packages/oslo_config/cfg.py:3560}}[00m
2026-10-06 15:12:08.613 2261365 DEBUG oslo_service.backend._eventlet.service [req-c182fb29-8630-4022-8d98-420ab45e3c19 - - - - - -] backend_defaults.chiscsi_conf  = /etc/chelsio-iscsi/chiscsi.conf [00;33m{{(pid=2261365) log_opt_values /opt/stack/data/venv/lib/python3.12/site-packages/oslo_config/cfg.py:3560}}[00m
2026-10-06 15:12:08.613 2261365 DEBUG oslo_service.backend._eventlet.service [req-c182fb29-8630-4022-8d98-420ab45e3c19 - - - - - -] backend_defaults.disk_geometry = None [00;33m{{(pid=2261365) log_opt_values /opt/stack/data/venv/lib/python3.12/site-packages/oslo_config/cfg.py:3560}}[00m
2026-10-06 15:12:08.613 2261365 DEBUG oslo_service.backend._eventlet.service [req-c182fb29-8630-4022-8d98-420ab45e3c19 - - - - - -] backend_defaults.driver_client_cert = None [00;33m{{(pid=2261365) log_opt_values /opt/stack/data/venv/lib/python3.12/site-packages/oslo_config/cfg.py:3560}}[00m
2026-10-06 15:12:08.613 2261365 DEBUG oslo_service.backend._eventlet.service [req-c182fb29-8630-4022-8d98-420ab45e3c19 - - - - - -] backend_defaults.driver_client_cert_key = None [00;33m{{(pid=2261365) log_opt_values /opt/stack/data/venv/lib/python3.12/site-packages/oslo_config/cfg.py:3560}}[00m
2026-10-06 15:12:08.613 2261365 DEBUG oslo_service.backend._eventlet.service [req-c182fb29-8630-4022-8d98-420ab45e3c19 - - - - - -] backend_defaults.driver_data_namespace = None [00;33m{{(pid=2261365) log_opt_values /opt/stack/data/venv/lib/python3.12/site-packages/oslo_config/cfg.py:3560}}[00m
2026-10-06 15:12:08.613 2261365 DEBUG oslo_service.backend._eventlet.service [req-c182fb29-8630-4022-8d98-420ab45e3c19 - - - - - -] backend_defaults.driver_ssl_cert_path = None [00;33m{{(pid=2261365) log_opt_values /opt/stack/data/venv/lib/python3.12/site-packages/oslo_config/cfg.py:3560}}[00m
2026-10-06 15:12:08.613 2261365 DEBUG oslo_service.backend._eventlet.service [req-c182fb29-8630-4022-8d98-420ab45e3c19 - - - - - -] backend_defaults.driver_ssl_cert_verify = False [00;33m{{(pid=2261365) log_opt_values /opt/stack/data/venv/lib/python3.12/site-packages/oslo_config/cfg.py:3560}}[00m
2026-10-06 15:12:08.613 2261365 DEBUG oslo_service.backend._eventlet.service [req-c182fb29-8630-4022-8d98-420ab45e3c19 - - - - - -] backend_defaults.driver_use_ssl = False [00;33m{{(pid=2261365) log_opt_values /opt/stack/data/venv/lib/python3.12/site-packages/oslo_config/cfg.py:3560}}[00m
2026-10-06 15:12:08.613 2261365 DEBUG oslo_service.backend._eventlet.service [req-c182fb29-8630-4022-8d98-420ab45e3c19 - - - - - -] backend_defaults.enable_unsupported_driver = False [00;33m{{(pid=2261365) log_opt_values /opt/stack/data/venv/lib/python3.12/site-packages/oslo_config/cfg.py:3560}}[00m
2026-10-06 15:12:08.613 2261365 DEBUG oslo_service.backend._eventlet.service [req-c182fb29-8630-4022-8d98-420ab45e3c19 - - - - - -] backend_defaults.enforce_multipath_for_image_xfer = False [00;33m{{(pid=2261365) log_opt_values /opt/stack/data/venv/lib/python3.12/site-packages/oslo_config/cfg.py:3560}}[00m
2026-10-06 15:12:08.613 2261365 DEBUG oslo_service.backend._eventlet.service [req-c182fb29-8630-4022-8d98-420ab45e3c19 - - - - - -] backend_defaults.extra_capabilities = {} [00;33m{{(pid=2261365) log_opt_values /opt/stack/data/venv/lib/python3.12/site-packages/oslo_config/cfg.py:3560}}[00m
2026-10-06 15:12:08.613 2261365 DEBUG oslo_service.backend._eventlet.service [req-c182fb29-8630-4022-8d98-420ab45e3c19 - - - - - -] backend_defaults.filter_function = None [00;33m{{(pid=2261365) log_opt_values /opt/stack/data/venv/lib/python3.12/site-packages/oslo_config/cfg.py:3560}}[00m
2026-10-06 15:12:08.614 2261365 DEBUG oslo_service.backend._eventlet.service [req-c182fb29-8630-4022-8d98-420ab45e3c19 - - - - - -] backend_defaults.goodness_function = None [00;33m{{(pid=2261365) log_opt_values /opt/stack/data/venv/lib/python3.12/site-packages/oslo_config/cfg.py:3560}}[00m
2026-10-06 15:12:08.614 2261365 DEBUG oslo_service.backend._eventlet.service [req-c182fb29-8630-4022-8d98-420ab45e3c19 - - - - - -] backend_defaults.hitachi_async_copy_check_interval = 10 [00;33m{{(pid=2261365) log_opt_values /opt/stack/data/venv/lib/python3.12/site-packages/oslo_config/cfg.py:3560}}[00m
2026-10-06 15:12:08.614 2261365 DEBUG oslo_service.backend._eventlet.service [req-c182fb29-8630-4022-8d98-420ab45e3c19 - - - - - -] backend_defaults.hitachi_compute_target_ports = [] [00;33m{{(pid=2261365) log_opt_values /opt/stack/data/venv/lib/python3.12/site-packages/oslo_config/cfg.py:3560}}[00m
2026-10-06 15:12:08.614 2261365 DEBUG oslo_service.backend._eventlet.service [req-c182fb29-8630-4022-8d98-420ab45e3c19 - - - - - -] backend_defaults.hitachi_copy_check_interval = 3 [00;33m{{(pid=2261365) log_opt_values /opt/stack/data/venv/lib/python3.12/site-packages/oslo_config/cfg.py:3560}}[00m
2026-10-06 15:12:08.614 2261365 DEBUG oslo_service.backend._eventlet.service [req-c182fb29-8630-4022-8d98-420ab45e3c19 - - - - - -] backend_defaults.hitachi_copy_speed = 3 [00;33m{{(pid=2261365) log_opt_values /opt/stack/data/venv/lib/python3.12/site-packages/oslo_config/cfg.py:3560}}[00m
2026-10-06 15:12:08.614 2261365 DEBUG oslo_service.backend._eventlet.service [req-c182fb29-8630-4022-8d98-420ab45e3c19 - - - - - -] backend_defaults.hitachi_csv_delete_timeout = 600 [00;33m{{(pid=2261365) log_opt_values /opt/stack/data/venv/lib/python3.12/site-packages/oslo_config/cfg.py:3560}}[00m
2026-10-06 15:12:08.614 2261365 DEBUG oslo_service.backend._eventlet.service [req-c182fb29-8630-4022-8d98-420ab45e3c19 - - - - - -] backend_defaults.hitachi_discard_zero_page = True [00;33m{{(pid=2261365) log_opt_values /opt/stack/data/venv/lib/python3.12/site-packages/oslo_config/cfg.py:3560}}[00m
2026-10-06 15:12:08.614 2261365 DEBUG oslo_service.backend._eventlet.service [req-c182fb29-8630-4022-8d98-420ab45e3c19 - - - - - -] backend_defaults.hitachi_drs_default_csv = deduplication_compression [00;33m{{(pid=2261365) log_opt_values /opt/stack/data/venv/lib/python3.12/site-packages/oslo_config/cfg.py:3560}}[00m
2026-10-06 15:12:08.614 2261365 DEBUG oslo_service.backend._eventlet.service [req-c182fb29-8630-4022-8d98-420ab45e3c19 - - - - - -] backend_defaults.hitachi_exec_retry_interval = 5 [00;33m{{(pid=2261365) log_opt_values /opt/stack/data/venv/lib/python3.12/site-packages/oslo_config/cfg.py:3560}}[00m
2026-10-06 15:12:08.614 2261365 DEBUG oslo_service.backend._eventlet.service [req-c182fb29-8630-4022-8d98-420ab45e3c19 - - - - - -] backend_defaults.hitachi_extend_snapshot_volumes = False [00;33m{{(pid=2261365) log_opt_values /opt/stack/data/venv/lib/python3.12/site-packages/oslo_config/cfg.py:3560}}[00m
2026-10-06 15:12:08.614 2261365 DEBUG oslo_service.backend._eventlet.service [req-c182fb29-8630-4022-8d98-420ab45e3c19 - - - - - -] backend_defaults.hitachi_extend_timeout = 600 [00;33m{{(pid=2261365) log_opt_values /opt/stack/data/venv/lib/python3.12/site-packages/oslo_config/cfg.py:3560}}[00m
2026-10-06 15:12:08.614 2261365 DEBUG oslo_service.backend._eventlet.service [req-c182fb29-8630-4022-8d98-420ab45e3c19 - - - - - -] backend_defaults.hitachi_group_create = False [00;33m{{(pid=2261365) log_opt_values /opt/stack/data/venv/lib/python3.12/site-packages/oslo_config/cfg.py:3560}}[00m
2026-10-06 15:12:08.615 2261365 DEBUG oslo_service.backend._eventlet.service [req-c182fb29-8630-4022-8d98-420ab45e3c19 - - - - - -] backend_defaults.hitachi_group_delete = False [00;33m{{(pid=2261365) log_opt_values /opt/stack/data/venv/lib/python3.12/site-packages/oslo_config/cfg.py:3560}}[00m
2026-10-06 15:12:08.615 2261365 DEBUG oslo_service.backend._eventlet.service [req-c182fb29-8630-4022-8d98-420ab45e3c19 - - - - - -] backend_defaults.hitachi_group_name_format = None [00;33m{{(pid=2261365) log_opt_values /opt/stack/data/venv/lib/python3.12/site-packages/oslo_config/cfg.py:3560}}[00m
2026-10-06 15:12:08.615 2261365 DEBUG oslo_service.backend._eventlet.service [req-c182fb29-8630-4022-8d98-420ab45e3c19 - - - - - -] backend_defaults.hitachi_host_mode_options = [] [00;33m{{(pid=2261365) log_opt_values /opt/stack/data/venv/lib/python3.12/site-packages/oslo_config/cfg.py:3560}}[00m
2026-10-06 15:12:08.615 2261365 DEBUG oslo_service.backend._eventlet.service [req-c182fb29-8630-4022-8d98-420ab45e3c19 - - - - - -] backend_defaults.hitachi_ldev_range = None [00;33m{{(pid=2261365) log_opt_values /opt/stack/data/venv/lib/python3.12/site-packages/oslo_config/cfg.py:3560}}[00m
2026-10-06 15:12:08.615 2261365 DEBUG oslo_service.backend._eventlet.service [req-c182fb29-8630-4022-8d98-420ab45e3c19 - - - - - -] backend_defaults.hitachi_lock_timeout = 7200 [00;33m{{(pid=2261365) log_opt_values /opt/stack/data/venv/lib/python3.12/site-packages/oslo_config/cfg.py:3560}}[00m
2026-10-06 15:12:08.615 2261365 DEBUG oslo_service.backend._eventlet.service [req-c182fb29-8630-4022-8d98-420ab45e3c19 - - - - - -] backend_defaults.hitachi_lun_retry_interval = 1 [00;33m{{(pid=2261365) log_opt_values /opt/stack/data/venv/lib/python3.12/site-packages/oslo_config/cfg.py:3560}}[00m
2026-10-06 15:12:08.615 2261365 DEBUG oslo_service.backend._eventlet.service [req-c182fb29-8630-4022-8d98-420ab45e3c19 - - - - - -] backend_defaults.hitachi_lun_timeout = 50 [00;33m{{(pid=2261365) log_opt_values /opt/stack/data/venv/lib/python3.12/site-packages/oslo_config/cfg.py:3560}}[00m
2026-10-06 15:12:08.615 2261365 DEBUG oslo_service.backend._eventlet.service [req-c182fb29-8630-4022-8d98-420ab45e3c19 - - - - - -] backend_defaults.hitachi_manage_drs_volumes = True [00;33m{{(pid=2261365) log_opt_values /opt/stack/data/venv/lib/python3.12/site-packages/oslo_config/cfg.py:3560}}[00m
2026-10-06 15:12:08.615 2261365 DEBUG oslo_service.backend._eventlet.service [req-c182fb29-8630-4022-8d98-420ab45e3c19 - - - - - -] backend_defaults.hitachi_mirror_compute_target_ports = [] [00;33m{{(pid=2261365) log_opt_values /opt/stack/data/venv/lib/python3.12/site-packages/oslo_config/cfg.py:3560}}[00m
2026-10-06 15:12:08.615 2261365 DEBUG oslo_service.backend._eventlet.service [req-c182fb29-8630-4022-8d98-420ab45e3c19 - - - - - -] backend_defaults.hitachi_mirror_ldev_range = None [00;33m{{(pid=2261365) log_opt_values /opt/stack/data/venv/lib/python3.12/site-packages/oslo_config/cfg.py:3560}}[00m
2026-10-06 15:12:08.615 2261365 DEBUG oslo_service.backend._eventlet.service [req-c182fb29-8630-4022-8d98-420ab45e3c19 - - - - - -] backend_defaults.hitachi_mirror_pair_target_number = 0 [00;33m{{(pid=2261365) log_opt_values /opt/stack/data/venv/lib/python3.12/site-packages/oslo_config/cfg.py:3560}}[00m
2026-10-06 15:12:08.615 2261365 DEBUG oslo_service.backend._eventlet.service [req-c182fb29-8630-4022-8d98-420ab45e3c19 - - - - - -] backend_defaults.hitachi_mirror_pool = None [00;33m{{(pid=2261365) log_opt_values /opt/stack/data/venv/lib/python3.12/site-packages/oslo_config/cfg.py:3560}}[00m
2026-10-06 15:12:08.616 2261365 DEBUG oslo_service.backend._eventlet.service [req-c182fb29-8630-4022-8d98-420ab45e3c19 - - - - - -] backend_defaults.hitachi_mirror_snap_pool = None [00;33m{{(pid=2261365) log_opt_values /opt/stack/data/venv/lib/python3.12/site-packages/oslo_config/cfg.py:3560}}[00m
2026-10-06 15:12:08.616 2261365 DEBUG oslo_service.backend._eventlet.service [req-c182fb29-8630-4022-8d98-420ab45e3c19 - - - - - -] backend_defaults.hitachi_mirror_storage_id = None [00;33m{{(pid=2261365) log_opt_values /opt/stack/data/venv/lib/python3.12/site-packages/oslo_config/cfg.py:3560}}[00m
2026-10-06 15:12:08.616 2261365 DEBUG oslo_service.backend._eventlet.service [req-c182fb29-8630-4022-8d98-420ab45e3c19 - - - - - -] backend_defaults.hitachi_mirror_target_ports = [] [00;33m{{(pid=2261365) log_opt_values /opt/stack/data/venv/lib/python3.12/site-packages/oslo_config/cfg.py:3560}}[00m
2026-10-06 15:12:08.616 2261365 DEBUG oslo_service.backend._eventlet.service [req-c182fb29-8630-4022-8d98-420ab45e3c19 - - - - - -] backend_defaults.hitachi_pair_target_number = 0 [00;33m{{(pid=2261365) log_opt_values /opt/stack/data/venv/lib/python3.12/site-packages/oslo_config/cfg.py:3560}}[00m
2026-10-06 15:12:08.616 2261365 DEBUG oslo_service.backend._eventlet.service [req-c182fb29-8630-4022-8d98-420ab45e3c19 - - - - - -] backend_defaults.hitachi_pools = [] [00;33m{{(pid=2261365) log_opt_values /opt/stack/data/venv/lib/python3.12/site-packages/oslo_config/cfg.py:3560}}[00m
2026-10-06 15:12:08.616 2261365 DEBUG oslo_service.backend._eventlet.service [req-c182fb29-8630-4022-8d98-420ab45e3c19 - - - - - -] backend_defaults.hitachi_port_scheduler = False [00;33m{{(pid=2261365) log_opt_values /opt/stack/data/venv/lib/python3.12/site-packages/oslo_config/cfg.py:3560}}[00m
2026-10-06 15:12:08.616 2261365 DEBUG oslo_service.backend._eventlet.service [req-c182fb29-8630-4022-8d98-420ab45e3c19 - - - - - -] backend_defaults.hitachi_report_discard_support = False [00;33m{{(pid=2261365) log_opt_values /opt/stack/data/venv/lib/python3.12/site-packages/oslo_config/cfg.py:3560}}[00m
2026-10-06 15:12:08.616 2261365 DEBUG oslo_service.backend._eventlet.service [req-c182fb29-8630-4022-8d98-420ab45e3c19 - - - - - -] backend_defaults.hitachi_rest_another_ldev_mapped_retry_timeout = 600 [00;33m{{(pid=2261365) log_opt_values /opt/stack/data/venv/lib/python3.12/site-packages/oslo_config/cfg.py:3560}}[00m
2026-10-06 15:12:08.616 2261365 DEBUG oslo_service.backend._eventlet.service [req-c182fb29-8630-4022-8d98-420ab45e3c19 - - - - - -] backend_defaults.hitachi_rest_connect_timeout = 30 [00;33m{{(pid=2261365) log_opt_values /opt/stack/data/venv/lib/python3.12/site-packages/oslo_config/cfg.py:3560}}[00m
2026-10-06 15:12:08.616 2261365 DEBUG oslo_service.backend._eventlet.service [req-c182fb29-8630-4022-8d98-420ab45e3c19 - - - - - -] backend_defaults.hitachi_rest_disable_io_wait = True [00;33m{{(pid=2261365) log_opt_values /opt/stack/data/venv/lib/python3.12/site-packages/oslo_config/cfg.py:3560}}[00m
2026-10-06 15:12:08.616 2261365 DEBUG oslo_service.backend._eventlet.service [req-c182fb29-8630-4022-8d98-420ab45e3c19 - - - - - -] backend_defaults.hitachi_rest_get_api_response_timeout = 1800 [00;33m{{(pid=2261365) log_opt_values /opt/stack/data/venv/lib/python3.12/site-packages/oslo_config/cfg.py:3560}}[00m
2026-10-06 15:12:08.616 2261365 DEBUG oslo_service.backend._eventlet.service [req-c182fb29-8630-4022-8d98-420ab45e3c19 - - - - - -] backend_defaults.hitachi_rest_job_api_response_timeout = 1800 [00;33m{{(pid=2261365) log_opt_values /opt/stack/data/venv/lib/python3.12/site-packages/oslo_config/cfg.py:3560}}[00m
2026-10-06 15:12:08.617 2261365 DEBUG oslo_service.backend._eventlet.service [req-c182fb29-8630-4022-8d98-420ab45e3c19 - - - - - -] backend_defaults.hitachi_rest_keep_session_loop_interval = 180 [00;33m{{(pid=2261365) log_opt_values /opt/stack/data/venv/lib/python3.12/site-packages/oslo_config/cfg.py:3560}}[00m
2026-10-06 15:12:08.617 2261365 DEBUG oslo_service.backend._eventlet.service [req-c182fb29-8630-4022-8d98-420ab45e3c19 - - - - - -] backend_defaults.hitachi_rest_max_request_workers = 8 [00;33m{{(pid=2261365) log_opt_values /opt/stack/data/venv/lib/python3.12/site-packages/oslo_config/cfg.py:3560}}[00m
2026-10-06 15:12:08.617 2261365 DEBUG oslo_service.backend._eventlet.service [req-c182fb29-8630-4022-8d98-420ab45e3c19 - - - - - -] backend_defaults.hitachi_rest_pair_target_ports = [] [00;33m{{(pid=2261365) log_opt_values /opt/stack/data/venv/lib/python3.12/site-packages/oslo_config/cfg.py:3560}}[00m
2026-10-06 15:12:08.617 2261365 DEBUG oslo_service.backend._eventlet.service [req-c182fb29-8630-4022-8d98-420ab45e3c19 - - - - - -] backend_defaults.hitachi_rest_server_busy_timeout = 7200 [00;33m{{(pid=2261365) log_opt_values /opt/stack/data/venv/lib/python3.12/site-packages/oslo_config/cfg.py:3560}}[00m
2026-10-06 15:12:08.617 2261365 DEBUG oslo_service.backend._eventlet.service [req-c182fb29-8630-4022-8d98-420ab45e3c19 - - - - - -] backend_defaults.hitachi_rest_tcp_keepalive = True [00;33m{{(pid=2261365) log_opt_values /opt/stack/data/venv/lib/python3.12/site-packages/oslo_config/cfg.py:3560}}[00m
2026-10-06 15:12:08.617 2261365 DEBUG oslo_service.backend._eventlet.service [req-c182fb29-8630-4022-8d98-420ab45e3c19 - - - - - -] backend_defaults.hitachi_rest_tcp_keepcnt = 4 [00;33m{{(pid=2261365) log_opt_values /opt/stack/data/venv/lib/python3.12/site-packages/oslo_config/cfg.py:3560}}[00m
2026-10-06 15:12:08.617 2261365 DEBUG oslo_service.backend._eventlet.service [req-c182fb29-8630-4022-8d98-420ab45e3c19 - - - - - -] backend_defaults.hitachi_rest_tcp_keepidle = 60 [00;33m{{(pid=2261365) log_opt_values /opt/stack/data/venv/lib/python3.12/site-packages/oslo_config/cfg.py:3560}}[00m
2026-10-06 15:12:08.617 2261365 DEBUG oslo_service.backend._eventlet.service [req-c182fb29-8630-4022-8d98-420ab45e3c19 - - - - - -] backend_defaults.hitachi_rest_tcp_keepintvl = 15 [00;33m{{(pid=2261365) log_opt_values /opt/stack/data/venv/lib/python3.12/site-packages/oslo_config/cfg.py:3560}}[00m
2026-10-06 15:12:08.617 2261365 DEBUG oslo_service.backend._eventlet.service [req-c182fb29-8630-4022-8d98-420ab45e3c19 - - - - - -] backend_defaults.hitachi_rest_timeout = 30 [00;33m{{(pid=2261365) log_opt_values /opt/stack/data/venv/lib/python3.12/site-packages/oslo_config/cfg.py:3560}}[00m
2026-10-06 15:12:08.617 2261365 DEBUG oslo_service.backend._eventlet.service [req-c182fb29-8630-4022-8d98-420ab45e3c19 - - - - - -] backend_defaults.hitachi_rest_use_object_caching = True [00;33m{{(pid=2261365) log_opt_values /opt/stack/data/venv/lib/python3.12/site-packages/oslo_config/cfg.py:3560}}[00m
2026-10-06 15:12:08.617 2261365 DEBUG oslo_service.backend._eventlet.service [req-c182fb29-8630-4022-8d98-420ab45e3c19 - - - - - -] backend_defaults.hitachi_restore_timeout = 86400 [00;33m{{(pid=2261365) log_opt_values /opt/stack/data/venv/lib/python3.12/site-packages/oslo_config/cfg.py:3560}}[00m
2026-10-06 15:12:08.617 2261365 DEBUG oslo_service.backend._eventlet.service [req-c182fb29-8630-4022-8d98-420ab45e3c19 - - - - - -] backend_defaults.hitachi_snap_pool = None [00;33m{{(pid=2261365) log_opt_values /opt/stack/data/venv/lib/python3.12/site-packages/oslo_config/cfg.py:3560}}[00m
2026-10-06 15:12:08.617 2261365 DEBUG oslo_service.backend._eventlet.service [req-c182fb29-8630-4022-8d98-420ab45e3c19 - - - - - -] backend_defaults.hitachi_state_transition_timeout = 900 [00;33m{{(pid=2261365) log_opt_values /opt/stack/data/venv/lib/python3.12/site-packages/oslo_config/cfg.py:3560}}[00m
2026-10-06 15:12:08.618 2261365 DEBUG oslo_service.backend._eventlet.service [req-c182fb29-8630-4022-8d98-420ab45e3c19 - - - - - -] backend_defaults.hitachi_storage_id = None [00;33m{{(pid=2261365) log_opt_values /opt/stack/data/venv/lib/python3.12/site-packages/oslo_config/cfg.py:3560}}[00m
2026-10-06 15:12:08.618 2261365 DEBUG oslo_service.backend._eventlet.service [req-c182fb29-8630-4022-8d98-420ab45e3c19 - - - - - -] backend_defaults.hitachi_target_ports = [] [00;33m{{(pid=2261365) log_opt_values /opt/stack/data/venv/lib/python3.12/site-packages/oslo_config/cfg.py:3560}}[00m
2026-10-06 15:12:08.618 2261365 DEBUG oslo_service.backend._eventlet.service [req-c182fb29-8630-4022-8d98-420ab45e3c19 - - - - - -] backend_defaults.hitachi_use_drs_volumes = False [00;33m{{(pid=2261365) log_opt_values /opt/stack/data/venv/lib/python3.12/site-packages/oslo_config/cfg.py:3560}}[00m
2026-10-06 15:12:08.618 2261365 DEBUG oslo_service.backend._eventlet.service [req-c182fb29-8630-4022-8d98-420ab45e3c19 - - - - - -] backend_defaults.hitachi_vcp_delete_sleep_interval = 3 [00;33m{{(pid=2261365) log_opt_values /opt/stack/data/venv/lib/python3.12/site-packages/oslo_config/cfg.py:3560}}[00m
2026-10-06 15:12:08.618 2261365 DEBUG oslo_service.backend._eventlet.service [req-c182fb29-8630-4022-8d98-420ab45e3c19 - - - - - -] backend_defaults.hitachi_vcp_delete_timeout = 120 [00;33m{{(pid=2261365) log_opt_values /opt/stack/data/venv/lib/python3.12/site-packages/oslo_config/cfg.py:3560}}[00m
2026-10-06 15:12:08.618 2261365 DEBUG oslo_service.backend._eventlet.service [req-c182fb29-8630-4022-8d98-420ab45e3c19 - - - - - -] backend_defaults.image_upload_use_cinder_backend = False [00;33m{{(pid=2261365) log_opt_values /opt/stack/data/venv/lib/python3.12/site-packages/oslo_config/cfg.py:3560}}[00m
2026-10-06 15:12:08.618 2261365 DEBUG oslo_service.backend._eventlet.service [req-c182fb29-8630-4022-8d98-420ab45e3c19 - - - - - -] backend_defaults.image_upload_use_internal_tenant = False [00;33m{{(pid=2261365) log_opt_values /opt/stack/data/venv/lib/python3.12/site-packages/oslo_config/cfg.py:3560}}[00m
2026-10-06 15:12:08.618 2261365 DEBUG oslo_service.backend._eventlet.service [req-c182fb29-8630-4022-8d98-420ab45e3c19 - - - - - -] backend_defaults.image_volume_cache_enabled = False [00;33m{{(pid=2261365) log_opt_values /opt/stack/data/venv/lib/python3.12/site-packages/oslo_config/cfg.py:3560}}[00m
2026-10-06 15:12:08.618 2261365 DEBUG oslo_service.backend._eventlet.service [req-c182fb29-8630-4022-8d98-420ab45e3c19 - - - - - -] backend_defaults.image_volume_cache_max_count = 0 [00;33m{{(pid=2261365) log_opt_values /opt/stack/data/venv/lib/python3.12/site-packages/oslo_config/cfg.py:3560}}[00m
2026-10-06 15:12:08.618 2261365 DEBUG oslo_service.backend._eventlet.service [req-c182fb29-8630-4022-8d98-420ab45e3c19 - - - - - -] backend_defaults.image_volume_cache_max_size_gb = 0 [00;33m{{(pid=2261365) log_opt_values /opt/stack/data/venv/lib/python3.12/site-packages/oslo_config/cfg.py:3560}}[00m
2026-10-06 15:12:08.618 2261365 DEBUG oslo_service.backend._eventlet.service [req-c182fb29-8630-4022-8d98-420ab45e3c19 - - - - - -] backend_defaults.iscsi_target_flags =  [00;33m{{(pid=2261365) log_opt_values /opt/stack/data/venv/lib/python3.12/site-packages/oslo_config/cfg.py:3560}}[00m
2026-10-06 15:12:08.618 2261365 DEBUG oslo_service.backend._eventlet.service [req-c182fb29-8630-4022-8d98-420ab45e3c19 - - - - - -] backend_defaults.iscsi_write_cache = on [00;33m{{(pid=2261365) log_opt_values /opt/stack/data/venv/lib/python3.12/site-packages/oslo_config/cfg.py:3560}}[00m
2026-10-06 15:12:08.619 2261365 DEBUG oslo_service.backend._eventlet.service [req-c182fb29-8630-4022-8d98-420ab45e3c19 - - - - - -] backend_defaults.iser_helper   = tgtadm [00;33m{{(pid=2261365) log_opt_values /opt/stack/data/venv/lib/python3.12/site-packages/oslo_config/cfg.py:3560}}[00m
2026-10-06 15:12:08.619 2261365 DEBUG oslo_service.backend._eventlet.service [req-c182fb29-8630-4022-8d98-420ab45e3c19 - - - - - -] backend_defaults.iser_ip_address = 172.25.92.210 [00;33m{{(pid=2261365) log_opt_values /opt/stack/data/venv/lib/python3.12/site-packages/oslo_config/cfg.py:3560}}[00m
2026-10-06 15:12:08.619 2261365 DEBUG oslo_service.backend._eventlet.service [req-c182fb29-8630-4022-8d98-420ab45e3c19 - - - - - -] backend_defaults.iser_port     = 3260 [00;33m{{(pid=2261365) log_opt_values /opt/stack/data/venv/lib/python3.12/site-packages/oslo_config/cfg.py:3560}}[00m
2026-10-06 15:12:08.619 2261365 DEBUG oslo_service.backend._eventlet.service [req-c182fb29-8630-4022-8d98-420ab45e3c19 - - - - - -] backend_defaults.iser_target_prefix = iqn.2010-10.org.openstack: [00;33m{{(pid=2261365) log_opt_values /opt/stack/data/venv/lib/python3.12/site-packages/oslo_config/cfg.py:3560}}[00m
2026-10-06 15:12:08.619 2261365 DEBUG oslo_service.backend._eventlet.service [req-c182fb29-8630-4022-8d98-420ab45e3c19 - - - - - -] backend_defaults.max_over_subscription_ratio = 20.0 [00;33m{{(pid=2261365) log_opt_values /opt/stack/data/venv/lib/python3.12/site-packages/oslo_config/cfg.py:3560}}[00m
2026-10-06 15:12:08.619 2261365 DEBUG oslo_service.backend._eventlet.service [req-c182fb29-8630-4022-8d98-420ab45e3c19 - - - - - -] backend_defaults.num_iser_scan_tries = 3 [00;33m{{(pid=2261365) log_opt_values /opt/stack/data/venv/lib/python3.12/site-packages/oslo_config/cfg.py:3560}}[00m
2026-10-06 15:12:08.619 2261365 DEBUG oslo_service.backend._eventlet.service [req-c182fb29-8630-4022-8d98-420ab45e3c19 - - - - - -] backend_defaults.num_shell_tries = 3 [00;33m{{(pid=2261365) log_opt_values /opt/stack/data/venv/lib/python3.12/site-packages/oslo_config/cfg.py:3560}}[00m
2026-10-06 15:12:08.619 2261365 DEBUG oslo_service.backend._eventlet.service [req-c182fb29-8630-4022-8d98-420ab45e3c19 - - - - - -] backend_defaults.num_volume_device_scan_tries = 3 [00;33m{{(pid=2261365) log_opt_values /opt/stack/data/venv/lib/python3.12/site-packages/oslo_config/cfg.py:3560}}[00m
2026-10-06 15:12:08.619 2261365 DEBUG oslo_service.backend._eventlet.service [req-c182fb29-8630-4022-8d98-420ab45e3c19 - - - - - -] backend_defaults.nvmeof_conn_info_version = 1 [00;33m{{(pid=2261365) log_opt_values /opt/stack/data/venv/lib/python3.12/site-packages/oslo_config/cfg.py:3560}}[00m
2026-10-06 15:12:08.619 2261365 DEBUG oslo_service.backend._eventlet.service [req-c182fb29-8630-4022-8d98-420ab45e3c19 - - - - - -] backend_defaults.nvmet_ns_id   = 10 [00;33m{{(pid=2261365) log_opt_values /opt/stack/data/venv/lib/python3.12/site-packages/oslo_config/cfg.py:3560}}[00m
2026-10-06 15:12:08.619 2261365 DEBUG oslo_service.backend._eventlet.service [req-c182fb29-8630-4022-8d98-420ab45e3c19 - - - - - -] backend_defaults.nvmet_port_id = 1 [00;33m{{(pid=2261365) log_opt_values /opt/stack/data/venv/lib/python3.12/site-packages/oslo_config/cfg.py:3560}}[00m
2026-10-06 15:12:08.620 2261365 DEBUG oslo_service.backend._eventlet.service [req-c182fb29-8630-4022-8d98-420ab45e3c19 - - - - - -] backend_defaults.replication_device = **** [00;33m{{(pid=2261365) log_opt_values /opt/stack/data/venv/lib/python3.12/site-packages/oslo_config/cfg.py:3560}}[00m
2026-10-06 15:12:08.620 2261365 DEBUG oslo_service.backend._eventlet.service [req-c182fb29-8630-4022-8d98-420ab45e3c19 - - - - - -] backend_defaults.report_discard_supported = False [00;33m{{(pid=2261365) log_opt_values /opt/stack/data/venv/lib/python3.12/site-packages/oslo_config/cfg.py:3560}}[00m
2026-10-06 15:12:08.620 2261365 DEBUG oslo_service.backend._eventlet.service [req-c182fb29-8630-4022-8d98-420ab45e3c19 - - - - - -] backend_defaults.reserved_percentage = 0 [00;33m{{(pid=2261365) log_opt_values /opt/stack/data/venv/lib/python3.12/site-packages/oslo_config/cfg.py:3560}}[00m
2026-10-06 15:12:08.620 2261365 DEBUG oslo_service.backend._eventlet.service [req-c182fb29-8630-4022-8d98-420ab45e3c19 - - - - - -] backend_defaults.san_api_port  = None [00;33m{{(pid=2261365) log_opt_values /opt/stack/data/venv/lib/python3.12/site-packages/oslo_config/cfg.py:3560}}[00m
2026-10-06 15:12:08.620 2261365 DEBUG oslo_service.backend._eventlet.service [req-c182fb29-8630-4022-8d98-420ab45e3c19 - - - - - -] backend_defaults.san_clustername =  [00;33m{{(pid=2261365) log_opt_values /opt/stack/data/venv/lib/python3.12/site-packages/oslo_config/cfg.py:3560}}[00m
2026-10-06 15:12:08.620 2261365 DEBUG oslo_service.backend._eventlet.service [req-c182fb29-8630-4022-8d98-420ab45e3c19 - - - - - -] backend_defaults.san_ip        =  [00;33m{{(pid=2261365) log_opt_values /opt/stack/data/venv/lib/python3.12/site-packages/oslo_config/cfg.py:3560}}[00m
2026-10-06 15:12:08.620 2261365 DEBUG oslo_service.backend._eventlet.service [req-c182fb29-8630-4022-8d98-420ab45e3c19 - - - - - -] backend_defaults.san_is_local  = False [00;33m{{(pid=2261365) log_opt_values /opt/stack/data/venv/lib/python3.12/site-packages/oslo_config/cfg.py:3560}}[00m
2026-10-06 15:12:08.620 2261365 DEBUG oslo_service.backend._eventlet.service [req-c182fb29-8630-4022-8d98-420ab45e3c19 - - - - - -] backend_defaults.san_login     = admin [00;33m{{(pid=2261365) log_opt_values /opt/stack/data/venv/lib/python3.12/site-packages/oslo_config/cfg.py:3560}}[00m
2026-10-06 15:12:08.620 2261365 DEBUG oslo_service.backend._eventlet.service [req-c182fb29-8630-4022-8d98-420ab45e3c19 - - - - - -] backend_defaults.san_password  = **** [00;33m{{(pid=2261365) log_opt_values /opt/stack/data/venv/lib/python3.12/site-packages/oslo_config/cfg.py:3560}}[00m
2026-10-06 15:12:08.620 2261365 DEBUG oslo_service.backend._eventlet.service [req-c182fb29-8630-4022-8d98-420ab45e3c19 - - - - - -] backend_defaults.san_private_key =  [00;33m{{(pid=2261365) log_opt_values /opt/stack/data/venv/lib/python3.12/site-packages/oslo_config/cfg.py:3560}}[00m
2026-10-06 15:12:08.620 2261365 DEBUG oslo_service.backend._eventlet.service [req-c182fb29-8630-4022-8d98-420ab45e3c19 - - - - - -] backend_defaults.san_ssh_port  = 22 [00;33m{{(pid=2261365) log_opt_values /opt/stack/data/venv/lib/python3.12/site-packages/oslo_config/cfg.py:3560}}[00m
2026-10-06 15:12:08.621 2261365 DEBUG oslo_service.backend._eventlet.service [req-c182fb29-8630-4022-8d98-420ab45e3c19 - - - - - -] backend_defaults.san_thin_provision = True [00;33m{{(pid=2261365) log_opt_values /opt/stack/data/venv/lib/python3.12/site-packages/oslo_config/cfg.py:3560}}[00m
2026-10-06 15:12:08.621 2261365 DEBUG oslo_service.backend._eventlet.service [req-c182fb29-8630-4022-8d98-420ab45e3c19 - - - - - -] backend_defaults.scst_target_driver = iscsi [00;33m{{(pid=2261365) log_opt_values /opt/stack/data/venv/lib/python3.12/site-packages/oslo_config/cfg.py:3560}}[00m
2026-10-06 15:12:08.621 2261365 DEBUG oslo_service.backend._eventlet.service [req-c182fb29-8630-4022-8d98-420ab45e3c19 - - - - - -] backend_defaults.scst_target_iqn_name = None [00;33m{{(pid=2261365) log_opt_values /opt/stack/data/venv/lib/python3.12/site-packages/oslo_config/cfg.py:3560}}[00m
2026-10-06 15:12:08.621 2261365 DEBUG oslo_service.backend._eventlet.service [req-c182fb29-8630-4022-8d98-420ab45e3c19 - - - - - -] backend_defaults.ssh_conn_timeout = 30 [00;33m{{(pid=2261365) log_opt_values /opt/stack/data/venv/lib/python3.12/site-packages/oslo_config/cfg.py:3560}}[00m
2026-10-06 15:12:08.621 2261365 DEBUG oslo_service.backend._eventlet.service [req-c182fb29-8630-4022-8d98-420ab45e3c19 - - - - - -] backend_defaults.ssh_max_pool_conn = 5 [00;33m{{(pid=2261365) log_opt_values /opt/stack/data/venv/lib/python3.12/site-packages/oslo_config/cfg.py:3560}}[00m
2026-10-06 15:12:08.621 2261365 DEBUG oslo_service.backend._eventlet.service [req-c182fb29-8630-4022-8d98-420ab45e3c19 - - - - - -] backend_defaults.ssh_min_pool_conn = 1 [00;33m{{(pid=2261365) log_opt_values /opt/stack/data/venv/lib/python3.12/site-packages/oslo_config/cfg.py:3560}}[00m
2026-10-06 15:12:08.621 2261365 DEBUG oslo_service.backend._eventlet.service [req-c182fb29-8630-4022-8d98-420ab45e3c19 - - - - - -] backend_defaults.storage_protocol = iSCSI [00;33m{{(pid=2261365) log_opt_values /opt/stack/data/venv/lib/python3.12/site-packages/oslo_config/cfg.py:3560}}[00m
2026-10-06 15:12:08.621 2261365 DEBUG oslo_service.backend._eventlet.service [req-c182fb29-8630-4022-8d98-420ab45e3c19 - - - - - -] backend_defaults.suppress_requests_ssl_warnings = False [00;33m{{(pid=2261365) log_opt_values /opt/stack/data/venv/lib/python3.12/site-packages/oslo_config/cfg.py:3560}}[00m
2026-10-06 15:12:08.621 2261365 DEBUG oslo_service.backend._eventlet.service [req-c182fb29-8630-4022-8d98-420ab45e3c19 - - - - - -] backend_defaults.target_helper = tgtadm [00;33m{{(pid=2261365) log_opt_values /opt/stack/data/venv/lib/python3.12/site-packages/oslo_config/cfg.py:3560}}[00m
2026-10-06 15:12:08.621 2261365 DEBUG oslo_service.backend._eventlet.service [req-c182fb29-8630-4022-8d98-420ab45e3c19 - - - - - -] backend_defaults.target_ip_address = 172.25.92.210 [00;33m{{(pid=2261365) log_opt_values /opt/stack/data/venv/lib/python3.12/site-packages/oslo_config/cfg.py:3560}}[00m
2026-10-06 15:12:08.621 2261365 DEBUG oslo_service.backend._eventlet.service [req-c182fb29-8630-4022-8d98-420ab45e3c19 - - - - - -] backend_defaults.target_port   = 3260 [00;33m{{(pid=2261365) log_opt_values /opt/stack/data/venv/lib/python3.12/site-packages/oslo_config/cfg.py:3560}}[00m
2026-10-06 15:12:08.622 2261365 DEBUG oslo_service.backend._eventlet.service [req-c182fb29-8630-4022-8d98-420ab45e3c19 - - - - - -] backend_defaults.target_prefix = iqn.2010-10.org.openstack: [00;33m{{(pid=2261365) log_opt_values /opt/stack/data/venv/lib/python3.12/site-packages/oslo_config/cfg.py:3560}}[00m
2026-10-06 15:12:08.622 2261365 DEBUG oslo_service.backend._eventlet.service [req-c182fb29-8630-4022-8d98-420ab45e3c19 - - - - - -] backend_defaults.target_protocol = iscsi [00;33m{{(pid=2261365) log_opt_values /opt/stack/data/venv/lib/python3.12/site-packages/oslo_config/cfg.py:3560}}[00m
2026-10-06 15:12:08.622 2261365 DEBUG oslo_service.backend._eventlet.service [req-c182fb29-8630-4022-8d98-420ab45e3c19 - - - - - -] backend_defaults.target_secondary_ip_addresses = [] [00;33m{{(pid=2261365) log_opt_values /opt/stack/data/venv/lib/python3.12/site-packages/oslo_config/cfg.py:3560}}[00m
2026-10-06 15:12:08.622 2261365 DEBUG oslo_service.backend._eventlet.service [req-c182fb29-8630-4022-8d98-420ab45e3c19 - - - - - -] backend_defaults.trace_flags   = None [00;33m{{(pid=2261365) log_opt_values /opt/stack/data/venv/lib/python3.12/site-packages/oslo_config/cfg.py:3560}}[00m
2026-10-06 15:12:08.622 2261365 DEBUG oslo_service.backend._eventlet.service [req-c182fb29-8630-4022-8d98-420ab45e3c19 - - - - - -] backend_defaults.unique_fqdn_network = True [00;33m{{(pid=2261365) log_opt_values /opt/stack/data/venv/lib/python3.12/site-packages/oslo_config/cfg.py:3560}}[00m
2026-10-06 15:12:08.622 2261365 DEBUG oslo_service.backend._eventlet.service [req-c182fb29-8630-4022-8d98-420ab45e3c19 - - - - - -] backend_defaults.use_chap_auth = False [00;33m{{(pid=2261365) log_opt_values /opt/stack/data/venv/lib/python3.12/site-packages/oslo_config/cfg.py:3560}}[00m
2026-10-06 15:12:08.622 2261365 DEBUG oslo_service.backend._eventlet.service [req-c182fb29-8630-4022-8d98-420ab45e3c19 - - - - - -] backend_defaults.use_multipath_for_image_xfer = False [00;33m{{(pid=2261365) log_opt_values /opt/stack/data/venv/lib/python3.12/site-packages/oslo_config/cfg.py:3560}}[00m
2026-10-06 15:12:08.622 2261365 DEBUG oslo_service.backend._eventlet.service [req-c182fb29-8630-4022-8d98-420ab45e3c19 - - - - - -] backend_defaults.volume_backend_name = None [00;33m{{(pid=2261365) log_opt_values /opt/stack/data/venv/lib/python3.12/site-packages/oslo_config/cfg.py:3560}}[00m
2026-10-06 15:12:08.622 2261365 DEBUG oslo_service.backend._eventlet.service [req-c182fb29-8630-4022-8d98-420ab45e3c19 - - - - - -] backend_defaults.volume_clear  = zero [00;33m{{(pid=2261365) log_opt_values /opt/stack/data/venv/lib/python3.12/site-packages/oslo_config/cfg.py:3560}}[00m
2026-10-06 15:12:08.622 2261365 DEBUG oslo_service.backend._eventlet.service [req-c182fb29-8630-4022-8d98-420ab45e3c19 - - - - - -] backend_defaults.volume_clear_ionice = None [00;33m{{(pid=2261365) log_opt_values /opt/stack/data/venv/lib/python3.12/site-packages/oslo_config/cfg.py:3560}}[00m
2026-10-06 15:12:08.622 2261365 DEBUG oslo_service.backend._eventlet.service [req-c182fb29-8630-4022-8d98-420ab45e3c19 - - - - - -] backend_defaults.volume_clear_size = 0 [00;33m{{(pid=2261365) log_opt_values /opt/stack/data/venv/lib/python3.12/site-packages/oslo_config/cfg.py:3560}}[00m
2026-10-06 15:12:08.622 2261365 DEBUG oslo_service.backend._eventlet.service [req-c182fb29-8630-4022-8d98-420ab45e3c19 - - - - - -] backend_defaults.volume_copy_blkio_cgroup_name = cinder-volume-copy [00;33m{{(pid=2261365) log_opt_values /opt/stack/data/venv/lib/python3.12/site-packages/oslo_config/cfg.py:3560}}[00m
2026-10-06 15:12:08.622 2261365 DEBUG oslo_service.backend._eventlet.service [req-c182fb29-8630-4022-8d98-420ab45e3c19 - - - - - -] backend_defaults.volume_copy_bps_limit = 0 [00;33m{{(pid=2261365) log_opt_values /opt/stack/data/venv/lib/python3.12/site-packages/oslo_config/cfg.py:3560}}[00m
2026-10-06 15:12:08.623 2261365 DEBUG oslo_service.backend._eventlet.service [req-c182fb29-8630-4022-8d98-420ab45e3c19 - - - - - -] backend_defaults.volume_dd_blocksize = 1M [00;33m{{(pid=2261365) log_opt_values /opt/stack/data/venv/lib/python3.12/site-packages/oslo_config/cfg.py:3560}}[00m
2026-10-06 15:12:08.623 2261365 DEBUG oslo_service.backend._eventlet.service [req-c182fb29-8630-4022-8d98-420ab45e3c19 - - - - - -] backend_defaults.volume_driver = cinder.volume.drivers.lvm.LVMVolumeDriver [00;33m{{(pid=2261365) log_opt_values /opt/stack/data/venv/lib/python3.12/site-packages/oslo_config/cfg.py:3560}}[00m
2026-10-06 15:12:08.623 2261365 DEBUG oslo_service.backend._eventlet.service [req-c182fb29-8630-4022-8d98-420ab45e3c19 - - - - - -] backend_defaults.volumes_dir   = /opt/stack/data/cinder/volumes [00;33m{{(pid=2261365) log_opt_values /opt/stack/data/venv/lib/python3.12/site-packages/oslo_config/cfg.py:3560}}[00m
2026-10-06 15:12:08.623 2261365 DEBUG oslo_service.backend._eventlet.service [req-c182fb29-8630-4022-8d98-420ab45e3c19 - - - - - -] oslo_reports.file_event_handler = None [00;33m{{(pid=2261365) log_opt_values /opt/stack/data/venv/lib/python3.12/site-packages/oslo_config/cfg.py:3560}}[00m
2026-10-06 15:12:08.623 2261365 DEBUG oslo_service.backend._eventlet.service [req-c182fb29-8630-4022-8d98-420ab45e3c19 - - - - - -] oslo_reports.file_event_handler_interval = 1 [00;33m{{(pid=2261365) log_opt_values /opt/stack/data/venv/lib/python3.12/site-packages/oslo_config/cfg.py:3560}}[00m
2026-10-06 15:12:08.623 2261365 DEBUG oslo_service.backend._eventlet.service [req-c182fb29-8630-4022-8d98-420ab45e3c19 - - - - - -] oslo_reports.log_dir           = None [00;33m{{(pid=2261365) log_opt_values /opt/stack/data/venv/lib/python3.12/site-packages/oslo_config/cfg.py:3560}}[00m
2026-10-06 15:12:08.623 2261365 DEBUG oslo_service.backend._eventlet.service [req-c182fb29-8630-4022-8d98-420ab45e3c19 - - - - - -] hitachi.backend_availability_zone = None [00;33m{{(pid=2261365) log_opt_values /opt/stack/data/venv/lib/python3.12/site-packages/oslo_config/cfg.py:3560}}[00m
2026-10-06 15:12:08.623 2261365 DEBUG oslo_service.backend._eventlet.service [req-c182fb29-8630-4022-8d98-420ab45e3c19 - - - - - -] hitachi.backend_host           = None [00;33m{{(pid=2261365) log_opt_values /opt/stack/data/venv/lib/python3.12/site-packages/oslo_config/cfg.py:3560}}[00m
2026-10-06 15:12:08.623 2261365 DEBUG oslo_service.backend._eventlet.service [req-c182fb29-8630-4022-8d98-420ab45e3c19 - - - - - -] hitachi.backend_native_threads_pool_size = None [00;33m{{(pid=2261365) log_opt_values /opt/stack/data/venv/lib/python3.12/site-packages/oslo_config/cfg.py:3560}}[00m
2026-10-06 15:12:08.623 2261365 DEBUG oslo_service.backend._eventlet.service [req-c182fb29-8630-4022-8d98-420ab45e3c19 - - - - - -] hitachi.backup_use_temp_snapshot = None [00;33m{{(pid=2261365) log_opt_values /opt/stack/data/venv/lib/python3.12/site-packages/oslo_config/cfg.py:3560}}[00m
2026-10-06 15:12:08.623 2261365 DEBUG oslo_service.backend._eventlet.service [req-c182fb29-8630-4022-8d98-420ab45e3c19 - - - - - -] hitachi.chap_password          = **** [00;33m{{(pid=2261365) log_opt_values /opt/stack/data/venv/lib/python3.12/site-packages/oslo_config/cfg.py:3560}}[00m
2026-10-06 15:12:08.624 2261365 DEBUG oslo_service.backend._eventlet.service [req-c182fb29-8630-4022-8d98-420ab45e3c19 - - - - - -] hitachi.chap_username          = None [00;33m{{(pid=2261365) log_opt_values /opt/stack/data/venv/lib/python3.12/site-packages/oslo_config/cfg.py:3560}}[00m
2026-10-06 15:12:08.624 2261365 DEBUG oslo_service.backend._eventlet.service [req-c182fb29-8630-4022-8d98-420ab45e3c19 - - - - - -] hitachi.chiscsi_conf           = None [00;33m{{(pid=2261365) log_opt_values /opt/stack/data/venv/lib/python3.12/site-packages/oslo_config/cfg.py:3560}}[00m
2026-10-06 15:12:08.624 2261365 DEBUG oslo_service.backend._eventlet.service [req-c182fb29-8630-4022-8d98-420ab45e3c19 - - - - - -] hitachi.disk_geometry          = None [00;33m{{(pid=2261365) log_opt_values /opt/stack/data/venv/lib/python3.12/site-packages/oslo_config/cfg.py:3560}}[00m
2026-10-06 15:12:08.624 2261365 DEBUG oslo_service.backend._eventlet.service [req-c182fb29-8630-4022-8d98-420ab45e3c19 - - - - - -] hitachi.driver_client_cert     = None [00;33m{{(pid=2261365) log_opt_values /opt/stack/data/venv/lib/python3.12/site-packages/oslo_config/cfg.py:3560}}[00m
2026-10-06 15:12:08.624 2261365 DEBUG oslo_service.backend._eventlet.service [req-c182fb29-8630-4022-8d98-420ab45e3c19 - - - - - -] hitachi.driver_client_cert_key = None [00;33m{{(pid=2261365) log_opt_values /opt/stack/data/venv/lib/python3.12/site-packages/oslo_config/cfg.py:3560}}[00m
2026-10-06 15:12:08.624 2261365 DEBUG oslo_service.backend._eventlet.service [req-c182fb29-8630-4022-8d98-420ab45e3c19 - - - - - -] hitachi.driver_data_namespace  = None [00;33m{{(pid=2261365) log_opt_values /opt/stack/data/venv/lib/python3.12/site-packages/oslo_config/cfg.py:3560}}[00m
2026-10-06 15:12:08.624 2261365 DEBUG oslo_service.backend._eventlet.service [req-c182fb29-8630-4022-8d98-420ab45e3c19 - - - - - -] hitachi.driver_ssl_cert_path   = None [00;33m{{(pid=2261365) log_opt_values /opt/stack/data/venv/lib/python3.12/site-packages/oslo_config/cfg.py:3560}}[00m
2026-10-06 15:12:08.624 2261365 DEBUG oslo_service.backend._eventlet.service [req-c182fb29-8630-4022-8d98-420ab45e3c19 - - - - - -] hitachi.driver_ssl_cert_verify = None [00;33m{{(pid=2261365) log_opt_values /opt/stack/data/venv/lib/python3.12/site-packages/oslo_config/cfg.py:3560}}[00m
2026-10-06 15:12:08.624 2261365 DEBUG oslo_service.backend._eventlet.service [req-c182fb29-8630-4022-8d98-420ab45e3c19 - - - - - -] hitachi.driver_use_ssl         = None [00;33m{{(pid=2261365) log_opt_values /opt/stack/data/venv/lib/python3.12/site-packages/oslo_config/cfg.py:3560}}[00m
2026-10-06 15:12:08.624 2261365 DEBUG oslo_service.backend._eventlet.service [req-c182fb29-8630-4022-8d98-420ab45e3c19 - - - - - -] hitachi.enable_unsupported_driver = None [00;33m{{(pid=2261365) log_opt_values /opt/stack/data/venv/lib/python3.12/site-packages/oslo_config/cfg.py:3560}}[00m
2026-10-06 15:12:08.624 2261365 DEBUG oslo_service.backend._eventlet.service [req-c182fb29-8630-4022-8d98-420ab45e3c19 - - - - - -] hitachi.enforce_multipath_for_image_xfer = False [00;33m{{(pid=2261365) log_opt_values /opt/stack/data/venv/lib/python3.12/site-packages/oslo_config/cfg.py:3560}}[00m
2026-10-06 15:12:08.624 2261365 DEBUG oslo_service.backend._eventlet.service [req-c182fb29-8630-4022-8d98-420ab45e3c19 - - - - - -] hitachi.extra_capabilities     = None [00;33m{{(pid=2261365) log_opt_values /opt/stack/data/venv/lib/python3.12/site-packages/oslo_config/cfg.py:3560}}[00m
2026-10-06 15:12:08.625 2261365 DEBUG oslo_service.backend._eventlet.service [req-c182fb29-8630-4022-8d98-420ab45e3c19 - - - - - -] hitachi.filter_function        = None [00;33m{{(pid=2261365) log_opt_values /opt/stack/data/venv/lib/python3.12/site-packages/oslo_config/cfg.py:3560}}[00m
2026-10-06 15:12:08.625 2261365 DEBUG oslo_service.backend._eventlet.service [req-c182fb29-8630-4022-8d98-420ab45e3c19 - - - - - -] hitachi.goodness_function      = None [00;33m{{(pid=2261365) log_opt_values /opt/stack/data/venv/lib/python3.12/site-packages/oslo_config/cfg.py:3560}}[00m
2026-10-06 15:12:08.625 2261365 DEBUG oslo_service.backend._eventlet.service [req-c182fb29-8630-4022-8d98-420ab45e3c19 - - - - - -] hitachi.hitachi_async_copy_check_interval = None [00;33m{{(pid=2261365) log_opt_values /opt/stack/data/venv/lib/python3.12/site-packages/oslo_config/cfg.py:3560}}[00m
2026-10-06 15:12:08.625 2261365 DEBUG oslo_service.backend._eventlet.service [req-c182fb29-8630-4022-8d98-420ab45e3c19 - - - - - -] hitachi.hitachi_compute_target_ports = None [00;33m{{(pid=2261365) log_opt_values /opt/stack/data/venv/lib/python3.12/site-packages/oslo_config/cfg.py:3560}}[00m
2026-10-06 15:12:08.625 2261365 DEBUG oslo_service.backend._eventlet.service [req-c182fb29-8630-4022-8d98-420ab45e3c19 - - - - - -] hitachi.hitachi_copy_check_interval = None [00;33m{{(pid=2261365) log_opt_values /opt/stack/data/venv/lib/python3.12/site-packages/oslo_config/cfg.py:3560}}[00m
2026-10-06 15:12:08.625 2261365 DEBUG oslo_service.backend._eventlet.service [req-c182fb29-8630-4022-8d98-420ab45e3c19 - - - - - -] hitachi.hitachi_copy_speed     = 15 [00;33m{{(pid=2261365) log_opt_values /opt/stack/data/venv/lib/python3.12/site-packages/oslo_config/cfg.py:3560}}[00m
2026-10-06 15:12:08.625 2261365 DEBUG oslo_service.backend._eventlet.service [req-c182fb29-8630-4022-8d98-420ab45e3c19 - - - - - -] hitachi.hitachi_csv_delete_timeout = None [00;33m{{(pid=2261365) log_opt_values /opt/stack/data/venv/lib/python3.12/site-packages/oslo_config/cfg.py:3560}}[00m
2026-10-06 15:12:08.625 2261365 DEBUG oslo_service.backend._eventlet.service [req-c182fb29-8630-4022-8d98-420ab45e3c19 - - - - - -] hitachi.hitachi_discard_zero_page = None [00;33m{{(pid=2261365) log_opt_values /opt/stack/data/venv/lib/python3.12/site-packages/oslo_config/cfg.py:3560}}[00m
2026-10-06 15:12:08.625 2261365 DEBUG oslo_service.backend._eventlet.service [req-c182fb29-8630-4022-8d98-420ab45e3c19 - - - - - -] hitachi.hitachi_drs_default_csv = None [00;33m{{(pid=2261365) log_opt_values /opt/stack/data/venv/lib/python3.12/site-packages/oslo_config/cfg.py:3560}}[00m
2026-10-06 15:12:08.625 2261365 DEBUG oslo_service.backend._eventlet.service [req-c182fb29-8630-4022-8d98-420ab45e3c19 - - - - - -] hitachi.hitachi_exec_retry_interval = None [00;33m{{(pid=2261365) log_opt_values /opt/stack/data/venv/lib/python3.12/site-packages/oslo_config/cfg.py:3560}}[00m
2026-10-06 15:12:08.625 2261365 DEBUG oslo_service.backend._eventlet.service [req-c182fb29-8630-4022-8d98-420ab45e3c19 - - - - - -] hitachi.hitachi_extend_snapshot_volumes = True [00;33m{{(pid=2261365) log_opt_values /opt/stack/data/venv/lib/python3.12/site-packages/oslo_config/cfg.py:3560}}[00m
2026-10-06 15:12:08.625 2261365 DEBUG oslo_service.backend._eventlet.service [req-c182fb29-8630-4022-8d98-420ab45e3c19 - - - - - -] hitachi.hitachi_extend_timeout = None [00;33m{{(pid=2261365) log_opt_values /opt/stack/data/venv/lib/python3.12/site-packages/oslo_config/cfg.py:3560}}[00m
2026-10-06 15:12:08.626 2261365 DEBUG oslo_service.backend._eventlet.service [req-c182fb29-8630-4022-8d98-420ab45e3c19 - - - - - -] hitachi.hitachi_group_create   = True [00;33m{{(pid=2261365) log_opt_values /opt/stack/data/venv/lib/python3.12/site-packages/oslo_config/cfg.py:3560}}[00m
2026-10-06 15:12:08.626 2261365 DEBUG oslo_service.backend._eventlet.service [req-c182fb29-8630-4022-8d98-420ab45e3c19 - - - - - -] hitachi.hitachi_group_delete   = None [00;33m{{(pid=2261365) log_opt_values /opt/stack/data/venv/lib/python3.12/site-packages/oslo_config/cfg.py:3560}}[00m
2026-10-06 15:12:08.626 2261365 DEBUG oslo_service.backend._eventlet.service [req-c182fb29-8630-4022-8d98-420ab45e3c19 - - - - - -] hitachi.hitachi_group_name_format = None [00;33m{{(pid=2261365) log_opt_values /opt/stack/data/venv/lib/python3.12/site-packages/oslo_config/cfg.py:3560}}[00m
2026-10-06 15:12:08.626 2261365 DEBUG oslo_service.backend._eventlet.service [req-c182fb29-8630-4022-8d98-420ab45e3c19 - - - - - -] hitachi.hitachi_host_mode_options = [91, 68, 88, 122, 131, 7, 54, 63] [00;33m{{(pid=2261365) log_opt_values /opt/stack/data/venv/lib/python3.12/site-packages/oslo_config/cfg.py:3560}}[00m
2026-10-06 15:12:08.626 2261365 DEBUG oslo_service.backend._eventlet.service [req-c182fb29-8630-4022-8d98-420ab45e3c19 - - - - - -] hitachi.hitachi_ldev_range     = 22000-29399 [00;33m{{(pid=2261365) log_opt_values /opt/stack/data/venv/lib/python3.12/site-packages/oslo_config/cfg.py:3560}}[00m
2026-10-06 15:12:08.626 2261365 DEBUG oslo_service.backend._eventlet.service [req-c182fb29-8630-4022-8d98-420ab45e3c19 - - - - - -] hitachi.hitachi_lock_timeout   = None [00;33m{{(pid=2261365) log_opt_values /opt/stack/data/venv/lib/python3.12/site-packages/oslo_config/cfg.py:3560}}[00m
2026-10-06 15:12:08.626 2261365 DEBUG oslo_service.backend._eventlet.service [req-c182fb29-8630-4022-8d98-420ab45e3c19 - - - - - -] hitachi.hitachi_lun_retry_interval = None [00;33m{{(pid=2261365) log_opt_values /opt/stack/data/venv/lib/python3.12/site-packages/oslo_config/cfg.py:3560}}[00m
2026-10-06 15:12:08.626 2261365 DEBUG oslo_service.backend._eventlet.service [req-c182fb29-8630-4022-8d98-420ab45e3c19 - - - - - -] hitachi.hitachi_lun_timeout    = None [00;33m{{(pid=2261365) log_opt_values /opt/stack/data/venv/lib/python3.12/site-packages/oslo_config/cfg.py:3560}}[00m
2026-10-06 15:12:08.626 2261365 DEBUG oslo_service.backend._eventlet.service [req-c182fb29-8630-4022-8d98-420ab45e3c19 - - - - - -] hitachi.hitachi_manage_drs_volumes = None [00;33m{{(pid=2261365) log_opt_values /opt/stack/data/venv/lib/python3.12/site-packages/oslo_config/cfg.py:3560}}[00m
2026-10-06 15:12:08.626 2261365 DEBUG oslo_service.backend._eventlet.service [req-c182fb29-8630-4022-8d98-420ab45e3c19 - - - - - -] hitachi.hitachi_mirror_compute_target_ports = None [00;33m{{(pid=2261365) log_opt_values /opt/stack/data/venv/lib/python3.12/site-packages/oslo_config/cfg.py:3560}}[00m
2026-10-06 15:12:08.626 2261365 DEBUG oslo_service.backend._eventlet.service [req-c182fb29-8630-4022-8d98-420ab45e3c19 - - - - - -] hitachi.hitachi_mirror_ldev_range = None [00;33m{{(pid=2261365) log_opt_values /opt/stack/data/venv/lib/python3.12/site-packages/oslo_config/cfg.py:3560}}[00m
2026-10-06 15:12:08.627 2261365 DEBUG oslo_service.backend._eventlet.service [req-c182fb29-8630-4022-8d98-420ab45e3c19 - - - - - -] hitachi.hitachi_mirror_pair_target_number = None [00;33m{{(pid=2261365) log_opt_values /opt/stack/data/venv/lib/python3.12/site-packages/oslo_config/cfg.py:3560}}[00m
2026-10-06 15:12:08.627 2261365 DEBUG oslo_service.backend._eventlet.service [req-c182fb29-8630-4022-8d98-420ab45e3c19 - - - - - -] hitachi.hitachi_mirror_pool    = None [00;33m{{(pid=2261365) log_opt_values /opt/stack/data/venv/lib/python3.12/site-packages/oslo_config/cfg.py:3560}}[00m
2026-10-06 15:12:08.627 2261365 DEBUG oslo_service.backend._eventlet.service [req-c182fb29-8630-4022-8d98-420ab45e3c19 - - - - - -] hitachi.hitachi_mirror_snap_pool = None [00;33m{{(pid=2261365) log_opt_values /opt/stack/data/venv/lib/python3.12/site-packages/oslo_config/cfg.py:3560}}[00m
2026-10-06 15:12:08.627 2261365 DEBUG oslo_service.backend._eventlet.service [req-c182fb29-8630-4022-8d98-420ab45e3c19 - - - - - -] hitachi.hitachi_mirror_storage_id = None [00;33m{{(pid=2261365) log_opt_values /opt/stack/data/venv/lib/python3.12/site-packages/oslo_config/cfg.py:3560}}[00m
2026-10-06 15:12:08.627 2261365 DEBUG oslo_service.backend._eventlet.service [req-c182fb29-8630-4022-8d98-420ab45e3c19 - - - - - -] hitachi.hitachi_mirror_target_ports = None [00;33m{{(pid=2261365) log_opt_values /opt/stack/data/venv/lib/python3.12/site-packages/oslo_config/cfg.py:3560}}[00m
2026-10-06 15:12:08.627 2261365 DEBUG oslo_service.backend._eventlet.service [req-c182fb29-8630-4022-8d98-420ab45e3c19 - - - - - -] hitachi.hitachi_pair_target_number = None [00;33m{{(pid=2261365) log_opt_values /opt/stack/data/venv/lib/python3.12/site-packages/oslo_config/cfg.py:3560}}[00m
2026-10-06 15:12:08.627 2261365 DEBUG oslo_service.backend._eventlet.service [req-c182fb29-8630-4022-8d98-420ab45e3c19 - - - - - -] hitachi.hitachi_pools          = ['snewar_hdp_01'] [00;33m{{(pid=2261365) log_opt_values /opt/stack/data/venv/lib/python3.12/site-packages/oslo_config/cfg.py:3560}}[00m
2026-10-06 15:12:08.627 2261365 DEBUG oslo_service.backend._eventlet.service [req-c182fb29-8630-4022-8d98-420ab45e3c19 - - - - - -] hitachi.hitachi_report_discard_support = None [00;33m{{(pid=2261365) log_opt_values /opt/stack/data/venv/lib/python3.12/site-packages/oslo_config/cfg.py:3560}}[00m
2026-10-06 15:12:08.627 2261365 DEBUG oslo_service.backend._eventlet.service [req-c182fb29-8630-4022-8d98-420ab45e3c19 - - - - - -] hitachi.hitachi_rest_another_ldev_mapped_retry_timeout = None [00;33m{{(pid=2261365) log_opt_values /opt/stack/data/venv/lib/python3.12/site-packages/oslo_config/cfg.py:3560}}[00m
2026-10-06 15:12:08.627 2261365 DEBUG oslo_service.backend._eventlet.service [req-c182fb29-8630-4022-8d98-420ab45e3c19 - - - - - -] hitachi.hitachi_rest_connect_timeout = None [00;33m{{(pid=2261365) log_opt_values /opt/stack/data/venv/lib/python3.12/site-packages/oslo_config/cfg.py:3560}}[00m
2026-10-06 15:12:08.627 2261365 DEBUG oslo_service.backend._eventlet.service [req-c182fb29-8630-4022-8d98-420ab45e3c19 - - - - - -] hitachi.hitachi_rest_disable_io_wait = None [00;33m{{(pid=2261365) log_opt_values /opt/stack/data/venv/lib/python3.12/site-packages/oslo_config/cfg.py:3560}}[00m
2026-10-06 15:12:08.627 2261365 DEBUG oslo_service.backend._eventlet.service [req-c182fb29-8630-4022-8d98-420ab45e3c19 - - - - - -] hitachi.hitachi_rest_get_api_response_timeout = None [00;33m{{(pid=2261365) log_opt_values /opt/stack/data/venv/lib/python3.12/site-packages/oslo_config/cfg.py:3560}}[00m
2026-10-06 15:12:08.627 2261365 DEBUG oslo_service.backend._eventlet.service [req-c182fb29-8630-4022-8d98-420ab45e3c19 - - - - - -] hitachi.hitachi_rest_job_api_response_timeout = None [00;33m{{(pid=2261365) log_opt_values /opt/stack/data/venv/lib/python3.12/site-packages/oslo_config/cfg.py:3560}}[00m
2026-10-06 15:12:08.628 2261365 DEBUG oslo_service.backend._eventlet.service [req-c182fb29-8630-4022-8d98-420ab45e3c19 - - - - - -] hitachi.hitachi_rest_keep_session_loop_interval = None [00;33m{{(pid=2261365) log_opt_values /opt/stack/data/venv/lib/python3.12/site-packages/oslo_config/cfg.py:3560}}[00m
2026-10-06 15:12:08.628 2261365 DEBUG oslo_service.backend._eventlet.service [req-c182fb29-8630-4022-8d98-420ab45e3c19 - - - - - -] hitachi.hitachi_rest_max_request_workers = None [00;33m{{(pid=2261365) log_opt_values /opt/stack/data/venv/lib/python3.12/site-packages/oslo_config/cfg.py:3560}}[00m
2026-10-06 15:12:08.628 2261365 DEBUG oslo_service.backend._eventlet.service [req-c182fb29-8630-4022-8d98-420ab45e3c19 - - - - - -] hitachi.hitachi_rest_pair_target_ports = None [00;33m{{(pid=2261365) log_opt_values /opt/stack/data/venv/lib/python3.12/site-packages/oslo_config/cfg.py:3560}}[00m
2026-10-06 15:12:08.628 2261365 DEBUG oslo_service.backend._eventlet.service [req-c182fb29-8630-4022-8d98-420ab45e3c19 - - - - - -] hitachi.hitachi_rest_server_busy_timeout = None [00;33m{{(pid=2261365) log_opt_values /opt/stack/data/venv/lib/python3.12/site-packages/oslo_config/cfg.py:3560}}[00m
2026-10-06 15:12:08.628 2261365 DEBUG oslo_service.backend._eventlet.service [req-c182fb29-8630-4022-8d98-420ab45e3c19 - - - - - -] hitachi.hitachi_rest_tcp_keepalive = None [00;33m{{(pid=2261365) log_opt_values /opt/stack/data/venv/lib/python3.12/site-packages/oslo_config/cfg.py:3560}}[00m
2026-10-06 15:12:08.628 2261365 DEBUG oslo_service.backend._eventlet.service [req-c182fb29-8630-4022-8d98-420ab45e3c19 - - - - - -] hitachi.hitachi_rest_tcp_keepcnt = None [00;33m{{(pid=2261365) log_opt_values /opt/stack/data/venv/lib/python3.12/site-packages/oslo_config/cfg.py:3560}}[00m
2026-10-06 15:12:08.628 2261365 DEBUG oslo_service.backend._eventlet.service [req-c182fb29-8630-4022-8d98-420ab45e3c19 - - - - - -] hitachi.hitachi_rest_tcp_keepidle = None [00;33m{{(pid=2261365) log_opt_values /opt/stack/data/venv/lib/python3.12/site-packages/oslo_config/cfg.py:3560}}[00m
2026-10-06 15:12:08.628 2261365 DEBUG oslo_service.backend._eventlet.service [req-c182fb29-8630-4022-8d98-420ab45e3c19 - - - - - -] hitachi.hitachi_rest_tcp_keepintvl = None [00;33m{{(pid=2261365) log_opt_values /opt/stack/data/venv/lib/python3.12/site-packages/oslo_config/cfg.py:3560}}[00m
2026-10-06 15:12:08.628 2261365 DEBUG oslo_service.backend._eventlet.service [req-c182fb29-8630-4022-8d98-420ab45e3c19 - - - - - -] hitachi.hitachi_rest_timeout   = None [00;33m{{(pid=2261365) log_opt_values /opt/stack/data/venv/lib/python3.12/site-packages/oslo_config/cfg.py:3560}}[00m
2026-10-06 15:12:08.628 2261365 DEBUG oslo_service.backend._eventlet.service [req-c182fb29-8630-4022-8d98-420ab45e3c19 - - - - - -] hitachi.hitachi_rest_use_object_caching = None [00;33m{{(pid=2261365) log_opt_values /opt/stack/data/venv/lib/python3.12/site-packages/oslo_config/cfg.py:3560}}[00m
2026-10-06 15:12:08.628 2261365 DEBUG oslo_service.backend._eventlet.service [req-c182fb29-8630-4022-8d98-420ab45e3c19 - - - - - -] hitachi.hitachi_restore_timeout = None [00;33m{{(pid=2261365) log_opt_values /opt/stack/data/venv/lib/python3.12/site-packages/oslo_config/cfg.py:3560}}[00m
2026-10-06 15:12:08.628 2261365 DEBUG oslo_service.backend._eventlet.service [req-c182fb29-8630-4022-8d98-420ab45e3c19 - - - - - -] hitachi.hitachi_snap_pool      = None [00;33m{{(pid=2261365) log_opt_values /opt/stack/data/venv/lib/python3.12/site-packages/oslo_config/cfg.py:3560}}[00m
2026-10-06 15:12:08.628 2261365 DEBUG oslo_service.backend._eventlet.service [req-c182fb29-8630-4022-8d98-420ab45e3c19 - - - - - -] hitachi.hitachi_state_transition_timeout = 1800 [00;33m{{(pid=2261365) log_opt_values /opt/stack/data/venv/lib/python3.12/site-packages/oslo_config/cfg.py:3560}}[00m
2026-10-06 15:12:08.629 2261365 DEBUG oslo_service.backend._eventlet.service [req-c182fb29-8630-4022-8d98-420ab45e3c19 - - - - - -] hitachi.hitachi_storage_id     = 938000715036 [00;33m{{(pid=2261365) log_opt_values /opt/stack/data/venv/lib/python3.12/site-packages/oslo_config/cfg.py:3560}}[00m
2026-10-06 15:12:08.629 2261365 DEBUG oslo_service.backend._eventlet.service [req-c182fb29-8630-4022-8d98-420ab45e3c19 - - - - - -] hitachi.hitachi_target_ports   = ['CL1-C'] [00;33m{{(pid=2261365) log_opt_values /opt/stack/data/venv/lib/python3.12/site-packages/oslo_config/cfg.py:3560}}[00m
2026-10-06 15:12:08.629 2261365 DEBUG oslo_service.backend._eventlet.service [req-c182fb29-8630-4022-8d98-420ab45e3c19 - - - - - -] hitachi.hitachi_use_drs_volumes = None [00;33m{{(pid=2261365) log_opt_values /opt/stack/data/venv/lib/python3.12/site-packages/oslo_config/cfg.py:3560}}[00m
2026-10-06 15:12:08.629 2261365 DEBUG oslo_service.backend._eventlet.service [req-c182fb29-8630-4022-8d98-420ab45e3c19 - - - - - -] hitachi.hitachi_vcp_delete_sleep_interval = None [00;33m{{(pid=2261365) log_opt_values /opt/stack/data/venv/lib/python3.12/site-packages/oslo_config/cfg.py:3560}}[00m
2026-10-06 15:12:08.629 2261365 DEBUG oslo_service.backend._eventlet.service [req-c182fb29-8630-4022-8d98-420ab45e3c19 - - - - - -] hitachi.hitachi_vcp_delete_timeout = None [00;33m{{(pid=2261365) log_opt_values /opt/stack/data/venv/lib/python3.12/site-packages/oslo_config/cfg.py:3560}}[00m
2026-10-06 15:12:08.629 2261365 DEBUG oslo_service.backend._eventlet.service [req-c182fb29-8630-4022-8d98-420ab45e3c19 - - - - - -] hitachi.image_upload_use_cinder_backend = None [00;33m{{(pid=2261365) log_opt_values /opt/stack/data/venv/lib/python3.12/site-packages/oslo_config/cfg.py:3560}}[00m
2026-10-06 15:12:08.629 2261365 DEBUG oslo_service.backend._eventlet.service [req-c182fb29-8630-4022-8d98-420ab45e3c19 - - - - - -] hitachi.image_upload_use_internal_tenant = None [00;33m{{(pid=2261365) log_opt_values /opt/stack/data/venv/lib/python3.12/site-packages/oslo_config/cfg.py:3560}}[00m
2026-10-06 15:12:08.629 2261365 DEBUG oslo_service.backend._eventlet.service [req-c182fb29-8630-4022-8d98-420ab45e3c19 - - - - - -] hitachi.image_volume_cache_enabled = False [00;33m{{(pid=2261365) log_opt_values /opt/stack/data/venv/lib/python3.12/site-packages/oslo_config/cfg.py:3560}}[00m
2026-10-06 15:12:08.629 2261365 DEBUG oslo_service.backend._eventlet.service [req-c182fb29-8630-4022-8d98-420ab45e3c19 - - - - - -] hitachi.image_volume_cache_max_count = None [00;33m{{(pid=2261365) log_opt_values /opt/stack/data/venv/lib/python3.12/site-packages/oslo_config/cfg.py:3560}}[00m
2026-10-06 15:12:08.629 2261365 DEBUG oslo_service.backend._eventlet.service [req-c182fb29-8630-4022-8d98-420ab45e3c19 - - - - - -] hitachi.image_volume_cache_max_size_gb = None [00;33m{{(pid=2261365) log_opt_values /opt/stack/data/venv/lib/python3.12/site-packages/oslo_config/cfg.py:3560}}[00m
2026-10-06 15:12:08.629 2261365 DEBUG oslo_service.backend._eventlet.service [req-c182fb29-8630-4022-8d98-420ab45e3c19 - - - - - -] hitachi.iscsi_target_flags     = None [00;33m{{(pid=2261365) log_opt_values /opt/stack/data/venv/lib/python3.12/site-packages/oslo_config/cfg.py:3560}}[00m
2026-10-06 15:12:08.629 2261365 DEBUG oslo_service.backend._eventlet.service [req-c182fb29-8630-4022-8d98-420ab45e3c19 - - - - - -] hitachi.iscsi_write_cache      = None [00;33m{{(pid=2261365) log_opt_values /opt/stack/data/venv/lib/python3.12/site-packages/oslo_config/cfg.py:3560}}[00m
2026-10-06 15:12:08.630 2261365 DEBUG oslo_service.backend._eventlet.service [req-c182fb29-8630-4022-8d98-420ab45e3c19 - - - - - -] hitachi.iser_helper            = None [00;33m{{(pid=2261365) log_opt_values /opt/stack/data/venv/lib/python3.12/site-packages/oslo_config/cfg.py:3560}}[00m
2026-10-06 15:12:08.630 2261365 DEBUG oslo_service.backend._eventlet.service [req-c182fb29-8630-4022-8d98-420ab45e3c19 - - - - - -] hitachi.iser_ip_address        = None [00;33m{{(pid=2261365) log_opt_values /opt/stack/data/venv/lib/python3.12/site-packages/oslo_config/cfg.py:3560}}[00m
2026-10-06 15:12:08.630 2261365 DEBUG oslo_service.backend._eventlet.service [req-c182fb29-8630-4022-8d98-420ab45e3c19 - - - - - -] hitachi.iser_port              = None [00;33m{{(pid=2261365) log_opt_values /opt/stack/data/venv/lib/python3.12/site-packages/oslo_config/cfg.py:3560}}[00m
2026-10-06 15:12:08.630 2261365 DEBUG oslo_service.backend._eventlet.service [req-c182fb29-8630-4022-8d98-420ab45e3c19 - - - - - -] hitachi.iser_target_prefix     = None [00;33m{{(pid=2261365) log_opt_values /opt/stack/data/venv/lib/python3.12/site-packages/oslo_config/cfg.py:3560}}[00m
2026-10-06 15:12:08.630 2261365 DEBUG oslo_service.backend._eventlet.service [req-c182fb29-8630-4022-8d98-420ab45e3c19 - - - - - -] hitachi.max_over_subscription_ratio = 2147483647 [00;33m{{(pid=2261365) log_opt_values /opt/stack/data/venv/lib/python3.12/site-packages/oslo_config/cfg.py:3560}}[00m
2026-10-06 15:12:08.630 2261365 DEBUG oslo_service.backend._eventlet.service [req-c182fb29-8630-4022-8d98-420ab45e3c19 - - - - - -] hitachi.num_iser_scan_tries    = None [00;33m{{(pid=2261365) log_opt_values /opt/stack/data/venv/lib/python3.12/site-packages/oslo_config/cfg.py:3560}}[00m
2026-10-06 15:12:08.630 2261365 DEBUG oslo_service.backend._eventlet.service [req-c182fb29-8630-4022-8d98-420ab45e3c19 - - - - - -] hitachi.num_shell_tries        = None [00;33m{{(pid=2261365) log_opt_values /opt/stack/data/venv/lib/python3.12/site-packages/oslo_config/cfg.py:3560}}[00m
2026-10-06 15:12:08.630 2261365 DEBUG oslo_service.backend._eventlet.service [req-c182fb29-8630-4022-8d98-420ab45e3c19 - - - - - -] hitachi.num_volume_device_scan_tries = 5 [00;33m{{(pid=2261365) log_opt_values /opt/stack/data/venv/lib/python3.12/site-packages/oslo_config/cfg.py:3560}}[00m
2026-10-06 15:12:08.630 2261365 DEBUG oslo_service.backend._eventlet.service [req-c182fb29-8630-4022-8d98-420ab45e3c19 - - - - - -] hitachi.nvmeof_conn_info_version = None [00;33m{{(pid=2261365) log_opt_values /opt/stack/data/venv/lib/python3.12/site-packages/oslo_config/cfg.py:3560}}[00m
2026-10-06 15:12:08.630 2261365 DEBUG oslo_service.backend._eventlet.service [req-c182fb29-8630-4022-8d98-420ab45e3c19 - - - - - -] hitachi.nvmet_ns_id            = None [00;33m{{(pid=2261365) log_opt_values /opt/stack/data/venv/lib/python3.12/site-packages/oslo_config/cfg.py:3560}}[00m
2026-10-06 15:12:08.630 2261365 DEBUG oslo_service.backend._eventlet.service [req-c182fb29-8630-4022-8d98-420ab45e3c19 - - - - - -] hitachi.nvmet_port_id          = None [00;33m{{(pid=2261365) log_opt_values /opt/stack/data/venv/lib/python3.12/site-packages/oslo_config/cfg.py:3560}}[00m
2026-10-06 15:12:08.630 2261365 DEBUG oslo_service.backend._eventlet.service [req-c182fb29-8630-4022-8d98-420ab45e3c19 - - - - - -] hitachi.replication_device     = **** [00;33m{{(pid=2261365) log_opt_values /opt/stack/data/venv/lib/python3.12/site-packages/oslo_config/cfg.py:3560}}[00m
2026-10-06 15:12:08.630 2261365 DEBUG oslo_service.backend._eventlet.service [req-c182fb29-8630-4022-8d98-420ab45e3c19 - - - - - -] hitachi.report_discard_supported = None [00;33m{{(pid=2261365) log_opt_values /opt/stack/data/venv/lib/python3.12/site-packages/oslo_config/cfg.py:3560}}[00m
2026-10-06 15:12:08.631 2261365 DEBUG oslo_service.backend._eventlet.service [req-c182fb29-8630-4022-8d98-420ab45e3c19 - - - - - -] hitachi.reserved_percentage    = None [00;33m{{(pid=2261365) log_opt_values /opt/stack/data/venv/lib/python3.12/site-packages/oslo_config/cfg.py:3560}}[00m
2026-10-06 15:12:08.631 2261365 DEBUG oslo_service.backend._eventlet.service [req-c182fb29-8630-4022-8d98-420ab45e3c19 - - - - - -] hitachi.san_api_port           = 443 [00;33m{{(pid=2261365) log_opt_values /opt/stack/data/venv/lib/python3.12/site-packages/oslo_config/cfg.py:3560}}[00m
2026-10-06 15:12:08.631 2261365 DEBUG oslo_service.backend._eventlet.service [req-c182fb29-8630-4022-8d98-420ab45e3c19 - - - - - -] hitachi.san_clustername        = None [00;33m{{(pid=2261365) log_opt_values /opt/stack/data/venv/lib/python3.12/site-packages/oslo_config/cfg.py:3560}}[00m
2026-10-06 15:12:08.631 2261365 DEBUG oslo_service.backend._eventlet.service [req-c182fb29-8630-4022-8d98-420ab45e3c19 - - - - - -] hitachi.san_ip                 = 172.25.44.127 [00;33m{{(pid=2261365) log_opt_values /opt/stack/data/venv/lib/python3.12/site-packages/oslo_config/cfg.py:3560}}[00m
2026-10-06 15:12:08.631 2261365 DEBUG oslo_service.backend._eventlet.service [req-c182fb29-8630-4022-8d98-420ab45e3c19 - - - - - -] hitachi.san_is_local           = None [00;33m{{(pid=2261365) log_opt_values /opt/stack/data/venv/lib/python3.12/site-packages/oslo_config/cfg.py:3560}}[00m
2026-10-06 15:12:08.631 2261365 DEBUG oslo_service.backend._eventlet.service [req-c182fb29-8630-4022-8d98-420ab45e3c19 - - - - - -] hitachi.san_login              = ucpa [00;33m{{(pid=2261365) log_opt_values /opt/stack/data/venv/lib/python3.12/site-packages/oslo_config/cfg.py:3560}}[00m
2026-10-06 15:12:08.631 2261365 DEBUG oslo_service.backend._eventlet.service [req-c182fb29-8630-4022-8d98-420ab45e3c19 - - - - - -] hitachi.san_password           = **** [00;33m{{(pid=2261365) log_opt_values /opt/stack/data/venv/lib/python3.12/site-packages/oslo_config/cfg.py:3560}}[00m
2026-10-06 15:12:08.631 2261365 DEBUG oslo_service.backend._eventlet.service [req-c182fb29-8630-4022-8d98-420ab45e3c19 - - - - - -] hitachi.san_private_key        = None [00;33m{{(pid=2261365) log_opt_values /opt/stack/data/venv/lib/python3.12/site-packages/oslo_config/cfg.py:3560}}[00m
2026-10-06 15:12:08.631 2261365 DEBUG oslo_service.backend._eventlet.service [req-c182fb29-8630-4022-8d98-420ab45e3c19 - - - - - -] hitachi.san_ssh_port           = None [00;33m{{(pid=2261365) log_opt_values /opt/stack/data/venv/lib/python3.12/site-packages/oslo_config/cfg.py:3560}}[00m
2026-10-06 15:12:08.631 2261365 DEBUG oslo_service.backend._eventlet.service [req-c182fb29-8630-4022-8d98-420ab45e3c19 - - - - - -] hitachi.san_thin_provision     = None [00;33m{{(pid=2261365) log_opt_values /opt/stack/data/venv/lib/python3.12/site-packages/oslo_config/cfg.py:3560}}[00m
2026-10-06 15:12:08.631 2261365 DEBUG oslo_service.backend._eventlet.service [req-c182fb29-8630-4022-8d98-420ab45e3c19 - - - - - -] hitachi.scst_target_driver     = None [00;33m{{(pid=2261365) log_opt_values /opt/stack/data/venv/lib/python3.12/site-packages/oslo_config/cfg.py:3560}}[00m
2026-10-06 15:12:08.631 2261365 DEBUG oslo_service.backend._eventlet.service [req-c182fb29-8630-4022-8d98-420ab45e3c19 - - - - - -] hitachi.scst_target_iqn_name   = None [00;33m{{(pid=2261365) log_opt_values /opt/stack/data/venv/lib/python3.12/site-packages/oslo_config/cfg.py:3560}}[00m
2026-10-06 15:12:08.632 2261365 DEBUG oslo_service.backend._eventlet.service [req-c182fb29-8630-4022-8d98-420ab45e3c19 - - - - - -] hitachi.ssh_conn_timeout       = None [00;33m{{(pid=2261365) log_opt_values /opt/stack/data/venv/lib/python3.12/site-packages/oslo_config/cfg.py:3560}}[00m
2026-10-06 15:12:08.632 2261365 DEBUG oslo_service.backend._eventlet.service [req-c182fb29-8630-4022-8d98-420ab45e3c19 - - - - - -] hitachi.ssh_max_pool_conn      = None [00;33m{{(pid=2261365) log_opt_values /opt/stack/data/venv/lib/python3.12/site-packages/oslo_config/cfg.py:3560}}[00m
2026-10-06 15:12:08.632 2261365 DEBUG oslo_service.backend._eventlet.service [req-c182fb29-8630-4022-8d98-420ab45e3c19 - - - - - -] hitachi.ssh_min_pool_conn      = None [00;33m{{(pid=2261365) log_opt_values /opt/stack/data/venv/lib/python3.12/site-packages/oslo_config/cfg.py:3560}}[00m
2026-10-06 15:12:08.632 2261365 DEBUG oslo_service.backend._eventlet.service [req-c182fb29-8630-4022-8d98-420ab45e3c19 - - - - - -] hitachi.storage_protocol       = None [00;33m{{(pid=2261365) log_opt_values /opt/stack/data/venv/lib/python3.12/site-packages/oslo_config/cfg.py:3560}}[00m
2026-10-06 15:12:08.632 2261365 DEBUG oslo_service.backend._eventlet.service [req-c182fb29-8630-4022-8d98-420ab45e3c19 - - - - - -] hitachi.suppress_requests_ssl_warnings = True [00;33m{{(pid=2261365) log_opt_values /opt/stack/data/venv/lib/python3.12/site-packages/oslo_config/cfg.py:3560}}[00m
2026-10-06 15:12:08.632 2261365 DEBUG oslo_service.backend._eventlet.service [req-c182fb29-8630-4022-8d98-420ab45e3c19 - - - - - -] hitachi.target_helper          = None [00;33m{{(pid=2261365) log_opt_values /opt/stack/data/venv/lib/python3.12/site-packages/oslo_config/cfg.py:3560}}[00m
2026-10-06 15:12:08.632 2261365 DEBUG oslo_service.backend._eventlet.service [req-c182fb29-8630-4022-8d98-420ab45e3c19 - - - - - -] hitachi.target_ip_address      = None [00;33m{{(pid=2261365) log_opt_values /opt/stack/data/venv/lib/python3.12/site-packages/oslo_config/cfg.py:3560}}[00m
2026-10-06 15:12:08.632 2261365 DEBUG oslo_service.backend._eventlet.service [req-c182fb29-8630-4022-8d98-420ab45e3c19 - - - - - -] hitachi.target_port            = None [00;33m{{(pid=2261365) log_opt_values /opt/stack/data/venv/lib/python3.12/site-packages/oslo_config/cfg.py:3560}}[00m
2026-10-06 15:12:08.632 2261365 DEBUG oslo_service.backend._eventlet.service [req-c182fb29-8630-4022-8d98-420ab45e3c19 - - - - - -] hitachi.target_prefix          = None [00;33m{{(pid=2261365) log_opt_values /opt/stack/data/venv/lib/python3.12/site-packages/oslo_config/cfg.py:3560}}[00m
2026-10-06 15:12:08.632 2261365 DEBUG oslo_service.backend._eventlet.service [req-c182fb29-8630-4022-8d98-420ab45e3c19 - - - - - -] hitachi.target_protocol        = None [00;33m{{(pid=2261365) log_opt_values /opt/stack/data/venv/lib/python3.12/site-packages/oslo_config/cfg.py:3560}}[00m
2026-10-06 15:12:08.632 2261365 DEBUG oslo_service.backend._eventlet.service [req-c182fb29-8630-4022-8d98-420ab45e3c19 - - - - - -] hitachi.target_secondary_ip_addresses = None [00;33m{{(pid=2261365) log_opt_values /opt/stack/data/venv/lib/python3.12/site-packages/oslo_config/cfg.py:3560}}[00m
2026-10-06 15:12:08.632 2261365 DEBUG oslo_service.backend._eventlet.service [req-c182fb29-8630-4022-8d98-420ab45e3c19 - - - - - -] hitachi.trace_flags            = None [00;33m{{(pid=2261365) log_opt_values /opt/stack/data/venv/lib/python3.12/site-packages/oslo_config/cfg.py:3560}}[00m
2026-10-06 15:12:08.633 2261365 DEBUG oslo_service.backend._eventlet.service [req-c182fb29-8630-4022-8d98-420ab45e3c19 - - - - - -] hitachi.unique_fqdn_network    = None [00;33m{{(pid=2261365) log_opt_values /opt/stack/data/venv/lib/python3.12/site-packages/oslo_config/cfg.py:3560}}[00m
2026-10-06 15:12:08.633 2261365 DEBUG oslo_service.backend._eventlet.service [req-c182fb29-8630-4022-8d98-420ab45e3c19 - - - - - -] hitachi.use_chap_auth          = None [00;33m{{(pid=2261365) log_opt_values /opt/stack/data/venv/lib/python3.12/site-packages/oslo_config/cfg.py:3560}}[00m
2026-10-06 15:12:08.633 2261365 DEBUG oslo_service.backend._eventlet.service [req-c182fb29-8630-4022-8d98-420ab45e3c19 - - - - - -] hitachi.use_multipath_for_image_xfer = False [00;33m{{(pid=2261365) log_opt_values /opt/stack/data/venv/lib/python3.12/site-packages/oslo_config/cfg.py:3560}}[00m
2026-10-06 15:12:08.633 2261365 DEBUG oslo_service.backend._eventlet.service [req-c182fb29-8630-4022-8d98-420ab45e3c19 - - - - - -] hitachi.volume_backend_name    = hitachi [00;33m{{(pid=2261365) log_opt_values /opt/stack/data/venv/lib/python3.12/site-packages/oslo_config/cfg.py:3560}}[00m
2026-10-06 15:12:08.633 2261365 DEBUG oslo_service.backend._eventlet.service [req-c182fb29-8630-4022-8d98-420ab45e3c19 - - - - - -] hitachi.volume_clear           = None [00;33m{{(pid=2261365) log_opt_values /opt/stack/data/venv/lib/python3.12/site-packages/oslo_config/cfg.py:3560}}[00m
2026-10-06 15:12:08.633 2261365 DEBUG oslo_service.backend._eventlet.service [req-c182fb29-8630-4022-8d98-420ab45e3c19 - - - - - -] hitachi.volume_clear_ionice    = None [00;33m{{(pid=2261365) log_opt_values /opt/stack/data/venv/lib/python3.12/site-packages/oslo_config/cfg.py:3560}}[00m
2026-10-06 15:12:08.633 2261365 DEBUG oslo_service.backend._eventlet.service [req-c182fb29-8630-4022-8d98-420ab45e3c19 - - - - - -] hitachi.volume_clear_size      = None [00;33m{{(pid=2261365) log_opt_values /opt/stack/data/venv/lib/python3.12/site-packages/oslo_config/cfg.py:3560}}[00m
2026-10-06 15:12:08.633 2261365 DEBUG oslo_service.backend._eventlet.service [req-c182fb29-8630-4022-8d98-420ab45e3c19 - - - - - -] hitachi.volume_copy_blkio_cgroup_name = None [00;33m{{(pid=2261365) log_opt_values /opt/stack/data/venv/lib/python3.12/site-packages/oslo_config/cfg.py:3560}}[00m
2026-10-06 15:12:08.633 2261365 DEBUG oslo_service.backend._eventlet.service [req-c182fb29-8630-4022-8d98-420ab45e3c19 - - - - - -] hitachi.volume_copy_bps_limit  = None [00;33m{{(pid=2261365) log_opt_values /opt/stack/data/venv/lib/python3.12/site-packages/oslo_config/cfg.py:3560}}[00m
2026-10-06 15:12:08.633 2261365 DEBUG oslo_service.backend._eventlet.service [req-c182fb29-8630-4022-8d98-420ab45e3c19 - - - - - -] hitachi.volume_dd_blocksize    = None [00;33m{{(pid=2261365) log_opt_values /opt/stack/data/venv/lib/python3.12/site-packages/oslo_config/cfg.py:3560}}[00m
2026-10-06 15:12:08.633 2261365 DEBUG oslo_service.backend._eventlet.service [req-c182fb29-8630-4022-8d98-420ab45e3c19 - - - - - -] hitachi.volume_driver          = cinder.volume.drivers.hitachi.hbsd_iscsi.HBSDISCSIDriver [00;33m{{(pid=2261365) log_opt_values /opt/stack/data/venv/lib/python3.12/site-packages/oslo_config/cfg.py:3560}}[00m
2026-10-06 15:12:08.633 2261365 DEBUG oslo_service.backend._eventlet.service [req-c182fb29-8630-4022-8d98-420ab45e3c19 - - - - - -] hitachi.volumes_dir            = None [00;33m{{(pid=2261365) log_opt_values /opt/stack/data/venv/lib/python3.12/site-packages/oslo_config/cfg.py:3560}}[00m
2026-10-06 15:12:08.634 2261365 DEBUG oslo_service.backend._eventlet.service [req-c182fb29-8630-4022-8d98-420ab45e3c19 - - - - - -] oslo_messaging_rabbit.amqp_auto_delete = False [00;33m{{(pid=2261365) log_opt_values /opt/stack/data/venv/lib/python3.12/site-packages/oslo_config/cfg.py:3560}}[00m
2026-10-06 15:12:08.634 2261365 DEBUG oslo_service.backend._eventlet.service [req-c182fb29-8630-4022-8d98-420ab45e3c19 - - - - - -] oslo_messaging_rabbit.amqp_durable_queues = False [00;33m{{(pid=2261365) log_opt_values /opt/stack/data/venv/lib/python3.12/site-packages/oslo_config/cfg.py:3560}}[00m
2026-10-06 15:12:08.634 2261365 DEBUG oslo_service.backend._eventlet.service [req-c182fb29-8630-4022-8d98-420ab45e3c19 - - - - - -] oslo_messaging_rabbit.conn_pool_min_size = 2 [00;33m{{(pid=2261365) log_opt_values /opt/stack/data/venv/lib/python3.12/site-packages/oslo_config/cfg.py:3560}}[00m
2026-10-06 15:12:08.634 2261365 DEBUG oslo_service.backend._eventlet.service [req-c182fb29-8630-4022-8d98-420ab45e3c19 - - - - - -] oslo_messaging_rabbit.conn_pool_ttl = 1200 [00;33m{{(pid=2261365) log_opt_values /opt/stack/data/venv/lib/python3.12/site-packages/oslo_config/cfg.py:3560}}[00m
2026-10-06 15:12:08.634 2261365 DEBUG oslo_service.backend._eventlet.service [req-c182fb29-8630-4022-8d98-420ab45e3c19 - - - - - -] oslo_messaging_rabbit.direct_mandatory_flag = True [00;33m{{(pid=2261365) log_opt_values /opt/stack/data/venv/lib/python3.12/site-packages/oslo_config/cfg.py:3560}}[00m
2026-10-06 15:12:08.634 2261365 DEBUG oslo_service.backend._eventlet.service [req-c182fb29-8630-4022-8d98-420ab45e3c19 - - - - - -] oslo_messaging_rabbit.enable_cancel_on_failover = False [00;33m{{(pid=2261365) log_opt_values /opt/stack/data/venv/lib/python3.12/site-packages/oslo_config/cfg.py:3560}}[00m
2026-10-06 15:12:08.634 2261365 DEBUG oslo_service.backend._eventlet.service [req-c182fb29-8630-4022-8d98-420ab45e3c19 - - - - - -] oslo_messaging_rabbit.heartbeat_rate = 3 [00;33m{{(pid=2261365) log_opt_values /opt/stack/data/venv/lib/python3.12/site-packages/oslo_config/cfg.py:3560}}[00m
2026-10-06 15:12:08.634 2261365 DEBUG oslo_service.backend._eventlet.service [req-c182fb29-8630-4022-8d98-420ab45e3c19 - - - - - -] oslo_messaging_rabbit.heartbeat_timeout_threshold = 60 [00;33m{{(pid=2261365) log_opt_values /opt/stack/data/venv/lib/python3.12/site-packages/oslo_config/cfg.py:3560}}[00m
2026-10-06 15:12:08.634 2261365 DEBUG oslo_service.backend._eventlet.service [req-c182fb29-8630-4022-8d98-420ab45e3c19 - - - - - -] oslo_messaging_rabbit.hostname = devstack-92-210 [00;33m{{(pid=2261365) log_opt_values /opt/stack/data/venv/lib/python3.12/site-packages/oslo_config/cfg.py:3560}}[00m
2026-10-06 15:12:08.634 2261365 DEBUG oslo_service.backend._eventlet.service [req-c182fb29-8630-4022-8d98-420ab45e3c19 - - - - - -] oslo_messaging_rabbit.kombu_compression = None [00;33m{{(pid=2261365) log_opt_values /opt/stack/data/venv/lib/python3.12/site-packages/oslo_config/cfg.py:3560}}[00m
2026-10-06 15:12:08.634 2261365 DEBUG oslo_service.backend._eventlet.service [req-c182fb29-8630-4022-8d98-420ab45e3c19 - - - - - -] oslo_messaging_rabbit.kombu_failover_strategy = round-robin [00;33m{{(pid=2261365) log_opt_values /opt/stack/data/venv/lib/python3.12/site-packages/oslo_config/cfg.py:3560}}[00m
2026-10-06 15:12:08.634 2261365 DEBUG oslo_service.backend._eventlet.service [req-c182fb29-8630-4022-8d98-420ab45e3c19 - - - - - -] oslo_messaging_rabbit.kombu_missing_consumer_retry_timeout = 60 [00;33m{{(pid=2261365) log_opt_values /opt/stack/data/venv/lib/python3.12/site-packages/oslo_config/cfg.py:3560}}[00m
2026-10-06 15:12:08.635 2261365 DEBUG oslo_service.backend._eventlet.service [req-c182fb29-8630-4022-8d98-420ab45e3c19 - - - - - -] oslo_messaging_rabbit.kombu_reconnect_delay = 1.0 [00;33m{{(pid=2261365) log_opt_values /opt/stack/data/venv/lib/python3.12/site-packages/oslo_config/cfg.py:3560}}[00m
2026-10-06 15:12:08.635 2261365 DEBUG oslo_service.backend._eventlet.service [req-c182fb29-8630-4022-8d98-420ab45e3c19 - - - - - -] oslo_messaging_rabbit.kombu_reconnect_splay = 0.0 [00;33m{{(pid=2261365) log_opt_values /opt/stack/data/venv/lib/python3.12/site-packages/oslo_config/cfg.py:3560}}[00m
2026-10-06 15:12:08.635 2261365 DEBUG oslo_service.backend._eventlet.service [req-c182fb29-8630-4022-8d98-420ab45e3c19 - - - - - -] oslo_messaging_rabbit.processname = cinder-volume [00;33m{{(pid=2261365) log_opt_values /opt/stack/data/venv/lib/python3.12/site-packages/oslo_config/cfg.py:3560}}[00m
2026-10-06 15:12:08.635 2261365 DEBUG oslo_service.backend._eventlet.service [req-c182fb29-8630-4022-8d98-420ab45e3c19 - - - - - -] oslo_messaging_rabbit.rabbit_ha_queues = False [00;33m{{(pid=2261365) log_opt_values /opt/stack/data/venv/lib/python3.12/site-packages/oslo_config/cfg.py:3560}}[00m
2026-10-06 15:12:08.635 2261365 DEBUG oslo_service.backend._eventlet.service [req-c182fb29-8630-4022-8d98-420ab45e3c19 - - - - - -] oslo_messaging_rabbit.rabbit_interval_max = 30 [00;33m{{(pid=2261365) log_opt_values /opt/stack/data/venv/lib/python3.12/site-packages/oslo_config/cfg.py:3560}}[00m
2026-10-06 15:12:08.635 2261365 DEBUG oslo_service.backend._eventlet.service [req-c182fb29-8630-4022-8d98-420ab45e3c19 - - - - - -] oslo_messaging_rabbit.rabbit_login_method = AMQPLAIN [00;33m{{(pid=2261365) log_opt_values /opt/stack/data/venv/lib/python3.12/site-packages/oslo_config/cfg.py:3560}}[00m
2026-10-06 15:12:08.635 2261365 DEBUG oslo_service.backend._eventlet.service [req-c182fb29-8630-4022-8d98-420ab45e3c19 - - - - - -] oslo_messaging_rabbit.rabbit_qos_prefetch_count = 0 [00;33m{{(pid=2261365) log_opt_values /opt/stack/data/venv/lib/python3.12/site-packages/oslo_config/cfg.py:3560}}[00m
2026-10-06 15:12:08.635 2261365 DEBUG oslo_service.backend._eventlet.service [req-c182fb29-8630-4022-8d98-420ab45e3c19 - - - - - -] oslo_messaging_rabbit.rabbit_quorum_delivery_limit = 0 [00;33m{{(pid=2261365) log_opt_values /opt/stack/data/venv/lib/python3.12/site-packages/oslo_config/cfg.py:3560}}[00m
2026-10-06 15:12:08.635 2261365 DEBUG oslo_service.backend._eventlet.service [req-c182fb29-8630-4022-8d98-420ab45e3c19 - - - - - -] oslo_messaging_rabbit.rabbit_quorum_max_memory_bytes = 0 [00;33m{{(pid=2261365) log_opt_values /opt/stack/data/venv/lib/python3.12/site-packages/oslo_config/cfg.py:3560}}[00m
2026-10-06 15:12:08.635 2261365 DEBUG oslo_service.backend._eventlet.service [req-c182fb29-8630-4022-8d98-420ab45e3c19 - - - - - -] oslo_messaging_rabbit.rabbit_quorum_max_memory_length = 0 [00;33m{{(pid=2261365) log_opt_values /opt/stack/data/venv/lib/python3.12/site-packages/oslo_config/cfg.py:3560}}[00m
2026-10-06 15:12:08.635 2261365 DEBUG oslo_service.backend._eventlet.service [req-c182fb29-8630-4022-8d98-420ab45e3c19 - - - - - -] oslo_messaging_rabbit.rabbit_quorum_queue = False [00;33m{{(pid=2261365) log_opt_values /opt/stack/data/venv/lib/python3.12/site-packages/oslo_config/cfg.py:3560}}[00m
2026-10-06 15:12:08.635 2261365 DEBUG oslo_service.backend._eventlet.service [req-c182fb29-8630-4022-8d98-420ab45e3c19 - - - - - -] oslo_messaging_rabbit.rabbit_retry_backoff = 2 [00;33m{{(pid=2261365) log_opt_values /opt/stack/data/venv/lib/python3.12/site-packages/oslo_config/cfg.py:3560}}[00m
2026-10-06 15:12:08.636 2261365 DEBUG oslo_service.backend._eventlet.service [req-c182fb29-8630-4022-8d98-420ab45e3c19 - - - - - -] oslo_messaging_rabbit.rabbit_retry_interval = 1 [00;33m{{(pid=2261365) log_opt_values /opt/stack/data/venv/lib/python3.12/site-packages/oslo_config/cfg.py:3560}}[00m
2026-10-06 15:12:08.636 2261365 DEBUG oslo_service.backend._eventlet.service [req-c182fb29-8630-4022-8d98-420ab45e3c19 - - - - - -] oslo_messaging_rabbit.rabbit_stream_fanout = False [00;33m{{(pid=2261365) log_opt_values /opt/stack/data/venv/lib/python3.12/site-packages/oslo_config/cfg.py:3560}}[00m
2026-10-06 15:12:08.636 2261365 DEBUG oslo_service.backend._eventlet.service [req-c182fb29-8630-4022-8d98-420ab45e3c19 - - - - - -] oslo_messaging_rabbit.rabbit_transient_queues_ttl = 1800 [00;33m{{(pid=2261365) log_opt_values /opt/stack/data/venv/lib/python3.12/site-packages/oslo_config/cfg.py:3560}}[00m
2026-10-06 15:12:08.636 2261365 DEBUG oslo_service.backend._eventlet.service [req-c182fb29-8630-4022-8d98-420ab45e3c19 - - - - - -] oslo_messaging_rabbit.rabbit_transient_quorum_queue = False [00;33m{{(pid=2261365) log_opt_values /opt/stack/data/venv/lib/python3.12/site-packages/oslo_config/cfg.py:3560}}[00m
2026-10-06 15:12:08.636 2261365 DEBUG oslo_service.backend._eventlet.service [req-c182fb29-8630-4022-8d98-420ab45e3c19 - - - - - -] oslo_messaging_rabbit.rpc_conn_pool_size = 30 [00;33m{{(pid=2261365) log_opt_values /opt/stack/data/venv/lib/python3.12/site-packages/oslo_config/cfg.py:3560}}[00m
2026-10-06 15:12:08.636 2261365 DEBUG oslo_service.backend._eventlet.service [req-c182fb29-8630-4022-8d98-420ab45e3c19 - - - - - -] oslo_messaging_rabbit.ssl      = False [00;33m{{(pid=2261365) log_opt_values /opt/stack/data/venv/lib/python3.12/site-packages/oslo_config/cfg.py:3560}}[00m
2026-10-06 15:12:08.636 2261365 DEBUG oslo_service.backend._eventlet.service [req-c182fb29-8630-4022-8d98-420ab45e3c19 - - - - - -] oslo_messaging_rabbit.ssl_ca_file =  [00;33m{{(pid=2261365) log_opt_values /opt/stack/data/venv/lib/python3.12/site-packages/oslo_config/cfg.py:3560}}[00m
2026-10-06 15:12:08.636 2261365 DEBUG oslo_service.backend._eventlet.service [req-c182fb29-8630-4022-8d98-420ab45e3c19 - - - - - -] oslo_messaging_rabbit.ssl_cert_file =  [00;33m{{(pid=2261365) log_opt_values /opt/stack/data/venv/lib/python3.12/site-packages/oslo_config/cfg.py:3560}}[00m
2026-10-06 15:12:08.636 2261365 DEBUG oslo_service.backend._eventlet.service [req-c182fb29-8630-4022-8d98-420ab45e3c19 - - - - - -] oslo_messaging_rabbit.ssl_enforce_fips_mode = False [00;33m{{(pid=2261365) log_opt_values /opt/stack/data/venv/lib/python3.12/site-packages/oslo_config/cfg.py:3560}}[00m
2026-10-06 15:12:08.636 2261365 DEBUG oslo_service.backend._eventlet.service [req-c182fb29-8630-4022-8d98-420ab45e3c19 - - - - - -] oslo_messaging_rabbit.ssl_enforce_hostname_verification = True [00;33m{{(pid=2261365) log_opt_values /opt/stack/data/venv/lib/python3.12/site-packages/oslo_config/cfg.py:3560}}[00m
2026-10-06 15:12:08.636 2261365 DEBUG oslo_service.backend._eventlet.service [req-c182fb29-8630-4022-8d98-420ab45e3c19 - - - - - -] oslo_messaging_rabbit.ssl_key_file =  [00;33m{{(pid=2261365) log_opt_values /opt/stack/data/venv/lib/python3.12/site-packages/oslo_config/cfg.py:3560}}[00m
2026-10-06 15:12:08.636 2261365 DEBUG oslo_service.backend._eventlet.service [req-c182fb29-8630-4022-8d98-420ab45e3c19 - - - - - -] oslo_messaging_rabbit.ssl_version =  [00;33m{{(pid=2261365) log_opt_values /opt/stack/data/venv/lib/python3.12/site-packages/oslo_config/cfg.py:3560}}[00m
2026-10-06 15:12:08.637 2261365 DEBUG oslo_service.backend._eventlet.service [req-c182fb29-8630-4022-8d98-420ab45e3c19 - - - - - -] oslo_messaging_rabbit.use_queue_manager = False [00;33m{{(pid=2261365) log_opt_values /opt/stack/data/venv/lib/python3.12/site-packages/oslo_config/cfg.py:3560}}[00m
2026-10-06 15:12:08.637 2261365 DEBUG oslo_service.backend._eventlet.service [req-c182fb29-8630-4022-8d98-420ab45e3c19 - - - - - -] oslo_messaging_notifications.driver = [] [00;33m{{(pid=2261365) log_opt_values /opt/stack/data/venv/lib/python3.12/site-packages/oslo_config/cfg.py:3560}}[00m
2026-10-06 15:12:08.637 2261365 DEBUG oslo_service.backend._eventlet.service [req-c182fb29-8630-4022-8d98-420ab45e3c19 - - - - - -] oslo_messaging_notifications.retry = -1 [00;33m{{(pid=2261365) log_opt_values /opt/stack/data/venv/lib/python3.12/site-packages/oslo_config/cfg.py:3560}}[00m
2026-10-06 15:12:08.637 2261365 DEBUG oslo_service.backend._eventlet.service [req-c182fb29-8630-4022-8d98-420ab45e3c19 - - - - - -] oslo_messaging_notifications.topics = ['notifications'] [00;33m{{(pid=2261365) log_opt_values /opt/stack/data/venv/lib/python3.12/site-packages/oslo_config/cfg.py:3560}}[00m
2026-10-06 15:12:08.637 2261365 DEBUG oslo_service.backend._eventlet.service [req-c182fb29-8630-4022-8d98-420ab45e3c19 - - - - - -] oslo_messaging_notifications.transport_url = **** [00;33m{{(pid=2261365) log_opt_values /opt/stack/data/venv/lib/python3.12/site-packages/oslo_config/cfg.py:3560}}[00m
2026-10-06 15:12:08.637 2261365 DEBUG oslo_service.backend._eventlet.service [req-c182fb29-8630-4022-8d98-420ab45e3c19 - - - - - -] key_manager.backend            = cinder.keymgr.conf_key_mgr.ConfKeyManager [00;33m{{(pid=2261365) log_opt_values /opt/stack/data/venv/lib/python3.12/site-packages/oslo_config/cfg.py:3560}}[00m
2026-10-06 15:12:08.637 2261365 DEBUG oslo_service.backend._eventlet.service [req-c182fb29-8630-4022-8d98-420ab45e3c19 - - - - - -] key_manager.fixed_key          = **** [00;33m{{(pid=2261365) log_opt_values /opt/stack/data/venv/lib/python3.12/site-packages/oslo_config/cfg.py:3560}}[00m
2026-10-06 15:12:08.637 2261365 DEBUG oslo_service.backend._eventlet.service [req-c182fb29-8630-4022-8d98-420ab45e3c19 - - - - - -] barbican.auth_endpoint         = http://localhost/identity/v3 [00;33m{{(pid=2261365) log_opt_values /opt/stack/data/venv/lib/python3.12/site-packages/oslo_config/cfg.py:3560}}[00m
2026-10-06 15:12:08.638 2261365 DEBUG oslo_service.backend._eventlet.service [req-c182fb29-8630-4022-8d98-420ab45e3c19 - - - - - -] barbican.barbican_api_version  = None [00;33m{{(pid=2261365) log_opt_values /opt/stack/data/venv/lib/python3.12/site-packages/oslo_config/cfg.py:3560}}[00m
2026-10-06 15:12:08.638 2261365 DEBUG oslo_service.backend._eventlet.service [req-c182fb29-8630-4022-8d98-420ab45e3c19 - - - - - -] barbican.barbican_endpoint     = None [00;33m{{(pid=2261365) log_opt_values /opt/stack/data/venv/lib/python3.12/site-packages/oslo_config/cfg.py:3560}}[00m
2026-10-06 15:12:08.638 2261365 DEBUG oslo_service.backend._eventlet.service [req-c182fb29-8630-4022-8d98-420ab45e3c19 - - - - - -] barbican.barbican_endpoint_type = public [00;33m{{(pid=2261365) log_opt_values /opt/stack/data/venv/lib/python3.12/site-packages/oslo_config/cfg.py:3560}}[00m
2026-10-06 15:12:08.638 2261365 DEBUG oslo_service.backend._eventlet.service [req-c182fb29-8630-4022-8d98-420ab45e3c19 - - - - - -] barbican.barbican_region_name  = None [00;33m{{(pid=2261365) log_opt_values /opt/stack/data/venv/lib/python3.12/site-packages/oslo_config/cfg.py:3560}}[00m
2026-10-06 15:12:08.638 2261365 DEBUG oslo_service.backend._eventlet.service [req-c182fb29-8630-4022-8d98-420ab45e3c19 - - - - - -] barbican.cafile                = None [00;33m{{(pid=2261365) log_opt_values /opt/stack/data/venv/lib/python3.12/site-packages/oslo_config/cfg.py:3560}}[00m
2026-10-06 15:12:08.638 2261365 DEBUG oslo_service.backend._eventlet.service [req-c182fb29-8630-4022-8d98-420ab45e3c19 - - - - - -] barbican.certfile              = None [00;33m{{(pid=2261365) log_opt_values /opt/stack/data/venv/lib/python3.12/site-packages/oslo_config/cfg.py:3560}}[00m
2026-10-06 15:12:08.638 2261365 DEBUG oslo_service.backend._eventlet.service [req-c182fb29-8630-4022-8d98-420ab45e3c19 - - - - - -] barbican.collect_timing        = False [00;33m{{(pid=2261365) log_opt_values /opt/stack/data/venv/lib/python3.12/site-packages/oslo_config/cfg.py:3560}}[00m
2026-10-06 15:12:08.638 2261365 DEBUG oslo_service.backend._eventlet.service [req-c182fb29-8630-4022-8d98-420ab45e3c19 - - - - - -] barbican.insecure              = False [00;33m{{(pid=2261365) log_opt_values /opt/stack/data/venv/lib/python3.12/site-packages/oslo_config/cfg.py:3560}}[00m
2026-10-06 15:12:08.638 2261365 DEBUG oslo_service.backend._eventlet.service [req-c182fb29-8630-4022-8d98-420ab45e3c19 - - - - - -] barbican.keyfile               = None [00;33m{{(pid=2261365) log_opt_values /opt/stack/data/venv/lib/python3.12/site-packages/oslo_config/cfg.py:3560}}[00m
2026-10-06 15:12:08.638 2261365 DEBUG oslo_service.backend._eventlet.service [req-c182fb29-8630-4022-8d98-420ab45e3c19 - - - - - -] barbican.number_of_retries     = 60 [00;33m{{(pid=2261365) log_opt_values /opt/stack/data/venv/lib/python3.12/site-packages/oslo_config/cfg.py:3560}}[00m
2026-10-06 15:12:08.638 2261365 DEBUG oslo_service.backend._eventlet.service [req-c182fb29-8630-4022-8d98-420ab45e3c19 - - - - - -] barbican.retry_delay           = 1 [00;33m{{(pid=2261365) log_opt_values /opt/stack/data/venv/lib/python3.12/site-packages/oslo_config/cfg.py:3560}}[00m
2026-10-06 15:12:08.639 2261365 DEBUG oslo_service.backend._eventlet.service [req-c182fb29-8630-4022-8d98-420ab45e3c19 - - - - - -] barbican.send_service_user_token = False [00;33m{{(pid=2261365) log_opt_values /opt/stack/data/venv/lib/python3.12/site-packages/oslo_config/cfg.py:3560}}[00m
2026-10-06 15:12:08.639 2261365 DEBUG oslo_service.backend._eventlet.service [req-c182fb29-8630-4022-8d98-420ab45e3c19 - - - - - -] barbican.split_loggers         = False [00;33m{{(pid=2261365) log_opt_values /opt/stack/data/venv/lib/python3.12/site-packages/oslo_config/cfg.py:3560}}[00m
2026-10-06 15:12:08.639 2261365 DEBUG oslo_service.backend._eventlet.service [req-c182fb29-8630-4022-8d98-420ab45e3c19 - - - - - -] barbican.timeout               = None [00;33m{{(pid=2261365) log_opt_values /opt/stack/data/venv/lib/python3.12/site-packages/oslo_config/cfg.py:3560}}[00m
2026-10-06 15:12:08.639 2261365 DEBUG oslo_service.backend._eventlet.service [req-c182fb29-8630-4022-8d98-420ab45e3c19 - - - - - -] barbican.tls_ciphers           = None [00;33m{{(pid=2261365) log_opt_values /opt/stack/data/venv/lib/python3.12/site-packages/oslo_config/cfg.py:3560}}[00m
2026-10-06 15:12:08.639 2261365 DEBUG oslo_service.backend._eventlet.service [req-c182fb29-8630-4022-8d98-420ab45e3c19 - - - - - -] barbican.tls_min_version       = None [00;33m{{(pid=2261365) log_opt_values /opt/stack/data/venv/lib/python3.12/site-packages/oslo_config/cfg.py:3560}}[00m
2026-10-06 15:12:08.639 2261365 DEBUG oslo_service.backend._eventlet.service [req-c182fb29-8630-4022-8d98-420ab45e3c19 - - - - - -] barbican.verify_ssl            = True [00;33m{{(pid=2261365) log_opt_values /opt/stack/data/venv/lib/python3.12/site-packages/oslo_config/cfg.py:3560}}[00m
2026-10-06 15:12:08.639 2261365 DEBUG oslo_service.backend._eventlet.service [req-c182fb29-8630-4022-8d98-420ab45e3c19 - - - - - -] barbican.verify_ssl_path       = None [00;33m{{(pid=2261365) log_opt_values /opt/stack/data/venv/lib/python3.12/site-packages/oslo_config/cfg.py:3560}}[00m
2026-10-06 15:12:08.639 2261365 DEBUG oslo_service.backend._eventlet.service [req-c182fb29-8630-4022-8d98-420ab45e3c19 - - - - - -] barbican_service_user.auth_section = None [00;33m{{(pid=2261365) log_opt_values /opt/stack/data/venv/lib/python3.12/site-packages/oslo_config/cfg.py:3560}}[00m
2026-10-06 15:12:08.639 2261365 DEBUG oslo_service.backend._eventlet.service [req-c182fb29-8630-4022-8d98-420ab45e3c19 - - - - - -] barbican_service_user.auth_type = None [00;33m{{(pid=2261365) log_opt_values /opt/stack/data/venv/lib/python3.12/site-packages/oslo_config/cfg.py:3560}}[00m
2026-10-06 15:12:08.639 2261365 DEBUG oslo_service.backend._eventlet.service [req-c182fb29-8630-4022-8d98-420ab45e3c19 - - - - - -] barbican_service_user.cafile   = None [00;33m{{(pid=2261365) log_opt_values /opt/stack/data/venv/lib/python3.12/site-packages/oslo_config/cfg.py:3560}}[00m
2026-10-06 15:12:08.639 2261365 DEBUG oslo_service.backend._eventlet.service [req-c182fb29-8630-4022-8d98-420ab45e3c19 - - - - - -] barbican_service_user.certfile = None [00;33m{{(pid=2261365) log_opt_values /opt/stack/data/venv/lib/python3.12/site-packages/oslo_config/cfg.py:3560}}[00m
2026-10-06 15:12:08.639 2261365 DEBUG oslo_service.backend._eventlet.service [req-c182fb29-8630-4022-8d98-420ab45e3c19 - - - - - -] barbican_service_user.collect_timing = False [00;33m{{(pid=2261365) log_opt_values /opt/stack/data/venv/lib/python3.12/site-packages/oslo_config/cfg.py:3560}}[00m
2026-10-06 15:12:08.640 2261365 DEBUG oslo_service.backend._eventlet.service [req-c182fb29-8630-4022-8d98-420ab45e3c19 - - - - - -] barbican_service_user.insecure = False [00;33m{{(pid=2261365) log_opt_values /opt/stack/data/venv/lib/python3.12/site-packages/oslo_config/cfg.py:3560}}[00m
2026-10-06 15:12:08.640 2261365 DEBUG oslo_service.backend._eventlet.service [req-c182fb29-8630-4022-8d98-420ab45e3c19 - - - - - -] barbican_service_user.keyfile  = None [00;33m{{(pid=2261365) log_opt_values /opt/stack/data/venv/lib/python3.12/site-packages/oslo_config/cfg.py:3560}}[00m
2026-10-06 15:12:08.640 2261365 DEBUG oslo_service.backend._eventlet.service [req-c182fb29-8630-4022-8d98-420ab45e3c19 - - - - - -] barbican_service_user.split_loggers = False [00;33m{{(pid=2261365) log_opt_values /opt/stack/data/venv/lib/python3.12/site-packages/oslo_config/cfg.py:3560}}[00m
2026-10-06 15:12:08.640 2261365 DEBUG oslo_service.backend._eventlet.service [req-c182fb29-8630-4022-8d98-420ab45e3c19 - - - - - -] barbican_service_user.timeout  = None [00;33m{{(pid=2261365) log_opt_values /opt/stack/data/venv/lib/python3.12/site-packages/oslo_config/cfg.py:3560}}[00m
2026-10-06 15:12:08.640 2261365 DEBUG oslo_service.backend._eventlet.service [req-c182fb29-8630-4022-8d98-420ab45e3c19 - - - - - -] barbican_service_user.tls_ciphers = None [00;33m{{(pid=2261365) log_opt_values /opt/stack/data/venv/lib/python3.12/site-packages/oslo_config/cfg.py:3560}}[00m
2026-10-06 15:12:08.640 2261365 DEBUG oslo_service.backend._eventlet.service [req-c182fb29-8630-4022-8d98-420ab45e3c19 - - - - - -] barbican_service_user.tls_min_version = None [00;33m{{(pid=2261365) log_opt_values /opt/stack/data/venv/lib/python3.12/site-packages/oslo_config/cfg.py:3560}}[00m
2026-10-06 15:12:08.640 2261365 DEBUG oslo_service.backend._eventlet.service [req-c182fb29-8630-4022-8d98-420ab45e3c19 - - - - - -] vault.approle_role_id          = **** [00;33m{{(pid=2261365) log_opt_values /opt/stack/data/venv/lib/python3.12/site-packages/oslo_config/cfg.py:3560}}[00m
2026-10-06 15:12:08.640 2261365 DEBUG oslo_service.backend._eventlet.service [req-c182fb29-8630-4022-8d98-420ab45e3c19 - - - - - -] vault.approle_secret_id        = **** [00;33m{{(pid=2261365) log_opt_values /opt/stack/data/venv/lib/python3.12/site-packages/oslo_config/cfg.py:3560}}[00m
2026-10-06 15:12:08.640 2261365 DEBUG oslo_service.backend._eventlet.service [req-c182fb29-8630-4022-8d98-420ab45e3c19 - - - - - -] vault.auth_method              = approle [00;33m{{(pid=2261365) log_opt_values /opt/stack/data/venv/lib/python3.12/site-packages/oslo_config/cfg.py:3560}}[00m
2026-10-06 15:12:08.640 2261365 DEBUG oslo_service.backend._eventlet.service [req-c182fb29-8630-4022-8d98-420ab45e3c19 - - - - - -] vault.auth_path                = None [00;33m{{(pid=2261365) log_opt_values /opt/stack/data/venv/lib/python3.12/site-packages/oslo_config/cfg.py:3560}}[00m
2026-10-06 15:12:08.640 2261365 DEBUG oslo_service.backend._eventlet.service [req-c182fb29-8630-4022-8d98-420ab45e3c19 - - - - - -] vault.kv_mountpoint            = secret [00;33m{{(pid=2261365) log_opt_values /opt/stack/data/venv/lib/python3.12/site-packages/oslo_config/cfg.py:3560}}[00m
2026-10-06 15:12:08.640 2261365 DEBUG oslo_service.backend._eventlet.service [req-c182fb29-8630-4022-8d98-420ab45e3c19 - - - - - -] vault.kv_path                  = None [00;33m{{(pid=2261365) log_opt_values /opt/stack/data/venv/lib/python3.12/site-packages/oslo_config/cfg.py:3560}}[00m
2026-10-06 15:12:08.641 2261365 DEBUG oslo_service.backend._eventlet.service [req-c182fb29-8630-4022-8d98-420ab45e3c19 - - - - - -] vault.kv_version               = 2 [00;33m{{(pid=2261365) log_opt_values /opt/stack/data/venv/lib/python3.12/site-packages/oslo_config/cfg.py:3560}}[00m
2026-10-06 15:12:08.641 2261365 DEBUG oslo_service.backend._eventlet.service [req-c182fb29-8630-4022-8d98-420ab45e3c19 - - - - - -] vault.namespace                = None [00;33m{{(pid=2261365) log_opt_values /opt/stack/data/venv/lib/python3.12/site-packages/oslo_config/cfg.py:3560}}[00m
2026-10-06 15:12:08.641 2261365 DEBUG oslo_service.backend._eventlet.service [req-c182fb29-8630-4022-8d98-420ab45e3c19 - - - - - -] vault.root_token_id            = **** [00;33m{{(pid=2261365) log_opt_values /opt/stack/data/venv/lib/python3.12/site-packages/oslo_config/cfg.py:3560}}[00m
2026-10-06 15:12:08.641 2261365 DEBUG oslo_service.backend._eventlet.service [req-c182fb29-8630-4022-8d98-420ab45e3c19 - - - - - -] vault.ssl_ca_crt_file          = None [00;33m{{(pid=2261365) log_opt_values /opt/stack/data/venv/lib/python3.12/site-packages/oslo_config/cfg.py:3560}}[00m
2026-10-06 15:12:08.641 2261365 DEBUG oslo_service.backend._eventlet.service [req-c182fb29-8630-4022-8d98-420ab45e3c19 - - - - - -] vault.timeout                  = 60.0 [00;33m{{(pid=2261365) log_opt_values /opt/stack/data/venv/lib/python3.12/site-packages/oslo_config/cfg.py:3560}}[00m
2026-10-06 15:12:08.641 2261365 DEBUG oslo_service.backend._eventlet.service [req-c182fb29-8630-4022-8d98-420ab45e3c19 - - - - - -] vault.token_file               = None [00;33m{{(pid=2261365) log_opt_values /opt/stack/data/venv/lib/python3.12/site-packages/oslo_config/cfg.py:3560}}[00m
2026-10-06 15:12:08.641 2261365 DEBUG oslo_service.backend._eventlet.service [req-c182fb29-8630-4022-8d98-420ab45e3c19 - - - - - -] vault.token_role               = None [00;33m{{(pid=2261365) log_opt_values /opt/stack/data/venv/lib/python3.12/site-packages/oslo_config/cfg.py:3560}}[00m
2026-10-06 15:12:08.641 2261365 DEBUG oslo_service.backend._eventlet.service [req-c182fb29-8630-4022-8d98-420ab45e3c19 - - - - - -] vault.use_ssl                  = False [00;33m{{(pid=2261365) log_opt_values /opt/stack/data/venv/lib/python3.12/site-packages/oslo_config/cfg.py:3560}}[00m
2026-10-06 15:12:08.641 2261365 DEBUG oslo_service.backend._eventlet.service [req-c182fb29-8630-4022-8d98-420ab45e3c19 - - - - - -] vault.vault_url                = http://127.0.0.1:8200 [00;33m{{(pid=2261365) log_opt_values /opt/stack/data/venv/lib/python3.12/site-packages/oslo_config/cfg.py:3560}}[00m
2026-10-06 15:12:08.641 2261365 DEBUG oslo_service.backend._eventlet.service [req-c182fb29-8630-4022-8d98-420ab45e3c19 - - - - - -] fc-zone-manager.enable_unsupported_driver = False [00;33m{{(pid=2261365) log_opt_values /opt/stack/data/venv/lib/python3.12/site-packages/oslo_config/cfg.py:3560}}[00m
2026-10-06 15:12:08.641 2261365 DEBUG oslo_service.backend._eventlet.service [req-c182fb29-8630-4022-8d98-420ab45e3c19 - - - - - -] fc-zone-manager.fc_fabric_names = None [00;33m{{(pid=2261365) log_opt_values /opt/stack/data/venv/lib/python3.12/site-packages/oslo_config/cfg.py:3560}}[00m
2026-10-06 15:12:08.642 2261365 DEBUG oslo_service.backend._eventlet.service [req-c182fb29-8630-4022-8d98-420ab45e3c19 - - - - - -] fc-zone-manager.fc_san_lookup_service = cinder.zonemanager.drivers.brocade.brcd_fc_san_lookup_service.BrcdFCSanLookupService [00;33m{{(pid=2261365) log_opt_values /opt/stack/data/venv/lib/python3.12/site-packages/oslo_config/cfg.py:3560}}[00m
2026-10-06 15:12:08.642 2261365 DEBUG oslo_service.backend._eventlet.service [req-c182fb29-8630-4022-8d98-420ab45e3c19 - - - - - -] fc-zone-manager.zone_driver    = cinder.zonemanager.drivers.brocade.brcd_fc_zone_driver.BrcdFCZoneDriver [00;33m{{(pid=2261365) log_opt_values /opt/stack/data/venv/lib/python3.12/site-packages/oslo_config/cfg.py:3560}}[00m
2026-10-06 15:12:08.642 2261365 DEBUG oslo_service.backend._eventlet.service [req-c182fb29-8630-4022-8d98-420ab45e3c19 - - - - - -] fc-zone-manager.zoning_policy  = initiator-target [00;33m{{(pid=2261365) log_opt_values /opt/stack/data/venv/lib/python3.12/site-packages/oslo_config/cfg.py:3560}}[00m
2026-10-06 15:12:08.642 2261365 DEBUG oslo_service.backend._eventlet.service [req-c182fb29-8630-4022-8d98-420ab45e3c19 - - - - - -] ******************************************************************************** [00;33m{{(pid=2261365) log_opt_values /opt/stack/data/venv/lib/python3.12/site-packages/oslo_config/cfg.py:3567}}[00m
2026-10-06 15:12:08.704 2261378 DEBUG cinder.volume.drivers.hitachi.hbsd_rest_api [req-efbf2fd8-34f1-440c-b668-94ccf6f44144 - - - - - -] ERROR <?xml version="1.0" encoding="iso-8859-1"?> <!DOCTYPE html PUBLIC "-//W3C//DTD XHTML 1.0 Transitional//EN"          "http://www.w3.org/TR/xhtml1/DTD/xhtml1-transitional.dtd"> <html xmlns="http://www.w3.org/1999/xhtml" xml:lang="en" lang="en">  <head>   <title>503 Service Not Available</title>  </head>  <body>   <h1>503 Service Not Available</h1>  </body> </html> [00;33m{{(pid=2261378) _check_rest_api_response /opt/stack/cinder/cinder/volume/drivers/hitachi/hbsd_rest_api.py:485}}[00m
2026-10-06 15:12:13.700 2261378 DEBUG cinder.volume.drivers.hitachi.hbsd_rest_api [req-efbf2fd8-34f1-440c-b668-94ccf6f44144 - - - - - -] ERROR <?xml version="1.0" encoding="iso-8859-1"?> <!DOCTYPE html PUBLIC "-//W3C//DTD XHTML 1.0 Transitional//EN"          "http://www.w3.org/TR/xhtml1/DTD/xhtml1-transitional.dtd"> <html xmlns="http://www.w3.org/1999/xhtml" xml:lang="en" lang="en">  <head>   <title>503 Service Not Available</title>  </head>  <body>   <h1>503 Service Not Available</h1>  </body> </html> [00;33m{{(pid=2261378) _check_rest_api_response /opt/stack/cinder/cinder/volume/drivers/hitachi/hbsd_rest_api.py:485}}[00m
2026-10-06 15:12:18.565 2261365 DEBUG dbcounter [-] [2261365] Writing DB stats cinder:SELECT=5,cinder:UPDATE=1 [00;33m{{(pid=2261365) stat_writer /opt/stack/data/venv/lib/python3.12/site-packages/dbcounter.py:115}}[00m
2026-10-06 15:12:18.706 2261378 DEBUG cinder.volume.drivers.hitachi.hbsd_rest_api [req-efbf2fd8-34f1-440c-b668-94ccf6f44144 - - - - - -] ERROR <?xml version="1.0" encoding="iso-8859-1"?> <!DOCTYPE html PUBLIC "-//W3C//DTD XHTML 1.0 Transitional//EN"          "http://www.w3.org/TR/xhtml1/DTD/xhtml1-transitional.dtd"> <html xmlns="http://www.w3.org/1999/xhtml" xml:lang="en" lang="en">  <head>   <title>503 Service Not Available</title>  </head>  <body>   <h1>503 Service Not Available</h1>  </body> </html> [00;33m{{(pid=2261378) _check_rest_api_response /opt/stack/cinder/cinder/volume/drivers/hitachi/hbsd_rest_api.py:485}}[00m
2026-10-06 15:12:23.717 2261378 DEBUG cinder.volume.drivers.hitachi.hbsd_rest_api [req-efbf2fd8-34f1-440c-b668-94ccf6f44144 - - - - - -] ERROR <?xml version="1.0" encoding="iso-8859-1"?> <!DOCTYPE html PUBLIC "-//W3C//DTD XHTML 1.0 Transitional//EN"          "http://www.w3.org/TR/xhtml1/DTD/xhtml1-transitional.dtd"> <html xmlns="http://www.w3.org/1999/xhtml" xml:lang="en" lang="en">  <head>   <title>503 Service Not Available</title>  </head>  <body>   <h1>503 Service Not Available</h1>  </body> </html> [00;33m{{(pid=2261378) _check_rest_api_response /opt/stack/cinder/cinder/volume/drivers/hitachi/hbsd_rest_api.py:485}}[00m
2026-10-06 15:12:28.716 2261378 DEBUG cinder.volume.drivers.hitachi.hbsd_rest_api [req-efbf2fd8-34f1-440c-b668-94ccf6f44144 - - - - - -] ERROR <?xml version="1.0" encoding="iso-8859-1"?> <!DOCTYPE html PUBLIC "-//W3C//DTD XHTML 1.0 Transitional//EN"          "http://www.w3.org/TR/xhtml1/DTD/xhtml1-transitional.dtd"> <html xmlns="http://www.w3.org/1999/xhtml" xml:lang="en" lang="en">  <head>   <title>503 Service Not Available</title>  </head>  <body>   <h1>503 Service Not Available</h1>  </body> </html> [00;33m{{(pid=2261378) _check_rest_api_response /opt/stack/cinder/cinder/volume/drivers/hitachi/hbsd_rest_api.py:485}}[00m
2026-10-06 15:12:33.723 2261378 DEBUG cinder.volume.drivers.hitachi.hbsd_rest_api [req-efbf2fd8-34f1-440c-b668-94ccf6f44144 - - - - - -] ERROR <?xml version="1.0" encoding="iso-8859-1"?> <!DOCTYPE html PUBLIC "-//W3C//DTD XHTML 1.0 Transitional//EN"          "http://www.w3.org/TR/xhtml1/DTD/xhtml1-transitional.dtd"> <html xmlns="http://www.w3.org/1999/xhtml" xml:lang="en" lang="en">  <head>   <title>503 Service Not Available</title>  </head>  <body>   <h1>503 Service Not Available</h1>  </body> </html> [00;33m{{(pid=2261378) _check_rest_api_response /opt/stack/cinder/cinder/volume/drivers/hitachi/hbsd_rest_api.py:485}}[00m
2026-10-06 15:12:38.727 2261378 DEBUG cinder.volume.drivers.hitachi.hbsd_rest_api [req-efbf2fd8-34f1-440c-b668-94ccf6f44144 - - - - - -] ERROR <?xml version="1.0" encoding="iso-8859-1"?> <!DOCTYPE html PUBLIC "-//W3C//DTD XHTML 1.0 Transitional//EN"          "http://www.w3.org/TR/xhtml1/DTD/xhtml1-transitional.dtd"> <html xmlns="http://www.w3.org/1999/xhtml" xml:lang="en" lang="en">  <head>   <title>503 Service Not Available</title>  </head>  <body>   <h1>503 Service Not Available</h1>  </body> </html> [00;33m{{(pid=2261378) _check_rest_api_response /opt/stack/cinder/cinder/volume/drivers/hitachi/hbsd_rest_api.py:485}}[00m
2026-10-06 15:12:43.725 2261378 DEBUG cinder.volume.drivers.hitachi.hbsd_rest_api [req-efbf2fd8-34f1-440c-b668-94ccf6f44144 - - - - - -] ERROR <?xml version="1.0" encoding="iso-8859-1"?> <!DOCTYPE html PUBLIC "-//W3C//DTD XHTML 1.0 Transitional//EN"          "http://www.w3.org/TR/xhtml1/DTD/xhtml1-transitional.dtd"> <html xmlns="http://www.w3.org/1999/xhtml" xml:lang="en" lang="en">  <head>   <title>503 Service Not Available</title>  </head>  <body>   <h1>503 Service Not Available</h1>  </body> </html> [00;33m{{(pid=2261378) _check_rest_api_response /opt/stack/cinder/cinder/volume/drivers/hitachi/hbsd_rest_api.py:485}}[00m
2026-10-06 15:12:48.732 2261378 DEBUG cinder.volume.drivers.hitachi.hbsd_rest_api [req-efbf2fd8-34f1-440c-b668-94ccf6f44144 - - - - - -] ERROR <?xml version="1.0" encoding="iso-8859-1"?> <!DOCTYPE html PUBLIC "-//W3C//DTD XHTML 1.0 Transitional//EN"          "http://www.w3.org/TR/xhtml1/DTD/xhtml1-transitional.dtd"> <html xmlns="http://www.w3.org/1999/xhtml" xml:lang="en" lang="en">  <head>   <title>503 Service Not Available</title>  </head>  <body>   <h1>503 Service Not Available</h1>  </body> </html> [00;33m{{(pid=2261378) _check_rest_api_response /opt/stack/cinder/cinder/volume/drivers/hitachi/hbsd_rest_api.py:485}}[00m
2026-10-06 15:12:53.763 2261378 DEBUG cinder.volume.drivers.hitachi.hbsd_rest_api [req-efbf2fd8-34f1-440c-b668-94ccf6f44144 - - - - - -] ERROR <?xml version="1.0" encoding="iso-8859-1"?> <!DOCTYPE html PUBLIC "-//W3C//DTD XHTML 1.0 Transitional//EN"          "http://www.w3.org/TR/xhtml1/DTD/xhtml1-transitional.dtd"> <html xmlns="http://www.w3.org/1999/xhtml" xml:lang="en" lang="en">  <head>   <title>503 Service Not Available</title>  </head>  <body>   <h1>503 Service Not Available</h1>  </body> </html> [00;33m{{(pid=2261378) _check_rest_api_response /opt/stack/cinder/cinder/volume/drivers/hitachi/hbsd_rest_api.py:485}}[00m
2026-10-06 15:12:58.733 2261378 DEBUG cinder.volume.drivers.hitachi.hbsd_rest_api [req-efbf2fd8-34f1-440c-b668-94ccf6f44144 - - - - - -] ERROR <?xml version="1.0" encoding="iso-8859-1"?> <!DOCTYPE html PUBLIC "-//W3C//DTD XHTML 1.0 Transitional//EN"          "http://www.w3.org/TR/xhtml1/DTD/xhtml1-transitional.dtd"> <html xmlns="http://www.w3.org/1999/xhtml" xml:lang="en" lang="en">  <head>   <title>503 Service Not Available</title>  </head>  <body>   <h1>503 Service Not Available</h1>  </body> </html> [00;33m{{(pid=2261378) _check_rest_api_response /opt/stack/cinder/cinder/volume/drivers/hitachi/hbsd_rest_api.py:485}}[00m
2026-10-06 15:13:03.737 2261378 DEBUG cinder.volume.drivers.hitachi.hbsd_rest_api [req-efbf2fd8-34f1-440c-b668-94ccf6f44144 - - - - - -] ERROR <?xml version="1.0" encoding="iso-8859-1"?> <!DOCTYPE html PUBLIC "-//W3C//DTD XHTML 1.0 Transitional//EN"          "http://www.w3.org/TR/xhtml1/DTD/xhtml1-transitional.dtd"> <html xmlns="http://www.w3.org/1999/xhtml" xml:lang="en" lang="en">  <head>   <title>503 Service Not Available</title>  </head>  <body>   <h1>503 Service Not Available</h1>  </body> </html> [00;33m{{(pid=2261378) _check_rest_api_response /opt/stack/cinder/cinder/volume/drivers/hitachi/hbsd_rest_api.py:485}}[00m
2026-10-06 15:13:08.730 2261378 DEBUG cinder.volume.drivers.hitachi.hbsd_rest_api [req-efbf2fd8-34f1-440c-b668-94ccf6f44144 - - - - - -] ERROR <?xml version="1.0" encoding="iso-8859-1"?> <!DOCTYPE html PUBLIC "-//W3C//DTD XHTML 1.0 Transitional//EN"          "http://www.w3.org/TR/xhtml1/DTD/xhtml1-transitional.dtd"> <html xmlns="http://www.w3.org/1999/xhtml" xml:lang="en" lang="en">  <head>   <title>503 Service Not Available</title>  </head>  <body>   <h1>503 Service Not Available</h1>  </body> </html> [00;33m{{(pid=2261378) _check_rest_api_response /opt/stack/cinder/cinder/volume/drivers/hitachi/hbsd_rest_api.py:485}}[00m
2026-10-06 15:13:13.738 2261378 DEBUG cinder.volume.drivers.hitachi.hbsd_rest_api [req-efbf2fd8-34f1-440c-b668-94ccf6f44144 - - - - - -] ERROR <?xml version="1.0" encoding="iso-8859-1"?> <!DOCTYPE html PUBLIC "-//W3C//DTD XHTML 1.0 Transitional//EN"          "http://www.w3.org/TR/xhtml1/DTD/xhtml1-transitional.dtd"> <html xmlns="http://www.w3.org/1999/xhtml" xml:lang="en" lang="en">  <head>   <title>503 Service Not Available</title>  </head>  <body>   <h1>503 Service Not Available</h1>  </body> </html> [00;33m{{(pid=2261378) _check_rest_api_response /opt/stack/cinder/cinder/volume/drivers/hitachi/hbsd_rest_api.py:485}}[00m
2026-10-06 15:13:18.737 2261378 DEBUG cinder.volume.drivers.hitachi.hbsd_rest_api [req-efbf2fd8-34f1-440c-b668-94ccf6f44144 - - - - - -] ERROR <?xml version="1.0" encoding="iso-8859-1"?> <!DOCTYPE html PUBLIC "-//W3C//DTD XHTML 1.0 Transitional//EN"          "http://www.w3.org/TR/xhtml1/DTD/xhtml1-transitional.dtd"> <html xmlns="http://www.w3.org/1999/xhtml" xml:lang="en" lang="en">  <head>   <title>503 Service Not Available</title>  </head>  <body>   <h1>503 Service Not Available</h1>  </body> </html> [00;33m{{(pid=2261378) _check_rest_api_response /opt/stack/cinder/cinder/volume/drivers/hitachi/hbsd_rest_api.py:485}}[00m
2026-10-06 15:13:23.744 2261378 DEBUG cinder.volume.drivers.hitachi.hbsd_rest_api [req-efbf2fd8-34f1-440c-b668-94ccf6f44144 - - - - - -] ERROR <?xml version="1.0" encoding="iso-8859-1"?> <!DOCTYPE html PUBLIC "-//W3C//DTD XHTML 1.0 Transitional//EN"          "http://www.w3.org/TR/xhtml1/DTD/xhtml1-transitional.dtd"> <html xmlns="http://www.w3.org/1999/xhtml" xml:lang="en" lang="en">  <head>   <title>503 Service Not Available</title>  </head>  <body>   <h1>503 Service Not Available</h1>  </body> </html> [00;33m{{(pid=2261378) _check_rest_api_response /opt/stack/cinder/cinder/volume/drivers/hitachi/hbsd_rest_api.py:485}}[00m
2026-10-06 15:13:28.758 2261378 DEBUG cinder.volume.drivers.hitachi.hbsd_rest_api [req-efbf2fd8-34f1-440c-b668-94ccf6f44144 - - - - - -] ERROR <?xml version="1.0" encoding="iso-8859-1"?> <!DOCTYPE html PUBLIC "-//W3C//DTD XHTML 1.0 Transitional//EN"          "http://www.w3.org/TR/xhtml1/DTD/xhtml1-transitional.dtd"> <html xmlns="http://www.w3.org/1999/xhtml" xml:lang="en" lang="en">  <head>   <title>503 Service Not Available</title>  </head>  <body>   <h1>503 Service Not Available</h1>  </body> </html> [00;33m{{(pid=2261378) _check_rest_api_response /opt/stack/cinder/cinder/volume/drivers/hitachi/hbsd_rest_api.py:485}}[00m
2026-10-06 15:13:33.740 2261378 DEBUG cinder.volume.drivers.hitachi.hbsd_rest_api [req-efbf2fd8-34f1-440c-b668-94ccf6f44144 - - - - - -] ERROR <?xml version="1.0" encoding="iso-8859-1"?> <!DOCTYPE html PUBLIC "-//W3C//DTD XHTML 1.0 Transitional//EN"          "http://www.w3.org/TR/xhtml1/DTD/xhtml1-transitional.dtd"> <html xmlns="http://www.w3.org/1999/xhtml" xml:lang="en" lang="en">  <head>   <title>503 Service Not Available</title>  </head>  <body>   <h1>503 Service Not Available</h1>  </body> </html> [00;33m{{(pid=2261378) _check_rest_api_response /opt/stack/cinder/cinder/volume/drivers/hitachi/hbsd_rest_api.py:485}}[00m
2026-10-06 15:13:38.738 2261378 DEBUG cinder.volume.drivers.hitachi.hbsd_rest_api [req-efbf2fd8-34f1-440c-b668-94ccf6f44144 - - - - - -] ERROR <?xml version="1.0" encoding="iso-8859-1"?> <!DOCTYPE html PUBLIC "-//W3C//DTD XHTML 1.0 Transitional//EN"          "http://www.w3.org/TR/xhtml1/DTD/xhtml1-transitional.dtd"> <html xmlns="http://www.w3.org/1999/xhtml" xml:lang="en" lang="en">  <head>   <title>503 Service Not Available</title>  </head>  <body>   <h1>503 Service Not Available</h1>  </body> </html> [00;33m{{(pid=2261378) _check_rest_api_response /opt/stack/cinder/cinder/volume/drivers/hitachi/hbsd_rest_api.py:485}}[00m
2026-10-06 15:13:43.748 2261378 DEBUG cinder.volume.drivers.hitachi.hbsd_rest_api [req-efbf2fd8-34f1-440c-b668-94ccf6f44144 - - - - - -] ERROR <?xml version="1.0" encoding="iso-8859-1"?> <!DOCTYPE html PUBLIC "-//W3C//DTD XHTML 1.0 Transitional//EN"          "http://www.w3.org/TR/xhtml1/DTD/xhtml1-transitional.dtd"> <html xmlns="http://www.w3.org/1999/xhtml" xml:lang="en" lang="en">  <head>   <title>503 Service Not Available</title>  </head>  <body>   <h1>503 Service Not Available</h1>  </body> </html> [00;33m{{(pid=2261378) _check_rest_api_response /opt/stack/cinder/cinder/volume/drivers/hitachi/hbsd_rest_api.py:485}}[00m
2026-10-06 15:13:48.739 2261378 DEBUG cinder.volume.drivers.hitachi.hbsd_rest_api [req-efbf2fd8-34f1-440c-b668-94ccf6f44144 - - - - - -] ERROR <?xml version="1.0" encoding="iso-8859-1"?> <!DOCTYPE html PUBLIC "-//W3C//DTD XHTML 1.0 Transitional//EN"          "http://www.w3.org/TR/xhtml1/DTD/xhtml1-transitional.dtd"> <html xmlns="http://www.w3.org/1999/xhtml" xml:lang="en" lang="en">  <head>   <title>503 Service Not Available</title>  </head>  <body>   <h1>503 Service Not Available</h1>  </body> </html> [00;33m{{(pid=2261378) _check_rest_api_response /opt/stack/cinder/cinder/volume/drivers/hitachi/hbsd_rest_api.py:485}}[00m
2026-10-06 15:13:53.767 2261378 DEBUG cinder.volume.drivers.hitachi.hbsd_rest_api [req-efbf2fd8-34f1-440c-b668-94ccf6f44144 - - - - - -] ERROR <?xml version="1.0" encoding="iso-8859-1"?> <!DOCTYPE html PUBLIC "-//W3C//DTD XHTML 1.0 Transitional//EN"          "http://www.w3.org/TR/xhtml1/DTD/xhtml1-transitional.dtd"> <html xmlns="http://www.w3.org/1999/xhtml" xml:lang="en" lang="en">  <head>   <title>503 Service Not Available</title>  </head>  <body>   <h1>503 Service Not Available</h1>  </body> </html> [00;33m{{(pid=2261378) _check_rest_api_response /opt/stack/cinder/cinder/volume/drivers/hitachi/hbsd_rest_api.py:485}}[00m
2026-10-06 15:13:58.742 2261378 DEBUG cinder.volume.drivers.hitachi.hbsd_rest_api [req-efbf2fd8-34f1-440c-b668-94ccf6f44144 - - - - - -] ERROR <?xml version="1.0" encoding="iso-8859-1"?> <!DOCTYPE html PUBLIC "-//W3C//DTD XHTML 1.0 Transitional//EN"          "http://www.w3.org/TR/xhtml1/DTD/xhtml1-transitional.dtd"> <html xmlns="http://www.w3.org/1999/xhtml" xml:lang="en" lang="en">  <head>   <title>503 Service Not Available</title>  </head>  <body>   <h1>503 Service Not Available</h1>  </body> </html> [00;33m{{(pid=2261378) _check_rest_api_response /opt/stack/cinder/cinder/volume/drivers/hitachi/hbsd_rest_api.py:485}}[00m
2026-10-06 15:14:03.748 2261378 DEBUG cinder.volume.drivers.hitachi.hbsd_rest_api [req-efbf2fd8-34f1-440c-b668-94ccf6f44144 - - - - - -] ERROR <?xml version="1.0" encoding="iso-8859-1"?> <!DOCTYPE html PUBLIC "-//W3C//DTD XHTML 1.0 Transitional//EN"          "http://www.w3.org/TR/xhtml1/DTD/xhtml1-transitional.dtd"> <html xmlns="http://www.w3.org/1999/xhtml" xml:lang="en" lang="en">  <head>   <title>503 Service Not Available</title>  </head>  <body>   <h1>503 Service Not Available</h1>  </body> </html> [00;33m{{(pid=2261378) _check_rest_api_response /opt/stack/cinder/cinder/volume/drivers/hitachi/hbsd_rest_api.py:485}}[00m
2026-10-06 15:14:08.772 2261378 DEBUG cinder.volume.drivers.hitachi.hbsd_rest_api [req-efbf2fd8-34f1-440c-b668-94ccf6f44144 - - - - - -] ERROR <?xml version="1.0" encoding="iso-8859-1"?> <!DOCTYPE html PUBLIC "-//W3C//DTD XHTML 1.0 Transitional//EN"          "http://www.w3.org/TR/xhtml1/DTD/xhtml1-transitional.dtd"> <html xmlns="http://www.w3.org/1999/xhtml" xml:lang="en" lang="en">  <head>   <title>503 Service Not Available</title>  </head>  <body>   <h1>503 Service Not Available</h1>  </body> </html> [00;33m{{(pid=2261378) _check_rest_api_response /opt/stack/cinder/cinder/volume/drivers/hitachi/hbsd_rest_api.py:485}}[00m
2026-10-06 15:14:13.754 2261378 DEBUG cinder.volume.drivers.hitachi.hbsd_rest_api [req-efbf2fd8-34f1-440c-b668-94ccf6f44144 - - - - - -] ERROR <?xml version="1.0" encoding="iso-8859-1"?> <!DOCTYPE html PUBLIC "-//W3C//DTD XHTML 1.0 Transitional//EN"          "http://www.w3.org/TR/xhtml1/DTD/xhtml1-transitional.dtd"> <html xmlns="http://www.w3.org/1999/xhtml" xml:lang="en" lang="en">  <head>   <title>503 Service Not Available</title>  </head>  <body>   <h1>503 Service Not Available</h1>  </body> </html> [00;33m{{(pid=2261378) _check_rest_api_response /opt/stack/cinder/cinder/volume/drivers/hitachi/hbsd_rest_api.py:485}}[00m
2026-10-06 15:14:18.762 2261378 DEBUG cinder.volume.drivers.hitachi.hbsd_rest_api [req-efbf2fd8-34f1-440c-b668-94ccf6f44144 - - - - - -] ERROR <?xml version="1.0" encoding="iso-8859-1"?> <!DOCTYPE html PUBLIC "-//W3C//DTD XHTML 1.0 Transitional//EN"          "http://www.w3.org/TR/xhtml1/DTD/xhtml1-transitional.dtd"> <html xmlns="http://www.w3.org/1999/xhtml" xml:lang="en" lang="en">  <head>   <title>503 Service Not Available</title>  </head>  <body>   <h1>503 Service Not Available</h1>  </body> </html> [00;33m{{(pid=2261378) _check_rest_api_response /opt/stack/cinder/cinder/volume/drivers/hitachi/hbsd_rest_api.py:485}}[00m
2026-10-06 15:14:23.753 2261378 DEBUG cinder.volume.drivers.hitachi.hbsd_rest_api [req-efbf2fd8-34f1-440c-b668-94ccf6f44144 - - - - - -] ERROR <?xml version="1.0" encoding="iso-8859-1"?> <!DOCTYPE html PUBLIC "-//W3C//DTD XHTML 1.0 Transitional//EN"          "http://www.w3.org/TR/xhtml1/DTD/xhtml1-transitional.dtd"> <html xmlns="http://www.w3.org/1999/xhtml" xml:lang="en" lang="en">  <head>   <title>503 Service Not Available</title>  </head>  <body>   <h1>503 Service Not Available</h1>  </body> </html> [00;33m{{(pid=2261378) _check_rest_api_response /opt/stack/cinder/cinder/volume/drivers/hitachi/hbsd_rest_api.py:485}}[00m
2026-10-06 15:14:28.759 2261378 DEBUG cinder.volume.drivers.hitachi.hbsd_rest_api [req-efbf2fd8-34f1-440c-b668-94ccf6f44144 - - - - - -] ERROR <?xml version="1.0" encoding="iso-8859-1"?> <!DOCTYPE html PUBLIC "-//W3C//DTD XHTML 1.0 Transitional//EN"          "http://www.w3.org/TR/xhtml1/DTD/xhtml1-transitional.dtd"> <html xmlns="http://www.w3.org/1999/xhtml" xml:lang="en" lang="en">  <head>   <title>503 Service Not Available</title>  </head>  <body>   <h1>503 Service Not Available</h1>  </body> </html> [00;33m{{(pid=2261378) _check_rest_api_response /opt/stack/cinder/cinder/volume/drivers/hitachi/hbsd_rest_api.py:485}}[00m
2026-10-06 15:14:33.755 2261378 DEBUG cinder.volume.drivers.hitachi.hbsd_rest_api [req-efbf2fd8-34f1-440c-b668-94ccf6f44144 - - - - - -] ERROR <?xml version="1.0" encoding="iso-8859-1"?> <!DOCTYPE html PUBLIC "-//W3C//DTD XHTML 1.0 Transitional//EN"          "http://www.w3.org/TR/xhtml1/DTD/xhtml1-transitional.dtd"> <html xmlns="http://www.w3.org/1999/xhtml" xml:lang="en" lang="en">  <head>   <title>503 Service Not Available</title>  </head>  <body>   <h1>503 Service Not Available</h1>  </body> </html> [00;33m{{(pid=2261378) _check_rest_api_response /opt/stack/cinder/cinder/volume/drivers/hitachi/hbsd_rest_api.py:485}}[00m
2026-10-06 15:14:38.756 2261378 DEBUG cinder.volume.drivers.hitachi.hbsd_rest_api [req-efbf2fd8-34f1-440c-b668-94ccf6f44144 - - - - - -] ERROR <?xml version="1.0" encoding="iso-8859-1"?> <!DOCTYPE html PUBLIC "-//W3C//DTD XHTML 1.0 Transitional//EN"          "http://www.w3.org/TR/xhtml1/DTD/xhtml1-transitional.dtd"> <html xmlns="http://www.w3.org/1999/xhtml" xml:lang="en" lang="en">  <head>   <title>503 Service Not Available</title>  </head>  <body>   <h1>503 Service Not Available</h1>  </body> </html> [00;33m{{(pid=2261378) _check_rest_api_response /opt/stack/cinder/cinder/volume/drivers/hitachi/hbsd_rest_api.py:485}}[00m
2026-10-06 15:14:43.797 2261378 DEBUG cinder.volume.drivers.hitachi.hbsd_rest_api [req-efbf2fd8-34f1-440c-b668-94ccf6f44144 - - - - - -] ERROR <?xml version="1.0" encoding="iso-8859-1"?> <!DOCTYPE html PUBLIC "-//W3C//DTD XHTML 1.0 Transitional//EN"          "http://www.w3.org/TR/xhtml1/DTD/xhtml1-transitional.dtd"> <html xmlns="http://www.w3.org/1999/xhtml" xml:lang="en" lang="en">  <head>   <title>503 Service Not Available</title>  </head>  <body>   <h1>503 Service Not Available</h1>  </body> </html> [00;33m{{(pid=2261378) _check_rest_api_response /opt/stack/cinder/cinder/volume/drivers/hitachi/hbsd_rest_api.py:485}}[00m
2026-10-06 15:14:48.757 2261378 DEBUG cinder.volume.drivers.hitachi.hbsd_rest_api [req-efbf2fd8-34f1-440c-b668-94ccf6f44144 - - - - - -] ERROR <?xml version="1.0" encoding="iso-8859-1"?> <!DOCTYPE html PUBLIC "-//W3C//DTD XHTML 1.0 Transitional//EN"          "http://www.w3.org/TR/xhtml1/DTD/xhtml1-transitional.dtd"> <html xmlns="http://www.w3.org/1999/xhtml" xml:lang="en" lang="en">  <head>   <title>503 Service Not Available</title>  </head>  <body>   <h1>503 Service Not Available</h1>  </body> </html> [00;33m{{(pid=2261378) _check_rest_api_response /opt/stack/cinder/cinder/volume/drivers/hitachi/hbsd_rest_api.py:485}}[00m
2026-10-06 15:14:53.774 2261378 DEBUG cinder.volume.drivers.hitachi.hbsd_rest_api [req-efbf2fd8-34f1-440c-b668-94ccf6f44144 - - - - - -] ERROR <?xml version="1.0" encoding="iso-8859-1"?> <!DOCTYPE html PUBLIC "-//W3C//DTD XHTML 1.0 Transitional//EN"          "http://www.w3.org/TR/xhtml1/DTD/xhtml1-transitional.dtd"> <html xmlns="http://www.w3.org/1999/xhtml" xml:lang="en" lang="en">  <head>   <title>503 Service Not Available</title>  </head>  <body>   <h1>503 Service Not Available</h1>  </body> </html> [00;33m{{(pid=2261378) _check_rest_api_response /opt/stack/cinder/cinder/volume/drivers/hitachi/hbsd_rest_api.py:485}}[00m
2026-10-06 15:14:58.757 2261378 DEBUG cinder.volume.drivers.hitachi.hbsd_rest_api [req-efbf2fd8-34f1-440c-b668-94ccf6f44144 - - - - - -] ERROR <?xml version="1.0" encoding="iso-8859-1"?> <!DOCTYPE html PUBLIC "-//W3C//DTD XHTML 1.0 Transitional//EN"          "http://www.w3.org/TR/xhtml1/DTD/xhtml1-transitional.dtd"> <html xmlns="http://www.w3.org/1999/xhtml" xml:lang="en" lang="en">  <head>   <title>503 Service Not Available</title>  </head>  <body>   <h1>503 Service Not Available</h1>  </body> </html> [00;33m{{(pid=2261378) _check_rest_api_response /opt/stack/cinder/cinder/volume/drivers/hitachi/hbsd_rest_api.py:485}}[00m
2026-10-06 15:15:03.765 2261378 DEBUG cinder.volume.drivers.hitachi.hbsd_rest_api [req-efbf2fd8-34f1-440c-b668-94ccf6f44144 - - - - - -] ERROR <?xml version="1.0" encoding="iso-8859-1"?> <!DOCTYPE html PUBLIC "-//W3C//DTD XHTML 1.0 Transitional//EN"          "http://www.w3.org/TR/xhtml1/DTD/xhtml1-transitional.dtd"> <html xmlns="http://www.w3.org/1999/xhtml" xml:lang="en" lang="en">  <head>   <title>503 Service Not Available</title>  </head>  <body>   <h1>503 Service Not Available</h1>  </body> </html> [00;33m{{(pid=2261378) _check_rest_api_response /opt/stack/cinder/cinder/volume/drivers/hitachi/hbsd_rest_api.py:485}}[00m
2026-10-06 15:15:08.762 2261378 DEBUG cinder.volume.drivers.hitachi.hbsd_rest_api [req-efbf2fd8-34f1-440c-b668-94ccf6f44144 - - - - - -] ERROR <?xml version="1.0" encoding="iso-8859-1"?> <!DOCTYPE html PUBLIC "-//W3C//DTD XHTML 1.0 Transitional//EN"          "http://www.w3.org/TR/xhtml1/DTD/xhtml1-transitional.dtd"> <html xmlns="http://www.w3.org/1999/xhtml" xml:lang="en" lang="en">  <head>   <title>503 Service Not Available</title>  </head>  <body>   <h1>503 Service Not Available</h1>  </body> </html> [00;33m{{(pid=2261378) _check_rest_api_response /opt/stack/cinder/cinder/volume/drivers/hitachi/hbsd_rest_api.py:485}}[00m
2026-10-06 15:15:13.770 2261378 DEBUG cinder.volume.drivers.hitachi.hbsd_rest_api [req-efbf2fd8-34f1-440c-b668-94ccf6f44144 - - - - - -] ERROR <?xml version="1.0" encoding="iso-8859-1"?> <!DOCTYPE html PUBLIC "-//W3C//DTD XHTML 1.0 Transitional//EN"          "http://www.w3.org/TR/xhtml1/DTD/xhtml1-transitional.dtd"> <html xmlns="http://www.w3.org/1999/xhtml" xml:lang="en" lang="en">  <head>   <title>503 Service Not Available</title>  </head>  <body>   <h1>503 Service Not Available</h1>  </body> </html> [00;33m{{(pid=2261378) _check_rest_api_response /opt/stack/cinder/cinder/volume/drivers/hitachi/hbsd_rest_api.py:485}}[00m
2026-10-06 15:15:18.818 2261378 DEBUG cinder.volume.drivers.hitachi.hbsd_rest_api [req-efbf2fd8-34f1-440c-b668-94ccf6f44144 - - - - - -] ERROR <?xml version="1.0" encoding="iso-8859-1"?> <!DOCTYPE html PUBLIC "-//W3C//DTD XHTML 1.0 Transitional//EN"          "http://www.w3.org/TR/xhtml1/DTD/xhtml1-transitional.dtd"> <html xmlns="http://www.w3.org/1999/xhtml" xml:lang="en" lang="en">  <head>   <title>503 Service Not Available</title>  </head>  <body>   <h1>503 Service Not Available</h1>  </body> </html> [00;33m{{(pid=2261378) _check_rest_api_response /opt/stack/cinder/cinder/volume/drivers/hitachi/hbsd_rest_api.py:485}}[00m
2026-10-06 15:15:23.761 2261378 DEBUG cinder.volume.drivers.hitachi.hbsd_rest_api [req-efbf2fd8-34f1-440c-b668-94ccf6f44144 - - - - - -] ERROR <?xml version="1.0" encoding="iso-8859-1"?> <!DOCTYPE html PUBLIC "-//W3C//DTD XHTML 1.0 Transitional//EN"          "http://www.w3.org/TR/xhtml1/DTD/xhtml1-transitional.dtd"> <html xmlns="http://www.w3.org/1999/xhtml" xml:lang="en" lang="en">  <head>   <title>503 Service Not Available</title>  </head>  <body>   <h1>503 Service Not Available</h1>  </body> </html> [00;33m{{(pid=2261378) _check_rest_api_response /opt/stack/cinder/cinder/volume/drivers/hitachi/hbsd_rest_api.py:485}}[00m
2026-10-06 15:15:28.793 2261378 DEBUG cinder.volume.drivers.hitachi.hbsd_rest_api [req-efbf2fd8-34f1-440c-b668-94ccf6f44144 - - - - - -] ERROR <?xml version="1.0" encoding="iso-8859-1"?> <!DOCTYPE html PUBLIC "-//W3C//DTD XHTML 1.0 Transitional//EN"          "http://www.w3.org/TR/xhtml1/DTD/xhtml1-transitional.dtd"> <html xmlns="http://www.w3.org/1999/xhtml" xml:lang="en" lang="en">  <head>   <title>503 Service Not Available</title>  </head>  <body>   <h1>503 Service Not Available</h1>  </body> </html> [00;33m{{(pid=2261378) _check_rest_api_response /opt/stack/cinder/cinder/volume/drivers/hitachi/hbsd_rest_api.py:485}}[00m
2026-10-06 15:15:33.815 2261378 DEBUG cinder.volume.drivers.hitachi.hbsd_rest_api [req-efbf2fd8-34f1-440c-b668-94ccf6f44144 - - - - - -] ERROR <?xml version="1.0" encoding="iso-8859-1"?> <!DOCTYPE html PUBLIC "-//W3C//DTD XHTML 1.0 Transitional//EN"          "http://www.w3.org/TR/xhtml1/DTD/xhtml1-transitional.dtd"> <html xmlns="http://www.w3.org/1999/xhtml" xml:lang="en" lang="en">  <head>   <title>503 Service Not Available</title>  </head>  <body>   <h1>503 Service Not Available</h1>  </body> </html> [00;33m{{(pid=2261378) _check_rest_api_response /opt/stack/cinder/cinder/volume/drivers/hitachi/hbsd_rest_api.py:485}}[00m
2026-10-06 15:15:38.774 2261378 DEBUG cinder.volume.drivers.hitachi.hbsd_rest_api [req-efbf2fd8-34f1-440c-b668-94ccf6f44144 - - - - - -] ERROR <?xml version="1.0" encoding="iso-8859-1"?> <!DOCTYPE html PUBLIC "-//W3C//DTD XHTML 1.0 Transitional//EN"          "http://www.w3.org/TR/xhtml1/DTD/xhtml1-transitional.dtd"> <html xmlns="http://www.w3.org/1999/xhtml" xml:lang="en" lang="en">  <head>   <title>503 Service Not Available</title>  </head>  <body>   <h1>503 Service Not Available</h1>  </body> </html> [00;33m{{(pid=2261378) _check_rest_api_response /opt/stack/cinder/cinder/volume/drivers/hitachi/hbsd_rest_api.py:485}}[00m
2026-10-06 15:15:43.772 2261378 DEBUG cinder.volume.drivers.hitachi.hbsd_rest_api [req-efbf2fd8-34f1-440c-b668-94ccf6f44144 - - - - - -] ERROR <?xml version="1.0" encoding="iso-8859-1"?> <!DOCTYPE html PUBLIC "-//W3C//DTD XHTML 1.0 Transitional//EN"          "http://www.w3.org/TR/xhtml1/DTD/xhtml1-transitional.dtd"> <html xmlns="http://www.w3.org/1999/xhtml" xml:lang="en" lang="en">  <head>   <title>503 Service Not Available</title>  </head>  <body>   <h1>503 Service Not Available</h1>  </body> </html> [00;33m{{(pid=2261378) _check_rest_api_response /opt/stack/cinder/cinder/volume/drivers/hitachi/hbsd_rest_api.py:485}}[00m
2026-10-06 15:15:48.836 2261378 DEBUG cinder.volume.drivers.hitachi.hbsd_rest_api [req-efbf2fd8-34f1-440c-b668-94ccf6f44144 - - - - - -] ERROR <?xml version="1.0" encoding="iso-8859-1"?> <!DOCTYPE html PUBLIC "-//W3C//DTD XHTML 1.0 Transitional//EN"          "http://www.w3.org/TR/xhtml1/DTD/xhtml1-transitional.dtd"> <html xmlns="http://www.w3.org/1999/xhtml" xml:lang="en" lang="en">  <head>   <title>503 Service Not Available</title>  </head>  <body>   <h1>503 Service Not Available</h1>  </body> </html> [00;33m{{(pid=2261378) _check_rest_api_response /opt/stack/cinder/cinder/volume/drivers/hitachi/hbsd_rest_api.py:485}}[00m
2026-10-06 15:15:53.778 2261378 DEBUG cinder.volume.drivers.hitachi.hbsd_rest_api [req-efbf2fd8-34f1-440c-b668-94ccf6f44144 - - - - - -] ERROR <?xml version="1.0" encoding="iso-8859-1"?> <!DOCTYPE html PUBLIC "-//W3C//DTD XHTML 1.0 Transitional//EN"          "http://www.w3.org/TR/xhtml1/DTD/xhtml1-transitional.dtd"> <html xmlns="http://www.w3.org/1999/xhtml" xml:lang="en" lang="en">  <head>   <title>503 Service Not Available</title>  </head>  <body>   <h1>503 Service Not Available</h1>  </body> </html> [00;33m{{(pid=2261378) _check_rest_api_response /opt/stack/cinder/cinder/volume/drivers/hitachi/hbsd_rest_api.py:485}}[00m
2026-10-06 15:15:58.772 2261378 DEBUG cinder.volume.drivers.hitachi.hbsd_rest_api [req-efbf2fd8-34f1-440c-b668-94ccf6f44144 - - - - - -] ERROR <?xml version="1.0" encoding="iso-8859-1"?> <!DOCTYPE html PUBLIC "-//W3C//DTD XHTML 1.0 Transitional//EN"          "http://www.w3.org/TR/xhtml1/DTD/xhtml1-transitional.dtd"> <html xmlns="http://www.w3.org/1999/xhtml" xml:lang="en" lang="en">  <head>   <title>503 Service Not Available</title>  </head>  <body>   <h1>503 Service Not Available</h1>  </body> </html> [00;33m{{(pid=2261378) _check_rest_api_response /opt/stack/cinder/cinder/volume/drivers/hitachi/hbsd_rest_api.py:485}}[00m
2026-10-06 15:16:03.775 2261378 DEBUG cinder.volume.drivers.hitachi.hbsd_rest_api [req-efbf2fd8-34f1-440c-b668-94ccf6f44144 - - - - - -] ERROR <?xml version="1.0" encoding="iso-8859-1"?> <!DOCTYPE html PUBLIC "-//W3C//DTD XHTML 1.0 Transitional//EN"          "http://www.w3.org/TR/xhtml1/DTD/xhtml1-transitional.dtd"> <html xmlns="http://www.w3.org/1999/xhtml" xml:lang="en" lang="en">  <head>   <title>503 Service Not Available</title>  </head>  <body>   <h1>503 Service Not Available</h1>  </body> </html> [00;33m{{(pid=2261378) _check_rest_api_response /opt/stack/cinder/cinder/volume/drivers/hitachi/hbsd_rest_api.py:485}}[00m
2026-10-06 15:16:08.832 2261378 DEBUG cinder.volume.drivers.hitachi.hbsd_rest_api [req-efbf2fd8-34f1-440c-b668-94ccf6f44144 - - - - - -] ERROR <?xml version="1.0" encoding="iso-8859-1"?> <!DOCTYPE html PUBLIC "-//W3C//DTD XHTML 1.0 Transitional//EN"          "http://www.w3.org/TR/xhtml1/DTD/xhtml1-transitional.dtd"> <html xmlns="http://www.w3.org/1999/xhtml" xml:lang="en" lang="en">  <head>   <title>503 Service Not Available</title>  </head>  <body>   <h1>503 Service Not Available</h1>  </body> </html> [00;33m{{(pid=2261378) _check_rest_api_response /opt/stack/cinder/cinder/volume/drivers/hitachi/hbsd_rest_api.py:485}}[00m
2026-10-06 15:16:13.780 2261378 DEBUG cinder.volume.drivers.hitachi.hbsd_rest_api [req-efbf2fd8-34f1-440c-b668-94ccf6f44144 - - - - - -] ERROR <?xml version="1.0" encoding="iso-8859-1"?> <!DOCTYPE html PUBLIC "-//W3C//DTD XHTML 1.0 Transitional//EN"          "http://www.w3.org/TR/xhtml1/DTD/xhtml1-transitional.dtd"> <html xmlns="http://www.w3.org/1999/xhtml" xml:lang="en" lang="en">  <head>   <title>503 Service Not Available</title>  </head>  <body>   <h1>503 Service Not Available</h1>  </body> </html> [00;33m{{(pid=2261378) _check_rest_api_response /opt/stack/cinder/cinder/volume/drivers/hitachi/hbsd_rest_api.py:485}}[00m
2026-10-06 15:16:18.782 2261378 DEBUG cinder.volume.drivers.hitachi.hbsd_rest_api [req-efbf2fd8-34f1-440c-b668-94ccf6f44144 - - - - - -] ERROR <?xml version="1.0" encoding="iso-8859-1"?> <!DOCTYPE html PUBLIC "-//W3C//DTD XHTML 1.0 Transitional//EN"          "http://www.w3.org/TR/xhtml1/DTD/xhtml1-transitional.dtd"> <html xmlns="http://www.w3.org/1999/xhtml" xml:lang="en" lang="en">  <head>   <title>503 Service Not Available</title>  </head>  <body>   <h1>503 Service Not Available</h1>  </body> </html> [00;33m{{(pid=2261378) _check_rest_api_response /opt/stack/cinder/cinder/volume/drivers/hitachi/hbsd_rest_api.py:485}}[00m
2026-10-06 15:16:23.778 2261378 DEBUG cinder.volume.drivers.hitachi.hbsd_rest_api [req-efbf2fd8-34f1-440c-b668-94ccf6f44144 - - - - - -] ERROR <?xml version="1.0" encoding="iso-8859-1"?> <!DOCTYPE html PUBLIC "-//W3C//DTD XHTML 1.0 Transitional//EN"          "http://www.w3.org/TR/xhtml1/DTD/xhtml1-transitional.dtd"> <html xmlns="http://www.w3.org/1999/xhtml" xml:lang="en" lang="en">  <head>   <title>503 Service Not Available</title>  </head>  <body>   <h1>503 Service Not Available</h1>  </body> </html> [00;33m{{(pid=2261378) _check_rest_api_response /opt/stack/cinder/cinder/volume/drivers/hitachi/hbsd_rest_api.py:485}}[00m
2026-10-06 15:16:28.779 2261378 DEBUG cinder.volume.drivers.hitachi.hbsd_rest_api [req-efbf2fd8-34f1-440c-b668-94ccf6f44144 - - - - - -] ERROR <?xml version="1.0" encoding="iso-8859-1"?> <!DOCTYPE html PUBLIC "-//W3C//DTD XHTML 1.0 Transitional//EN"          "http://www.w3.org/TR/xhtml1/DTD/xhtml1-transitional.dtd"> <html xmlns="http://www.w3.org/1999/xhtml" xml:lang="en" lang="en">  <head>   <title>503 Service Not Available</title>  </head>  <body>   <h1>503 Service Not Available</h1>  </body> </html> [00;33m{{(pid=2261378) _check_rest_api_response /opt/stack/cinder/cinder/volume/drivers/hitachi/hbsd_rest_api.py:485}}[00m
2026-10-06 15:16:33.793 2261378 DEBUG cinder.volume.drivers.hitachi.hbsd_rest_api [req-efbf2fd8-34f1-440c-b668-94ccf6f44144 - - - - - -] ERROR <?xml version="1.0" encoding="iso-8859-1"?> <!DOCTYPE html PUBLIC "-//W3C//DTD XHTML 1.0 Transitional//EN"          "http://www.w3.org/TR/xhtml1/DTD/xhtml1-transitional.dtd"> <html xmlns="http://www.w3.org/1999/xhtml" xml:lang="en" lang="en">  <head>   <title>503 Service Not Available</title>  </head>  <body>   <h1>503 Service Not Available</h1>  </body> </html> [00;33m{{(pid=2261378) _check_rest_api_response /opt/stack/cinder/cinder/volume/drivers/hitachi/hbsd_rest_api.py:485}}[00m
2026-10-06 15:16:38.791 2261378 DEBUG cinder.volume.drivers.hitachi.hbsd_rest_api [req-efbf2fd8-34f1-440c-b668-94ccf6f44144 - - - - - -] ERROR <?xml version="1.0" encoding="iso-8859-1"?> <!DOCTYPE html PUBLIC "-//W3C//DTD XHTML 1.0 Transitional//EN"          "http://www.w3.org/TR/xhtml1/DTD/xhtml1-transitional.dtd"> <html xmlns="http://www.w3.org/1999/xhtml" xml:lang="en" lang="en">  <head>   <title>503 Service Not Available</title>  </head>  <body>   <h1>503 Service Not Available</h1>  </body> </html> [00;33m{{(pid=2261378) _check_rest_api_response /opt/stack/cinder/cinder/volume/drivers/hitachi/hbsd_rest_api.py:485}}[00m
2026-10-06 15:16:43.831 2261378 DEBUG cinder.volume.drivers.hitachi.hbsd_rest_api [req-efbf2fd8-34f1-440c-b668-94ccf6f44144 - - - - - -] ERROR <?xml version="1.0" encoding="iso-8859-1"?> <!DOCTYPE html PUBLIC "-//W3C//DTD XHTML 1.0 Transitional//EN"          "http://www.w3.org/TR/xhtml1/DTD/xhtml1-transitional.dtd"> <html xmlns="http://www.w3.org/1999/xhtml" xml:lang="en" lang="en">  <head>   <title>503 Service Not Available</title>  </head>  <body>   <h1>503 Service Not Available</h1>  </body> </html> [00;33m{{(pid=2261378) _check_rest_api_response /opt/stack/cinder/cinder/volume/drivers/hitachi/hbsd_rest_api.py:485}}[00m
2026-10-06 15:16:48.795 2261378 DEBUG cinder.volume.drivers.hitachi.hbsd_rest_api [req-efbf2fd8-34f1-440c-b668-94ccf6f44144 - - - - - -] ERROR <?xml version="1.0" encoding="iso-8859-1"?> <!DOCTYPE html PUBLIC "-//W3C//DTD XHTML 1.0 Transitional//EN"          "http://www.w3.org/TR/xhtml1/DTD/xhtml1-transitional.dtd"> <html xmlns="http://www.w3.org/1999/xhtml" xml:lang="en" lang="en">  <head>   <title>503 Service Not Available</title>  </head>  <body>   <h1>503 Service Not Available</h1>  </body> </html> [00;33m{{(pid=2261378) _check_rest_api_response /opt/stack/cinder/cinder/volume/drivers/hitachi/hbsd_rest_api.py:485}}[00m
2026-10-06 15:16:53.810 2261378 DEBUG cinder.volume.drivers.hitachi.hbsd_rest_api [req-efbf2fd8-34f1-440c-b668-94ccf6f44144 - - - - - -] ERROR <?xml version="1.0" encoding="iso-8859-1"?> <!DOCTYPE html PUBLIC "-//W3C//DTD XHTML 1.0 Transitional//EN"          "http://www.w3.org/TR/xhtml1/DTD/xhtml1-transitional.dtd"> <html xmlns="http://www.w3.org/1999/xhtml" xml:lang="en" lang="en">  <head>   <title>503 Service Not Available</title>  </head>  <body>   <h1>503 Service Not Available</h1>  </body> </html> [00;33m{{(pid=2261378) _check_rest_api_response /opt/stack/cinder/cinder/volume/drivers/hitachi/hbsd_rest_api.py:485}}[00m
2026-10-06 15:16:58.788 2261378 DEBUG cinder.volume.drivers.hitachi.hbsd_rest_api [req-efbf2fd8-34f1-440c-b668-94ccf6f44144 - - - - - -] ERROR <?xml version="1.0" encoding="iso-8859-1"?> <!DOCTYPE html PUBLIC "-//W3C//DTD XHTML 1.0 Transitional//EN"          "http://www.w3.org/TR/xhtml1/DTD/xhtml1-transitional.dtd"> <html xmlns="http://www.w3.org/1999/xhtml" xml:lang="en" lang="en">  <head>   <title>503 Service Not Available</title>  </head>  <body>   <h1>503 Service Not Available</h1>  </body> </html> [00;33m{{(pid=2261378) _check_rest_api_response /opt/stack/cinder/cinder/volume/drivers/hitachi/hbsd_rest_api.py:485}}[00m
2026-10-06 15:17:03.799 2261378 DEBUG cinder.volume.drivers.hitachi.hbsd_rest_api [req-efbf2fd8-34f1-440c-b668-94ccf6f44144 - - - - - -] ERROR <?xml version="1.0" encoding="iso-8859-1"?> <!DOCTYPE html PUBLIC "-//W3C//DTD XHTML 1.0 Transitional//EN"          "http://www.w3.org/TR/xhtml1/DTD/xhtml1-transitional.dtd"> <html xmlns="http://www.w3.org/1999/xhtml" xml:lang="en" lang="en">  <head>   <title>503 Service Not Available</title>  </head>  <body>   <h1>503 Service Not Available</h1>  </body> </html> [00;33m{{(pid=2261378) _check_rest_api_response /opt/stack/cinder/cinder/volume/drivers/hitachi/hbsd_rest_api.py:485}}[00m
2026-10-06 15:17:08.792 2261378 DEBUG cinder.volume.drivers.hitachi.hbsd_rest_api [req-efbf2fd8-34f1-440c-b668-94ccf6f44144 - - - - - -] ERROR <?xml version="1.0" encoding="iso-8859-1"?> <!DOCTYPE html PUBLIC "-//W3C//DTD XHTML 1.0 Transitional//EN"          "http://www.w3.org/TR/xhtml1/DTD/xhtml1-transitional.dtd"> <html xmlns="http://www.w3.org/1999/xhtml" xml:lang="en" lang="en">  <head>   <title>503 Service Not Available</title>  </head>  <body>   <h1>503 Service Not Available</h1>  </body> </html> [00;33m{{(pid=2261378) _check_rest_api_response /opt/stack/cinder/cinder/volume/drivers/hitachi/hbsd_rest_api.py:485}}[00m
2026-10-06 15:17:13.792 2261378 DEBUG cinder.volume.drivers.hitachi.hbsd_rest_api [req-efbf2fd8-34f1-440c-b668-94ccf6f44144 - - - - - -] ERROR <?xml version="1.0" encoding="iso-8859-1"?> <!DOCTYPE html PUBLIC "-//W3C//DTD XHTML 1.0 Transitional//EN"          "http://www.w3.org/TR/xhtml1/DTD/xhtml1-transitional.dtd"> <html xmlns="http://www.w3.org/1999/xhtml" xml:lang="en" lang="en">  <head>   <title>503 Service Not Available</title>  </head>  <body>   <h1>503 Service Not Available</h1>  </body> </html> [00;33m{{(pid=2261378) _check_rest_api_response /opt/stack/cinder/cinder/volume/drivers/hitachi/hbsd_rest_api.py:485}}[00m
2026-10-06 15:17:18.794 2261378 DEBUG cinder.volume.drivers.hitachi.hbsd_rest_api [req-efbf2fd8-34f1-440c-b668-94ccf6f44144 - - - - - -] ERROR <?xml version="1.0" encoding="iso-8859-1"?> <!DOCTYPE html PUBLIC "-//W3C//DTD XHTML 1.0 Transitional//EN"          "http://www.w3.org/TR/xhtml1/DTD/xhtml1-transitional.dtd"> <html xmlns="http://www.w3.org/1999/xhtml" xml:lang="en" lang="en">  <head>   <title>503 Service Not Available</title>  </head>  <body>   <h1>503 Service Not Available</h1>  </body> </html> [00;33m{{(pid=2261378) _check_rest_api_response /opt/stack/cinder/cinder/volume/drivers/hitachi/hbsd_rest_api.py:485}}[00m
2026-10-06 15:17:23.803 2261378 DEBUG cinder.volume.drivers.hitachi.hbsd_rest_api [req-efbf2fd8-34f1-440c-b668-94ccf6f44144 - - - - - -] ERROR <?xml version="1.0" encoding="iso-8859-1"?> <!DOCTYPE html PUBLIC "-//W3C//DTD XHTML 1.0 Transitional//EN"          "http://www.w3.org/TR/xhtml1/DTD/xhtml1-transitional.dtd"> <html xmlns="http://www.w3.org/1999/xhtml" xml:lang="en" lang="en">  <head>   <title>503 Service Not Available</title>  </head>  <body>   <h1>503 Service Not Available</h1>  </body> </html> [00;33m{{(pid=2261378) _check_rest_api_response /opt/stack/cinder/cinder/volume/drivers/hitachi/hbsd_rest_api.py:485}}[00m
2026-10-06 15:17:28.795 2261378 DEBUG cinder.volume.drivers.hitachi.hbsd_rest_api [req-efbf2fd8-34f1-440c-b668-94ccf6f44144 - - - - - -] ERROR <?xml version="1.0" encoding="iso-8859-1"?> <!DOCTYPE html PUBLIC "-//W3C//DTD XHTML 1.0 Transitional//EN"          "http://www.w3.org/TR/xhtml1/DTD/xhtml1-transitional.dtd"> <html xmlns="http://www.w3.org/1999/xhtml" xml:lang="en" lang="en">  <head>   <title>503 Service Not Available</title>  </head>  <body>   <h1>503 Service Not Available</h1>  </body> </html> [00;33m{{(pid=2261378) _check_rest_api_response /opt/stack/cinder/cinder/volume/drivers/hitachi/hbsd_rest_api.py:485}}[00m
2026-10-06 15:17:33.795 2261378 DEBUG cinder.volume.drivers.hitachi.hbsd_rest_api [req-efbf2fd8-34f1-440c-b668-94ccf6f44144 - - - - - -] ERROR <?xml version="1.0" encoding="iso-8859-1"?> <!DOCTYPE html PUBLIC "-//W3C//DTD XHTML 1.0 Transitional//EN"          "http://www.w3.org/TR/xhtml1/DTD/xhtml1-transitional.dtd"> <html xmlns="http://www.w3.org/1999/xhtml" xml:lang="en" lang="en">  <head>   <title>503 Service Not Available</title>  </head>  <body>   <h1>503 Service Not Available</h1>  </body> </html> [00;33m{{(pid=2261378) _check_rest_api_response /opt/stack/cinder/cinder/volume/drivers/hitachi/hbsd_rest_api.py:485}}[00m
2026-10-06 15:17:38.799 2261378 DEBUG cinder.volume.drivers.hitachi.hbsd_rest_api [req-efbf2fd8-34f1-440c-b668-94ccf6f44144 - - - - - -] ERROR <?xml version="1.0" encoding="iso-8859-1"?> <!DOCTYPE html PUBLIC "-//W3C//DTD XHTML 1.0 Transitional//EN"          "http://www.w3.org/TR/xhtml1/DTD/xhtml1-transitional.dtd"> <html xmlns="http://www.w3.org/1999/xhtml" xml:lang="en" lang="en">  <head>   <title>503 Service Not Available</title>  </head>  <body>   <h1>503 Service Not Available</h1>  </body> </html> [00;33m{{(pid=2261378) _check_rest_api_response /opt/stack/cinder/cinder/volume/drivers/hitachi/hbsd_rest_api.py:485}}[00m
2026-10-06 15:17:43.797 2261378 DEBUG cinder.volume.drivers.hitachi.hbsd_rest_api [req-efbf2fd8-34f1-440c-b668-94ccf6f44144 - - - - - -] ERROR <?xml version="1.0" encoding="iso-8859-1"?> <!DOCTYPE html PUBLIC "-//W3C//DTD XHTML 1.0 Transitional//EN"          "http://www.w3.org/TR/xhtml1/DTD/xhtml1-transitional.dtd"> <html xmlns="http://www.w3.org/1999/xhtml" xml:lang="en" lang="en">  <head>   <title>503 Service Not Available</title>  </head>  <body>   <h1>503 Service Not Available</h1>  </body> </html> [00;33m{{(pid=2261378) _check_rest_api_response /opt/stack/cinder/cinder/volume/drivers/hitachi/hbsd_rest_api.py:485}}[00m
2026-10-06 15:17:48.828 2261378 DEBUG cinder.volume.drivers.hitachi.hbsd_rest_api [req-efbf2fd8-34f1-440c-b668-94ccf6f44144 - - - - - -] ERROR <?xml version="1.0" encoding="iso-8859-1"?> <!DOCTYPE html PUBLIC "-//W3C//DTD XHTML 1.0 Transitional//EN"          "http://www.w3.org/TR/xhtml1/DTD/xhtml1-transitional.dtd"> <html xmlns="http://www.w3.org/1999/xhtml" xml:lang="en" lang="en">  <head>   <title>503 Service Not Available</title>  </head>  <body>   <h1>503 Service Not Available</h1>  </body> </html> [00;33m{{(pid=2261378) _check_rest_api_response /opt/stack/cinder/cinder/volume/drivers/hitachi/hbsd_rest_api.py:485}}[00m
2026-10-06 15:17:53.906 2261378 DEBUG cinder.volume.drivers.hitachi.hbsd_rest_api [req-efbf2fd8-34f1-440c-b668-94ccf6f44144 - - - - - -] ERROR <?xml version="1.0" encoding="iso-8859-1"?> <!DOCTYPE html PUBLIC "-//W3C//DTD XHTML 1.0 Transitional//EN"          "http://www.w3.org/TR/xhtml1/DTD/xhtml1-transitional.dtd"> <html xmlns="http://www.w3.org/1999/xhtml" xml:lang="en" lang="en">  <head>   <title>503 Service Not Available</title>  </head>  <body>   <h1>503 Service Not Available</h1>  </body> </html> [00;33m{{(pid=2261378) _check_rest_api_response /opt/stack/cinder/cinder/volume/drivers/hitachi/hbsd_rest_api.py:485}}[00m
2026-10-06 15:17:58.815 2261378 DEBUG cinder.volume.drivers.hitachi.hbsd_rest_api [req-efbf2fd8-34f1-440c-b668-94ccf6f44144 - - - - - -] ERROR <?xml version="1.0" encoding="iso-8859-1"?> <!DOCTYPE html PUBLIC "-//W3C//DTD XHTML 1.0 Transitional//EN"          "http://www.w3.org/TR/xhtml1/DTD/xhtml1-transitional.dtd"> <html xmlns="http://www.w3.org/1999/xhtml" xml:lang="en" lang="en">  <head>   <title>503 Service Not Available</title>  </head>  <body>   <h1>503 Service Not Available</h1>  </body> </html> [00;33m{{(pid=2261378) _check_rest_api_response /opt/stack/cinder/cinder/volume/drivers/hitachi/hbsd_rest_api.py:485}}[00m
2026-10-06 15:18:03.802 2261378 DEBUG cinder.volume.drivers.hitachi.hbsd_rest_api [req-efbf2fd8-34f1-440c-b668-94ccf6f44144 - - - - - -] ERROR <?xml version="1.0" encoding="iso-8859-1"?> <!DOCTYPE html PUBLIC "-//W3C//DTD XHTML 1.0 Transitional//EN"          "http://www.w3.org/TR/xhtml1/DTD/xhtml1-transitional.dtd"> <html xmlns="http://www.w3.org/1999/xhtml" xml:lang="en" lang="en">  <head>   <title>503 Service Not Available</title>  </head>  <body>   <h1>503 Service Not Available</h1>  </body> </html> [00;33m{{(pid=2261378) _check_rest_api_response /opt/stack/cinder/cinder/volume/drivers/hitachi/hbsd_rest_api.py:485}}[00m
2026-10-06 15:18:08.882 2261378 DEBUG cinder.volume.drivers.hitachi.hbsd_rest_api [req-efbf2fd8-34f1-440c-b668-94ccf6f44144 - - - - - -] ERROR <?xml version="1.0" encoding="iso-8859-1"?> <!DOCTYPE html PUBLIC "-//W3C//DTD XHTML 1.0 Transitional//EN"          "http://www.w3.org/TR/xhtml1/DTD/xhtml1-transitional.dtd"> <html xmlns="http://www.w3.org/1999/xhtml" xml:lang="en" lang="en">  <head>   <title>503 Service Not Available</title>  </head>  <body>   <h1>503 Service Not Available</h1>  </body> </html> [00;33m{{(pid=2261378) _check_rest_api_response /opt/stack/cinder/cinder/volume/drivers/hitachi/hbsd_rest_api.py:485}}[00m
2026-10-06 15:18:13.806 2261378 DEBUG cinder.volume.drivers.hitachi.hbsd_rest_api [req-efbf2fd8-34f1-440c-b668-94ccf6f44144 - - - - - -] ERROR <?xml version="1.0" encoding="iso-8859-1"?> <!DOCTYPE html PUBLIC "-//W3C//DTD XHTML 1.0 Transitional//EN"          "http://www.w3.org/TR/xhtml1/DTD/xhtml1-transitional.dtd"> <html xmlns="http://www.w3.org/1999/xhtml" xml:lang="en" lang="en">  <head>   <title>503 Service Not Available</title>  </head>  <body>   <h1>503 Service Not Available</h1>  </body> </html> [00;33m{{(pid=2261378) _check_rest_api_response /opt/stack/cinder/cinder/volume/drivers/hitachi/hbsd_rest_api.py:485}}[00m
2026-10-06 15:18:18.807 2261378 DEBUG cinder.volume.drivers.hitachi.hbsd_rest_api [req-efbf2fd8-34f1-440c-b668-94ccf6f44144 - - - - - -] ERROR <?xml version="1.0" encoding="iso-8859-1"?> <!DOCTYPE html PUBLIC "-//W3C//DTD XHTML 1.0 Transitional//EN"          "http://www.w3.org/TR/xhtml1/DTD/xhtml1-transitional.dtd"> <html xmlns="http://www.w3.org/1999/xhtml" xml:lang="en" lang="en">  <head>   <title>503 Service Not Available</title>  </head>  <body>   <h1>503 Service Not Available</h1>  </body> </html> [00;33m{{(pid=2261378) _check_rest_api_response /opt/stack/cinder/cinder/volume/drivers/hitachi/hbsd_rest_api.py:485}}[00m
2026-10-06 15:18:23.812 2261378 DEBUG cinder.volume.drivers.hitachi.hbsd_rest_api [req-efbf2fd8-34f1-440c-b668-94ccf6f44144 - - - - - -] ERROR <?xml version="1.0" encoding="iso-8859-1"?> <!DOCTYPE html PUBLIC "-//W3C//DTD XHTML 1.0 Transitional//EN"          "http://www.w3.org/TR/xhtml1/DTD/xhtml1-transitional.dtd"> <html xmlns="http://www.w3.org/1999/xhtml" xml:lang="en" lang="en">  <head>   <title>503 Service Not Available</title>  </head>  <body>   <h1>503 Service Not Available</h1>  </body> </html> [00;33m{{(pid=2261378) _check_rest_api_response /opt/stack/cinder/cinder/volume/drivers/hitachi/hbsd_rest_api.py:485}}[00m
2026-10-06 15:18:28.822 2261378 DEBUG cinder.volume.drivers.hitachi.hbsd_rest_api [req-efbf2fd8-34f1-440c-b668-94ccf6f44144 - - - - - -] ERROR <?xml version="1.0" encoding="iso-8859-1"?> <!DOCTYPE html PUBLIC "-//W3C//DTD XHTML 1.0 Transitional//EN"          "http://www.w3.org/TR/xhtml1/DTD/xhtml1-transitional.dtd"> <html xmlns="http://www.w3.org/1999/xhtml" xml:lang="en" lang="en">  <head>   <title>503 Service Not Available</title>  </head>  <body>   <h1>503 Service Not Available</h1>  </body> </html> [00;33m{{(pid=2261378) _check_rest_api_response /opt/stack/cinder/cinder/volume/drivers/hitachi/hbsd_rest_api.py:485}}[00m
2026-10-06 15:18:33.810 2261378 DEBUG cinder.volume.drivers.hitachi.hbsd_rest_api [req-efbf2fd8-34f1-440c-b668-94ccf6f44144 - - - - - -] ERROR <?xml version="1.0" encoding="iso-8859-1"?> <!DOCTYPE html PUBLIC "-//W3C//DTD XHTML 1.0 Transitional//EN"          "http://www.w3.org/TR/xhtml1/DTD/xhtml1-transitional.dtd"> <html xmlns="http://www.w3.org/1999/xhtml" xml:lang="en" lang="en">  <head>   <title>503 Service Not Available</title>  </head>  <body>   <h1>503 Service Not Available</h1>  </body> </html> [00;33m{{(pid=2261378) _check_rest_api_response /opt/stack/cinder/cinder/volume/drivers/hitachi/hbsd_rest_api.py:485}}[00m
2026-10-06 15:18:38.813 2261378 DEBUG cinder.volume.drivers.hitachi.hbsd_rest_api [req-efbf2fd8-34f1-440c-b668-94ccf6f44144 - - - - - -] ERROR <?xml version="1.0" encoding="iso-8859-1"?> <!DOCTYPE html PUBLIC "-//W3C//DTD XHTML 1.0 Transitional//EN"          "http://www.w3.org/TR/xhtml1/DTD/xhtml1-transitional.dtd"> <html xmlns="http://www.w3.org/1999/xhtml" xml:lang="en" lang="en">  <head>   <title>503 Service Not Available</title>  </head>  <body>   <h1>503 Service Not Available</h1>  </body> </html> [00;33m{{(pid=2261378) _check_rest_api_response /opt/stack/cinder/cinder/volume/drivers/hitachi/hbsd_rest_api.py:485}}[00m
2026-10-06 15:18:43.813 2261378 DEBUG cinder.volume.drivers.hitachi.hbsd_rest_api [req-efbf2fd8-34f1-440c-b668-94ccf6f44144 - - - - - -] ERROR <?xml version="1.0" encoding="iso-8859-1"?> <!DOCTYPE html PUBLIC "-//W3C//DTD XHTML 1.0 Transitional//EN"          "http://www.w3.org/TR/xhtml1/DTD/xhtml1-transitional.dtd"> <html xmlns="http://www.w3.org/1999/xhtml" xml:lang="en" lang="en">  <head>   <title>503 Service Not Available</title>  </head>  <body>   <h1>503 Service Not Available</h1>  </body> </html> [00;33m{{(pid=2261378) _check_rest_api_response /opt/stack/cinder/cinder/volume/drivers/hitachi/hbsd_rest_api.py:485}}[00m
2026-10-06 15:18:48.820 2261378 DEBUG cinder.volume.drivers.hitachi.hbsd_rest_api [req-efbf2fd8-34f1-440c-b668-94ccf6f44144 - - - - - -] ERROR <?xml version="1.0" encoding="iso-8859-1"?> <!DOCTYPE html PUBLIC "-//W3C//DTD XHTML 1.0 Transitional//EN"          "http://www.w3.org/TR/xhtml1/DTD/xhtml1-transitional.dtd"> <html xmlns="http://www.w3.org/1999/xhtml" xml:lang="en" lang="en">  <head>   <title>503 Service Not Available</title>  </head>  <body>   <h1>503 Service Not Available</h1>  </body> </html> [00;33m{{(pid=2261378) _check_rest_api_response /opt/stack/cinder/cinder/volume/drivers/hitachi/hbsd_rest_api.py:485}}[00m
2026-10-06 15:18:53.815 2261378 DEBUG cinder.volume.drivers.hitachi.hbsd_rest_api [req-efbf2fd8-34f1-440c-b668-94ccf6f44144 - - - - - -] ERROR <?xml version="1.0" encoding="iso-8859-1"?> <!DOCTYPE html PUBLIC "-//W3C//DTD XHTML 1.0 Transitional//EN"          "http://www.w3.org/TR/xhtml1/DTD/xhtml1-transitional.dtd"> <html xmlns="http://www.w3.org/1999/xhtml" xml:lang="en" lang="en">  <head>   <title>503 Service Not Available</title>  </head>  <body>   <h1>503 Service Not Available</h1>  </body> </html> [00;33m{{(pid=2261378) _check_rest_api_response /opt/stack/cinder/cinder/volume/drivers/hitachi/hbsd_rest_api.py:485}}[00m
2026-10-06 15:18:58.817 2261378 DEBUG cinder.volume.drivers.hitachi.hbsd_rest_api [req-efbf2fd8-34f1-440c-b668-94ccf6f44144 - - - - - -] ERROR <?xml version="1.0" encoding="iso-8859-1"?> <!DOCTYPE html PUBLIC "-//W3C//DTD XHTML 1.0 Transitional//EN"          "http://www.w3.org/TR/xhtml1/DTD/xhtml1-transitional.dtd"> <html xmlns="http://www.w3.org/1999/xhtml" xml:lang="en" lang="en">  <head>   <title>503 Service Not Available</title>  </head>  <body>   <h1>503 Service Not Available</h1>  </body> </html> [00;33m{{(pid=2261378) _check_rest_api_response /opt/stack/cinder/cinder/volume/drivers/hitachi/hbsd_rest_api.py:485}}[00m
2026-10-06 15:19:03.846 2261378 DEBUG cinder.volume.drivers.hitachi.hbsd_rest_api [req-efbf2fd8-34f1-440c-b668-94ccf6f44144 - - - - - -] ERROR <?xml version="1.0" encoding="iso-8859-1"?> <!DOCTYPE html PUBLIC "-//W3C//DTD XHTML 1.0 Transitional//EN"          "http://www.w3.org/TR/xhtml1/DTD/xhtml1-transitional.dtd"> <html xmlns="http://www.w3.org/1999/xhtml" xml:lang="en" lang="en">  <head>   <title>503 Service Not Available</title>  </head>  <body>   <h1>503 Service Not Available</h1>  </body> </html> [00;33m{{(pid=2261378) _check_rest_api_response /opt/stack/cinder/cinder/volume/drivers/hitachi/hbsd_rest_api.py:485}}[00m
2026-10-06 15:19:08.823 2261378 DEBUG cinder.volume.drivers.hitachi.hbsd_rest_api [req-efbf2fd8-34f1-440c-b668-94ccf6f44144 - - - - - -] ERROR <?xml version="1.0" encoding="iso-8859-1"?> <!DOCTYPE html PUBLIC "-//W3C//DTD XHTML 1.0 Transitional//EN"          "http://www.w3.org/TR/xhtml1/DTD/xhtml1-transitional.dtd"> <html xmlns="http://www.w3.org/1999/xhtml" xml:lang="en" lang="en">  <head>   <title>503 Service Not Available</title>  </head>  <body>   <h1>503 Service Not Available</h1>  </body> </html> [00;33m{{(pid=2261378) _check_rest_api_response /opt/stack/cinder/cinder/volume/drivers/hitachi/hbsd_rest_api.py:485}}[00m
2026-10-06 15:19:13.877 2261378 DEBUG cinder.volume.drivers.hitachi.hbsd_rest_api [req-efbf2fd8-34f1-440c-b668-94ccf6f44144 - - - - - -] ERROR <?xml version="1.0" encoding="iso-8859-1"?> <!DOCTYPE html PUBLIC "-//W3C//DTD XHTML 1.0 Transitional//EN"          "http://www.w3.org/TR/xhtml1/DTD/xhtml1-transitional.dtd"> <html xmlns="http://www.w3.org/1999/xhtml" xml:lang="en" lang="en">  <head>   <title>503 Service Not Available</title>  </head>  <body>   <h1>503 Service Not Available</h1>  </body> </html> [00;33m{{(pid=2261378) _check_rest_api_response /opt/stack/cinder/cinder/volume/drivers/hitachi/hbsd_rest_api.py:485}}[00m
2026-10-06 15:19:18.823 2261378 DEBUG cinder.volume.drivers.hitachi.hbsd_rest_api [req-efbf2fd8-34f1-440c-b668-94ccf6f44144 - - - - - -] ERROR <?xml version="1.0" encoding="iso-8859-1"?> <!DOCTYPE html PUBLIC "-//W3C//DTD XHTML 1.0 Transitional//EN"          "http://www.w3.org/TR/xhtml1/DTD/xhtml1-transitional.dtd"> <html xmlns="http://www.w3.org/1999/xhtml" xml:lang="en" lang="en">  <head>   <title>503 Service Not Available</title>  </head>  <body>   <h1>503 Service Not Available</h1>  </body> </html> [00;33m{{(pid=2261378) _check_rest_api_response /opt/stack/cinder/cinder/volume/drivers/hitachi/hbsd_rest_api.py:485}}[00m
2026-10-06 15:19:23.823 2261378 DEBUG cinder.volume.drivers.hitachi.hbsd_rest_api [req-efbf2fd8-34f1-440c-b668-94ccf6f44144 - - - - - -] ERROR <?xml version="1.0" encoding="iso-8859-1"?> <!DOCTYPE html PUBLIC "-//W3C//DTD XHTML 1.0 Transitional//EN"          "http://www.w3.org/TR/xhtml1/DTD/xhtml1-transitional.dtd"> <html xmlns="http://www.w3.org/1999/xhtml" xml:lang="en" lang="en">  <head>   <title>503 Service Not Available</title>  </head>  <body>   <h1>503 Service Not Available</h1>  </body> </html> [00;33m{{(pid=2261378) _check_rest_api_response /opt/stack/cinder/cinder/volume/drivers/hitachi/hbsd_rest_api.py:485}}[00m
2026-10-06 15:19:28.825 2261378 DEBUG cinder.volume.drivers.hitachi.hbsd_rest_api [req-efbf2fd8-34f1-440c-b668-94ccf6f44144 - - - - - -] ERROR <?xml version="1.0" encoding="iso-8859-1"?> <!DOCTYPE html PUBLIC "-//W3C//DTD XHTML 1.0 Transitional//EN"          "http://www.w3.org/TR/xhtml1/DTD/xhtml1-transitional.dtd"> <html xmlns="http://www.w3.org/1999/xhtml" xml:lang="en" lang="en">  <head>   <title>503 Service Not Available</title>  </head>  <body>   <h1>503 Service Not Available</h1>  </body> </html> [00;33m{{(pid=2261378) _check_rest_api_response /opt/stack/cinder/cinder/volume/drivers/hitachi/hbsd_rest_api.py:485}}[00m
2026-10-06 15:19:33.828 2261378 DEBUG cinder.volume.drivers.hitachi.hbsd_rest_api [req-efbf2fd8-34f1-440c-b668-94ccf6f44144 - - - - - -] ERROR <?xml version="1.0" encoding="iso-8859-1"?> <!DOCTYPE html PUBLIC "-//W3C//DTD XHTML 1.0 Transitional//EN"          "http://www.w3.org/TR/xhtml1/DTD/xhtml1-transitional.dtd"> <html xmlns="http://www.w3.org/1999/xhtml" xml:lang="en" lang="en">  <head>   <title>503 Service Not Available</title>  </head>  <body>   <h1>503 Service Not Available</h1>  </body> </html> [00;33m{{(pid=2261378) _check_rest_api_response /opt/stack/cinder/cinder/volume/drivers/hitachi/hbsd_rest_api.py:485}}[00m
2026-10-06 15:19:38.828 2261378 DEBUG cinder.volume.drivers.hitachi.hbsd_rest_api [req-efbf2fd8-34f1-440c-b668-94ccf6f44144 - - - - - -] ERROR <?xml version="1.0" encoding="iso-8859-1"?> <!DOCTYPE html PUBLIC "-//W3C//DTD XHTML 1.0 Transitional//EN"          "http://www.w3.org/TR/xhtml1/DTD/xhtml1-transitional.dtd"> <html xmlns="http://www.w3.org/1999/xhtml" xml:lang="en" lang="en">  <head>   <title>503 Service Not Available</title>  </head>  <body>   <h1>503 Service Not Available</h1>  </body> </html> [00;33m{{(pid=2261378) _check_rest_api_response /opt/stack/cinder/cinder/volume/drivers/hitachi/hbsd_rest_api.py:485}}[00m
2026-10-06 15:19:43.832 2261378 DEBUG cinder.volume.drivers.hitachi.hbsd_rest_api [req-efbf2fd8-34f1-440c-b668-94ccf6f44144 - - - - - -] ERROR <?xml version="1.0" encoding="iso-8859-1"?> <!DOCTYPE html PUBLIC "-//W3C//DTD XHTML 1.0 Transitional//EN"          "http://www.w3.org/TR/xhtml1/DTD/xhtml1-transitional.dtd"> <html xmlns="http://www.w3.org/1999/xhtml" xml:lang="en" lang="en">  <head>   <title>503 Service Not Available</title>  </head>  <body>   <h1>503 Service Not Available</h1>  </body> </html> [00;33m{{(pid=2261378) _check_rest_api_response /opt/stack/cinder/cinder/volume/drivers/hitachi/hbsd_rest_api.py:485}}[00m
2026-10-06 15:19:48.836 2261378 DEBUG cinder.volume.drivers.hitachi.hbsd_rest_api [req-efbf2fd8-34f1-440c-b668-94ccf6f44144 - - - - - -] ERROR <?xml version="1.0" encoding="iso-8859-1"?> <!DOCTYPE html PUBLIC "-//W3C//DTD XHTML 1.0 Transitional//EN"          "http://www.w3.org/TR/xhtml1/DTD/xhtml1-transitional.dtd"> <html xmlns="http://www.w3.org/1999/xhtml" xml:lang="en" lang="en">  <head>   <title>503 Service Not Available</title>  </head>  <body>   <h1>503 Service Not Available</h1>  </body> </html> [00;33m{{(pid=2261378) _check_rest_api_response /opt/stack/cinder/cinder/volume/drivers/hitachi/hbsd_rest_api.py:485}}[00m
2026-10-06 15:19:53.834 2261378 DEBUG cinder.volume.drivers.hitachi.hbsd_rest_api [req-efbf2fd8-34f1-440c-b668-94ccf6f44144 - - - - - -] ERROR <?xml version="1.0" encoding="iso-8859-1"?> <!DOCTYPE html PUBLIC "-//W3C//DTD XHTML 1.0 Transitional//EN"          "http://www.w3.org/TR/xhtml1/DTD/xhtml1-transitional.dtd"> <html xmlns="http://www.w3.org/1999/xhtml" xml:lang="en" lang="en">  <head>   <title>503 Service Not Available</title>  </head>  <body>   <h1>503 Service Not Available</h1>  </body> </html> [00;33m{{(pid=2261378) _check_rest_api_response /opt/stack/cinder/cinder/volume/drivers/hitachi/hbsd_rest_api.py:485}}[00m
2026-10-06 15:19:58.837 2261378 DEBUG cinder.volume.drivers.hitachi.hbsd_rest_api [req-efbf2fd8-34f1-440c-b668-94ccf6f44144 - - - - - -] ERROR <?xml version="1.0" encoding="iso-8859-1"?> <!DOCTYPE html PUBLIC "-//W3C//DTD XHTML 1.0 Transitional//EN"          "http://www.w3.org/TR/xhtml1/DTD/xhtml1-transitional.dtd"> <html xmlns="http://www.w3.org/1999/xhtml" xml:lang="en" lang="en">  <head>   <title>503 Service Not Available</title>  </head>  <body>   <h1>503 Service Not Available</h1>  </body> </html> [00;33m{{(pid=2261378) _check_rest_api_response /opt/stack/cinder/cinder/volume/drivers/hitachi/hbsd_rest_api.py:485}}[00m
2026-10-06 15:20:03.840 2261378 DEBUG cinder.volume.drivers.hitachi.hbsd_rest_api [req-efbf2fd8-34f1-440c-b668-94ccf6f44144 - - - - - -] ERROR <?xml version="1.0" encoding="iso-8859-1"?> <!DOCTYPE html PUBLIC "-//W3C//DTD XHTML 1.0 Transitional//EN"          "http://www.w3.org/TR/xhtml1/DTD/xhtml1-transitional.dtd"> <html xmlns="http://www.w3.org/1999/xhtml" xml:lang="en" lang="en">  <head>   <title>503 Service Not Available</title>  </head>  <body>   <h1>503 Service Not Available</h1>  </body> </html> [00;33m{{(pid=2261378) _check_rest_api_response /opt/stack/cinder/cinder/volume/drivers/hitachi/hbsd_rest_api.py:485}}[00m
2026-10-06 15:20:08.856 2261378 DEBUG cinder.volume.drivers.hitachi.hbsd_rest_api [req-efbf2fd8-34f1-440c-b668-94ccf6f44144 - - - - - -] ERROR <?xml version="1.0" encoding="iso-8859-1"?> <!DOCTYPE html PUBLIC "-//W3C//DTD XHTML 1.0 Transitional//EN"          "http://www.w3.org/TR/xhtml1/DTD/xhtml1-transitional.dtd"> <html xmlns="http://www.w3.org/1999/xhtml" xml:lang="en" lang="en">  <head>   <title>503 Service Not Available</title>  </head>  <body>   <h1>503 Service Not Available</h1>  </body> </html> [00;33m{{(pid=2261378) _check_rest_api_response /opt/stack/cinder/cinder/volume/drivers/hitachi/hbsd_rest_api.py:485}}[00m
2026-10-06 15:20:13.843 2261378 DEBUG cinder.volume.drivers.hitachi.hbsd_rest_api [req-efbf2fd8-34f1-440c-b668-94ccf6f44144 - - - - - -] ERROR <?xml version="1.0" encoding="iso-8859-1"?> <!DOCTYPE html PUBLIC "-//W3C//DTD XHTML 1.0 Transitional//EN"          "http://www.w3.org/TR/xhtml1/DTD/xhtml1-transitional.dtd"> <html xmlns="http://www.w3.org/1999/xhtml" xml:lang="en" lang="en">  <head>   <title>503 Service Not Available</title>  </head>  <body>   <h1>503 Service Not Available</h1>  </body> </html> [00;33m{{(pid=2261378) _check_rest_api_response /opt/stack/cinder/cinder/volume/drivers/hitachi/hbsd_rest_api.py:485}}[00m
2026-10-06 15:20:18.849 2261378 DEBUG cinder.volume.drivers.hitachi.hbsd_rest_api [req-efbf2fd8-34f1-440c-b668-94ccf6f44144 - - - - - -] ERROR <?xml version="1.0" encoding="iso-8859-1"?> <!DOCTYPE html PUBLIC "-//W3C//DTD XHTML 1.0 Transitional//EN"          "http://www.w3.org/TR/xhtml1/DTD/xhtml1-transitional.dtd"> <html xmlns="http://www.w3.org/1999/xhtml" xml:lang="en" lang="en">  <head>   <title>503 Service Not Available</title>  </head>  <body>   <h1>503 Service Not Available</h1>  </body> </html> [00;33m{{(pid=2261378) _check_rest_api_response /opt/stack/cinder/cinder/volume/drivers/hitachi/hbsd_rest_api.py:485}}[00m
2026-10-06 15:20:23.838 2261378 DEBUG cinder.volume.drivers.hitachi.hbsd_rest_api [req-efbf2fd8-34f1-440c-b668-94ccf6f44144 - - - - - -] ERROR <?xml version="1.0" encoding="iso-8859-1"?> <!DOCTYPE html PUBLIC "-//W3C//DTD XHTML 1.0 Transitional//EN"          "http://www.w3.org/TR/xhtml1/DTD/xhtml1-transitional.dtd"> <html xmlns="http://www.w3.org/1999/xhtml" xml:lang="en" lang="en">  <head>   <title>503 Service Not Available</title>  </head>  <body>   <h1>503 Service Not Available</h1>  </body> </html> [00;33m{{(pid=2261378) _check_rest_api_response /opt/stack/cinder/cinder/volume/drivers/hitachi/hbsd_rest_api.py:485}}[00m
2026-10-06 15:20:28.840 2261378 DEBUG cinder.volume.drivers.hitachi.hbsd_rest_api [req-efbf2fd8-34f1-440c-b668-94ccf6f44144 - - - - - -] ERROR <?xml version="1.0" encoding="iso-8859-1"?> <!DOCTYPE html PUBLIC "-//W3C//DTD XHTML 1.0 Transitional//EN"          "http://www.w3.org/TR/xhtml1/DTD/xhtml1-transitional.dtd"> <html xmlns="http://www.w3.org/1999/xhtml" xml:lang="en" lang="en">  <head>   <title>503 Service Not Available</title>  </head>  <body>   <h1>503 Service Not Available</h1>  </body> </html> [00;33m{{(pid=2261378) _check_rest_api_response /opt/stack/cinder/cinder/volume/drivers/hitachi/hbsd_rest_api.py:485}}[00m
2026-10-06 15:20:33.842 2261378 DEBUG cinder.volume.drivers.hitachi.hbsd_rest_api [req-efbf2fd8-34f1-440c-b668-94ccf6f44144 - - - - - -] ERROR <?xml version="1.0" encoding="iso-8859-1"?> <!DOCTYPE html PUBLIC "-//W3C//DTD XHTML 1.0 Transitional//EN"          "http://www.w3.org/TR/xhtml1/DTD/xhtml1-transitional.dtd"> <html xmlns="http://www.w3.org/1999/xhtml" xml:lang="en" lang="en">  <head>   <title>503 Service Not Available</title>  </head>  <body>   <h1>503 Service Not Available</h1>  </body> </html> [00;33m{{(pid=2261378) _check_rest_api_response /opt/stack/cinder/cinder/volume/drivers/hitachi/hbsd_rest_api.py:485}}[00m
2026-10-06 15:20:38.846 2261378 DEBUG cinder.volume.drivers.hitachi.hbsd_rest_api [req-efbf2fd8-34f1-440c-b668-94ccf6f44144 - - - - - -] ERROR <?xml version="1.0" encoding="iso-8859-1"?> <!DOCTYPE html PUBLIC "-//W3C//DTD XHTML 1.0 Transitional//EN"          "http://www.w3.org/TR/xhtml1/DTD/xhtml1-transitional.dtd"> <html xmlns="http://www.w3.org/1999/xhtml" xml:lang="en" lang="en">  <head>   <title>503 Service Not Available</title>  </head>  <body>   <h1>503 Service Not Available</h1>  </body> </html> [00;33m{{(pid=2261378) _check_rest_api_response /opt/stack/cinder/cinder/volume/drivers/hitachi/hbsd_rest_api.py:485}}[00m
2026-10-06 15:20:43.842 2261378 DEBUG cinder.volume.drivers.hitachi.hbsd_rest_api [req-efbf2fd8-34f1-440c-b668-94ccf6f44144 - - - - - -] ERROR <?xml version="1.0" encoding="iso-8859-1"?> <!DOCTYPE html PUBLIC "-//W3C//DTD XHTML 1.0 Transitional//EN"          "http://www.w3.org/TR/xhtml1/DTD/xhtml1-transitional.dtd"> <html xmlns="http://www.w3.org/1999/xhtml" xml:lang="en" lang="en">  <head>   <title>503 Service Not Available</title>  </head>  <body>   <h1>503 Service Not Available</h1>  </body> </html> [00;33m{{(pid=2261378) _check_rest_api_response /opt/stack/cinder/cinder/volume/drivers/hitachi/hbsd_rest_api.py:485}}[00m
2026-10-06 15:20:48.845 2261378 DEBUG cinder.volume.drivers.hitachi.hbsd_rest_api [req-efbf2fd8-34f1-440c-b668-94ccf6f44144 - - - - - -] ERROR <?xml version="1.0" encoding="iso-8859-1"?> <!DOCTYPE html PUBLIC "-//W3C//DTD XHTML 1.0 Transitional//EN"          "http://www.w3.org/TR/xhtml1/DTD/xhtml1-transitional.dtd"> <html xmlns="http://www.w3.org/1999/xhtml" xml:lang="en" lang="en">  <head>   <title>503 Service Not Available</title>  </head>  <body>   <h1>503 Service Not Available</h1>  </body> </html> [00;33m{{(pid=2261378) _check_rest_api_response /opt/stack/cinder/cinder/volume/drivers/hitachi/hbsd_rest_api.py:485}}[00m
2026-10-06 15:20:53.849 2261378 DEBUG cinder.volume.drivers.hitachi.hbsd_rest_api [req-efbf2fd8-34f1-440c-b668-94ccf6f44144 - - - - - -] ERROR <?xml version="1.0" encoding="iso-8859-1"?> <!DOCTYPE html PUBLIC "-//W3C//DTD XHTML 1.0 Transitional//EN"          "http://www.w3.org/TR/xhtml1/DTD/xhtml1-transitional.dtd"> <html xmlns="http://www.w3.org/1999/xhtml" xml:lang="en" lang="en">  <head>   <title>503 Service Not Available</title>  </head>  <body>   <h1>503 Service Not Available</h1>  </body> </html> [00;33m{{(pid=2261378) _check_rest_api_response /opt/stack/cinder/cinder/volume/drivers/hitachi/hbsd_rest_api.py:485}}[00m
2026-10-06 15:20:58.847 2261378 DEBUG cinder.volume.drivers.hitachi.hbsd_rest_api [req-efbf2fd8-34f1-440c-b668-94ccf6f44144 - - - - - -] ERROR <?xml version="1.0" encoding="iso-8859-1"?> <!DOCTYPE html PUBLIC "-//W3C//DTD XHTML 1.0 Transitional//EN"          "http://www.w3.org/TR/xhtml1/DTD/xhtml1-transitional.dtd"> <html xmlns="http://www.w3.org/1999/xhtml" xml:lang="en" lang="en">  <head>   <title>503 Service Not Available</title>  </head>  <body>   <h1>503 Service Not Available</h1>  </body> </html> [00;33m{{(pid=2261378) _check_rest_api_response /opt/stack/cinder/cinder/volume/drivers/hitachi/hbsd_rest_api.py:485}}[00m
2026-10-06 15:21:03.853 2261378 DEBUG cinder.volume.drivers.hitachi.hbsd_rest_api [req-efbf2fd8-34f1-440c-b668-94ccf6f44144 - - - - - -] ERROR <?xml version="1.0" encoding="iso-8859-1"?> <!DOCTYPE html PUBLIC "-//W3C//DTD XHTML 1.0 Transitional//EN"          "http://www.w3.org/TR/xhtml1/DTD/xhtml1-transitional.dtd"> <html xmlns="http://www.w3.org/1999/xhtml" xml:lang="en" lang="en">  <head>   <title>503 Service Not Available</title>  </head>  <body>   <h1>503 Service Not Available</h1>  </body> </html> [00;33m{{(pid=2261378) _check_rest_api_response /opt/stack/cinder/cinder/volume/drivers/hitachi/hbsd_rest_api.py:485}}[00m
2026-10-06 15:21:08.863 2261378 DEBUG cinder.volume.drivers.hitachi.hbsd_rest_api [req-efbf2fd8-34f1-440c-b668-94ccf6f44144 - - - - - -] ERROR <?xml version="1.0" encoding="iso-8859-1"?> <!DOCTYPE html PUBLIC "-//W3C//DTD XHTML 1.0 Transitional//EN"          "http://www.w3.org/TR/xhtml1/DTD/xhtml1-transitional.dtd"> <html xmlns="http://www.w3.org/1999/xhtml" xml:lang="en" lang="en">  <head>   <title>503 Service Not Available</title>  </head>  <body>   <h1>503 Service Not Available</h1>  </body> </html> [00;33m{{(pid=2261378) _check_rest_api_response /opt/stack/cinder/cinder/volume/drivers/hitachi/hbsd_rest_api.py:485}}[00m
2026-10-06 15:21:13.858 2261378 DEBUG cinder.volume.drivers.hitachi.hbsd_rest_api [req-efbf2fd8-34f1-440c-b668-94ccf6f44144 - - - - - -] ERROR <?xml version="1.0" encoding="iso-8859-1"?> <!DOCTYPE html PUBLIC "-//W3C//DTD XHTML 1.0 Transitional//EN"          "http://www.w3.org/TR/xhtml1/DTD/xhtml1-transitional.dtd"> <html xmlns="http://www.w3.org/1999/xhtml" xml:lang="en" lang="en">  <head>   <title>503 Service Not Available</title>  </head>  <body>   <h1>503 Service Not Available</h1>  </body> </html> [00;33m{{(pid=2261378) _check_rest_api_response /opt/stack/cinder/cinder/volume/drivers/hitachi/hbsd_rest_api.py:485}}[00m
2026-10-06 15:21:18.852 2261378 DEBUG cinder.volume.drivers.hitachi.hbsd_rest_api [req-efbf2fd8-34f1-440c-b668-94ccf6f44144 - - - - - -] ERROR <?xml version="1.0" encoding="iso-8859-1"?> <!DOCTYPE html PUBLIC "-//W3C//DTD XHTML 1.0 Transitional//EN"          "http://www.w3.org/TR/xhtml1/DTD/xhtml1-transitional.dtd"> <html xmlns="http://www.w3.org/1999/xhtml" xml:lang="en" lang="en">  <head>   <title>503 Service Not Available</title>  </head>  <body>   <h1>503 Service Not Available</h1>  </body> </html> [00;33m{{(pid=2261378) _check_rest_api_response /opt/stack/cinder/cinder/volume/drivers/hitachi/hbsd_rest_api.py:485}}[00m
2026-10-06 15:21:23.851 2261378 DEBUG cinder.volume.drivers.hitachi.hbsd_rest_api [req-efbf2fd8-34f1-440c-b668-94ccf6f44144 - - - - - -] ERROR <?xml version="1.0" encoding="iso-8859-1"?> <!DOCTYPE html PUBLIC "-//W3C//DTD XHTML 1.0 Transitional//EN"          "http://www.w3.org/TR/xhtml1/DTD/xhtml1-transitional.dtd"> <html xmlns="http://www.w3.org/1999/xhtml" xml:lang="en" lang="en">  <head>   <title>503 Service Not Available</title>  </head>  <body>   <h1>503 Service Not Available</h1>  </body> </html> [00;33m{{(pid=2261378) _check_rest_api_response /opt/stack/cinder/cinder/volume/drivers/hitachi/hbsd_rest_api.py:485}}[00m
2026-10-06 15:21:28.873 2261378 DEBUG cinder.volume.drivers.hitachi.hbsd_rest_api [req-efbf2fd8-34f1-440c-b668-94ccf6f44144 - - - - - -] ERROR <?xml version="1.0" encoding="iso-8859-1"?> <!DOCTYPE html PUBLIC "-//W3C//DTD XHTML 1.0 Transitional//EN"          "http://www.w3.org/TR/xhtml1/DTD/xhtml1-transitional.dtd"> <html xmlns="http://www.w3.org/1999/xhtml" xml:lang="en" lang="en">  <head>   <title>503 Service Not Available</title>  </head>  <body>   <h1>503 Service Not Available</h1>  </body> </html> [00;33m{{(pid=2261378) _check_rest_api_response /opt/stack/cinder/cinder/volume/drivers/hitachi/hbsd_rest_api.py:485}}[00m
2026-10-06 15:21:33.855 2261378 DEBUG cinder.volume.drivers.hitachi.hbsd_rest_api [req-efbf2fd8-34f1-440c-b668-94ccf6f44144 - - - - - -] ERROR <?xml version="1.0" encoding="iso-8859-1"?> <!DOCTYPE html PUBLIC "-//W3C//DTD XHTML 1.0 Transitional//EN"          "http://www.w3.org/TR/xhtml1/DTD/xhtml1-transitional.dtd"> <html xmlns="http://www.w3.org/1999/xhtml" xml:lang="en" lang="en">  <head>   <title>503 Service Not Available</title>  </head>  <body>   <h1>503 Service Not Available</h1>  </body> </html> [00;33m{{(pid=2261378) _check_rest_api_response /opt/stack/cinder/cinder/volume/drivers/hitachi/hbsd_rest_api.py:485}}[00m
2026-10-06 15:21:38.855 2261378 DEBUG cinder.volume.drivers.hitachi.hbsd_rest_api [req-efbf2fd8-34f1-440c-b668-94ccf6f44144 - - - - - -] ERROR <?xml version="1.0" encoding="iso-8859-1"?> <!DOCTYPE html PUBLIC "-//W3C//DTD XHTML 1.0 Transitional//EN"          "http://www.w3.org/TR/xhtml1/DTD/xhtml1-transitional.dtd"> <html xmlns="http://www.w3.org/1999/xhtml" xml:lang="en" lang="en">  <head>   <title>503 Service Not Available</title>  </head>  <body>   <h1>503 Service Not Available</h1>  </body> </html> [00;33m{{(pid=2261378) _check_rest_api_response /opt/stack/cinder/cinder/volume/drivers/hitachi/hbsd_rest_api.py:485}}[00m
2026-10-06 15:21:43.857 2261378 DEBUG cinder.volume.drivers.hitachi.hbsd_rest_api [req-efbf2fd8-34f1-440c-b668-94ccf6f44144 - - - - - -] ERROR <?xml version="1.0" encoding="iso-8859-1"?> <!DOCTYPE html PUBLIC "-//W3C//DTD XHTML 1.0 Transitional//EN"          "http://www.w3.org/TR/xhtml1/DTD/xhtml1-transitional.dtd"> <html xmlns="http://www.w3.org/1999/xhtml" xml:lang="en" lang="en">  <head>   <title>503 Service Not Available</title>  </head>  <body>   <h1>503 Service Not Available</h1>  </body> </html> [00;33m{{(pid=2261378) _check_rest_api_response /opt/stack/cinder/cinder/volume/drivers/hitachi/hbsd_rest_api.py:485}}[00m
2026-10-06 15:21:48.858 2261378 DEBUG cinder.volume.drivers.hitachi.hbsd_rest_api [req-efbf2fd8-34f1-440c-b668-94ccf6f44144 - - - - - -] ERROR <?xml version="1.0" encoding="iso-8859-1"?> <!DOCTYPE html PUBLIC "-//W3C//DTD XHTML 1.0 Transitional//EN"          "http://www.w3.org/TR/xhtml1/DTD/xhtml1-transitional.dtd"> <html xmlns="http://www.w3.org/1999/xhtml" xml:lang="en" lang="en">  <head>   <title>503 Service Not Available</title>  </head>  <body>   <h1>503 Service Not Available</h1>  </body> </html> [00;33m{{(pid=2261378) _check_rest_api_response /opt/stack/cinder/cinder/volume/drivers/hitachi/hbsd_rest_api.py:485}}[00m
2026-10-06 15:21:53.865 2261378 DEBUG cinder.volume.drivers.hitachi.hbsd_rest_api [req-efbf2fd8-34f1-440c-b668-94ccf6f44144 - - - - - -] ERROR <?xml version="1.0" encoding="iso-8859-1"?> <!DOCTYPE html PUBLIC "-//W3C//DTD XHTML 1.0 Transitional//EN"          "http://www.w3.org/TR/xhtml1/DTD/xhtml1-transitional.dtd"> <html xmlns="http://www.w3.org/1999/xhtml" xml:lang="en" lang="en">  <head>   <title>503 Service Not Available</title>  </head>  <body>   <h1>503 Service Not Available</h1>  </body> </html> [00;33m{{(pid=2261378) _check_rest_api_response /opt/stack/cinder/cinder/volume/drivers/hitachi/hbsd_rest_api.py:485}}[00m
2026-10-06 15:21:58.873 2261378 DEBUG cinder.volume.drivers.hitachi.hbsd_rest_api [req-efbf2fd8-34f1-440c-b668-94ccf6f44144 - - - - - -] ERROR <?xml version="1.0" encoding="iso-8859-1"?> <!DOCTYPE html PUBLIC "-//W3C//DTD XHTML 1.0 Transitional//EN"          "http://www.w3.org/TR/xhtml1/DTD/xhtml1-transitional.dtd"> <html xmlns="http://www.w3.org/1999/xhtml" xml:lang="en" lang="en">  <head>   <title>503 Service Not Available</title>  </head>  <body>   <h1>503 Service Not Available</h1>  </body> </html> [00;33m{{(pid=2261378) _check_rest_api_response /opt/stack/cinder/cinder/volume/drivers/hitachi/hbsd_rest_api.py:485}}[00m
2026-10-06 15:22:03.866 2261378 DEBUG cinder.volume.drivers.hitachi.hbsd_rest_api [req-efbf2fd8-34f1-440c-b668-94ccf6f44144 - - - - - -] ERROR <?xml version="1.0" encoding="iso-8859-1"?> <!DOCTYPE html PUBLIC "-//W3C//DTD XHTML 1.0 Transitional//EN"          "http://www.w3.org/TR/xhtml1/DTD/xhtml1-transitional.dtd"> <html xmlns="http://www.w3.org/1999/xhtml" xml:lang="en" lang="en">  <head>   <title>503 Service Not Available</title>  </head>  <body>   <h1>503 Service Not Available</h1>  </body> </html> [00;33m{{(pid=2261378) _check_rest_api_response /opt/stack/cinder/cinder/volume/drivers/hitachi/hbsd_rest_api.py:485}}[00m
2026-10-06 15:22:08.889 2261378 DEBUG cinder.volume.drivers.hitachi.hbsd_rest_api [req-efbf2fd8-34f1-440c-b668-94ccf6f44144 - - - - - -] ERROR <?xml version="1.0" encoding="iso-8859-1"?> <!DOCTYPE html PUBLIC "-//W3C//DTD XHTML 1.0 Transitional//EN"          "http://www.w3.org/TR/xhtml1/DTD/xhtml1-transitional.dtd"> <html xmlns="http://www.w3.org/1999/xhtml" xml:lang="en" lang="en">  <head>   <title>503 Service Not Available</title>  </head>  <body>   <h1>503 Service Not Available</h1>  </body> </html> [00;33m{{(pid=2261378) _check_rest_api_response /opt/stack/cinder/cinder/volume/drivers/hitachi/hbsd_rest_api.py:485}}[00m
2026-10-06 15:22:13.921 2261378 DEBUG cinder.volume.drivers.hitachi.hbsd_rest_api [req-efbf2fd8-34f1-440c-b668-94ccf6f44144 - - - - - -] ERROR <?xml version="1.0" encoding="iso-8859-1"?> <!DOCTYPE html PUBLIC "-//W3C//DTD XHTML 1.0 Transitional//EN"          "http://www.w3.org/TR/xhtml1/DTD/xhtml1-transitional.dtd"> <html xmlns="http://www.w3.org/1999/xhtml" xml:lang="en" lang="en">  <head>   <title>503 Service Not Available</title>  </head>  <body>   <h1>503 Service Not Available</h1>  </body> </html> [00;33m{{(pid=2261378) _check_rest_api_response /opt/stack/cinder/cinder/volume/drivers/hitachi/hbsd_rest_api.py:485}}[00m
2026-10-06 15:22:18.865 2261378 DEBUG cinder.volume.drivers.hitachi.hbsd_rest_api [req-efbf2fd8-34f1-440c-b668-94ccf6f44144 - - - - - -] ERROR <?xml version="1.0" encoding="iso-8859-1"?> <!DOCTYPE html PUBLIC "-//W3C//DTD XHTML 1.0 Transitional//EN"          "http://www.w3.org/TR/xhtml1/DTD/xhtml1-transitional.dtd"> <html xmlns="http://www.w3.org/1999/xhtml" xml:lang="en" lang="en">  <head>   <title>503 Service Not Available</title>  </head>  <body>   <h1>503 Service Not Available</h1>  </body> </html> [00;33m{{(pid=2261378) _check_rest_api_response /opt/stack/cinder/cinder/volume/drivers/hitachi/hbsd_rest_api.py:485}}[00m
2026-10-06 15:22:23.868 2261378 DEBUG cinder.volume.drivers.hitachi.hbsd_rest_api [req-efbf2fd8-34f1-440c-b668-94ccf6f44144 - - - - - -] ERROR <?xml version="1.0" encoding="iso-8859-1"?> <!DOCTYPE html PUBLIC "-//W3C//DTD XHTML 1.0 Transitional//EN"          "http://www.w3.org/TR/xhtml1/DTD/xhtml1-transitional.dtd"> <html xmlns="http://www.w3.org/1999/xhtml" xml:lang="en" lang="en">  <head>   <title>503 Service Not Available</title>  </head>  <body>   <h1>503 Service Not Available</h1>  </body> </html> [00;33m{{(pid=2261378) _check_rest_api_response /opt/stack/cinder/cinder/volume/drivers/hitachi/hbsd_rest_api.py:485}}[00m
2026-10-06 15:22:28.871 2261378 DEBUG cinder.volume.drivers.hitachi.hbsd_rest_api [req-efbf2fd8-34f1-440c-b668-94ccf6f44144 - - - - - -] ERROR <?xml version="1.0" encoding="iso-8859-1"?> <!DOCTYPE html PUBLIC "-//W3C//DTD XHTML 1.0 Transitional//EN"          "http://www.w3.org/TR/xhtml1/DTD/xhtml1-transitional.dtd"> <html xmlns="http://www.w3.org/1999/xhtml" xml:lang="en" lang="en">  <head>   <title>503 Service Not Available</title>  </head>  <body>   <h1>503 Service Not Available</h1>  </body> </html> [00;33m{{(pid=2261378) _check_rest_api_response /opt/stack/cinder/cinder/volume/drivers/hitachi/hbsd_rest_api.py:485}}[00m
2026-10-06 15:22:33.872 2261378 DEBUG cinder.volume.drivers.hitachi.hbsd_rest_api [req-efbf2fd8-34f1-440c-b668-94ccf6f44144 - - - - - -] ERROR <?xml version="1.0" encoding="iso-8859-1"?> <!DOCTYPE html PUBLIC "-//W3C//DTD XHTML 1.0 Transitional//EN"          "http://www.w3.org/TR/xhtml1/DTD/xhtml1-transitional.dtd"> <html xmlns="http://www.w3.org/1999/xhtml" xml:lang="en" lang="en">  <head>   <title>503 Service Not Available</title>  </head>  <body>   <h1>503 Service Not Available</h1>  </body> </html> [00;33m{{(pid=2261378) _check_rest_api_response /opt/stack/cinder/cinder/volume/drivers/hitachi/hbsd_rest_api.py:485}}[00m
2026-10-06 15:22:38.879 2261378 DEBUG cinder.volume.drivers.hitachi.hbsd_rest_api [req-efbf2fd8-34f1-440c-b668-94ccf6f44144 - - - - - -] ERROR <?xml version="1.0" encoding="iso-8859-1"?> <!DOCTYPE html PUBLIC "-//W3C//DTD XHTML 1.0 Transitional//EN"          "http://www.w3.org/TR/xhtml1/DTD/xhtml1-transitional.dtd"> <html xmlns="http://www.w3.org/1999/xhtml" xml:lang="en" lang="en">  <head>   <title>503 Service Not Available</title>  </head>  <body>   <h1>503 Service Not Available</h1>  </body> </html> [00;33m{{(pid=2261378) _check_rest_api_response /opt/stack/cinder/cinder/volume/drivers/hitachi/hbsd_rest_api.py:485}}[00m
2026-10-06 15:22:43.895 2261378 DEBUG cinder.volume.drivers.hitachi.hbsd_rest_api [req-efbf2fd8-34f1-440c-b668-94ccf6f44144 - - - - - -] ERROR <?xml version="1.0" encoding="iso-8859-1"?> <!DOCTYPE html PUBLIC "-//W3C//DTD XHTML 1.0 Transitional//EN"          "http://www.w3.org/TR/xhtml1/DTD/xhtml1-transitional.dtd"> <html xmlns="http://www.w3.org/1999/xhtml" xml:lang="en" lang="en">  <head>   <title>503 Service Not Available</title>  </head>  <body>   <h1>503 Service Not Available</h1>  </body> </html> [00;33m{{(pid=2261378) _check_rest_api_response /opt/stack/cinder/cinder/volume/drivers/hitachi/hbsd_rest_api.py:485}}[00m
2026-10-06 15:22:48.872 2261378 DEBUG cinder.volume.drivers.hitachi.hbsd_rest_api [req-efbf2fd8-34f1-440c-b668-94ccf6f44144 - - - - - -] ERROR <?xml version="1.0" encoding="iso-8859-1"?> <!DOCTYPE html PUBLIC "-//W3C//DTD XHTML 1.0 Transitional//EN"          "http://www.w3.org/TR/xhtml1/DTD/xhtml1-transitional.dtd"> <html xmlns="http://www.w3.org/1999/xhtml" xml:lang="en" lang="en">  <head>   <title>503 Service Not Available</title>  </head>  <body>   <h1>503 Service Not Available</h1>  </body> </html> [00;33m{{(pid=2261378) _check_rest_api_response /opt/stack/cinder/cinder/volume/drivers/hitachi/hbsd_rest_api.py:485}}[00m
2026-10-06 15:22:53.873 2261378 DEBUG cinder.volume.drivers.hitachi.hbsd_rest_api [req-efbf2fd8-34f1-440c-b668-94ccf6f44144 - - - - - -] ERROR <?xml version="1.0" encoding="iso-8859-1"?> <!DOCTYPE html PUBLIC "-//W3C//DTD XHTML 1.0 Transitional//EN"          "http://www.w3.org/TR/xhtml1/DTD/xhtml1-transitional.dtd"> <html xmlns="http://www.w3.org/1999/xhtml" xml:lang="en" lang="en">  <head>   <title>503 Service Not Available</title>  </head>  <body>   <h1>503 Service Not Available</h1>  </body> </html> [00;33m{{(pid=2261378) _check_rest_api_response /opt/stack/cinder/cinder/volume/drivers/hitachi/hbsd_rest_api.py:485}}[00m
2026-10-06 15:22:58.904 2261378 DEBUG cinder.volume.drivers.hitachi.hbsd_rest_api [req-efbf2fd8-34f1-440c-b668-94ccf6f44144 - - - - - -] ERROR <?xml version="1.0" encoding="iso-8859-1"?> <!DOCTYPE html PUBLIC "-//W3C//DTD XHTML 1.0 Transitional//EN"          "http://www.w3.org/TR/xhtml1/DTD/xhtml1-transitional.dtd"> <html xmlns="http://www.w3.org/1999/xhtml" xml:lang="en" lang="en">  <head>   <title>503 Service Not Available</title>  </head>  <body>   <h1>503 Service Not Available</h1>  </body> </html> [00;33m{{(pid=2261378) _check_rest_api_response /opt/stack/cinder/cinder/volume/drivers/hitachi/hbsd_rest_api.py:485}}[00m
2026-10-06 15:23:03.875 2261378 DEBUG cinder.volume.drivers.hitachi.hbsd_rest_api [req-efbf2fd8-34f1-440c-b668-94ccf6f44144 - - - - - -] ERROR <?xml version="1.0" encoding="iso-8859-1"?> <!DOCTYPE html PUBLIC "-//W3C//DTD XHTML 1.0 Transitional//EN"          "http://www.w3.org/TR/xhtml1/DTD/xhtml1-transitional.dtd"> <html xmlns="http://www.w3.org/1999/xhtml" xml:lang="en" lang="en">  <head>   <title>503 Service Not Available</title>  </head>  <body>   <h1>503 Service Not Available</h1>  </body> </html> [00;33m{{(pid=2261378) _check_rest_api_response /opt/stack/cinder/cinder/volume/drivers/hitachi/hbsd_rest_api.py:485}}[00m
2026-10-06 15:23:08.931 2261378 DEBUG cinder.volume.drivers.hitachi.hbsd_rest_api [req-efbf2fd8-34f1-440c-b668-94ccf6f44144 - - - - - -] ERROR <?xml version="1.0" encoding="iso-8859-1"?> <!DOCTYPE html PUBLIC "-//W3C//DTD XHTML 1.0 Transitional//EN"          "http://www.w3.org/TR/xhtml1/DTD/xhtml1-transitional.dtd"> <html xmlns="http://www.w3.org/1999/xhtml" xml:lang="en" lang="en">  <head>   <title>503 Service Not Available</title>  </head>  <body>   <h1>503 Service Not Available</h1>  </body> </html> [00;33m{{(pid=2261378) _check_rest_api_response /opt/stack/cinder/cinder/volume/drivers/hitachi/hbsd_rest_api.py:485}}[00m
2026-10-06 15:23:13.882 2261378 DEBUG cinder.volume.drivers.hitachi.hbsd_rest_api [req-efbf2fd8-34f1-440c-b668-94ccf6f44144 - - - - - -] ERROR <?xml version="1.0" encoding="iso-8859-1"?> <!DOCTYPE html PUBLIC "-//W3C//DTD XHTML 1.0 Transitional//EN"          "http://www.w3.org/TR/xhtml1/DTD/xhtml1-transitional.dtd"> <html xmlns="http://www.w3.org/1999/xhtml" xml:lang="en" lang="en">  <head>   <title>503 Service Not Available</title>  </head>  <body>   <h1>503 Service Not Available</h1>  </body> </html> [00;33m{{(pid=2261378) _check_rest_api_response /opt/stack/cinder/cinder/volume/drivers/hitachi/hbsd_rest_api.py:485}}[00m
2026-10-06 15:23:18.881 2261378 DEBUG cinder.volume.drivers.hitachi.hbsd_rest_api [req-efbf2fd8-34f1-440c-b668-94ccf6f44144 - - - - - -] ERROR <?xml version="1.0" encoding="iso-8859-1"?> <!DOCTYPE html PUBLIC "-//W3C//DTD XHTML 1.0 Transitional//EN"          "http://www.w3.org/TR/xhtml1/DTD/xhtml1-transitional.dtd"> <html xmlns="http://www.w3.org/1999/xhtml" xml:lang="en" lang="en">  <head>   <title>503 Service Not Available</title>  </head>  <body>   <h1>503 Service Not Available</h1>  </body> </html> [00;33m{{(pid=2261378) _check_rest_api_response /opt/stack/cinder/cinder/volume/drivers/hitachi/hbsd_rest_api.py:485}}[00m
2026-10-06 15:23:23.909 2261378 DEBUG cinder.volume.drivers.hitachi.hbsd_rest_api [req-efbf2fd8-34f1-440c-b668-94ccf6f44144 - - - - - -] ERROR <?xml version="1.0" encoding="iso-8859-1"?> <!DOCTYPE html PUBLIC "-//W3C//DTD XHTML 1.0 Transitional//EN"          "http://www.w3.org/TR/xhtml1/DTD/xhtml1-transitional.dtd"> <html xmlns="http://www.w3.org/1999/xhtml" xml:lang="en" lang="en">  <head>   <title>503 Service Not Available</title>  </head>  <body>   <h1>503 Service Not Available</h1>  </body> </html> [00;33m{{(pid=2261378) _check_rest_api_response /opt/stack/cinder/cinder/volume/drivers/hitachi/hbsd_rest_api.py:485}}[00m
2026-10-06 15:23:28.899 2261378 DEBUG cinder.volume.drivers.hitachi.hbsd_rest_api [req-efbf2fd8-34f1-440c-b668-94ccf6f44144 - - - - - -] ERROR <?xml version="1.0" encoding="iso-8859-1"?> <!DOCTYPE html PUBLIC "-//W3C//DTD XHTML 1.0 Transitional//EN"          "http://www.w3.org/TR/xhtml1/DTD/xhtml1-transitional.dtd"> <html xmlns="http://www.w3.org/1999/xhtml" xml:lang="en" lang="en">  <head>   <title>503 Service Not Available</title>  </head>  <body>   <h1>503 Service Not Available</h1>  </body> </html> [00;33m{{(pid=2261378) _check_rest_api_response /opt/stack/cinder/cinder/volume/drivers/hitachi/hbsd_rest_api.py:485}}[00m
2026-10-06 15:23:33.882 2261378 DEBUG cinder.volume.drivers.hitachi.hbsd_rest_api [req-efbf2fd8-34f1-440c-b668-94ccf6f44144 - - - - - -] ERROR <?xml version="1.0" encoding="iso-8859-1"?> <!DOCTYPE html PUBLIC "-//W3C//DTD XHTML 1.0 Transitional//EN"          "http://www.w3.org/TR/xhtml1/DTD/xhtml1-transitional.dtd"> <html xmlns="http://www.w3.org/1999/xhtml" xml:lang="en" lang="en">  <head>   <title>503 Service Not Available</title>  </head>  <body>   <h1>503 Service Not Available</h1>  </body> </html> [00;33m{{(pid=2261378) _check_rest_api_response /opt/stack/cinder/cinder/volume/drivers/hitachi/hbsd_rest_api.py:485}}[00m
2026-10-06 15:23:38.884 2261378 DEBUG cinder.volume.drivers.hitachi.hbsd_rest_api [req-efbf2fd8-34f1-440c-b668-94ccf6f44144 - - - - - -] ERROR <?xml version="1.0" encoding="iso-8859-1"?> <!DOCTYPE html PUBLIC "-//W3C//DTD XHTML 1.0 Transitional//EN"          "http://www.w3.org/TR/xhtml1/DTD/xhtml1-transitional.dtd"> <html xmlns="http://www.w3.org/1999/xhtml" xml:lang="en" lang="en">  <head>   <title>503 Service Not Available</title>  </head>  <body>   <h1>503 Service Not Available</h1>  </body> </html> [00;33m{{(pid=2261378) _check_rest_api_response /opt/stack/cinder/cinder/volume/drivers/hitachi/hbsd_rest_api.py:485}}[00m
2026-10-06 15:23:43.893 2261378 DEBUG cinder.volume.drivers.hitachi.hbsd_rest_api [req-efbf2fd8-34f1-440c-b668-94ccf6f44144 - - - - - -] ERROR <?xml version="1.0" encoding="iso-8859-1"?> <!DOCTYPE html PUBLIC "-//W3C//DTD XHTML 1.0 Transitional//EN"          "http://www.w3.org/TR/xhtml1/DTD/xhtml1-transitional.dtd"> <html xmlns="http://www.w3.org/1999/xhtml" xml:lang="en" lang="en">  <head>   <title>503 Service Not Available</title>  </head>  <body>   <h1>503 Service Not Available</h1>  </body> </html> [00;33m{{(pid=2261378) _check_rest_api_response /opt/stack/cinder/cinder/volume/drivers/hitachi/hbsd_rest_api.py:485}}[00m
2026-10-06 15:23:48.898 2261378 DEBUG cinder.volume.drivers.hitachi.hbsd_rest_api [req-efbf2fd8-34f1-440c-b668-94ccf6f44144 - - - - - -] ERROR <?xml version="1.0" encoding="iso-8859-1"?> <!DOCTYPE html PUBLIC "-//W3C//DTD XHTML 1.0 Transitional//EN"          "http://www.w3.org/TR/xhtml1/DTD/xhtml1-transitional.dtd"> <html xmlns="http://www.w3.org/1999/xhtml" xml:lang="en" lang="en">  <head>   <title>503 Service Not Available</title>  </head>  <body>   <h1>503 Service Not Available</h1>  </body> </html> [00;33m{{(pid=2261378) _check_rest_api_response /opt/stack/cinder/cinder/volume/drivers/hitachi/hbsd_rest_api.py:485}}[00m
2026-10-06 15:23:53.901 2261378 DEBUG cinder.volume.drivers.hitachi.hbsd_rest_api [req-efbf2fd8-34f1-440c-b668-94ccf6f44144 - - - - - -] ERROR <?xml version="1.0" encoding="iso-8859-1"?> <!DOCTYPE html PUBLIC "-//W3C//DTD XHTML 1.0 Transitional//EN"          "http://www.w3.org/TR/xhtml1/DTD/xhtml1-transitional.dtd"> <html xmlns="http://www.w3.org/1999/xhtml" xml:lang="en" lang="en">  <head>   <title>503 Service Not Available</title>  </head>  <body>   <h1>503 Service Not Available</h1>  </body> </html> [00;33m{{(pid=2261378) _check_rest_api_response /opt/stack/cinder/cinder/volume/drivers/hitachi/hbsd_rest_api.py:485}}[00m
2026-10-06 15:23:58.889 2261378 DEBUG cinder.volume.drivers.hitachi.hbsd_rest_api [req-efbf2fd8-34f1-440c-b668-94ccf6f44144 - - - - - -] ERROR <?xml version="1.0" encoding="iso-8859-1"?> <!DOCTYPE html PUBLIC "-//W3C//DTD XHTML 1.0 Transitional//EN"          "http://www.w3.org/TR/xhtml1/DTD/xhtml1-transitional.dtd"> <html xmlns="http://www.w3.org/1999/xhtml" xml:lang="en" lang="en">  <head>   <title>503 Service Not Available</title>  </head>  <body>   <h1>503 Service Not Available</h1>  </body> </html> [00;33m{{(pid=2261378) _check_rest_api_response /opt/stack/cinder/cinder/volume/drivers/hitachi/hbsd_rest_api.py:485}}[00m
2026-10-06 15:24:03.890 2261378 DEBUG cinder.volume.drivers.hitachi.hbsd_rest_api [req-efbf2fd8-34f1-440c-b668-94ccf6f44144 - - - - - -] ERROR <?xml version="1.0" encoding="iso-8859-1"?> <!DOCTYPE html PUBLIC "-//W3C//DTD XHTML 1.0 Transitional//EN"          "http://www.w3.org/TR/xhtml1/DTD/xhtml1-transitional.dtd"> <html xmlns="http://www.w3.org/1999/xhtml" xml:lang="en" lang="en">  <head>   <title>503 Service Not Available</title>  </head>  <body>   <h1>503 Service Not Available</h1>  </body> </html> [00;33m{{(pid=2261378) _check_rest_api_response /opt/stack/cinder/cinder/volume/drivers/hitachi/hbsd_rest_api.py:485}}[00m
2026-10-06 15:24:08.961 2261378 DEBUG cinder.volume.drivers.hitachi.hbsd_rest_api [req-efbf2fd8-34f1-440c-b668-94ccf6f44144 - - - - - -] ERROR <?xml version="1.0" encoding="iso-8859-1"?> <!DOCTYPE html PUBLIC "-//W3C//DTD XHTML 1.0 Transitional//EN"          "http://www.w3.org/TR/xhtml1/DTD/xhtml1-transitional.dtd"> <html xmlns="http://www.w3.org/1999/xhtml" xml:lang="en" lang="en">  <head>   <title>503 Service Not Available</title>  </head>  <body>   <h1>503 Service Not Available</h1>  </body> </html> [00;33m{{(pid=2261378) _check_rest_api_response /opt/stack/cinder/cinder/volume/drivers/hitachi/hbsd_rest_api.py:485}}[00m
2026-10-06 15:24:13.898 2261378 DEBUG cinder.volume.drivers.hitachi.hbsd_rest_api [req-efbf2fd8-34f1-440c-b668-94ccf6f44144 - - - - - -] ERROR <?xml version="1.0" encoding="iso-8859-1"?> <!DOCTYPE html PUBLIC "-//W3C//DTD XHTML 1.0 Transitional//EN"          "http://www.w3.org/TR/xhtml1/DTD/xhtml1-transitional.dtd"> <html xmlns="http://www.w3.org/1999/xhtml" xml:lang="en" lang="en">  <head>   <title>503 Service Not Available</title>  </head>  <body>   <h1>503 Service Not Available</h1>  </body> </html> [00;33m{{(pid=2261378) _check_rest_api_response /opt/stack/cinder/cinder/volume/drivers/hitachi/hbsd_rest_api.py:485}}[00m
2026-10-06 15:24:18.894 2261378 DEBUG cinder.volume.drivers.hitachi.hbsd_rest_api [req-efbf2fd8-34f1-440c-b668-94ccf6f44144 - - - - - -] ERROR <?xml version="1.0" encoding="iso-8859-1"?> <!DOCTYPE html PUBLIC "-//W3C//DTD XHTML 1.0 Transitional//EN"          "http://www.w3.org/TR/xhtml1/DTD/xhtml1-transitional.dtd"> <html xmlns="http://www.w3.org/1999/xhtml" xml:lang="en" lang="en">  <head>   <title>503 Service Not Available</title>  </head>  <body>   <h1>503 Service Not Available</h1>  </body> </html> [00;33m{{(pid=2261378) _check_rest_api_response /opt/stack/cinder/cinder/volume/drivers/hitachi/hbsd_rest_api.py:485}}[00m
2026-10-06 15:24:23.897 2261378 DEBUG cinder.volume.drivers.hitachi.hbsd_rest_api [req-efbf2fd8-34f1-440c-b668-94ccf6f44144 - - - - - -] ERROR <?xml version="1.0" encoding="iso-8859-1"?> <!DOCTYPE html PUBLIC "-//W3C//DTD XHTML 1.0 Transitional//EN"          "http://www.w3.org/TR/xhtml1/DTD/xhtml1-transitional.dtd"> <html xmlns="http://www.w3.org/1999/xhtml" xml:lang="en" lang="en">  <head>   <title>503 Service Not Available</title>  </head>  <body>   <h1>503 Service Not Available</h1>  </body> </html> [00;33m{{(pid=2261378) _check_rest_api_response /opt/stack/cinder/cinder/volume/drivers/hitachi/hbsd_rest_api.py:485}}[00m
2026-10-06 15:24:28.902 2261378 DEBUG cinder.volume.drivers.hitachi.hbsd_rest_api [req-efbf2fd8-34f1-440c-b668-94ccf6f44144 - - - - - -] ERROR <?xml version="1.0" encoding="iso-8859-1"?> <!DOCTYPE html PUBLIC "-//W3C//DTD XHTML 1.0 Transitional//EN"          "http://www.w3.org/TR/xhtml1/DTD/xhtml1-transitional.dtd"> <html xmlns="http://www.w3.org/1999/xhtml" xml:lang="en" lang="en">  <head>   <title>503 Service Not Available</title>  </head>  <body>   <h1>503 Service Not Available</h1>  </body> </html> [00;33m{{(pid=2261378) _check_rest_api_response /opt/stack/cinder/cinder/volume/drivers/hitachi/hbsd_rest_api.py:485}}[00m
2026-10-06 15:24:33.906 2261378 DEBUG cinder.volume.drivers.hitachi.hbsd_rest_api [req-efbf2fd8-34f1-440c-b668-94ccf6f44144 - - - - - -] ERROR <?xml version="1.0" encoding="iso-8859-1"?> <!DOCTYPE html PUBLIC "-//W3C//DTD XHTML 1.0 Transitional//EN"          "http://www.w3.org/TR/xhtml1/DTD/xhtml1-transitional.dtd"> <html xmlns="http://www.w3.org/1999/xhtml" xml:lang="en" lang="en">  <head>   <title>503 Service Not Available</title>  </head>  <body>   <h1>503 Service Not Available</h1>  </body> </html> [00;33m{{(pid=2261378) _check_rest_api_response /opt/stack/cinder/cinder/volume/drivers/hitachi/hbsd_rest_api.py:485}}[00m
2026-10-06 15:24:38.899 2261378 DEBUG cinder.volume.drivers.hitachi.hbsd_rest_api [req-efbf2fd8-34f1-440c-b668-94ccf6f44144 - - - - - -] ERROR <?xml version="1.0" encoding="iso-8859-1"?> <!DOCTYPE html PUBLIC "-//W3C//DTD XHTML 1.0 Transitional//EN"          "http://www.w3.org/TR/xhtml1/DTD/xhtml1-transitional.dtd"> <html xmlns="http://www.w3.org/1999/xhtml" xml:lang="en" lang="en">  <head>   <title>503 Service Not Available</title>  </head>  <body>   <h1>503 Service Not Available</h1>  </body> </html> [00;33m{{(pid=2261378) _check_rest_api_response /opt/stack/cinder/cinder/volume/drivers/hitachi/hbsd_rest_api.py:485}}[00m
2026-10-06 15:24:43.899 2261378 DEBUG cinder.volume.drivers.hitachi.hbsd_rest_api [req-efbf2fd8-34f1-440c-b668-94ccf6f44144 - - - - - -] ERROR <?xml version="1.0" encoding="iso-8859-1"?> <!DOCTYPE html PUBLIC "-//W3C//DTD XHTML 1.0 Transitional//EN"          "http://www.w3.org/TR/xhtml1/DTD/xhtml1-transitional.dtd"> <html xmlns="http://www.w3.org/1999/xhtml" xml:lang="en" lang="en">  <head>   <title>503 Service Not Available</title>  </head>  <body>   <h1>503 Service Not Available</h1>  </body> </html> [00;33m{{(pid=2261378) _check_rest_api_response /opt/stack/cinder/cinder/volume/drivers/hitachi/hbsd_rest_api.py:485}}[00m
2026-10-06 15:24:48.906 2261378 DEBUG cinder.volume.drivers.hitachi.hbsd_rest_api [req-efbf2fd8-34f1-440c-b668-94ccf6f44144 - - - - - -] ERROR <?xml version="1.0" encoding="iso-8859-1"?> <!DOCTYPE html PUBLIC "-//W3C//DTD XHTML 1.0 Transitional//EN"          "http://www.w3.org/TR/xhtml1/DTD/xhtml1-transitional.dtd"> <html xmlns="http://www.w3.org/1999/xhtml" xml:lang="en" lang="en">  <head>   <title>503 Service Not Available</title>  </head>  <body>   <h1>503 Service Not Available</h1>  </body> </html> [00;33m{{(pid=2261378) _check_rest_api_response /opt/stack/cinder/cinder/volume/drivers/hitachi/hbsd_rest_api.py:485}}[00m
2026-10-06 15:24:53.912 2261378 DEBUG cinder.volume.drivers.hitachi.hbsd_rest_api [req-efbf2fd8-34f1-440c-b668-94ccf6f44144 - - - - - -] ERROR <?xml version="1.0" encoding="iso-8859-1"?> <!DOCTYPE html PUBLIC "-//W3C//DTD XHTML 1.0 Transitional//EN"          "http://www.w3.org/TR/xhtml1/DTD/xhtml1-transitional.dtd"> <html xmlns="http://www.w3.org/1999/xhtml" xml:lang="en" lang="en">  <head>   <title>503 Service Not Available</title>  </head>  <body>   <h1>503 Service Not Available</h1>  </body> </html> [00;33m{{(pid=2261378) _check_rest_api_response /opt/stack/cinder/cinder/volume/drivers/hitachi/hbsd_rest_api.py:485}}[00m
2026-10-06 15:24:58.912 2261378 DEBUG cinder.volume.drivers.hitachi.hbsd_rest_api [req-efbf2fd8-34f1-440c-b668-94ccf6f44144 - - - - - -] ERROR <?xml version="1.0" encoding="iso-8859-1"?> <!DOCTYPE html PUBLIC "-//W3C//DTD XHTML 1.0 Transitional//EN"          "http://www.w3.org/TR/xhtml1/DTD/xhtml1-transitional.dtd"> <html xmlns="http://www.w3.org/1999/xhtml" xml:lang="en" lang="en">  <head>   <title>503 Service Not Available</title>  </head>  <body>   <h1>503 Service Not Available</h1>  </body> </html> [00;33m{{(pid=2261378) _check_rest_api_response /opt/stack/cinder/cinder/volume/drivers/hitachi/hbsd_rest_api.py:485}}[00m
2026-10-06 15:25:03.905 2261378 DEBUG cinder.volume.drivers.hitachi.hbsd_rest_api [req-efbf2fd8-34f1-440c-b668-94ccf6f44144 - - - - - -] ERROR <?xml version="1.0" encoding="iso-8859-1"?> <!DOCTYPE html PUBLIC "-//W3C//DTD XHTML 1.0 Transitional//EN"          "http://www.w3.org/TR/xhtml1/DTD/xhtml1-transitional.dtd"> <html xmlns="http://www.w3.org/1999/xhtml" xml:lang="en" lang="en">  <head>   <title>503 Service Not Available</title>  </head>  <body>   <h1>503 Service Not Available</h1>  </body> </html> [00;33m{{(pid=2261378) _check_rest_api_response /opt/stack/cinder/cinder/volume/drivers/hitachi/hbsd_rest_api.py:485}}[00m
2026-10-06 15:25:08.929 2261378 DEBUG cinder.volume.drivers.hitachi.hbsd_rest_api [req-efbf2fd8-34f1-440c-b668-94ccf6f44144 - - - - - -] ERROR <?xml version="1.0" encoding="iso-8859-1"?> <!DOCTYPE html PUBLIC "-//W3C//DTD XHTML 1.0 Transitional//EN"          "http://www.w3.org/TR/xhtml1/DTD/xhtml1-transitional.dtd"> <html xmlns="http://www.w3.org/1999/xhtml" xml:lang="en" lang="en">  <head>   <title>503 Service Not Available</title>  </head>  <body>   <h1>503 Service Not Available</h1>  </body> </html> [00;33m{{(pid=2261378) _check_rest_api_response /opt/stack/cinder/cinder/volume/drivers/hitachi/hbsd_rest_api.py:485}}[00m
2026-10-06 15:25:13.984 2261378 DEBUG cinder.volume.drivers.hitachi.hbsd_rest_api [req-efbf2fd8-34f1-440c-b668-94ccf6f44144 - - - - - -] ERROR <?xml version="1.0" encoding="iso-8859-1"?> <!DOCTYPE html PUBLIC "-//W3C//DTD XHTML 1.0 Transitional//EN"          "http://www.w3.org/TR/xhtml1/DTD/xhtml1-transitional.dtd"> <html xmlns="http://www.w3.org/1999/xhtml" xml:lang="en" lang="en">  <head>   <title>503 Service Not Available</title>  </head>  <body>   <h1>503 Service Not Available</h1>  </body> </html> [00;33m{{(pid=2261378) _check_rest_api_response /opt/stack/cinder/cinder/volume/drivers/hitachi/hbsd_rest_api.py:485}}[00m
2026-10-06 15:25:18.909 2261378 DEBUG cinder.volume.drivers.hitachi.hbsd_rest_api [req-efbf2fd8-34f1-440c-b668-94ccf6f44144 - - - - - -] ERROR <?xml version="1.0" encoding="iso-8859-1"?> <!DOCTYPE html PUBLIC "-//W3C//DTD XHTML 1.0 Transitional//EN"          "http://www.w3.org/TR/xhtml1/DTD/xhtml1-transitional.dtd"> <html xmlns="http://www.w3.org/1999/xhtml" xml:lang="en" lang="en">  <head>   <title>503 Service Not Available</title>  </head>  <body>   <h1>503 Service Not Available</h1>  </body> </html> [00;33m{{(pid=2261378) _check_rest_api_response /opt/stack/cinder/cinder/volume/drivers/hitachi/hbsd_rest_api.py:485}}[00m
2026-10-06 15:25:23.914 2261378 DEBUG cinder.volume.drivers.hitachi.hbsd_rest_api [req-efbf2fd8-34f1-440c-b668-94ccf6f44144 - - - - - -] ERROR <?xml version="1.0" encoding="iso-8859-1"?> <!DOCTYPE html PUBLIC "-//W3C//DTD XHTML 1.0 Transitional//EN"          "http://www.w3.org/TR/xhtml1/DTD/xhtml1-transitional.dtd"> <html xmlns="http://www.w3.org/1999/xhtml" xml:lang="en" lang="en">  <head>   <title>503 Service Not Available</title>  </head>  <body>   <h1>503 Service Not Available</h1>  </body> </html> [00;33m{{(pid=2261378) _check_rest_api_response /opt/stack/cinder/cinder/volume/drivers/hitachi/hbsd_rest_api.py:485}}[00m
2026-10-06 15:25:28.917 2261378 DEBUG cinder.volume.drivers.hitachi.hbsd_rest_api [req-efbf2fd8-34f1-440c-b668-94ccf6f44144 - - - - - -] ERROR <?xml version="1.0" encoding="iso-8859-1"?> <!DOCTYPE html PUBLIC "-//W3C//DTD XHTML 1.0 Transitional//EN"          "http://www.w3.org/TR/xhtml1/DTD/xhtml1-transitional.dtd"> <html xmlns="http://www.w3.org/1999/xhtml" xml:lang="en" lang="en">  <head>   <title>503 Service Not Available</title>  </head>  <body>   <h1>503 Service Not Available</h1>  </body> </html> [00;33m{{(pid=2261378) _check_rest_api_response /opt/stack/cinder/cinder/volume/drivers/hitachi/hbsd_rest_api.py:485}}[00m
2026-10-06 15:25:33.934 2261378 DEBUG cinder.volume.drivers.hitachi.hbsd_rest_api [req-efbf2fd8-34f1-440c-b668-94ccf6f44144 - - - - - -] ERROR <?xml version="1.0" encoding="iso-8859-1"?> <!DOCTYPE html PUBLIC "-//W3C//DTD XHTML 1.0 Transitional//EN"          "http://www.w3.org/TR/xhtml1/DTD/xhtml1-transitional.dtd"> <html xmlns="http://www.w3.org/1999/xhtml" xml:lang="en" lang="en">  <head>   <title>503 Service Not Available</title>  </head>  <body>   <h1>503 Service Not Available</h1>  </body> </html> [00;33m{{(pid=2261378) _check_rest_api_response /opt/stack/cinder/cinder/volume/drivers/hitachi/hbsd_rest_api.py:485}}[00m
2026-10-06 15:25:38.913 2261378 DEBUG cinder.volume.drivers.hitachi.hbsd_rest_api [req-efbf2fd8-34f1-440c-b668-94ccf6f44144 - - - - - -] ERROR <?xml version="1.0" encoding="iso-8859-1"?> <!DOCTYPE html PUBLIC "-//W3C//DTD XHTML 1.0 Transitional//EN"          "http://www.w3.org/TR/xhtml1/DTD/xhtml1-transitional.dtd"> <html xmlns="http://www.w3.org/1999/xhtml" xml:lang="en" lang="en">  <head>   <title>503 Service Not Available</title>  </head>  <body>   <h1>503 Service Not Available</h1>  </body> </html> [00;33m{{(pid=2261378) _check_rest_api_response /opt/stack/cinder/cinder/volume/drivers/hitachi/hbsd_rest_api.py:485}}[00m
2026-10-06 15:25:43.928 2261378 DEBUG cinder.volume.drivers.hitachi.hbsd_rest_api [req-efbf2fd8-34f1-440c-b668-94ccf6f44144 - - - - - -] ERROR <?xml version="1.0" encoding="iso-8859-1"?> <!DOCTYPE html PUBLIC "-//W3C//DTD XHTML 1.0 Transitional//EN"          "http://www.w3.org/TR/xhtml1/DTD/xhtml1-transitional.dtd"> <html xmlns="http://www.w3.org/1999/xhtml" xml:lang="en" lang="en">  <head>   <title>503 Service Not Available</title>  </head>  <body>   <h1>503 Service Not Available</h1>  </body> </html> [00;33m{{(pid=2261378) _check_rest_api_response /opt/stack/cinder/cinder/volume/drivers/hitachi/hbsd_rest_api.py:485}}[00m
2026-10-06 15:25:48.927 2261378 DEBUG cinder.volume.drivers.hitachi.hbsd_rest_api [req-efbf2fd8-34f1-440c-b668-94ccf6f44144 - - - - - -] ERROR <?xml version="1.0" encoding="iso-8859-1"?> <!DOCTYPE html PUBLIC "-//W3C//DTD XHTML 1.0 Transitional//EN"          "http://www.w3.org/TR/xhtml1/DTD/xhtml1-transitional.dtd"> <html xmlns="http://www.w3.org/1999/xhtml" xml:lang="en" lang="en">  <head>   <title>503 Service Not Available</title>  </head>  <body>   <h1>503 Service Not Available</h1>  </body> </html> [00;33m{{(pid=2261378) _check_rest_api_response /opt/stack/cinder/cinder/volume/drivers/hitachi/hbsd_rest_api.py:485}}[00m
2026-10-06 15:25:53.919 2261378 DEBUG cinder.volume.drivers.hitachi.hbsd_rest_api [req-efbf2fd8-34f1-440c-b668-94ccf6f44144 - - - - - -] ERROR <?xml version="1.0" encoding="iso-8859-1"?> <!DOCTYPE html PUBLIC "-//W3C//DTD XHTML 1.0 Transitional//EN"          "http://www.w3.org/TR/xhtml1/DTD/xhtml1-transitional.dtd"> <html xmlns="http://www.w3.org/1999/xhtml" xml:lang="en" lang="en">  <head>   <title>503 Service Not Available</title>  </head>  <body>   <h1>503 Service Not Available</h1>  </body> </html> [00;33m{{(pid=2261378) _check_rest_api_response /opt/stack/cinder/cinder/volume/drivers/hitachi/hbsd_rest_api.py:485}}[00m
2026-10-06 15:25:58.923 2261378 DEBUG cinder.volume.drivers.hitachi.hbsd_rest_api [req-efbf2fd8-34f1-440c-b668-94ccf6f44144 - - - - - -] ERROR <?xml version="1.0" encoding="iso-8859-1"?> <!DOCTYPE html PUBLIC "-//W3C//DTD XHTML 1.0 Transitional//EN"          "http://www.w3.org/TR/xhtml1/DTD/xhtml1-transitional.dtd"> <html xmlns="http://www.w3.org/1999/xhtml" xml:lang="en" lang="en">  <head>   <title>503 Service Not Available</title>  </head>  <body>   <h1>503 Service Not Available</h1>  </body> </html> [00;33m{{(pid=2261378) _check_rest_api_response /opt/stack/cinder/cinder/volume/drivers/hitachi/hbsd_rest_api.py:485}}[00m
2026-10-06 15:26:03.920 2261378 DEBUG cinder.volume.drivers.hitachi.hbsd_rest_api [req-efbf2fd8-34f1-440c-b668-94ccf6f44144 - - - - - -] ERROR <?xml version="1.0" encoding="iso-8859-1"?> <!DOCTYPE html PUBLIC "-//W3C//DTD XHTML 1.0 Transitional//EN"          "http://www.w3.org/TR/xhtml1/DTD/xhtml1-transitional.dtd"> <html xmlns="http://www.w3.org/1999/xhtml" xml:lang="en" lang="en">  <head>   <title>503 Service Not Available</title>  </head>  <body>   <h1>503 Service Not Available</h1>  </body> </html> [00;33m{{(pid=2261378) _check_rest_api_response /opt/stack/cinder/cinder/volume/drivers/hitachi/hbsd_rest_api.py:485}}[00m
2026-10-06 15:26:08.972 2261378 DEBUG cinder.volume.drivers.hitachi.hbsd_rest_api [req-efbf2fd8-34f1-440c-b668-94ccf6f44144 - - - - - -] ERROR <?xml version="1.0" encoding="iso-8859-1"?> <!DOCTYPE html PUBLIC "-//W3C//DTD XHTML 1.0 Transitional//EN"          "http://www.w3.org/TR/xhtml1/DTD/xhtml1-transitional.dtd"> <html xmlns="http://www.w3.org/1999/xhtml" xml:lang="en" lang="en">  <head>   <title>503 Service Not Available</title>  </head>  <body>   <h1>503 Service Not Available</h1>  </body> </html> [00;33m{{(pid=2261378) _check_rest_api_response /opt/stack/cinder/cinder/volume/drivers/hitachi/hbsd_rest_api.py:485}}[00m
2026-10-06 15:26:13.930 2261378 DEBUG cinder.volume.drivers.hitachi.hbsd_rest_api [req-efbf2fd8-34f1-440c-b668-94ccf6f44144 - - - - - -] ERROR <?xml version="1.0" encoding="iso-8859-1"?> <!DOCTYPE html PUBLIC "-//W3C//DTD XHTML 1.0 Transitional//EN"          "http://www.w3.org/TR/xhtml1/DTD/xhtml1-transitional.dtd"> <html xmlns="http://www.w3.org/1999/xhtml" xml:lang="en" lang="en">  <head>   <title>503 Service Not Available</title>  </head>  <body>   <h1>503 Service Not Available</h1>  </body> </html> [00;33m{{(pid=2261378) _check_rest_api_response /opt/stack/cinder/cinder/volume/drivers/hitachi/hbsd_rest_api.py:485}}[00m
2026-10-06 15:26:18.927 2261378 DEBUG cinder.volume.drivers.hitachi.hbsd_rest_api [req-efbf2fd8-34f1-440c-b668-94ccf6f44144 - - - - - -] ERROR <?xml version="1.0" encoding="iso-8859-1"?> <!DOCTYPE html PUBLIC "-//W3C//DTD XHTML 1.0 Transitional//EN"          "http://www.w3.org/TR/xhtml1/DTD/xhtml1-transitional.dtd"> <html xmlns="http://www.w3.org/1999/xhtml" xml:lang="en" lang="en">  <head>   <title>503 Service Not Available</title>  </head>  <body>   <h1>503 Service Not Available</h1>  </body> </html> [00;33m{{(pid=2261378) _check_rest_api_response /opt/stack/cinder/cinder/volume/drivers/hitachi/hbsd_rest_api.py:485}}[00m
2026-10-06 15:26:23.934 2261378 DEBUG cinder.volume.drivers.hitachi.hbsd_rest_api [req-efbf2fd8-34f1-440c-b668-94ccf6f44144 - - - - - -] ERROR <?xml version="1.0" encoding="iso-8859-1"?> <!DOCTYPE html PUBLIC "-//W3C//DTD XHTML 1.0 Transitional//EN"          "http://www.w3.org/TR/xhtml1/DTD/xhtml1-transitional.dtd"> <html xmlns="http://www.w3.org/1999/xhtml" xml:lang="en" lang="en">  <head>   <title>503 Service Not Available</title>  </head>  <body>   <h1>503 Service Not Available</h1>  </body> </html> [00;33m{{(pid=2261378) _check_rest_api_response /opt/stack/cinder/cinder/volume/drivers/hitachi/hbsd_rest_api.py:485}}[00m
2026-10-06 15:26:28.994 2261378 DEBUG cinder.volume.drivers.hitachi.hbsd_rest_api [req-efbf2fd8-34f1-440c-b668-94ccf6f44144 - - - - - -] ERROR <?xml version="1.0" encoding="iso-8859-1"?> <!DOCTYPE html PUBLIC "-//W3C//DTD XHTML 1.0 Transitional//EN"          "http://www.w3.org/TR/xhtml1/DTD/xhtml1-transitional.dtd"> <html xmlns="http://www.w3.org/1999/xhtml" xml:lang="en" lang="en">  <head>   <title>503 Service Not Available</title>  </head>  <body>   <h1>503 Service Not Available</h1>  </body> </html> [00;33m{{(pid=2261378) _check_rest_api_response /opt/stack/cinder/cinder/volume/drivers/hitachi/hbsd_rest_api.py:485}}[00m
2026-10-06 15:26:33.938 2261378 DEBUG cinder.volume.drivers.hitachi.hbsd_rest_api [req-efbf2fd8-34f1-440c-b668-94ccf6f44144 - - - - - -] ERROR <?xml version="1.0" encoding="iso-8859-1"?> <!DOCTYPE html PUBLIC "-//W3C//DTD XHTML 1.0 Transitional//EN"          "http://www.w3.org/TR/xhtml1/DTD/xhtml1-transitional.dtd"> <html xmlns="http://www.w3.org/1999/xhtml" xml:lang="en" lang="en">  <head>   <title>503 Service Not Available</title>  </head>  <body>   <h1>503 Service Not Available</h1>  </body> </html> [00;33m{{(pid=2261378) _check_rest_api_response /opt/stack/cinder/cinder/volume/drivers/hitachi/hbsd_rest_api.py:485}}[00m
2026-10-06 15:26:38.929 2261378 DEBUG cinder.volume.drivers.hitachi.hbsd_rest_api [req-efbf2fd8-34f1-440c-b668-94ccf6f44144 - - - - - -] ERROR <?xml version="1.0" encoding="iso-8859-1"?> <!DOCTYPE html PUBLIC "-//W3C//DTD XHTML 1.0 Transitional//EN"          "http://www.w3.org/TR/xhtml1/DTD/xhtml1-transitional.dtd"> <html xmlns="http://www.w3.org/1999/xhtml" xml:lang="en" lang="en">  <head>   <title>503 Service Not Available</title>  </head>  <body>   <h1>503 Service Not Available</h1>  </body> </html> [00;33m{{(pid=2261378) _check_rest_api_response /opt/stack/cinder/cinder/volume/drivers/hitachi/hbsd_rest_api.py:485}}[00m
2026-10-06 15:26:43.936 2261378 DEBUG cinder.volume.drivers.hitachi.hbsd_rest_api [req-efbf2fd8-34f1-440c-b668-94ccf6f44144 - - - - - -] ERROR <?xml version="1.0" encoding="iso-8859-1"?> <!DOCTYPE html PUBLIC "-//W3C//DTD XHTML 1.0 Transitional//EN"          "http://www.w3.org/TR/xhtml1/DTD/xhtml1-transitional.dtd"> <html xmlns="http://www.w3.org/1999/xhtml" xml:lang="en" lang="en">  <head>   <title>503 Service Not Available</title>  </head>  <body>   <h1>503 Service Not Available</h1>  </body> </html> [00;33m{{(pid=2261378) _check_rest_api_response /opt/stack/cinder/cinder/volume/drivers/hitachi/hbsd_rest_api.py:485}}[00m
2026-10-06 15:26:48.938 2261378 DEBUG cinder.volume.drivers.hitachi.hbsd_rest_api [req-efbf2fd8-34f1-440c-b668-94ccf6f44144 - - - - - -] ERROR <?xml version="1.0" encoding="iso-8859-1"?> <!DOCTYPE html PUBLIC "-//W3C//DTD XHTML 1.0 Transitional//EN"          "http://www.w3.org/TR/xhtml1/DTD/xhtml1-transitional.dtd"> <html xmlns="http://www.w3.org/1999/xhtml" xml:lang="en" lang="en">  <head>   <title>503 Service Not Available</title>  </head>  <body>   <h1>503 Service Not Available</h1>  </body> </html> [00;33m{{(pid=2261378) _check_rest_api_response /opt/stack/cinder/cinder/volume/drivers/hitachi/hbsd_rest_api.py:485}}[00m
2026-10-06 15:26:53.948 2261378 DEBUG cinder.volume.drivers.hitachi.hbsd_rest_api [req-efbf2fd8-34f1-440c-b668-94ccf6f44144 - - - - - -] ERROR <?xml version="1.0" encoding="iso-8859-1"?> <!DOCTYPE html PUBLIC "-//W3C//DTD XHTML 1.0 Transitional//EN"          "http://www.w3.org/TR/xhtml1/DTD/xhtml1-transitional.dtd"> <html xmlns="http://www.w3.org/1999/xhtml" xml:lang="en" lang="en">  <head>   <title>503 Service Not Available</title>  </head>  <body>   <h1>503 Service Not Available</h1>  </body> </html> [00;33m{{(pid=2261378) _check_rest_api_response /opt/stack/cinder/cinder/volume/drivers/hitachi/hbsd_rest_api.py:485}}[00m
2026-10-06 15:26:58.942 2261378 DEBUG cinder.volume.drivers.hitachi.hbsd_rest_api [req-efbf2fd8-34f1-440c-b668-94ccf6f44144 - - - - - -] ERROR <?xml version="1.0" encoding="iso-8859-1"?> <!DOCTYPE html PUBLIC "-//W3C//DTD XHTML 1.0 Transitional//EN"          "http://www.w3.org/TR/xhtml1/DTD/xhtml1-transitional.dtd"> <html xmlns="http://www.w3.org/1999/xhtml" xml:lang="en" lang="en">  <head>   <title>503 Service Not Available</title>  </head>  <body>   <h1>503 Service Not Available</h1>  </body> </html> [00;33m{{(pid=2261378) _check_rest_api_response /opt/stack/cinder/cinder/volume/drivers/hitachi/hbsd_rest_api.py:485}}[00m
2026-10-06 15:27:03.935 2261378 DEBUG cinder.volume.drivers.hitachi.hbsd_rest_api [req-efbf2fd8-34f1-440c-b668-94ccf6f44144 - - - - - -] ERROR <?xml version="1.0" encoding="iso-8859-1"?> <!DOCTYPE html PUBLIC "-//W3C//DTD XHTML 1.0 Transitional//EN"          "http://www.w3.org/TR/xhtml1/DTD/xhtml1-transitional.dtd"> <html xmlns="http://www.w3.org/1999/xhtml" xml:lang="en" lang="en">  <head>   <title>503 Service Not Available</title>  </head>  <body>   <h1>503 Service Not Available</h1>  </body> </html> [00;33m{{(pid=2261378) _check_rest_api_response /opt/stack/cinder/cinder/volume/drivers/hitachi/hbsd_rest_api.py:485}}[00m
2026-10-06 15:27:08.958 2261378 DEBUG cinder.volume.drivers.hitachi.hbsd_rest_api [req-efbf2fd8-34f1-440c-b668-94ccf6f44144 - - - - - -] ERROR <?xml version="1.0" encoding="iso-8859-1"?> <!DOCTYPE html PUBLIC "-//W3C//DTD XHTML 1.0 Transitional//EN"          "http://www.w3.org/TR/xhtml1/DTD/xhtml1-transitional.dtd"> <html xmlns="http://www.w3.org/1999/xhtml" xml:lang="en" lang="en">  <head>   <title>503 Service Not Available</title>  </head>  <body>   <h1>503 Service Not Available</h1>  </body> </html> [00;33m{{(pid=2261378) _check_rest_api_response /opt/stack/cinder/cinder/volume/drivers/hitachi/hbsd_rest_api.py:485}}[00m
2026-10-06 15:27:13.949 2261378 DEBUG cinder.volume.drivers.hitachi.hbsd_rest_api [req-efbf2fd8-34f1-440c-b668-94ccf6f44144 - - - - - -] ERROR <?xml version="1.0" encoding="iso-8859-1"?> <!DOCTYPE html PUBLIC "-//W3C//DTD XHTML 1.0 Transitional//EN"          "http://www.w3.org/TR/xhtml1/DTD/xhtml1-transitional.dtd"> <html xmlns="http://www.w3.org/1999/xhtml" xml:lang="en" lang="en">  <head>   <title>503 Service Not Available</title>  </head>  <body>   <h1>503 Service Not Available</h1>  </body> </html> [00;33m{{(pid=2261378) _check_rest_api_response /opt/stack/cinder/cinder/volume/drivers/hitachi/hbsd_rest_api.py:485}}[00m
2026-10-06 15:27:18.948 2261378 DEBUG cinder.volume.drivers.hitachi.hbsd_rest_api [req-efbf2fd8-34f1-440c-b668-94ccf6f44144 - - - - - -] ERROR <?xml version="1.0" encoding="iso-8859-1"?> <!DOCTYPE html PUBLIC "-//W3C//DTD XHTML 1.0 Transitional//EN"          "http://www.w3.org/TR/xhtml1/DTD/xhtml1-transitional.dtd"> <html xmlns="http://www.w3.org/1999/xhtml" xml:lang="en" lang="en">  <head>   <title>503 Service Not Available</title>  </head>  <body>   <h1>503 Service Not Available</h1>  </body> </html> [00;33m{{(pid=2261378) _check_rest_api_response /opt/stack/cinder/cinder/volume/drivers/hitachi/hbsd_rest_api.py:485}}[00m
2026-10-06 15:27:23.939 2261378 DEBUG cinder.volume.drivers.hitachi.hbsd_rest_api [req-efbf2fd8-34f1-440c-b668-94ccf6f44144 - - - - - -] ERROR <?xml version="1.0" encoding="iso-8859-1"?> <!DOCTYPE html PUBLIC "-//W3C//DTD XHTML 1.0 Transitional//EN"          "http://www.w3.org/TR/xhtml1/DTD/xhtml1-transitional.dtd"> <html xmlns="http://www.w3.org/1999/xhtml" xml:lang="en" lang="en">  <head>   <title>503 Service Not Available</title>  </head>  <body>   <h1>503 Service Not Available</h1>  </body> </html> [00;33m{{(pid=2261378) _check_rest_api_response /opt/stack/cinder/cinder/volume/drivers/hitachi/hbsd_rest_api.py:485}}[00m
2026-10-06 15:27:28.938 2261378 DEBUG cinder.volume.drivers.hitachi.hbsd_rest_api [req-efbf2fd8-34f1-440c-b668-94ccf6f44144 - - - - - -] ERROR <?xml version="1.0" encoding="iso-8859-1"?> <!DOCTYPE html PUBLIC "-//W3C//DTD XHTML 1.0 Transitional//EN"          "http://www.w3.org/TR/xhtml1/DTD/xhtml1-transitional.dtd"> <html xmlns="http://www.w3.org/1999/xhtml" xml:lang="en" lang="en">  <head>   <title>503 Service Not Available</title>  </head>  <body>   <h1>503 Service Not Available</h1>  </body> </html> [00;33m{{(pid=2261378) _check_rest_api_response /opt/stack/cinder/cinder/volume/drivers/hitachi/hbsd_rest_api.py:485}}[00m
2026-10-06 15:27:33.979 2261378 DEBUG cinder.volume.drivers.hitachi.hbsd_rest_api [req-efbf2fd8-34f1-440c-b668-94ccf6f44144 - - - - - -] ERROR <?xml version="1.0" encoding="iso-8859-1"?> <!DOCTYPE html PUBLIC "-//W3C//DTD XHTML 1.0 Transitional//EN"          "http://www.w3.org/TR/xhtml1/DTD/xhtml1-transitional.dtd"> <html xmlns="http://www.w3.org/1999/xhtml" xml:lang="en" lang="en">  <head>   <title>503 Service Not Available</title>  </head>  <body>   <h1>503 Service Not Available</h1>  </body> </html> [00;33m{{(pid=2261378) _check_rest_api_response /opt/stack/cinder/cinder/volume/drivers/hitachi/hbsd_rest_api.py:485}}[00m
2026-10-06 15:27:38.943 2261378 DEBUG cinder.volume.drivers.hitachi.hbsd_rest_api [req-efbf2fd8-34f1-440c-b668-94ccf6f44144 - - - - - -] ERROR <?xml version="1.0" encoding="iso-8859-1"?> <!DOCTYPE html PUBLIC "-//W3C//DTD XHTML 1.0 Transitional//EN"          "http://www.w3.org/TR/xhtml1/DTD/xhtml1-transitional.dtd"> <html xmlns="http://www.w3.org/1999/xhtml" xml:lang="en" lang="en">  <head>   <title>503 Service Not Available</title>  </head>  <body>   <h1>503 Service Not Available</h1>  </body> </html> [00;33m{{(pid=2261378) _check_rest_api_response /opt/stack/cinder/cinder/volume/drivers/hitachi/hbsd_rest_api.py:485}}[00m
2026-10-06 15:27:43.952 2261378 DEBUG cinder.volume.drivers.hitachi.hbsd_rest_api [req-efbf2fd8-34f1-440c-b668-94ccf6f44144 - - - - - -] ERROR <?xml version="1.0" encoding="iso-8859-1"?> <!DOCTYPE html PUBLIC "-//W3C//DTD XHTML 1.0 Transitional//EN"          "http://www.w3.org/TR/xhtml1/DTD/xhtml1-transitional.dtd"> <html xmlns="http://www.w3.org/1999/xhtml" xml:lang="en" lang="en">  <head>   <title>503 Service Not Available</title>  </head>  <body>   <h1>503 Service Not Available</h1>  </body> </html> [00;33m{{(pid=2261378) _check_rest_api_response /opt/stack/cinder/cinder/volume/drivers/hitachi/hbsd_rest_api.py:485}}[00m
2026-10-06 15:27:48.946 2261378 DEBUG cinder.volume.drivers.hitachi.hbsd_rest_api [req-efbf2fd8-34f1-440c-b668-94ccf6f44144 - - - - - -] ERROR <?xml version="1.0" encoding="iso-8859-1"?> <!DOCTYPE html PUBLIC "-//W3C//DTD XHTML 1.0 Transitional//EN"          "http://www.w3.org/TR/xhtml1/DTD/xhtml1-transitional.dtd"> <html xmlns="http://www.w3.org/1999/xhtml" xml:lang="en" lang="en">  <head>   <title>503 Service Not Available</title>  </head>  <body>   <h1>503 Service Not Available</h1>  </body> </html> [00;33m{{(pid=2261378) _check_rest_api_response /opt/stack/cinder/cinder/volume/drivers/hitachi/hbsd_rest_api.py:485}}[00m
2026-10-06 15:27:53.981 2261378 DEBUG cinder.volume.drivers.hitachi.hbsd_rest_api [req-efbf2fd8-34f1-440c-b668-94ccf6f44144 - - - - - -] ERROR <?xml version="1.0" encoding="iso-8859-1"?> <!DOCTYPE html PUBLIC "-//W3C//DTD XHTML 1.0 Transitional//EN"          "http://www.w3.org/TR/xhtml1/DTD/xhtml1-transitional.dtd"> <html xmlns="http://www.w3.org/1999/xhtml" xml:lang="en" lang="en">  <head>   <title>503 Service Not Available</title>  </head>  <body>   <h1>503 Service Not Available</h1>  </body> </html> [00;33m{{(pid=2261378) _check_rest_api_response /opt/stack/cinder/cinder/volume/drivers/hitachi/hbsd_rest_api.py:485}}[00m
2026-10-06 15:27:58.948 2261378 DEBUG cinder.volume.drivers.hitachi.hbsd_rest_api [req-efbf2fd8-34f1-440c-b668-94ccf6f44144 - - - - - -] ERROR <?xml version="1.0" encoding="iso-8859-1"?> <!DOCTYPE html PUBLIC "-//W3C//DTD XHTML 1.0 Transitional//EN"          "http://www.w3.org/TR/xhtml1/DTD/xhtml1-transitional.dtd"> <html xmlns="http://www.w3.org/1999/xhtml" xml:lang="en" lang="en">  <head>   <title>503 Service Not Available</title>  </head>  <body>   <h1>503 Service Not Available</h1>  </body> </html> [00;33m{{(pid=2261378) _check_rest_api_response /opt/stack/cinder/cinder/volume/drivers/hitachi/hbsd_rest_api.py:485}}[00m
2026-10-06 15:28:03.950 2261378 DEBUG cinder.volume.drivers.hitachi.hbsd_rest_api [req-efbf2fd8-34f1-440c-b668-94ccf6f44144 - - - - - -] ERROR <?xml version="1.0" encoding="iso-8859-1"?> <!DOCTYPE html PUBLIC "-//W3C//DTD XHTML 1.0 Transitional//EN"          "http://www.w3.org/TR/xhtml1/DTD/xhtml1-transitional.dtd"> <html xmlns="http://www.w3.org/1999/xhtml" xml:lang="en" lang="en">  <head>   <title>503 Service Not Available</title>  </head>  <body>   <h1>503 Service Not Available</h1>  </body> </html> [00;33m{{(pid=2261378) _check_rest_api_response /opt/stack/cinder/cinder/volume/drivers/hitachi/hbsd_rest_api.py:485}}[00m
2026-10-06 15:28:09.025 2261378 DEBUG cinder.volume.drivers.hitachi.hbsd_rest_api [req-efbf2fd8-34f1-440c-b668-94ccf6f44144 - - - - - -] ERROR <?xml version="1.0" encoding="iso-8859-1"?> <!DOCTYPE html PUBLIC "-//W3C//DTD XHTML 1.0 Transitional//EN"          "http://www.w3.org/TR/xhtml1/DTD/xhtml1-transitional.dtd"> <html xmlns="http://www.w3.org/1999/xhtml" xml:lang="en" lang="en">  <head>   <title>503 Service Not Available</title>  </head>  <body>   <h1>503 Service Not Available</h1>  </body> </html> [00;33m{{(pid=2261378) _check_rest_api_response /opt/stack/cinder/cinder/volume/drivers/hitachi/hbsd_rest_api.py:485}}[00m
2026-10-06 15:28:13.981 2261378 DEBUG cinder.volume.drivers.hitachi.hbsd_rest_api [req-efbf2fd8-34f1-440c-b668-94ccf6f44144 - - - - - -] ERROR <?xml version="1.0" encoding="iso-8859-1"?> <!DOCTYPE html PUBLIC "-//W3C//DTD XHTML 1.0 Transitional//EN"          "http://www.w3.org/TR/xhtml1/DTD/xhtml1-transitional.dtd"> <html xmlns="http://www.w3.org/1999/xhtml" xml:lang="en" lang="en">  <head>   <title>503 Service Not Available</title>  </head>  <body>   <h1>503 Service Not Available</h1>  </body> </html> [00;33m{{(pid=2261378) _check_rest_api_response /opt/stack/cinder/cinder/volume/drivers/hitachi/hbsd_rest_api.py:485}}[00m
2026-10-06 15:28:18.954 2261378 DEBUG cinder.volume.drivers.hitachi.hbsd_rest_api [req-efbf2fd8-34f1-440c-b668-94ccf6f44144 - - - - - -] ERROR <?xml version="1.0" encoding="iso-8859-1"?> <!DOCTYPE html PUBLIC "-//W3C//DTD XHTML 1.0 Transitional//EN"          "http://www.w3.org/TR/xhtml1/DTD/xhtml1-transitional.dtd"> <html xmlns="http://www.w3.org/1999/xhtml" xml:lang="en" lang="en">  <head>   <title>503 Service Not Available</title>  </head>  <body>   <h1>503 Service Not Available</h1>  </body> </html> [00;33m{{(pid=2261378) _check_rest_api_response /opt/stack/cinder/cinder/volume/drivers/hitachi/hbsd_rest_api.py:485}}[00m
2026-10-06 15:28:23.960 2261378 DEBUG cinder.volume.drivers.hitachi.hbsd_rest_api [req-efbf2fd8-34f1-440c-b668-94ccf6f44144 - - - - - -] ERROR <?xml version="1.0" encoding="iso-8859-1"?> <!DOCTYPE html PUBLIC "-//W3C//DTD XHTML 1.0 Transitional//EN"          "http://www.w3.org/TR/xhtml1/DTD/xhtml1-transitional.dtd"> <html xmlns="http://www.w3.org/1999/xhtml" xml:lang="en" lang="en">  <head>   <title>503 Service Not Available</title>  </head>  <body>   <h1>503 Service Not Available</h1>  </body> </html> [00;33m{{(pid=2261378) _check_rest_api_response /opt/stack/cinder/cinder/volume/drivers/hitachi/hbsd_rest_api.py:485}}[00m
2026-10-06 15:28:28.955 2261378 DEBUG cinder.volume.drivers.hitachi.hbsd_rest_api [req-efbf2fd8-34f1-440c-b668-94ccf6f44144 - - - - - -] ERROR <?xml version="1.0" encoding="iso-8859-1"?> <!DOCTYPE html PUBLIC "-//W3C//DTD XHTML 1.0 Transitional//EN"          "http://www.w3.org/TR/xhtml1/DTD/xhtml1-transitional.dtd"> <html xmlns="http://www.w3.org/1999/xhtml" xml:lang="en" lang="en">  <head>   <title>503 Service Not Available</title>  </head>  <body>   <h1>503 Service Not Available</h1>  </body> </html> [00;33m{{(pid=2261378) _check_rest_api_response /opt/stack/cinder/cinder/volume/drivers/hitachi/hbsd_rest_api.py:485}}[00m
2026-10-06 15:28:33.955 2261378 DEBUG cinder.volume.drivers.hitachi.hbsd_rest_api [req-efbf2fd8-34f1-440c-b668-94ccf6f44144 - - - - - -] ERROR <?xml version="1.0" encoding="iso-8859-1"?> <!DOCTYPE html PUBLIC "-//W3C//DTD XHTML 1.0 Transitional//EN"          "http://www.w3.org/TR/xhtml1/DTD/xhtml1-transitional.dtd"> <html xmlns="http://www.w3.org/1999/xhtml" xml:lang="en" lang="en">  <head>   <title>503 Service Not Available</title>  </head>  <body>   <h1>503 Service Not Available</h1>  </body> </html> [00;33m{{(pid=2261378) _check_rest_api_response /opt/stack/cinder/cinder/volume/drivers/hitachi/hbsd_rest_api.py:485}}[00m
2026-10-06 15:28:38.964 2261378 DEBUG cinder.volume.drivers.hitachi.hbsd_rest_api [req-efbf2fd8-34f1-440c-b668-94ccf6f44144 - - - - - -] ERROR <?xml version="1.0" encoding="iso-8859-1"?> <!DOCTYPE html PUBLIC "-//W3C//DTD XHTML 1.0 Transitional//EN"          "http://www.w3.org/TR/xhtml1/DTD/xhtml1-transitional.dtd"> <html xmlns="http://www.w3.org/1999/xhtml" xml:lang="en" lang="en">  <head>   <title>503 Service Not Available</title>  </head>  <body>   <h1>503 Service Not Available</h1>  </body> </html> [00;33m{{(pid=2261378) _check_rest_api_response /opt/stack/cinder/cinder/volume/drivers/hitachi/hbsd_rest_api.py:485}}[00m
2026-10-06 15:28:43.968 2261378 DEBUG cinder.volume.drivers.hitachi.hbsd_rest_api [req-efbf2fd8-34f1-440c-b668-94ccf6f44144 - - - - - -] ERROR <?xml version="1.0" encoding="iso-8859-1"?> <!DOCTYPE html PUBLIC "-//W3C//DTD XHTML 1.0 Transitional//EN"          "http://www.w3.org/TR/xhtml1/DTD/xhtml1-transitional.dtd"> <html xmlns="http://www.w3.org/1999/xhtml" xml:lang="en" lang="en">  <head>   <title>503 Service Not Available</title>  </head>  <body>   <h1>503 Service Not Available</h1>  </body> </html> [00;33m{{(pid=2261378) _check_rest_api_response /opt/stack/cinder/cinder/volume/drivers/hitachi/hbsd_rest_api.py:485}}[00m
2026-10-06 15:28:49.013 2261378 DEBUG cinder.volume.drivers.hitachi.hbsd_rest_api [req-efbf2fd8-34f1-440c-b668-94ccf6f44144 - - - - - -] ERROR <?xml version="1.0" encoding="iso-8859-1"?> <!DOCTYPE html PUBLIC "-//W3C//DTD XHTML 1.0 Transitional//EN"          "http://www.w3.org/TR/xhtml1/DTD/xhtml1-transitional.dtd"> <html xmlns="http://www.w3.org/1999/xhtml" xml:lang="en" lang="en">  <head>   <title>503 Service Not Available</title>  </head>  <body>   <h1>503 Service Not Available</h1>  </body> </html> [00;33m{{(pid=2261378) _check_rest_api_response /opt/stack/cinder/cinder/volume/drivers/hitachi/hbsd_rest_api.py:485}}[00m
2026-10-06 15:28:53.965 2261378 DEBUG cinder.volume.drivers.hitachi.hbsd_rest_api [req-efbf2fd8-34f1-440c-b668-94ccf6f44144 - - - - - -] ERROR <?xml version="1.0" encoding="iso-8859-1"?> <!DOCTYPE html PUBLIC "-//W3C//DTD XHTML 1.0 Transitional//EN"          "http://www.w3.org/TR/xhtml1/DTD/xhtml1-transitional.dtd"> <html xmlns="http://www.w3.org/1999/xhtml" xml:lang="en" lang="en">  <head>   <title>503 Service Not Available</title>  </head>  <body>   <h1>503 Service Not Available</h1>  </body> </html> [00;33m{{(pid=2261378) _check_rest_api_response /opt/stack/cinder/cinder/volume/drivers/hitachi/hbsd_rest_api.py:485}}[00m
2026-10-06 15:28:58.961 2261378 DEBUG cinder.volume.drivers.hitachi.hbsd_rest_api [req-efbf2fd8-34f1-440c-b668-94ccf6f44144 - - - - - -] ERROR <?xml version="1.0" encoding="iso-8859-1"?> <!DOCTYPE html PUBLIC "-//W3C//DTD XHTML 1.0 Transitional//EN"          "http://www.w3.org/TR/xhtml1/DTD/xhtml1-transitional.dtd"> <html xmlns="http://www.w3.org/1999/xhtml" xml:lang="en" lang="en">  <head>   <title>503 Service Not Available</title>  </head>  <body>   <h1>503 Service Not Available</h1>  </body> </html> [00;33m{{(pid=2261378) _check_rest_api_response /opt/stack/cinder/cinder/volume/drivers/hitachi/hbsd_rest_api.py:485}}[00m
2026-10-06 15:29:03.966 2261378 DEBUG cinder.volume.drivers.hitachi.hbsd_rest_api [req-efbf2fd8-34f1-440c-b668-94ccf6f44144 - - - - - -] ERROR <?xml version="1.0" encoding="iso-8859-1"?> <!DOCTYPE html PUBLIC "-//W3C//DTD XHTML 1.0 Transitional//EN"          "http://www.w3.org/TR/xhtml1/DTD/xhtml1-transitional.dtd"> <html xmlns="http://www.w3.org/1999/xhtml" xml:lang="en" lang="en">  <head>   <title>503 Service Not Available</title>  </head>  <body>   <h1>503 Service Not Available</h1>  </body> </html> [00;33m{{(pid=2261378) _check_rest_api_response /opt/stack/cinder/cinder/volume/drivers/hitachi/hbsd_rest_api.py:485}}[00m
2026-10-06 15:29:08.965 2261378 DEBUG cinder.volume.drivers.hitachi.hbsd_rest_api [req-efbf2fd8-34f1-440c-b668-94ccf6f44144 - - - - - -] ERROR <?xml version="1.0" encoding="iso-8859-1"?> <!DOCTYPE html PUBLIC "-//W3C//DTD XHTML 1.0 Transitional//EN"          "http://www.w3.org/TR/xhtml1/DTD/xhtml1-transitional.dtd"> <html xmlns="http://www.w3.org/1999/xhtml" xml:lang="en" lang="en">  <head>   <title>503 Service Not Available</title>  </head>  <body>   <h1>503 Service Not Available</h1>  </body> </html> [00;33m{{(pid=2261378) _check_rest_api_response /opt/stack/cinder/cinder/volume/drivers/hitachi/hbsd_rest_api.py:485}}[00m
2026-10-06 15:29:13.967 2261378 DEBUG cinder.volume.drivers.hitachi.hbsd_rest_api [req-efbf2fd8-34f1-440c-b668-94ccf6f44144 - - - - - -] ERROR <?xml version="1.0" encoding="iso-8859-1"?> <!DOCTYPE html PUBLIC "-//W3C//DTD XHTML 1.0 Transitional//EN"          "http://www.w3.org/TR/xhtml1/DTD/xhtml1-transitional.dtd"> <html xmlns="http://www.w3.org/1999/xhtml" xml:lang="en" lang="en">  <head>   <title>503 Service Not Available</title>  </head>  <body>   <h1>503 Service Not Available</h1>  </body> </html> [00;33m{{(pid=2261378) _check_rest_api_response /opt/stack/cinder/cinder/volume/drivers/hitachi/hbsd_rest_api.py:485}}[00m
2026-10-06 15:29:18.967 2261378 DEBUG cinder.volume.drivers.hitachi.hbsd_rest_api [req-efbf2fd8-34f1-440c-b668-94ccf6f44144 - - - - - -] ERROR <?xml version="1.0" encoding="iso-8859-1"?> <!DOCTYPE html PUBLIC "-//W3C//DTD XHTML 1.0 Transitional//EN"          "http://www.w3.org/TR/xhtml1/DTD/xhtml1-transitional.dtd"> <html xmlns="http://www.w3.org/1999/xhtml" xml:lang="en" lang="en">  <head>   <title>503 Service Not Available</title>  </head>  <body>   <h1>503 Service Not Available</h1>  </body> </html> [00;33m{{(pid=2261378) _check_rest_api_response /opt/stack/cinder/cinder/volume/drivers/hitachi/hbsd_rest_api.py:485}}[00m
2026-10-06 15:29:23.969 2261378 DEBUG cinder.volume.drivers.hitachi.hbsd_rest_api [req-efbf2fd8-34f1-440c-b668-94ccf6f44144 - - - - - -] ERROR <?xml version="1.0" encoding="iso-8859-1"?> <!DOCTYPE html PUBLIC "-//W3C//DTD XHTML 1.0 Transitional//EN"          "http://www.w3.org/TR/xhtml1/DTD/xhtml1-transitional.dtd"> <html xmlns="http://www.w3.org/1999/xhtml" xml:lang="en" lang="en">  <head>   <title>503 Service Not Available</title>  </head>  <body>   <h1>503 Service Not Available</h1>  </body> </html> [00;33m{{(pid=2261378) _check_rest_api_response /opt/stack/cinder/cinder/volume/drivers/hitachi/hbsd_rest_api.py:485}}[00m
2026-10-06 15:29:28.968 2261378 DEBUG cinder.volume.drivers.hitachi.hbsd_rest_api [req-efbf2fd8-34f1-440c-b668-94ccf6f44144 - - - - - -] ERROR <?xml version="1.0" encoding="iso-8859-1"?> <!DOCTYPE html PUBLIC "-//W3C//DTD XHTML 1.0 Transitional//EN"          "http://www.w3.org/TR/xhtml1/DTD/xhtml1-transitional.dtd"> <html xmlns="http://www.w3.org/1999/xhtml" xml:lang="en" lang="en">  <head>   <title>503 Service Not Available</title>  </head>  <body>   <h1>503 Service Not Available</h1>  </body> </html> [00;33m{{(pid=2261378) _check_rest_api_response /opt/stack/cinder/cinder/volume/drivers/hitachi/hbsd_rest_api.py:485}}[00m
2026-10-06 15:29:33.970 2261378 DEBUG cinder.volume.drivers.hitachi.hbsd_rest_api [req-efbf2fd8-34f1-440c-b668-94ccf6f44144 - - - - - -] ERROR <?xml version="1.0" encoding="iso-8859-1"?> <!DOCTYPE html PUBLIC "-//W3C//DTD XHTML 1.0 Transitional//EN"          "http://www.w3.org/TR/xhtml1/DTD/xhtml1-transitional.dtd"> <html xmlns="http://www.w3.org/1999/xhtml" xml:lang="en" lang="en">  <head>   <title>503 Service Not Available</title>  </head>  <body>   <h1>503 Service Not Available</h1>  </body> </html> [00;33m{{(pid=2261378) _check_rest_api_response /opt/stack/cinder/cinder/volume/drivers/hitachi/hbsd_rest_api.py:485}}[00m
2026-10-06 15:29:38.971 2261378 DEBUG cinder.volume.drivers.hitachi.hbsd_rest_api [req-efbf2fd8-34f1-440c-b668-94ccf6f44144 - - - - - -] ERROR <?xml version="1.0" encoding="iso-8859-1"?> <!DOCTYPE html PUBLIC "-//W3C//DTD XHTML 1.0 Transitional//EN"          "http://www.w3.org/TR/xhtml1/DTD/xhtml1-transitional.dtd"> <html xmlns="http://www.w3.org/1999/xhtml" xml:lang="en" lang="en">  <head>   <title>503 Service Not Available</title>  </head>  <body>   <h1>503 Service Not Available</h1>  </body> </html> [00;33m{{(pid=2261378) _check_rest_api_response /opt/stack/cinder/cinder/volume/drivers/hitachi/hbsd_rest_api.py:485}}[00m
2026-10-06 15:29:43.971 2261378 DEBUG cinder.volume.drivers.hitachi.hbsd_rest_api [req-efbf2fd8-34f1-440c-b668-94ccf6f44144 - - - - - -] ERROR <?xml version="1.0" encoding="iso-8859-1"?> <!DOCTYPE html PUBLIC "-//W3C//DTD XHTML 1.0 Transitional//EN"          "http://www.w3.org/TR/xhtml1/DTD/xhtml1-transitional.dtd"> <html xmlns="http://www.w3.org/1999/xhtml" xml:lang="en" lang="en">  <head>   <title>503 Service Not Available</title>  </head>  <body>   <h1>503 Service Not Available</h1>  </body> </html> [00;33m{{(pid=2261378) _check_rest_api_response /opt/stack/cinder/cinder/volume/drivers/hitachi/hbsd_rest_api.py:485}}[00m
2026-10-06 15:29:48.972 2261378 DEBUG cinder.volume.drivers.hitachi.hbsd_rest_api [req-efbf2fd8-34f1-440c-b668-94ccf6f44144 - - - - - -] ERROR <?xml version="1.0" encoding="iso-8859-1"?> <!DOCTYPE html PUBLIC "-//W3C//DTD XHTML 1.0 Transitional//EN"          "http://www.w3.org/TR/xhtml1/DTD/xhtml1-transitional.dtd"> <html xmlns="http://www.w3.org/1999/xhtml" xml:lang="en" lang="en">  <head>   <title>503 Service Not Available</title>  </head>  <body>   <h1>503 Service Not Available</h1>  </body> </html> [00;33m{{(pid=2261378) _check_rest_api_response /opt/stack/cinder/cinder/volume/drivers/hitachi/hbsd_rest_api.py:485}}[00m
2026-10-06 15:29:53.987 2261378 DEBUG cinder.volume.drivers.hitachi.hbsd_rest_api [req-efbf2fd8-34f1-440c-b668-94ccf6f44144 - - - - - -] ERROR <?xml version="1.0" encoding="iso-8859-1"?> <!DOCTYPE html PUBLIC "-//W3C//DTD XHTML 1.0 Transitional//EN"          "http://www.w3.org/TR/xhtml1/DTD/xhtml1-transitional.dtd"> <html xmlns="http://www.w3.org/1999/xhtml" xml:lang="en" lang="en">  <head>   <title>503 Service Not Available</title>  </head>  <body>   <h1>503 Service Not Available</h1>  </body> </html> [00;33m{{(pid=2261378) _check_rest_api_response /opt/stack/cinder/cinder/volume/drivers/hitachi/hbsd_rest_api.py:485}}[00m
2026-10-06 15:29:58.997 2261378 DEBUG cinder.volume.drivers.hitachi.hbsd_rest_api [req-efbf2fd8-34f1-440c-b668-94ccf6f44144 - - - - - -] ERROR <?xml version="1.0" encoding="iso-8859-1"?> <!DOCTYPE html PUBLIC "-//W3C//DTD XHTML 1.0 Transitional//EN"          "http://www.w3.org/TR/xhtml1/DTD/xhtml1-transitional.dtd"> <html xmlns="http://www.w3.org/1999/xhtml" xml:lang="en" lang="en">  <head>   <title>503 Service Not Available</title>  </head>  <body>   <h1>503 Service Not Available</h1>  </body> </html> [00;33m{{(pid=2261378) _check_rest_api_response /opt/stack/cinder/cinder/volume/drivers/hitachi/hbsd_rest_api.py:485}}[00m
2026-10-06 15:30:03.978 2261378 DEBUG cinder.volume.drivers.hitachi.hbsd_rest_api [req-efbf2fd8-34f1-440c-b668-94ccf6f44144 - - - - - -] ERROR <?xml version="1.0" encoding="iso-8859-1"?> <!DOCTYPE html PUBLIC "-//W3C//DTD XHTML 1.0 Transitional//EN"          "http://www.w3.org/TR/xhtml1/DTD/xhtml1-transitional.dtd"> <html xmlns="http://www.w3.org/1999/xhtml" xml:lang="en" lang="en">  <head>   <title>503 Service Not Available</title>  </head>  <body>   <h1>503 Service Not Available</h1>  </body> </html> [00;33m{{(pid=2261378) _check_rest_api_response /opt/stack/cinder/cinder/volume/drivers/hitachi/hbsd_rest_api.py:485}}[00m
2026-10-06 15:30:09.026 2261378 DEBUG cinder.volume.drivers.hitachi.hbsd_rest_api [req-efbf2fd8-34f1-440c-b668-94ccf6f44144 - - - - - -] ERROR <?xml version="1.0" encoding="iso-8859-1"?> <!DOCTYPE html PUBLIC "-//W3C//DTD XHTML 1.0 Transitional//EN"          "http://www.w3.org/TR/xhtml1/DTD/xhtml1-transitional.dtd"> <html xmlns="http://www.w3.org/1999/xhtml" xml:lang="en" lang="en">  <head>   <title>503 Service Not Available</title>  </head>  <body>   <h1>503 Service Not Available</h1>  </body> </html> [00;33m{{(pid=2261378) _check_rest_api_response /opt/stack/cinder/cinder/volume/drivers/hitachi/hbsd_rest_api.py:485}}[00m
2026-10-06 15:30:13.985 2261378 DEBUG cinder.volume.drivers.hitachi.hbsd_rest_api [req-efbf2fd8-34f1-440c-b668-94ccf6f44144 - - - - - -] ERROR <?xml version="1.0" encoding="iso-8859-1"?> <!DOCTYPE html PUBLIC "-//W3C//DTD XHTML 1.0 Transitional//EN"          "http://www.w3.org/TR/xhtml1/DTD/xhtml1-transitional.dtd"> <html xmlns="http://www.w3.org/1999/xhtml" xml:lang="en" lang="en">  <head>   <title>503 Service Not Available</title>  </head>  <body>   <h1>503 Service Not Available</h1>  </body> </html> [00;33m{{(pid=2261378) _check_rest_api_response /opt/stack/cinder/cinder/volume/drivers/hitachi/hbsd_rest_api.py:485}}[00m
2026-10-06 15:30:18.980 2261378 DEBUG cinder.volume.drivers.hitachi.hbsd_rest_api [req-efbf2fd8-34f1-440c-b668-94ccf6f44144 - - - - - -] ERROR <?xml version="1.0" encoding="iso-8859-1"?> <!DOCTYPE html PUBLIC "-//W3C//DTD XHTML 1.0 Transitional//EN"          "http://www.w3.org/TR/xhtml1/DTD/xhtml1-transitional.dtd"> <html xmlns="http://www.w3.org/1999/xhtml" xml:lang="en" lang="en">  <head>   <title>503 Service Not Available</title>  </head>  <body>   <h1>503 Service Not Available</h1>  </body> </html> [00;33m{{(pid=2261378) _check_rest_api_response /opt/stack/cinder/cinder/volume/drivers/hitachi/hbsd_rest_api.py:485}}[00m
2026-10-06 15:30:23.983 2261378 DEBUG cinder.volume.drivers.hitachi.hbsd_rest_api [req-efbf2fd8-34f1-440c-b668-94ccf6f44144 - - - - - -] ERROR <?xml version="1.0" encoding="iso-8859-1"?> <!DOCTYPE html PUBLIC "-//W3C//DTD XHTML 1.0 Transitional//EN"          "http://www.w3.org/TR/xhtml1/DTD/xhtml1-transitional.dtd"> <html xmlns="http://www.w3.org/1999/xhtml" xml:lang="en" lang="en">  <head>   <title>503 Service Not Available</title>  </head>  <body>   <h1>503 Service Not Available</h1>  </body> </html> [00;33m{{(pid=2261378) _check_rest_api_response /opt/stack/cinder/cinder/volume/drivers/hitachi/hbsd_rest_api.py:485}}[00m
2026-10-06 15:30:28.985 2261378 DEBUG cinder.volume.drivers.hitachi.hbsd_rest_api [req-efbf2fd8-34f1-440c-b668-94ccf6f44144 - - - - - -] ERROR <?xml version="1.0" encoding="iso-8859-1"?> <!DOCTYPE html PUBLIC "-//W3C//DTD XHTML 1.0 Transitional//EN"          "http://www.w3.org/TR/xhtml1/DTD/xhtml1-transitional.dtd"> <html xmlns="http://www.w3.org/1999/xhtml" xml:lang="en" lang="en">  <head>   <title>503 Service Not Available</title>  </head>  <body>   <h1>503 Service Not Available</h1>  </body> </html> [00;33m{{(pid=2261378) _check_rest_api_response /opt/stack/cinder/cinder/volume/drivers/hitachi/hbsd_rest_api.py:485}}[00m
2026-10-06 15:30:33.991 2261378 DEBUG cinder.volume.drivers.hitachi.hbsd_rest_api [req-efbf2fd8-34f1-440c-b668-94ccf6f44144 - - - - - -] ERROR <?xml version="1.0" encoding="iso-8859-1"?> <!DOCTYPE html PUBLIC "-//W3C//DTD XHTML 1.0 Transitional//EN"          "http://www.w3.org/TR/xhtml1/DTD/xhtml1-transitional.dtd"> <html xmlns="http://www.w3.org/1999/xhtml" xml:lang="en" lang="en">  <head>   <title>503 Service Not Available</title>  </head>  <body>   <h1>503 Service Not Available</h1>  </body> </html> [00;33m{{(pid=2261378) _check_rest_api_response /opt/stack/cinder/cinder/volume/drivers/hitachi/hbsd_rest_api.py:485}}[00m
2026-10-06 15:30:38.986 2261378 DEBUG cinder.volume.drivers.hitachi.hbsd_rest_api [req-efbf2fd8-34f1-440c-b668-94ccf6f44144 - - - - - -] ERROR <?xml version="1.0" encoding="iso-8859-1"?> <!DOCTYPE html PUBLIC "-//W3C//DTD XHTML 1.0 Transitional//EN"          "http://www.w3.org/TR/xhtml1/DTD/xhtml1-transitional.dtd"> <html xmlns="http://www.w3.org/1999/xhtml" xml:lang="en" lang="en">  <head>   <title>503 Service Not Available</title>  </head>  <body>   <h1>503 Service Not Available</h1>  </body> </html> [00;33m{{(pid=2261378) _check_rest_api_response /opt/stack/cinder/cinder/volume/drivers/hitachi/hbsd_rest_api.py:485}}[00m
2026-10-06 15:30:43.986 2261378 DEBUG cinder.volume.drivers.hitachi.hbsd_rest_api [req-efbf2fd8-34f1-440c-b668-94ccf6f44144 - - - - - -] ERROR <?xml version="1.0" encoding="iso-8859-1"?> <!DOCTYPE html PUBLIC "-//W3C//DTD XHTML 1.0 Transitional//EN"          "http://www.w3.org/TR/xhtml1/DTD/xhtml1-transitional.dtd"> <html xmlns="http://www.w3.org/1999/xhtml" xml:lang="en" lang="en">  <head>   <title>503 Service Not Available</title>  </head>  <body>   <h1>503 Service Not Available</h1>  </body> </html> [00;33m{{(pid=2261378) _check_rest_api_response /opt/stack/cinder/cinder/volume/drivers/hitachi/hbsd_rest_api.py:485}}[00m
2026-10-06 15:30:49.003 2261378 DEBUG cinder.volume.drivers.hitachi.hbsd_rest_api [req-efbf2fd8-34f1-440c-b668-94ccf6f44144 - - - - - -] ERROR <?xml version="1.0" encoding="iso-8859-1"?> <!DOCTYPE html PUBLIC "-//W3C//DTD XHTML 1.0 Transitional//EN"          "http://www.w3.org/TR/xhtml1/DTD/xhtml1-transitional.dtd"> <html xmlns="http://www.w3.org/1999/xhtml" xml:lang="en" lang="en">  <head>   <title>503 Service Not Available</title>  </head>  <body>   <h1>503 Service Not Available</h1>  </body> </html> [00;33m{{(pid=2261378) _check_rest_api_response /opt/stack/cinder/cinder/volume/drivers/hitachi/hbsd_rest_api.py:485}}[00m
2026-10-06 15:30:53.998 2261378 DEBUG cinder.volume.drivers.hitachi.hbsd_rest_api [req-efbf2fd8-34f1-440c-b668-94ccf6f44144 - - - - - -] ERROR <?xml version="1.0" encoding="iso-8859-1"?> <!DOCTYPE html PUBLIC "-//W3C//DTD XHTML 1.0 Transitional//EN"          "http://www.w3.org/TR/xhtml1/DTD/xhtml1-transitional.dtd"> <html xmlns="http://www.w3.org/1999/xhtml" xml:lang="en" lang="en">  <head>   <title>503 Service Not Available</title>  </head>  <body>   <h1>503 Service Not Available</h1>  </body> </html> [00;33m{{(pid=2261378) _check_rest_api_response /opt/stack/cinder/cinder/volume/drivers/hitachi/hbsd_rest_api.py:485}}[00m
2026-10-06 15:30:58.994 2261378 DEBUG cinder.volume.drivers.hitachi.hbsd_rest_api [req-efbf2fd8-34f1-440c-b668-94ccf6f44144 - - - - - -] ERROR <?xml version="1.0" encoding="iso-8859-1"?> <!DOCTYPE html PUBLIC "-//W3C//DTD XHTML 1.0 Transitional//EN"          "http://www.w3.org/TR/xhtml1/DTD/xhtml1-transitional.dtd"> <html xmlns="http://www.w3.org/1999/xhtml" xml:lang="en" lang="en">  <head>   <title>503 Service Not Available</title>  </head>  <body>   <h1>503 Service Not Available</h1>  </body> </html> [00;33m{{(pid=2261378) _check_rest_api_response /opt/stack/cinder/cinder/volume/drivers/hitachi/hbsd_rest_api.py:485}}[00m
2026-10-06 15:31:04.025 2261378 DEBUG cinder.volume.drivers.hitachi.hbsd_rest_api [req-efbf2fd8-34f1-440c-b668-94ccf6f44144 - - - - - -] ERROR <?xml version="1.0" encoding="iso-8859-1"?> <!DOCTYPE html PUBLIC "-//W3C//DTD XHTML 1.0 Transitional//EN"          "http://www.w3.org/TR/xhtml1/DTD/xhtml1-transitional.dtd"> <html xmlns="http://www.w3.org/1999/xhtml" xml:lang="en" lang="en">  <head>   <title>503 Service Not Available</title>  </head>  <body>   <h1>503 Service Not Available</h1>  </body> </html> [00;33m{{(pid=2261378) _check_rest_api_response /opt/stack/cinder/cinder/volume/drivers/hitachi/hbsd_rest_api.py:485}}[00m
2026-10-06 15:31:09.039 2261378 DEBUG cinder.volume.drivers.hitachi.hbsd_rest_api [req-efbf2fd8-34f1-440c-b668-94ccf6f44144 - - - - - -] ERROR <?xml version="1.0" encoding="iso-8859-1"?> <!DOCTYPE html PUBLIC "-//W3C//DTD XHTML 1.0 Transitional//EN"          "http://www.w3.org/TR/xhtml1/DTD/xhtml1-transitional.dtd"> <html xmlns="http://www.w3.org/1999/xhtml" xml:lang="en" lang="en">  <head>   <title>503 Service Not Available</title>  </head>  <body>   <h1>503 Service Not Available</h1>  </body> </html> [00;33m{{(pid=2261378) _check_rest_api_response /opt/stack/cinder/cinder/volume/drivers/hitachi/hbsd_rest_api.py:485}}[00m
2026-10-06 15:31:13.999 2261378 DEBUG cinder.volume.drivers.hitachi.hbsd_rest_api [req-efbf2fd8-34f1-440c-b668-94ccf6f44144 - - - - - -] ERROR <?xml version="1.0" encoding="iso-8859-1"?> <!DOCTYPE html PUBLIC "-//W3C//DTD XHTML 1.0 Transitional//EN"          "http://www.w3.org/TR/xhtml1/DTD/xhtml1-transitional.dtd"> <html xmlns="http://www.w3.org/1999/xhtml" xml:lang="en" lang="en">  <head>   <title>503 Service Not Available</title>  </head>  <body>   <h1>503 Service Not Available</h1>  </body> </html> [00;33m{{(pid=2261378) _check_rest_api_response /opt/stack/cinder/cinder/volume/drivers/hitachi/hbsd_rest_api.py:485}}[00m
2026-10-06 15:31:18.996 2261378 DEBUG cinder.volume.drivers.hitachi.hbsd_rest_api [req-efbf2fd8-34f1-440c-b668-94ccf6f44144 - - - - - -] ERROR <?xml version="1.0" encoding="iso-8859-1"?> <!DOCTYPE html PUBLIC "-//W3C//DTD XHTML 1.0 Transitional//EN"          "http://www.w3.org/TR/xhtml1/DTD/xhtml1-transitional.dtd"> <html xmlns="http://www.w3.org/1999/xhtml" xml:lang="en" lang="en">  <head>   <title>503 Service Not Available</title>  </head>  <body>   <h1>503 Service Not Available</h1>  </body> </html> [00;33m{{(pid=2261378) _check_rest_api_response /opt/stack/cinder/cinder/volume/drivers/hitachi/hbsd_rest_api.py:485}}[00m
2026-10-06 15:31:23.998 2261378 DEBUG cinder.volume.drivers.hitachi.hbsd_rest_api [req-efbf2fd8-34f1-440c-b668-94ccf6f44144 - - - - - -] ERROR <?xml version="1.0" encoding="iso-8859-1"?> <!DOCTYPE html PUBLIC "-//W3C//DTD XHTML 1.0 Transitional//EN"          "http://www.w3.org/TR/xhtml1/DTD/xhtml1-transitional.dtd"> <html xmlns="http://www.w3.org/1999/xhtml" xml:lang="en" lang="en">  <head>   <title>503 Service Not Available</title>  </head>  <body>   <h1>503 Service Not Available</h1>  </body> </html> [00;33m{{(pid=2261378) _check_rest_api_response /opt/stack/cinder/cinder/volume/drivers/hitachi/hbsd_rest_api.py:485}}[00m
2026-10-06 15:31:29.008 2261378 DEBUG cinder.volume.drivers.hitachi.hbsd_rest_api [req-efbf2fd8-34f1-440c-b668-94ccf6f44144 - - - - - -] ERROR <?xml version="1.0" encoding="iso-8859-1"?> <!DOCTYPE html PUBLIC "-//W3C//DTD XHTML 1.0 Transitional//EN"          "http://www.w3.org/TR/xhtml1/DTD/xhtml1-transitional.dtd"> <html xmlns="http://www.w3.org/1999/xhtml" xml:lang="en" lang="en">  <head>   <title>503 Service Not Available</title>  </head>  <body>   <h1>503 Service Not Available</h1>  </body> </html> [00;33m{{(pid=2261378) _check_rest_api_response /opt/stack/cinder/cinder/volume/drivers/hitachi/hbsd_rest_api.py:485}}[00m
