2026-10-07 05:55:33.245 3570158 DEBUG dbcounter [-] [3570158] Writing DB stats cinder:SELECT=1 [00;33m{{(pid=3570158) stat_writer /opt/stack/data/venv/lib/python3.12/site-packages/dbcounter.py:115}}[00m
2026-10-07 05:55:33.248 3570158 DEBUG dbcounter [-] [3570158] Writing DB stats cinder:UPDATE=1 [00;33m{{(pid=3570158) stat_writer /opt/stack/data/venv/lib/python3.12/site-packages/dbcounter.py:115}}[00m
2026-10-07 05:56:03.726 3570158 DEBUG cinder.volume.drivers.hitachi.hbsd_rest_api [-] _keep_session thread is started [00;33m{{(pid=3570158) _keep_session /opt/stack/cinder/cinder/volume/drivers/hitachi/hbsd_rest_api.py:611}}[00m
2026-10-07 05:56:03.726 3570158 DEBUG cinder.volume.drivers.hitachi.hbsd_rest_api [-] ==> _get_object: call "{'self': <cinder.volume.drivers.hitachi.hbsd_rest_api.RestApiClient object at 0x743929f40770>, 'url': 'https://172.25.45.103:443/ConfigurationManager/v1/objects/storages/A34000810045/sessions/8898', 'kwargs': {'no_retry': True, 'no_log': True}, 'params': None}" [00;33m{{(pid=3570158) trace_logging_wrapper /opt/stack/cinder/cinder/volume/volume_utils.py:1499}}[00m
2026-10-07 05:56:03.795 3570158 DEBUG cinder.volume.drivers.hitachi.hbsd_rest_api [-] <== _get_object: return (68ms) {'token': '***', 'sessionId': 8898} [00;33m{{(pid=3570158) trace_logging_wrapper /opt/stack/cinder/cinder/volume/volume_utils.py:1524}}[00m
2026-10-07 05:57:33.246 3570158 DEBUG dbcounter [-] [3570158] Writing DB stats cinder:SELECT=1 [00;33m{{(pid=3570158) stat_writer /opt/stack/data/venv/lib/python3.12/site-packages/dbcounter.py:115}}[00m
2026-10-07 05:57:33.250 3570158 DEBUG dbcounter [-] [3570158] Writing DB stats cinder:UPDATE=1 [00;33m{{(pid=3570158) stat_writer /opt/stack/data/venv/lib/python3.12/site-packages/dbcounter.py:115}}[00m
2026-10-07 05:58:59.956 3570062 INFO oslo_service.backend._eventlet.service [req-98185e51-0918-4122-a0b5-3362accc1d54 - - - - - -] Caught SIGTERM, stopping children
2026-10-07 05:58:59.957 3570062 DEBUG oslo_concurrency.lockutils [req-98185e51-0918-4122-a0b5-3362accc1d54 - - - - - -] Acquiring lock "singleton_lock" [00;33m{{(pid=3570062) lock /opt/stack/data/venv/lib/python3.12/site-packages/oslo_concurrency/lockutils.py:396}}[00m
2026-10-07 05:58:59.957 3570062 DEBUG oslo_concurrency.lockutils [req-98185e51-0918-4122-a0b5-3362accc1d54 - - - - - -] Acquired lock "singleton_lock" [00;33m{{(pid=3570062) lock /opt/stack/data/venv/lib/python3.12/site-packages/oslo_concurrency/lockutils.py:399}}[00m
2026-10-07 05:58:59.957 3570062 DEBUG oslo_concurrency.lockutils [req-98185e51-0918-4122-a0b5-3362accc1d54 - - - - - -] Releasing lock "singleton_lock" [00;33m{{(pid=3570062) lock /opt/stack/data/venv/lib/python3.12/site-packages/oslo_concurrency/lockutils.py:419}}[00m
2026-10-07 05:58:59.957 3570062 DEBUG oslo_service.backend._eventlet.service [req-98185e51-0918-4122-a0b5-3362accc1d54 - - - - - -] Stop services. [00;33m{{(pid=3570062) stop /opt/stack/data/venv/lib/python3.12/site-packages/oslo_service/backend/_eventlet/service.py:611}}[00m
2026-10-07 05:58:59.957 3570062 DEBUG oslo_service.backend._eventlet.service [req-98185e51-0918-4122-a0b5-3362accc1d54 - - - - - -] Killing children. [00;33m{{(pid=3570062) stop /opt/stack/data/venv/lib/python3.12/site-packages/oslo_service/backend/_eventlet/service.py:616}}[00m
2026-10-07 05:58:59.957 3570062 INFO oslo_service.backend._eventlet.service [req-98185e51-0918-4122-a0b5-3362accc1d54 - - - - - -] Waiting on 1 children to exit
2026-10-07 05:59:03.727 3570158 DEBUG cinder.volume.drivers.hitachi.hbsd_rest_api [-] _keep_session thread is started [00;33m{{(pid=3570158) _keep_session /opt/stack/cinder/cinder/volume/drivers/hitachi/hbsd_rest_api.py:611}}[00m
2026-10-07 05:59:03.728 3570158 DEBUG cinder.volume.drivers.hitachi.hbsd_rest_api [-] ==> _get_object: call "{'self': <cinder.volume.drivers.hitachi.hbsd_rest_api.RestApiClient object at 0x743929f40770>, 'url': 'https://172.25.45.103:443/ConfigurationManager/v1/objects/storages/A34000810045/sessions/8898', 'kwargs': {'no_retry': True, 'no_log': True}, 'params': None}" [00;33m{{(pid=3570158) trace_logging_wrapper /opt/stack/cinder/cinder/volume/volume_utils.py:1499}}[00m
2026-10-07 05:59:03.928 3570158 DEBUG cinder.volume.drivers.hitachi.hbsd_rest_api [-] <== _get_object: return (200ms) {'token': '***', 'sessionId': 8898} [00;33m{{(pid=3570158) trace_logging_wrapper /opt/stack/cinder/cinder/volume/volume_utils.py:1524}}[00m
2026-10-07 05:59:04.325 3570158 DEBUG oslo_concurrency.lockutils [req-98185e51-0918-4122-a0b5-3362accc1d54 - - - - - -] Acquiring lock "singleton_lock" [00;33m{{(pid=3570158) lock /opt/stack/data/venv/lib/python3.12/site-packages/oslo_concurrency/lockutils.py:396}}[00m
2026-10-07 05:59:04.325 3570158 DEBUG oslo_concurrency.lockutils [req-98185e51-0918-4122-a0b5-3362accc1d54 - - - - - -] Acquired lock "singleton_lock" [00;33m{{(pid=3570158) lock /opt/stack/data/venv/lib/python3.12/site-packages/oslo_concurrency/lockutils.py:399}}[00m
2026-10-07 05:59:04.326 3570158 DEBUG oslo_concurrency.lockutils [req-98185e51-0918-4122-a0b5-3362accc1d54 - - - - - -] Releasing lock "singleton_lock" [00;33m{{(pid=3570158) lock /opt/stack/data/venv/lib/python3.12/site-packages/oslo_concurrency/lockutils.py:419}}[00m
2026-10-07 05:59:04.332 3570158 WARNING amqp [req-98185e51-0918-4122-a0b5-3362accc1d54 - - - - - -] Received method (60, 30) during closing channel 1. This method will be ignored
2026-10-07 05:59:04.336 3570158 WARNING amqp [req-98185e51-0918-4122-a0b5-3362accc1d54 - - - - - -] Received method (60, 30) during closing channel 1. This method will be ignored
2026-10-07 05:59:04.351 3570062 INFO oslo_service.backend._eventlet.service [req-98185e51-0918-4122-a0b5-3362accc1d54 - - - - - -] Child 3570158 exited with status 0
2026-10-07 05:59:05.264 3647173 DEBUG oslo_concurrency.lockutils [-] Acquiring lock "singleton_lock" [00;33m{{(pid=3647173) lock /opt/stack/data/venv/lib/python3.12/site-packages/oslo_concurrency/lockutils.py:396}}[00m
2026-10-07 05:59:05.265 3647173 DEBUG oslo_concurrency.lockutils [-] Acquired lock "singleton_lock" [00;33m{{(pid=3647173) lock /opt/stack/data/venv/lib/python3.12/site-packages/oslo_concurrency/lockutils.py:399}}[00m
2026-10-07 05:59:05.265 3647173 DEBUG oslo_concurrency.lockutils [-] Releasing lock "singleton_lock" [00;33m{{(pid=3647173) lock /opt/stack/data/venv/lib/python3.12/site-packages/oslo_concurrency/lockutils.py:419}}[00m
2026-10-07 05:59:05.463 3647173 INFO dbcounter [req-5b1ae049-5d65-461a-a8ef-bb7bc450de34 - - - - - -] Registered counter for database cinder
2026-10-07 05:59:05.493 3647173 DEBUG oslo_db.sqlalchemy.engines [req-5b1ae049-5d65-461a-a8ef-bb7bc450de34 - - - - - -] MySQL server mode set to STRICT_TRANS_TABLES,STRICT_ALL_TABLES,NO_ZERO_IN_DATE,NO_ZERO_DATE,ERROR_FOR_DIVISION_BY_ZERO,TRADITIONAL,NO_ENGINE_SUBSTITUTION [00;33m{{(pid=3647173) _check_effective_sql_mode /opt/stack/data/venv/lib/python3.12/site-packages/oslo_db/sqlalchemy/engines.py:325}}[00m
2026-10-07 05:59:05.616 3647173 DEBUG dbcounter [-] [3647173] Writer thread running [00;33m{{(pid=3647173) stat_writer /opt/stack/data/venv/lib/python3.12/site-packages/dbcounter.py:102}}[00m
2026-10-07 05:59:05.620 3647173 INFO cinder.rpc [req-5b1ae049-5d65-461a-a8ef-bb7bc450de34 - - - - - -] Automatically selected cinder-scheduler objects version 1.39 as minimum service version.
2026-10-07 05:59:05.623 3647173 INFO cinder.rpc [req-5b1ae049-5d65-461a-a8ef-bb7bc450de34 - - - - - -] Automatically selected cinder-scheduler RPC version 3.12 as minimum service version.
2026-10-07 05:59:05.648 3647173 DEBUG oslo_db.sqlalchemy.engines [req-5b1ae049-5d65-461a-a8ef-bb7bc450de34 - - - - - -] MySQL server mode set to STRICT_TRANS_TABLES,STRICT_ALL_TABLES,NO_ZERO_IN_DATE,NO_ZERO_DATE,ERROR_FOR_DIVISION_BY_ZERO,TRADITIONAL,NO_ENGINE_SUBSTITUTION [00;33m{{(pid=3647173) _check_effective_sql_mode /opt/stack/data/venv/lib/python3.12/site-packages/oslo_db/sqlalchemy/engines.py:325}}[00m
2026-10-07 05:59:05.666 3647173 INFO cinder.volume.manager [req-5b1ae049-5d65-461a-a8ef-bb7bc450de34 - - - - - -] Determined volume DB was empty at startup.
2026-10-07 05:59:05.666 3647173 DEBUG cinder.volume.manager [req-5b1ae049-5d65-461a-a8ef-bb7bc450de34 - - - - - -] Cinder Volume DB check: vol_db_empty=True [00;33m{{(pid=3647173) __init__ /opt/stack/cinder/cinder/volume/manager.py:306}}[00m
2026-10-07 05:59:05.671 3647173 WARNING cinder.volume.manager [req-5b1ae049-5d65-461a-a8ef-bb7bc450de34 - - - - - -] Suppressing requests library SSL Warnings
2026-10-07 05:59:05.671 3647173 WARNING stevedore.named [req-5b1ae049-5d65-461a-a8ef-bb7bc450de34 - - - - - -] Could not load cinder.keymgr.conf_key_mgr.ConfKeyManager
2026-10-07 05:59:05.671 3647173 WARNING castellan.key_manager [req-5b1ae049-5d65-461a-a8ef-bb7bc450de34 - - - - - -] Deprecation Warning : cinder.keymgr.conf_key_mgr.ConfKeyManager is not a stevedore based driver, trying to load it as a class: stevedore.exception.NoMatches: No 'castellan.drivers' driver found, looking for 'cinder.keymgr.conf_key_mgr.ConfKeyManager'
2026-10-07 05:59:05.672 3647173 WARNING cinder.keymgr.conf_key_mgr [req-5b1ae049-5d65-461a-a8ef-bb7bc450de34 - - - - - -] This key manager is insecure and is not recommended for production deployments: stevedore.exception.NoMatches: No 'castellan.drivers' driver found, looking for 'cinder.keymgr.conf_key_mgr.ConfKeyManager'
2026-10-07 05:59:05.717 3647173 INFO cinder.volume.drivers.hitachi.hbsd_utils [req-5b1ae049-5d65-461a-a8ef-bb7bc450de34 - - - - - -] MSGID0004-I: Initialization of HBSDISCSIDriver 2.7.2 started.
2026-10-07 05:59:05.719 3647173 INFO cinder.volume.manager [req-5b1ae049-5d65-461a-a8ef-bb7bc450de34 - - - - - -] Image-volume cache disabled for host devstack-92-210@hitachi.
2026-10-07 05:59:05.742 3647173 DEBUG oslo_db.sqlalchemy.engines [req-5b1ae049-5d65-461a-a8ef-bb7bc450de34 - - - - - -] MySQL server mode set to STRICT_TRANS_TABLES,STRICT_ALL_TABLES,NO_ZERO_IN_DATE,NO_ZERO_DATE,ERROR_FOR_DIVISION_BY_ZERO,TRADITIONAL,NO_ENGINE_SUBSTITUTION [00;33m{{(pid=3647173) _check_effective_sql_mode /opt/stack/data/venv/lib/python3.12/site-packages/oslo_db/sqlalchemy/engines.py:325}}[00m
2026-10-07 05:59:05.751 3647173 INFO oslo_service.backend._eventlet.service [req-5b1ae049-5d65-461a-a8ef-bb7bc450de34 - - - - - -] Starting 1 workers
2026-10-07 05:59:05.756 3647173 DEBUG oslo_service.backend._eventlet.service [req-5b1ae049-5d65-461a-a8ef-bb7bc450de34 - - - - - -] Started child 3647184 [00;33m{{(pid=3647173) _start_child /opt/stack/data/venv/lib/python3.12/site-packages/oslo_service/backend/_eventlet/service.py:491}}[00m
2026-10-07 05:59:05.757 3647173 DEBUG oslo_service.backend._eventlet.service [req-5b1ae049-5d65-461a-a8ef-bb7bc450de34 - - - - - -] Full set of CONF: [00;33m{{(pid=3647173) wait /opt/stack/data/venv/lib/python3.12/site-packages/oslo_service/backend/_eventlet/service.py:565}}[00m
2026-10-07 05:59:05.758 3647173 DEBUG oslo_service.backend._eventlet.service [req-5b1ae049-5d65-461a-a8ef-bb7bc450de34 - - - - - -] ******************************************************************************** [00;33m{{(pid=3647173) log_opt_values /opt/stack/data/venv/lib/python3.12/site-packages/oslo_config/cfg.py:3533}}[00m
2026-10-07 05:59:05.758 3647173 DEBUG oslo_service.backend._eventlet.service [req-5b1ae049-5d65-461a-a8ef-bb7bc450de34 - - - - - -] Configuration options gathered from: [00;33m{{(pid=3647173) log_opt_values /opt/stack/data/venv/lib/python3.12/site-packages/oslo_config/cfg.py:3534}}[00m
2026-10-07 05:59:05.758 3647173 DEBUG oslo_service.backend._eventlet.service [req-5b1ae049-5d65-461a-a8ef-bb7bc450de34 - - - - - -] command line args: ['--config-file', '/etc/cinder/cinder.conf'] [00;33m{{(pid=3647173) log_opt_values /opt/stack/data/venv/lib/python3.12/site-packages/oslo_config/cfg.py:3535}}[00m
2026-10-07 05:59:05.758 3647173 DEBUG oslo_service.backend._eventlet.service [req-5b1ae049-5d65-461a-a8ef-bb7bc450de34 - - - - - -] config files: ['/etc/cinder/cinder.conf'] [00;33m{{(pid=3647173) log_opt_values /opt/stack/data/venv/lib/python3.12/site-packages/oslo_config/cfg.py:3536}}[00m
2026-10-07 05:59:05.758 3647173 DEBUG oslo_service.backend._eventlet.service [req-5b1ae049-5d65-461a-a8ef-bb7bc450de34 - - - - - -] ================================================================================ [00;33m{{(pid=3647173) log_opt_values /opt/stack/data/venv/lib/python3.12/site-packages/oslo_config/cfg.py:3541}}[00m
2026-10-07 05:59:05.758 3647173 DEBUG oslo_service.backend._eventlet.service [req-5b1ae049-5d65-461a-a8ef-bb7bc450de34 - - - - - -] allow_availability_zone_fallback = False [00;33m{{(pid=3647173) log_opt_values /opt/stack/data/venv/lib/python3.12/site-packages/oslo_config/cfg.py:3549}}[00m
2026-10-07 05:59:05.758 3647173 DEBUG oslo_service.backend._eventlet.service [req-5b1ae049-5d65-461a-a8ef-bb7bc450de34 - - - - - -] allow_compression_on_image_upload = False [00;33m{{(pid=3647173) log_opt_values /opt/stack/data/venv/lib/python3.12/site-packages/oslo_config/cfg.py:3549}}[00m
2026-10-07 05:59:05.758 3647173 DEBUG oslo_service.backend._eventlet.service [req-5b1ae049-5d65-461a-a8ef-bb7bc450de34 - - - - - -] allowed_direct_url_schemes     = [] [00;33m{{(pid=3647173) log_opt_values /opt/stack/data/venv/lib/python3.12/site-packages/oslo_config/cfg.py:3549}}[00m
2026-10-07 05:59:05.758 3647173 DEBUG oslo_service.backend._eventlet.service [req-5b1ae049-5d65-461a-a8ef-bb7bc450de34 - - - - - -] api_rate_limit                 = True [00;33m{{(pid=3647173) log_opt_values /opt/stack/data/venv/lib/python3.12/site-packages/oslo_config/cfg.py:3549}}[00m
2026-10-07 05:59:05.759 3647173 DEBUG oslo_service.backend._eventlet.service [req-5b1ae049-5d65-461a-a8ef-bb7bc450de34 - - - - - -] auth_strategy                  = keystone [00;33m{{(pid=3647173) log_opt_values /opt/stack/data/venv/lib/python3.12/site-packages/oslo_config/cfg.py:3549}}[00m
2026-10-07 05:59:05.759 3647173 DEBUG oslo_service.backend._eventlet.service [req-5b1ae049-5d65-461a-a8ef-bb7bc450de34 - - - - - -] backend_availability_zone      = None [00;33m{{(pid=3647173) log_opt_values /opt/stack/data/venv/lib/python3.12/site-packages/oslo_config/cfg.py:3549}}[00m
2026-10-07 05:59:05.759 3647173 DEBUG oslo_service.backend._eventlet.service [req-5b1ae049-5d65-461a-a8ef-bb7bc450de34 - - - - - -] backend_host                   = None [00;33m{{(pid=3647173) log_opt_values /opt/stack/data/venv/lib/python3.12/site-packages/oslo_config/cfg.py:3549}}[00m
2026-10-07 05:59:05.759 3647173 DEBUG oslo_service.backend._eventlet.service [req-5b1ae049-5d65-461a-a8ef-bb7bc450de34 - - - - - -] backend_name                   = None [00;33m{{(pid=3647173) log_opt_values /opt/stack/data/venv/lib/python3.12/site-packages/oslo_config/cfg.py:3549}}[00m
2026-10-07 05:59:05.759 3647173 DEBUG oslo_service.backend._eventlet.service [req-5b1ae049-5d65-461a-a8ef-bb7bc450de34 - - - - - -] backend_stats_polling_interval = 60 [00;33m{{(pid=3647173) log_opt_values /opt/stack/data/venv/lib/python3.12/site-packages/oslo_config/cfg.py:3549}}[00m
2026-10-07 05:59:05.759 3647173 DEBUG oslo_service.backend._eventlet.service [req-5b1ae049-5d65-461a-a8ef-bb7bc450de34 - - - - - -] backup_api_class               = cinder.backup.api.API [00;33m{{(pid=3647173) log_opt_values /opt/stack/data/venv/lib/python3.12/site-packages/oslo_config/cfg.py:3549}}[00m
2026-10-07 05:59:05.759 3647173 DEBUG oslo_service.backend._eventlet.service [req-5b1ae049-5d65-461a-a8ef-bb7bc450de34 - - - - - -] backup_manager                 = cinder.backup.manager.BackupManager [00;33m{{(pid=3647173) log_opt_values /opt/stack/data/venv/lib/python3.12/site-packages/oslo_config/cfg.py:3549}}[00m
2026-10-07 05:59:05.759 3647173 DEBUG oslo_service.backend._eventlet.service [req-5b1ae049-5d65-461a-a8ef-bb7bc450de34 - - - - - -] backup_name_template           = backup-%s [00;33m{{(pid=3647173) log_opt_values /opt/stack/data/venv/lib/python3.12/site-packages/oslo_config/cfg.py:3549}}[00m
2026-10-07 05:59:05.759 3647173 DEBUG oslo_service.backend._eventlet.service [req-5b1ae049-5d65-461a-a8ef-bb7bc450de34 - - - - - -] backup_use_same_host           = False [00;33m{{(pid=3647173) log_opt_values /opt/stack/data/venv/lib/python3.12/site-packages/oslo_config/cfg.py:3549}}[00m
2026-10-07 05:59:05.759 3647173 DEBUG oslo_service.backend._eventlet.service [req-5b1ae049-5d65-461a-a8ef-bb7bc450de34 - - - - - -] backup_use_temp_snapshot       = False [00;33m{{(pid=3647173) log_opt_values /opt/stack/data/venv/lib/python3.12/site-packages/oslo_config/cfg.py:3549}}[00m
2026-10-07 05:59:05.760 3647173 DEBUG oslo_service.backend._eventlet.service [req-5b1ae049-5d65-461a-a8ef-bb7bc450de34 - - - - - -] chap_password                  = **** [00;33m{{(pid=3647173) log_opt_values /opt/stack/data/venv/lib/python3.12/site-packages/oslo_config/cfg.py:3549}}[00m
2026-10-07 05:59:05.760 3647173 DEBUG oslo_service.backend._eventlet.service [req-5b1ae049-5d65-461a-a8ef-bb7bc450de34 - - - - - -] chap_username                  =  [00;33m{{(pid=3647173) log_opt_values /opt/stack/data/venv/lib/python3.12/site-packages/oslo_config/cfg.py:3549}}[00m
2026-10-07 05:59:05.760 3647173 DEBUG oslo_service.backend._eventlet.service [req-5b1ae049-5d65-461a-a8ef-bb7bc450de34 - - - - - -] chiscsi_conf                   = /etc/chelsio-iscsi/chiscsi.conf [00;33m{{(pid=3647173) log_opt_values /opt/stack/data/venv/lib/python3.12/site-packages/oslo_config/cfg.py:3549}}[00m
2026-10-07 05:59:05.760 3647173 DEBUG oslo_service.backend._eventlet.service [req-5b1ae049-5d65-461a-a8ef-bb7bc450de34 - - - - - -] cinder_internal_tenant_project_id = 52c58b5c5e6e41d5955ff04de4c7dedd [00;33m{{(pid=3647173) log_opt_values /opt/stack/data/venv/lib/python3.12/site-packages/oslo_config/cfg.py:3549}}[00m
2026-10-07 05:59:05.760 3647173 DEBUG oslo_service.backend._eventlet.service [req-5b1ae049-5d65-461a-a8ef-bb7bc450de34 - - - - - -] cinder_internal_tenant_user_id = d6cc08e8fc1f478d899bfd75892fde9a [00;33m{{(pid=3647173) log_opt_values /opt/stack/data/venv/lib/python3.12/site-packages/oslo_config/cfg.py:3549}}[00m
2026-10-07 05:59:05.760 3647173 DEBUG oslo_service.backend._eventlet.service [req-5b1ae049-5d65-461a-a8ef-bb7bc450de34 - - - - - -] cluster                        = None [00;33m{{(pid=3647173) log_opt_values /opt/stack/data/venv/lib/python3.12/site-packages/oslo_config/cfg.py:3549}}[00m
2026-10-07 05:59:05.760 3647173 DEBUG oslo_service.backend._eventlet.service [req-5b1ae049-5d65-461a-a8ef-bb7bc450de34 - - - - - -] compression_format             = gzip [00;33m{{(pid=3647173) log_opt_values /opt/stack/data/venv/lib/python3.12/site-packages/oslo_config/cfg.py:3549}}[00m
2026-10-07 05:59:05.760 3647173 DEBUG oslo_service.backend._eventlet.service [req-5b1ae049-5d65-461a-a8ef-bb7bc450de34 - - - - - -] compute_api_class              = cinder.compute.nova.API [00;33m{{(pid=3647173) log_opt_values /opt/stack/data/venv/lib/python3.12/site-packages/oslo_config/cfg.py:3549}}[00m
2026-10-07 05:59:05.760 3647173 DEBUG oslo_service.backend._eventlet.service [req-5b1ae049-5d65-461a-a8ef-bb7bc450de34 - - - - - -] config_dir                     = [] [00;33m{{(pid=3647173) log_opt_values /opt/stack/data/venv/lib/python3.12/site-packages/oslo_config/cfg.py:3549}}[00m
2026-10-07 05:59:05.760 3647173 DEBUG oslo_service.backend._eventlet.service [req-5b1ae049-5d65-461a-a8ef-bb7bc450de34 - - - - - -] config_file                    = ['/etc/cinder/cinder.conf'] [00;33m{{(pid=3647173) log_opt_values /opt/stack/data/venv/lib/python3.12/site-packages/oslo_config/cfg.py:3549}}[00m
2026-10-07 05:59:05.760 3647173 DEBUG oslo_service.backend._eventlet.service [req-5b1ae049-5d65-461a-a8ef-bb7bc450de34 - - - - - -] config_source                  = [] [00;33m{{(pid=3647173) log_opt_values /opt/stack/data/venv/lib/python3.12/site-packages/oslo_config/cfg.py:3549}}[00m
2026-10-07 05:59:05.761 3647173 DEBUG oslo_service.backend._eventlet.service [req-5b1ae049-5d65-461a-a8ef-bb7bc450de34 - - - - - -] consistencygroup_api_class     = cinder.consistencygroup.api.API [00;33m{{(pid=3647173) log_opt_values /opt/stack/data/venv/lib/python3.12/site-packages/oslo_config/cfg.py:3549}}[00m
2026-10-07 05:59:05.761 3647173 DEBUG oslo_service.backend._eventlet.service [req-5b1ae049-5d65-461a-a8ef-bb7bc450de34 - - - - - -] control_exchange               = openstack [00;33m{{(pid=3647173) log_opt_values /opt/stack/data/venv/lib/python3.12/site-packages/oslo_config/cfg.py:3549}}[00m
2026-10-07 05:59:05.761 3647173 DEBUG oslo_service.backend._eventlet.service [req-5b1ae049-5d65-461a-a8ef-bb7bc450de34 - - - - - -] debug                          = True [00;33m{{(pid=3647173) log_opt_values /opt/stack/data/venv/lib/python3.12/site-packages/oslo_config/cfg.py:3549}}[00m
2026-10-07 05:59:05.761 3647173 DEBUG oslo_service.backend._eventlet.service [req-5b1ae049-5d65-461a-a8ef-bb7bc450de34 - - - - - -] default_availability_zone      = None [00;33m{{(pid=3647173) log_opt_values /opt/stack/data/venv/lib/python3.12/site-packages/oslo_config/cfg.py:3549}}[00m
2026-10-07 05:59:05.761 3647184 INFO cinder.service [-] Starting cinder-volume node (version 29.1.0)
2026-10-07 05:59:05.761 3647173 DEBUG oslo_service.backend._eventlet.service [req-5b1ae049-5d65-461a-a8ef-bb7bc450de34 - - - - - -] default_group_type             = None [00;33m{{(pid=3647173) log_opt_values /opt/stack/data/venv/lib/python3.12/site-packages/oslo_config/cfg.py:3549}}[00m
2026-10-07 05:59:05.763 3647173 DEBUG oslo_service.backend._eventlet.service [req-5b1ae049-5d65-461a-a8ef-bb7bc450de34 - - - - - -] default_log_levels             = ['amqp=WARN', 'boto=WARN', 'sqlalchemy=WARN', 'suds=INFO', 'oslo.messaging=INFO', 'oslo_messaging=INFO', 'iso8601=WARN', 'requests.packages.urllib3.connectionpool=WARN', 'urllib3.connectionpool=WARN', 'websocket=WARN', 'requests.packages.urllib3.util.retry=WARN', 'urllib3.util.retry=WARN', 'keystonemiddleware=WARN', 'routes.middleware=WARN', 'stevedore=WARN', 'taskflow=WARN', 'keystoneauth=WARN', 'oslo.cache=INFO', 'oslo_policy=INFO', 'dogpile.core.dogpile=INFO'] [00;33m{{(pid=3647173) log_opt_values /opt/stack/data/venv/lib/python3.12/site-packages/oslo_config/cfg.py:3549}}[00m
2026-10-07 05:59:05.763 3647173 DEBUG oslo_service.backend._eventlet.service [req-5b1ae049-5d65-461a-a8ef-bb7bc450de34 - - - - - -] default_volume_type            = hitachi [00;33m{{(pid=3647173) log_opt_values /opt/stack/data/venv/lib/python3.12/site-packages/oslo_config/cfg.py:3549}}[00m
2026-10-07 05:59:05.763 3647173 DEBUG oslo_service.backend._eventlet.service [req-5b1ae049-5d65-461a-a8ef-bb7bc450de34 - - - - - -] disk_geometry                  = None [00;33m{{(pid=3647173) log_opt_values /opt/stack/data/venv/lib/python3.12/site-packages/oslo_config/cfg.py:3549}}[00m
2026-10-07 05:59:05.763 3647173 DEBUG oslo_service.backend._eventlet.service [req-5b1ae049-5d65-461a-a8ef-bb7bc450de34 - - - - - -] driver_client_cert             = None [00;33m{{(pid=3647173) log_opt_values /opt/stack/data/venv/lib/python3.12/site-packages/oslo_config/cfg.py:3549}}[00m
2026-10-07 05:59:05.763 3647173 DEBUG oslo_service.backend._eventlet.service [req-5b1ae049-5d65-461a-a8ef-bb7bc450de34 - - - - - -] driver_client_cert_key         = None [00;33m{{(pid=3647173) log_opt_values /opt/stack/data/venv/lib/python3.12/site-packages/oslo_config/cfg.py:3549}}[00m
2026-10-07 05:59:05.764 3647173 DEBUG oslo_service.backend._eventlet.service [req-5b1ae049-5d65-461a-a8ef-bb7bc450de34 - - - - - -] driver_data_namespace          = None [00;33m{{(pid=3647173) log_opt_values /opt/stack/data/venv/lib/python3.12/site-packages/oslo_config/cfg.py:3549}}[00m
2026-10-07 05:59:05.764 3647173 DEBUG oslo_service.backend._eventlet.service [req-5b1ae049-5d65-461a-a8ef-bb7bc450de34 - - - - - -] driver_ssl_cert_path           = None [00;33m{{(pid=3647173) log_opt_values /opt/stack/data/venv/lib/python3.12/site-packages/oslo_config/cfg.py:3549}}[00m
2026-10-07 05:59:05.764 3647173 DEBUG oslo_service.backend._eventlet.service [req-5b1ae049-5d65-461a-a8ef-bb7bc450de34 - - - - - -] driver_ssl_cert_verify         = False [00;33m{{(pid=3647173) log_opt_values /opt/stack/data/venv/lib/python3.12/site-packages/oslo_config/cfg.py:3549}}[00m
2026-10-07 05:59:05.764 3647173 DEBUG oslo_service.backend._eventlet.service [req-5b1ae049-5d65-461a-a8ef-bb7bc450de34 - - - - - -] driver_use_ssl                 = False [00;33m{{(pid=3647173) log_opt_values /opt/stack/data/venv/lib/python3.12/site-packages/oslo_config/cfg.py:3549}}[00m
2026-10-07 05:59:05.764 3647173 DEBUG oslo_service.backend._eventlet.service [req-5b1ae049-5d65-461a-a8ef-bb7bc450de34 - - - - - -] enable_new_services            = True [00;33m{{(pid=3647173) log_opt_values /opt/stack/data/venv/lib/python3.12/site-packages/oslo_config/cfg.py:3549}}[00m
2026-10-07 05:59:05.764 3647173 DEBUG oslo_service.backend._eventlet.service [req-5b1ae049-5d65-461a-a8ef-bb7bc450de34 - - - - - -] enable_unsupported_driver      = False [00;33m{{(pid=3647173) log_opt_values /opt/stack/data/venv/lib/python3.12/site-packages/oslo_config/cfg.py:3549}}[00m
2026-10-07 05:59:05.764 3647173 DEBUG oslo_service.backend._eventlet.service [req-5b1ae049-5d65-461a-a8ef-bb7bc450de34 - - - - - -] enabled_backends               = ['hitachi'] [00;33m{{(pid=3647173) log_opt_values /opt/stack/data/venv/lib/python3.12/site-packages/oslo_config/cfg.py:3549}}[00m
2026-10-07 05:59:05.765 3647173 DEBUG oslo_service.backend._eventlet.service [req-5b1ae049-5d65-461a-a8ef-bb7bc450de34 - - - - - -] enforce_multipath_for_image_xfer = False [00;33m{{(pid=3647173) log_opt_values /opt/stack/data/venv/lib/python3.12/site-packages/oslo_config/cfg.py:3549}}[00m
2026-10-07 05:59:05.765 3647173 DEBUG oslo_service.backend._eventlet.service [req-5b1ae049-5d65-461a-a8ef-bb7bc450de34 - - - - - -] filter_function                = None [00;33m{{(pid=3647173) log_opt_values /opt/stack/data/venv/lib/python3.12/site-packages/oslo_config/cfg.py:3549}}[00m
2026-10-07 05:59:05.765 3647173 DEBUG oslo_service.backend._eventlet.service [req-5b1ae049-5d65-461a-a8ef-bb7bc450de34 - - - - - -] glance_api_insecure            = False [00;33m{{(pid=3647173) log_opt_values /opt/stack/data/venv/lib/python3.12/site-packages/oslo_config/cfg.py:3549}}[00m
2026-10-07 05:59:05.765 3647173 DEBUG oslo_service.backend._eventlet.service [req-5b1ae049-5d65-461a-a8ef-bb7bc450de34 - - - - - -] glance_api_servers             = ['http://172.25.92.210/image'] [00;33m{{(pid=3647173) log_opt_values /opt/stack/data/venv/lib/python3.12/site-packages/oslo_config/cfg.py:3549}}[00m
2026-10-07 05:59:05.765 3647173 DEBUG oslo_service.backend._eventlet.service [req-5b1ae049-5d65-461a-a8ef-bb7bc450de34 - - - - - -] glance_api_ssl_compression     = False [00;33m{{(pid=3647173) log_opt_values /opt/stack/data/venv/lib/python3.12/site-packages/oslo_config/cfg.py:3549}}[00m
2026-10-07 05:59:05.765 3647173 DEBUG oslo_service.backend._eventlet.service [req-5b1ae049-5d65-461a-a8ef-bb7bc450de34 - - - - - -] glance_ca_certificates_file    = None [00;33m{{(pid=3647173) log_opt_values /opt/stack/data/venv/lib/python3.12/site-packages/oslo_config/cfg.py:3549}}[00m
2026-10-07 05:59:05.765 3647173 DEBUG oslo_service.backend._eventlet.service [req-5b1ae049-5d65-461a-a8ef-bb7bc450de34 - - - - - -] glance_catalog_info            = image:glance:publicURL [00;33m{{(pid=3647173) log_opt_values /opt/stack/data/venv/lib/python3.12/site-packages/oslo_config/cfg.py:3549}}[00m
2026-10-07 05:59:05.765 3647173 DEBUG oslo_service.backend._eventlet.service [req-5b1ae049-5d65-461a-a8ef-bb7bc450de34 - - - - - -] glance_certfile                = None [00;33m{{(pid=3647173) log_opt_values /opt/stack/data/venv/lib/python3.12/site-packages/oslo_config/cfg.py:3549}}[00m
2026-10-07 05:59:05.765 3647173 DEBUG oslo_service.backend._eventlet.service [req-5b1ae049-5d65-461a-a8ef-bb7bc450de34 - - - - - -] glance_core_properties         = ['checksum', 'container_format', 'disk_format', 'image_name', 'image_id', 'min_disk', 'min_ram', 'name', 'size'] [00;33m{{(pid=3647173) log_opt_values /opt/stack/data/venv/lib/python3.12/site-packages/oslo_config/cfg.py:3549}}[00m
2026-10-07 05:59:05.765 3647173 DEBUG oslo_service.backend._eventlet.service [req-5b1ae049-5d65-461a-a8ef-bb7bc450de34 - - - - - -] glance_keyfile                 = None [00;33m{{(pid=3647173) log_opt_values /opt/stack/data/venv/lib/python3.12/site-packages/oslo_config/cfg.py:3549}}[00m
2026-10-07 05:59:05.765 3647173 DEBUG oslo_service.backend._eventlet.service [req-5b1ae049-5d65-461a-a8ef-bb7bc450de34 - - - - - -] glance_num_retries             = 3 [00;33m{{(pid=3647173) log_opt_values /opt/stack/data/venv/lib/python3.12/site-packages/oslo_config/cfg.py:3549}}[00m
2026-10-07 05:59:05.766 3647173 DEBUG oslo_service.backend._eventlet.service [req-5b1ae049-5d65-461a-a8ef-bb7bc450de34 - - - - - -] glance_request_timeout         = None [00;33m{{(pid=3647173) log_opt_values /opt/stack/data/venv/lib/python3.12/site-packages/oslo_config/cfg.py:3549}}[00m
2026-10-07 05:59:05.766 3647173 DEBUG oslo_service.backend._eventlet.service [req-5b1ae049-5d65-461a-a8ef-bb7bc450de34 - - - - - -] goodness_function              = None [00;33m{{(pid=3647173) log_opt_values /opt/stack/data/venv/lib/python3.12/site-packages/oslo_config/cfg.py:3549}}[00m
2026-10-07 05:59:05.766 3647173 DEBUG oslo_service.backend._eventlet.service [req-5b1ae049-5d65-461a-a8ef-bb7bc450de34 - - - - - -] graceful_shutdown_timeout      = 5 [00;33m{{(pid=3647173) log_opt_values /opt/stack/data/venv/lib/python3.12/site-packages/oslo_config/cfg.py:3549}}[00m
2026-10-07 05:59:05.766 3647173 DEBUG oslo_service.backend._eventlet.service [req-5b1ae049-5d65-461a-a8ef-bb7bc450de34 - - - - - -] group_api_class                = cinder.group.api.API [00;33m{{(pid=3647173) log_opt_values /opt/stack/data/venv/lib/python3.12/site-packages/oslo_config/cfg.py:3549}}[00m
2026-10-07 05:59:05.766 3647173 DEBUG oslo_service.backend._eventlet.service [req-5b1ae049-5d65-461a-a8ef-bb7bc450de34 - - - - - -] hitachi_mirror_auth_password   = **** [00;33m{{(pid=3647173) log_opt_values /opt/stack/data/venv/lib/python3.12/site-packages/oslo_config/cfg.py:3549}}[00m
2026-10-07 05:59:05.766 3647173 DEBUG oslo_service.backend._eventlet.service [req-5b1ae049-5d65-461a-a8ef-bb7bc450de34 - - - - - -] hitachi_mirror_auth_user       = None [00;33m{{(pid=3647173) log_opt_values /opt/stack/data/venv/lib/python3.12/site-packages/oslo_config/cfg.py:3549}}[00m
2026-10-07 05:59:05.766 3647173 DEBUG oslo_service.backend._eventlet.service [req-5b1ae049-5d65-461a-a8ef-bb7bc450de34 - - - - - -] hitachi_mirror_compute_target_ports = [] [00;33m{{(pid=3647173) log_opt_values /opt/stack/data/venv/lib/python3.12/site-packages/oslo_config/cfg.py:3549}}[00m
2026-10-07 05:59:05.766 3647173 DEBUG oslo_service.backend._eventlet.service [req-5b1ae049-5d65-461a-a8ef-bb7bc450de34 - - - - - -] hitachi_mirror_ldev_range      = None [00;33m{{(pid=3647173) log_opt_values /opt/stack/data/venv/lib/python3.12/site-packages/oslo_config/cfg.py:3549}}[00m
2026-10-07 05:59:05.766 3647173 DEBUG oslo_service.backend._eventlet.service [req-5b1ae049-5d65-461a-a8ef-bb7bc450de34 - - - - - -] hitachi_mirror_pair_target_number = 0 [00;33m{{(pid=3647173) log_opt_values /opt/stack/data/venv/lib/python3.12/site-packages/oslo_config/cfg.py:3549}}[00m
2026-10-07 05:59:05.766 3647173 DEBUG oslo_service.backend._eventlet.service [req-5b1ae049-5d65-461a-a8ef-bb7bc450de34 - - - - - -] hitachi_mirror_pool            = None [00;33m{{(pid=3647173) log_opt_values /opt/stack/data/venv/lib/python3.12/site-packages/oslo_config/cfg.py:3549}}[00m
2026-10-07 05:59:05.766 3647173 DEBUG oslo_service.backend._eventlet.service [req-5b1ae049-5d65-461a-a8ef-bb7bc450de34 - - - - - -] hitachi_mirror_rest_api_ip     = None [00;33m{{(pid=3647173) log_opt_values /opt/stack/data/venv/lib/python3.12/site-packages/oslo_config/cfg.py:3549}}[00m
2026-10-07 05:59:05.766 3647173 DEBUG oslo_service.backend._eventlet.service [req-5b1ae049-5d65-461a-a8ef-bb7bc450de34 - - - - - -] hitachi_mirror_rest_api_port   = 443 [00;33m{{(pid=3647173) log_opt_values /opt/stack/data/venv/lib/python3.12/site-packages/oslo_config/cfg.py:3549}}[00m
2026-10-07 05:59:05.767 3647173 DEBUG oslo_service.backend._eventlet.service [req-5b1ae049-5d65-461a-a8ef-bb7bc450de34 - - - - - -] hitachi_mirror_rest_pair_target_ports = [] [00;33m{{(pid=3647173) log_opt_values /opt/stack/data/venv/lib/python3.12/site-packages/oslo_config/cfg.py:3549}}[00m
2026-10-07 05:59:05.767 3647173 DEBUG oslo_service.backend._eventlet.service [req-5b1ae049-5d65-461a-a8ef-bb7bc450de34 - - - - - -] hitachi_mirror_rest_password   = **** [00;33m{{(pid=3647173) log_opt_values /opt/stack/data/venv/lib/python3.12/site-packages/oslo_config/cfg.py:3549}}[00m
2026-10-07 05:59:05.767 3647173 DEBUG oslo_service.backend._eventlet.service [req-5b1ae049-5d65-461a-a8ef-bb7bc450de34 - - - - - -] hitachi_mirror_rest_user       = None [00;33m{{(pid=3647173) log_opt_values /opt/stack/data/venv/lib/python3.12/site-packages/oslo_config/cfg.py:3549}}[00m
2026-10-07 05:59:05.767 3647173 DEBUG oslo_service.backend._eventlet.service [req-5b1ae049-5d65-461a-a8ef-bb7bc450de34 - - - - - -] hitachi_mirror_snap_pool       = None [00;33m{{(pid=3647173) log_opt_values /opt/stack/data/venv/lib/python3.12/site-packages/oslo_config/cfg.py:3549}}[00m
2026-10-07 05:59:05.767 3647173 DEBUG oslo_service.backend._eventlet.service [req-5b1ae049-5d65-461a-a8ef-bb7bc450de34 - - - - - -] hitachi_mirror_ssl_cert_path   = None [00;33m{{(pid=3647173) log_opt_values /opt/stack/data/venv/lib/python3.12/site-packages/oslo_config/cfg.py:3549}}[00m
2026-10-07 05:59:05.767 3647173 DEBUG oslo_service.backend._eventlet.service [req-5b1ae049-5d65-461a-a8ef-bb7bc450de34 - - - - - -] hitachi_mirror_ssl_cert_verify = False [00;33m{{(pid=3647173) log_opt_values /opt/stack/data/venv/lib/python3.12/site-packages/oslo_config/cfg.py:3549}}[00m
2026-10-07 05:59:05.767 3647173 DEBUG oslo_service.backend._eventlet.service [req-5b1ae049-5d65-461a-a8ef-bb7bc450de34 - - - - - -] hitachi_mirror_storage_id      = None [00;33m{{(pid=3647173) log_opt_values /opt/stack/data/venv/lib/python3.12/site-packages/oslo_config/cfg.py:3549}}[00m
2026-10-07 05:59:05.767 3647173 DEBUG oslo_service.backend._eventlet.service [req-5b1ae049-5d65-461a-a8ef-bb7bc450de34 - - - - - -] hitachi_mirror_target_ports    = [] [00;33m{{(pid=3647173) log_opt_values /opt/stack/data/venv/lib/python3.12/site-packages/oslo_config/cfg.py:3549}}[00m
2026-10-07 05:59:05.767 3647173 DEBUG oslo_service.backend._eventlet.service [req-5b1ae049-5d65-461a-a8ef-bb7bc450de34 - - - - - -] hitachi_mirror_use_chap_auth   = False [00;33m{{(pid=3647173) log_opt_values /opt/stack/data/venv/lib/python3.12/site-packages/oslo_config/cfg.py:3549}}[00m
2026-10-07 05:59:05.767 3647173 DEBUG oslo_service.backend._eventlet.service [req-5b1ae049-5d65-461a-a8ef-bb7bc450de34 - - - - - -] hitachi_path_group_id          = 0 [00;33m{{(pid=3647173) log_opt_values /opt/stack/data/venv/lib/python3.12/site-packages/oslo_config/cfg.py:3549}}[00m
2026-10-07 05:59:05.767 3647173 DEBUG oslo_service.backend._eventlet.service [req-5b1ae049-5d65-461a-a8ef-bb7bc450de34 - - - - - -] hitachi_quorum_disk_id         = None [00;33m{{(pid=3647173) log_opt_values /opt/stack/data/venv/lib/python3.12/site-packages/oslo_config/cfg.py:3549}}[00m
2026-10-07 05:59:05.767 3647173 DEBUG oslo_service.backend._eventlet.service [req-5b1ae049-5d65-461a-a8ef-bb7bc450de34 - - - - - -] hitachi_replication_copy_speed = 3 [00;33m{{(pid=3647173) log_opt_values /opt/stack/data/venv/lib/python3.12/site-packages/oslo_config/cfg.py:3549}}[00m
2026-10-07 05:59:05.768 3647173 DEBUG oslo_service.backend._eventlet.service [req-5b1ae049-5d65-461a-a8ef-bb7bc450de34 - - - - - -] hitachi_replication_journal_creation_speed = L [00;33m{{(pid=3647173) log_opt_values /opt/stack/data/venv/lib/python3.12/site-packages/oslo_config/cfg.py:3549}}[00m
2026-10-07 05:59:05.768 3647173 DEBUG oslo_service.backend._eventlet.service [req-5b1ae049-5d65-461a-a8ef-bb7bc450de34 - - - - - -] hitachi_replication_journal_overflow_tolerance = 60 [00;33m{{(pid=3647173) log_opt_values /opt/stack/data/venv/lib/python3.12/site-packages/oslo_config/cfg.py:3549}}[00m
2026-10-07 05:59:05.768 3647173 DEBUG oslo_service.backend._eventlet.service [req-5b1ae049-5d65-461a-a8ef-bb7bc450de34 - - - - - -] hitachi_replication_journal_path_failure_tolerance = 5 [00;33m{{(pid=3647173) log_opt_values /opt/stack/data/venv/lib/python3.12/site-packages/oslo_config/cfg.py:3549}}[00m
2026-10-07 05:59:05.768 3647173 DEBUG oslo_service.backend._eventlet.service [req-5b1ae049-5d65-461a-a8ef-bb7bc450de34 - - - - - -] hitachi_replication_journal_size = None [00;33m{{(pid=3647173) log_opt_values /opt/stack/data/venv/lib/python3.12/site-packages/oslo_config/cfg.py:3549}}[00m
2026-10-07 05:59:05.768 3647173 DEBUG oslo_service.backend._eventlet.service [req-5b1ae049-5d65-461a-a8ef-bb7bc450de34 - - - - - -] hitachi_replication_journal_transfer_speed = 256 [00;33m{{(pid=3647173) log_opt_values /opt/stack/data/venv/lib/python3.12/site-packages/oslo_config/cfg.py:3549}}[00m
2026-10-07 05:59:05.768 3647173 DEBUG oslo_service.backend._eventlet.service [req-5b1ae049-5d65-461a-a8ef-bb7bc450de34 - - - - - -] hitachi_replication_journal_use_cache = True [00;33m{{(pid=3647173) log_opt_values /opt/stack/data/venv/lib/python3.12/site-packages/oslo_config/cfg.py:3549}}[00m
2026-10-07 05:59:05.768 3647173 DEBUG oslo_service.backend._eventlet.service [req-5b1ae049-5d65-461a-a8ef-bb7bc450de34 - - - - - -] hitachi_replication_mun        = 1 [00;33m{{(pid=3647173) log_opt_values /opt/stack/data/venv/lib/python3.12/site-packages/oslo_config/cfg.py:3549}}[00m
2026-10-07 05:59:05.768 3647173 DEBUG oslo_service.backend._eventlet.service [req-5b1ae049-5d65-461a-a8ef-bb7bc450de34 - - - - - -] hitachi_replication_number     = 0 [00;33m{{(pid=3647173) log_opt_values /opt/stack/data/venv/lib/python3.12/site-packages/oslo_config/cfg.py:3549}}[00m
2026-10-07 05:59:05.768 3647173 DEBUG oslo_service.backend._eventlet.service [req-5b1ae049-5d65-461a-a8ef-bb7bc450de34 - - - - - -] hitachi_replication_status_check_long_interval = 600 [00;33m{{(pid=3647173) log_opt_values /opt/stack/data/venv/lib/python3.12/site-packages/oslo_config/cfg.py:3549}}[00m
2026-10-07 05:59:05.768 3647173 DEBUG oslo_service.backend._eventlet.service [req-5b1ae049-5d65-461a-a8ef-bb7bc450de34 - - - - - -] hitachi_replication_status_check_short_interval = 5 [00;33m{{(pid=3647173) log_opt_values /opt/stack/data/venv/lib/python3.12/site-packages/oslo_config/cfg.py:3549}}[00m
2026-10-07 05:59:05.768 3647173 DEBUG oslo_service.backend._eventlet.service [req-5b1ae049-5d65-461a-a8ef-bb7bc450de34 - - - - - -] hitachi_replication_status_check_timeout = 86400 [00;33m{{(pid=3647173) log_opt_values /opt/stack/data/venv/lib/python3.12/site-packages/oslo_config/cfg.py:3549}}[00m
2026-10-07 05:59:05.768 3647173 DEBUG oslo_service.backend._eventlet.service [req-5b1ae049-5d65-461a-a8ef-bb7bc450de34 - - - - - -] hitachi_set_mirror_reserve_attribute = True [00;33m{{(pid=3647173) log_opt_values /opt/stack/data/venv/lib/python3.12/site-packages/oslo_config/cfg.py:3549}}[00m
2026-10-07 05:59:05.769 3647173 DEBUG oslo_service.backend._eventlet.service [req-5b1ae049-5d65-461a-a8ef-bb7bc450de34 - - - - - -] host                           = devstack-92-210 [00;33m{{(pid=3647173) log_opt_values /opt/stack/data/venv/lib/python3.12/site-packages/oslo_config/cfg.py:3549}}[00m
2026-10-07 05:59:05.769 3647173 DEBUG oslo_service.backend._eventlet.service [req-5b1ae049-5d65-461a-a8ef-bb7bc450de34 - - - - - -] image_compress_on_upload       = True [00;33m{{(pid=3647173) log_opt_values /opt/stack/data/venv/lib/python3.12/site-packages/oslo_config/cfg.py:3549}}[00m
2026-10-07 05:59:05.769 3647173 DEBUG oslo_service.backend._eventlet.service [req-5b1ae049-5d65-461a-a8ef-bb7bc450de34 - - - - - -] image_conversion_address_space_limit = 1 [00;33m{{(pid=3647173) log_opt_values /opt/stack/data/venv/lib/python3.12/site-packages/oslo_config/cfg.py:3549}}[00m
2026-10-07 05:59:05.769 3647173 DEBUG oslo_service.backend._eventlet.service [req-5b1ae049-5d65-461a-a8ef-bb7bc450de34 - - - - - -] image_conversion_cpu_limit     = 60 [00;33m{{(pid=3647173) log_opt_values /opt/stack/data/venv/lib/python3.12/site-packages/oslo_config/cfg.py:3549}}[00m
2026-10-07 05:59:05.769 3647173 DEBUG oslo_service.backend._eventlet.service [req-5b1ae049-5d65-461a-a8ef-bb7bc450de34 - - - - - -] image_conversion_dir           = /opt/stack/data/cinder/conversion [00;33m{{(pid=3647173) log_opt_values /opt/stack/data/venv/lib/python3.12/site-packages/oslo_config/cfg.py:3549}}[00m
2026-10-07 05:59:05.769 3647173 DEBUG oslo_service.backend._eventlet.service [req-5b1ae049-5d65-461a-a8ef-bb7bc450de34 - - - - - -] image_conversion_disable       = False [00;33m{{(pid=3647173) log_opt_values /opt/stack/data/venv/lib/python3.12/site-packages/oslo_config/cfg.py:3549}}[00m
2026-10-07 05:59:05.769 3647173 DEBUG oslo_service.backend._eventlet.service [req-5b1ae049-5d65-461a-a8ef-bb7bc450de34 - - - - - -] image_introspection_address_space_limit = 1 [00;33m{{(pid=3647173) log_opt_values /opt/stack/data/venv/lib/python3.12/site-packages/oslo_config/cfg.py:3549}}[00m
2026-10-07 05:59:05.769 3647173 DEBUG oslo_service.backend._eventlet.service [req-5b1ae049-5d65-461a-a8ef-bb7bc450de34 - - - - - -] image_introspection_cpu_limit  = 60 [00;33m{{(pid=3647173) log_opt_values /opt/stack/data/venv/lib/python3.12/site-packages/oslo_config/cfg.py:3549}}[00m
2026-10-07 05:59:05.769 3647173 DEBUG oslo_service.backend._eventlet.service [req-5b1ae049-5d65-461a-a8ef-bb7bc450de34 - - - - - -] image_upload_use_cinder_backend = False [00;33m{{(pid=3647173) log_opt_values /opt/stack/data/venv/lib/python3.12/site-packages/oslo_config/cfg.py:3549}}[00m
2026-10-07 05:59:05.769 3647173 DEBUG oslo_service.backend._eventlet.service [req-5b1ae049-5d65-461a-a8ef-bb7bc450de34 - - - - - -] image_upload_use_internal_tenant = False [00;33m{{(pid=3647173) log_opt_values /opt/stack/data/venv/lib/python3.12/site-packages/oslo_config/cfg.py:3549}}[00m
2026-10-07 05:59:05.769 3647173 DEBUG oslo_service.backend._eventlet.service [req-5b1ae049-5d65-461a-a8ef-bb7bc450de34 - - - - - -] image_volume_cache_enabled     = False [00;33m{{(pid=3647173) log_opt_values /opt/stack/data/venv/lib/python3.12/site-packages/oslo_config/cfg.py:3549}}[00m
2026-10-07 05:59:05.770 3647173 DEBUG oslo_service.backend._eventlet.service [req-5b1ae049-5d65-461a-a8ef-bb7bc450de34 - - - - - -] image_volume_cache_max_count   = 0 [00;33m{{(pid=3647173) log_opt_values /opt/stack/data/venv/lib/python3.12/site-packages/oslo_config/cfg.py:3549}}[00m
2026-10-07 05:59:05.770 3647173 DEBUG oslo_service.backend._eventlet.service [req-5b1ae049-5d65-461a-a8ef-bb7bc450de34 - - - - - -] image_volume_cache_max_size_gb = 0 [00;33m{{(pid=3647173) log_opt_values /opt/stack/data/venv/lib/python3.12/site-packages/oslo_config/cfg.py:3549}}[00m
2026-10-07 05:59:05.770 3647173 DEBUG oslo_service.backend._eventlet.service [req-5b1ae049-5d65-461a-a8ef-bb7bc450de34 - - - - - -] init_host_max_objects_retrieval = 0 [00;33m{{(pid=3647173) log_opt_values /opt/stack/data/venv/lib/python3.12/site-packages/oslo_config/cfg.py:3549}}[00m
2026-10-07 05:59:05.770 3647173 DEBUG oslo_service.backend._eventlet.service [req-5b1ae049-5d65-461a-a8ef-bb7bc450de34 - - - - - -] instance_format                = [instance: %(uuid)s]  [00;33m{{(pid=3647173) log_opt_values /opt/stack/data/venv/lib/python3.12/site-packages/oslo_config/cfg.py:3549}}[00m
2026-10-07 05:59:05.770 3647173 DEBUG oslo_service.backend._eventlet.service [req-5b1ae049-5d65-461a-a8ef-bb7bc450de34 - - - - - -] instance_uuid_format           = [instance: %(uuid)s]  [00;33m{{(pid=3647173) log_opt_values /opt/stack/data/venv/lib/python3.12/site-packages/oslo_config/cfg.py:3549}}[00m
2026-10-07 05:59:05.770 3647173 DEBUG oslo_service.backend._eventlet.service [req-5b1ae049-5d65-461a-a8ef-bb7bc450de34 - - - - - -] iscsi_target_flags             =  [00;33m{{(pid=3647173) log_opt_values /opt/stack/data/venv/lib/python3.12/site-packages/oslo_config/cfg.py:3549}}[00m
2026-10-07 05:59:05.770 3647173 DEBUG oslo_service.backend._eventlet.service [req-5b1ae049-5d65-461a-a8ef-bb7bc450de34 - - - - - -] iscsi_write_cache              = on [00;33m{{(pid=3647173) log_opt_values /opt/stack/data/venv/lib/python3.12/site-packages/oslo_config/cfg.py:3549}}[00m
2026-10-07 05:59:05.770 3647173 DEBUG oslo_service.backend._eventlet.service [req-5b1ae049-5d65-461a-a8ef-bb7bc450de34 - - - - - -] iser_helper                    = tgtadm [00;33m{{(pid=3647173) log_opt_values /opt/stack/data/venv/lib/python3.12/site-packages/oslo_config/cfg.py:3549}}[00m
2026-10-07 05:59:05.770 3647173 DEBUG oslo_service.backend._eventlet.service [req-5b1ae049-5d65-461a-a8ef-bb7bc450de34 - - - - - -] iser_ip_address                = 172.25.92.210 [00;33m{{(pid=3647173) log_opt_values /opt/stack/data/venv/lib/python3.12/site-packages/oslo_config/cfg.py:3549}}[00m
2026-10-07 05:59:05.770 3647173 DEBUG oslo_service.backend._eventlet.service [req-5b1ae049-5d65-461a-a8ef-bb7bc450de34 - - - - - -] iser_port                      = 3260 [00;33m{{(pid=3647173) log_opt_values /opt/stack/data/venv/lib/python3.12/site-packages/oslo_config/cfg.py:3549}}[00m
2026-10-07 05:59:05.771 3647173 DEBUG oslo_service.backend._eventlet.service [req-5b1ae049-5d65-461a-a8ef-bb7bc450de34 - - - - - -] iser_target_prefix             = iqn.2010-10.org.openstack: [00;33m{{(pid=3647173) log_opt_values /opt/stack/data/venv/lib/python3.12/site-packages/oslo_config/cfg.py:3549}}[00m
2026-10-07 05:59:05.771 3647173 DEBUG oslo_service.backend._eventlet.service [req-5b1ae049-5d65-461a-a8ef-bb7bc450de34 - - - - - -] log_color                      = False [00;33m{{(pid=3647173) log_opt_values /opt/stack/data/venv/lib/python3.12/site-packages/oslo_config/cfg.py:3549}}[00m
2026-10-07 05:59:05.771 3647173 DEBUG oslo_service.backend._eventlet.service [req-5b1ae049-5d65-461a-a8ef-bb7bc450de34 - - - - - -] log_config_append              = None [00;33m{{(pid=3647173) log_opt_values /opt/stack/data/venv/lib/python3.12/site-packages/oslo_config/cfg.py:3549}}[00m
2026-10-07 05:59:05.771 3647173 DEBUG oslo_service.backend._eventlet.service [req-5b1ae049-5d65-461a-a8ef-bb7bc450de34 - - - - - -] log_date_format                = %Y-%m-%d %H:%M:%S [00;33m{{(pid=3647173) log_opt_values /opt/stack/data/venv/lib/python3.12/site-packages/oslo_config/cfg.py:3549}}[00m
2026-10-07 05:59:05.771 3647173 DEBUG oslo_service.backend._eventlet.service [req-5b1ae049-5d65-461a-a8ef-bb7bc450de34 - - - - - -] log_dir                        = /var/log/cinder [00;33m{{(pid=3647173) log_opt_values /opt/stack/data/venv/lib/python3.12/site-packages/oslo_config/cfg.py:3549}}[00m
2026-10-07 05:59:05.771 3647173 DEBUG oslo_service.backend._eventlet.service [req-5b1ae049-5d65-461a-a8ef-bb7bc450de34 - - - - - -] log_file                       = None [00;33m{{(pid=3647173) log_opt_values /opt/stack/data/venv/lib/python3.12/site-packages/oslo_config/cfg.py:3549}}[00m
2026-10-07 05:59:05.771 3647173 DEBUG oslo_service.backend._eventlet.service [req-5b1ae049-5d65-461a-a8ef-bb7bc450de34 - - - - - -] log_options                    = True [00;33m{{(pid=3647173) log_opt_values /opt/stack/data/venv/lib/python3.12/site-packages/oslo_config/cfg.py:3549}}[00m
2026-10-07 05:59:05.771 3647173 DEBUG oslo_service.backend._eventlet.service [req-5b1ae049-5d65-461a-a8ef-bb7bc450de34 - - - - - -] log_rotate_interval            = 1 [00;33m{{(pid=3647173) log_opt_values /opt/stack/data/venv/lib/python3.12/site-packages/oslo_config/cfg.py:3549}}[00m
2026-10-07 05:59:05.771 3647173 DEBUG oslo_service.backend._eventlet.service [req-5b1ae049-5d65-461a-a8ef-bb7bc450de34 - - - - - -] log_rotate_interval_type       = days [00;33m{{(pid=3647173) log_opt_values /opt/stack/data/venv/lib/python3.12/site-packages/oslo_config/cfg.py:3549}}[00m
2026-10-07 05:59:05.771 3647173 DEBUG oslo_service.backend._eventlet.service [req-5b1ae049-5d65-461a-a8ef-bb7bc450de34 - - - - - -] log_rotation_type              = none [00;33m{{(pid=3647173) log_opt_values /opt/stack/data/venv/lib/python3.12/site-packages/oslo_config/cfg.py:3549}}[00m
2026-10-07 05:59:05.771 3647173 DEBUG oslo_service.backend._eventlet.service [req-5b1ae049-5d65-461a-a8ef-bb7bc450de34 - - - - - -] logging_context_format_string  = %(asctime)s.%(msecs)03d %(process)d %(levelname)s %(name)s [%(request_id)s %(user_identity)s] %(instance)s%(message)s [00;33m{{(pid=3647173) log_opt_values /opt/stack/data/venv/lib/python3.12/site-packages/oslo_config/cfg.py:3549}}[00m
2026-10-07 05:59:05.771 3647173 DEBUG oslo_service.backend._eventlet.service [req-5b1ae049-5d65-461a-a8ef-bb7bc450de34 - - - - - -] logging_debug_format_suffix    = [00;33m{{(pid=%(process)d) %(funcName)s %(pathname)s:%(lineno)d}}[00m [00;33m{{(pid=3647173) log_opt_values /opt/stack/data/venv/lib/python3.12/site-packages/oslo_config/cfg.py:3549}}[00m
2026-10-07 05:59:05.771 3647173 DEBUG oslo_service.backend._eventlet.service [req-5b1ae049-5d65-461a-a8ef-bb7bc450de34 - - - - - -] logging_default_format_string  = %(asctime)s.%(msecs)03d %(process)d %(levelname)s %(name)s [-] %(instance)s%(message)s [00;33m{{(pid=3647173) log_opt_values /opt/stack/data/venv/lib/python3.12/site-packages/oslo_config/cfg.py:3549}}[00m
2026-10-07 05:59:05.772 3647173 DEBUG oslo_service.backend._eventlet.service [req-5b1ae049-5d65-461a-a8ef-bb7bc450de34 - - - - - -] logging_exception_prefix       = ERROR %(name)s [01;35m%(instance)s[00m [00;33m{{(pid=3647173) log_opt_values /opt/stack/data/venv/lib/python3.12/site-packages/oslo_config/cfg.py:3549}}[00m
2026-10-07 05:59:05.772 3647173 DEBUG oslo_service.backend._eventlet.service [req-5b1ae049-5d65-461a-a8ef-bb7bc450de34 - - - - - -] logging_user_identity_format   = %(user)s %(project)s %(domain)s %(system_scope)s %(user_domain)s %(project_domain)s [00;33m{{(pid=3647173) log_opt_values /opt/stack/data/venv/lib/python3.12/site-packages/oslo_config/cfg.py:3549}}[00m
2026-10-07 05:59:05.772 3647173 DEBUG oslo_service.backend._eventlet.service [req-5b1ae049-5d65-461a-a8ef-bb7bc450de34 - - - - - -] max_age                        = 0 [00;33m{{(pid=3647173) log_opt_values /opt/stack/data/venv/lib/python3.12/site-packages/oslo_config/cfg.py:3549}}[00m
2026-10-07 05:59:05.772 3647173 DEBUG oslo_service.backend._eventlet.service [req-5b1ae049-5d65-461a-a8ef-bb7bc450de34 - - - - - -] max_logfile_count              = 30 [00;33m{{(pid=3647173) log_opt_values /opt/stack/data/venv/lib/python3.12/site-packages/oslo_config/cfg.py:3549}}[00m
2026-10-07 05:59:05.772 3647173 DEBUG oslo_service.backend._eventlet.service [req-5b1ae049-5d65-461a-a8ef-bb7bc450de34 - - - - - -] max_logfile_size_mb            = 200 [00;33m{{(pid=3647173) log_opt_values /opt/stack/data/venv/lib/python3.12/site-packages/oslo_config/cfg.py:3549}}[00m
2026-10-07 05:59:05.772 3647173 DEBUG oslo_service.backend._eventlet.service [req-5b1ae049-5d65-461a-a8ef-bb7bc450de34 - - - - - -] max_over_subscription_ratio    = 20.0 [00;33m{{(pid=3647173) log_opt_values /opt/stack/data/venv/lib/python3.12/site-packages/oslo_config/cfg.py:3549}}[00m
2026-10-07 05:59:05.772 3647173 DEBUG oslo_service.backend._eventlet.service [req-5b1ae049-5d65-461a-a8ef-bb7bc450de34 - - - - - -] message_reap_interval          = 86400 [00;33m{{(pid=3647173) log_opt_values /opt/stack/data/venv/lib/python3.12/site-packages/oslo_config/cfg.py:3549}}[00m
2026-10-07 05:59:05.772 3647173 DEBUG oslo_service.backend._eventlet.service [req-5b1ae049-5d65-461a-a8ef-bb7bc450de34 - - - - - -] message_ttl                    = 2592000 [00;33m{{(pid=3647173) log_opt_values /opt/stack/data/venv/lib/python3.12/site-packages/oslo_config/cfg.py:3549}}[00m
2026-10-07 05:59:05.772 3647173 DEBUG oslo_service.backend._eventlet.service [req-5b1ae049-5d65-461a-a8ef-bb7bc450de34 - - - - - -] migration_create_volume_timeout_secs = 300 [00;33m{{(pid=3647173) log_opt_values /opt/stack/data/venv/lib/python3.12/site-packages/oslo_config/cfg.py:3549}}[00m
2026-10-07 05:59:05.772 3647173 DEBUG oslo_service.backend._eventlet.service [req-5b1ae049-5d65-461a-a8ef-bb7bc450de34 - - - - - -] monkey_patch                   = False [00;33m{{(pid=3647173) log_opt_values /opt/stack/data/venv/lib/python3.12/site-packages/oslo_config/cfg.py:3549}}[00m
2026-10-07 05:59:05.772 3647173 DEBUG oslo_service.backend._eventlet.service [req-5b1ae049-5d65-461a-a8ef-bb7bc450de34 - - - - - -] monkey_patch_modules           = [] [00;33m{{(pid=3647173) log_opt_values /opt/stack/data/venv/lib/python3.12/site-packages/oslo_config/cfg.py:3549}}[00m
2026-10-07 05:59:05.772 3647173 DEBUG oslo_service.backend._eventlet.service [req-5b1ae049-5d65-461a-a8ef-bb7bc450de34 - - - - - -] my_ip                          = 172.25.92.210 [00;33m{{(pid=3647173) log_opt_values /opt/stack/data/venv/lib/python3.12/site-packages/oslo_config/cfg.py:3549}}[00m
2026-10-07 05:59:05.773 3647173 DEBUG oslo_service.backend._eventlet.service [req-5b1ae049-5d65-461a-a8ef-bb7bc450de34 - - - - - -] no_snapshot_gb_quota           = False [00;33m{{(pid=3647173) log_opt_values /opt/stack/data/venv/lib/python3.12/site-packages/oslo_config/cfg.py:3549}}[00m
2026-10-07 05:59:05.773 3647173 DEBUG oslo_service.backend._eventlet.service [req-5b1ae049-5d65-461a-a8ef-bb7bc450de34 - - - - - -] num_iser_scan_tries            = 3 [00;33m{{(pid=3647173) log_opt_values /opt/stack/data/venv/lib/python3.12/site-packages/oslo_config/cfg.py:3549}}[00m
2026-10-07 05:59:05.773 3647173 DEBUG oslo_service.backend._eventlet.service [req-5b1ae049-5d65-461a-a8ef-bb7bc450de34 - - - - - -] num_shell_tries                = 3 [00;33m{{(pid=3647173) log_opt_values /opt/stack/data/venv/lib/python3.12/site-packages/oslo_config/cfg.py:3549}}[00m
2026-10-07 05:59:05.773 3647173 DEBUG oslo_service.backend._eventlet.service [req-5b1ae049-5d65-461a-a8ef-bb7bc450de34 - - - - - -] num_volume_device_scan_tries   = 100 [00;33m{{(pid=3647173) log_opt_values /opt/stack/data/venv/lib/python3.12/site-packages/oslo_config/cfg.py:3549}}[00m
2026-10-07 05:59:05.773 3647173 DEBUG oslo_service.backend._eventlet.service [req-5b1ae049-5d65-461a-a8ef-bb7bc450de34 - - - - - -] nvmeof_conn_info_version       = 1 [00;33m{{(pid=3647173) log_opt_values /opt/stack/data/venv/lib/python3.12/site-packages/oslo_config/cfg.py:3549}}[00m
2026-10-07 05:59:05.773 3647173 DEBUG oslo_service.backend._eventlet.service [req-5b1ae049-5d65-461a-a8ef-bb7bc450de34 - - - - - -] nvmet_ns_id                    = 10 [00;33m{{(pid=3647173) log_opt_values /opt/stack/data/venv/lib/python3.12/site-packages/oslo_config/cfg.py:3549}}[00m
2026-10-07 05:59:05.773 3647173 DEBUG oslo_service.backend._eventlet.service [req-5b1ae049-5d65-461a-a8ef-bb7bc450de34 - - - - - -] nvmet_port_id                  = 1 [00;33m{{(pid=3647173) log_opt_values /opt/stack/data/venv/lib/python3.12/site-packages/oslo_config/cfg.py:3549}}[00m
2026-10-07 05:59:05.773 3647173 DEBUG oslo_service.backend._eventlet.service [req-5b1ae049-5d65-461a-a8ef-bb7bc450de34 - - - - - -] osapi_max_limit                = 1000 [00;33m{{(pid=3647173) log_opt_values /opt/stack/data/venv/lib/python3.12/site-packages/oslo_config/cfg.py:3549}}[00m
2026-10-07 05:59:05.773 3647173 DEBUG oslo_service.backend._eventlet.service [req-5b1ae049-5d65-461a-a8ef-bb7bc450de34 - - - - - -] osapi_volume_ext_list          = [] [00;33m{{(pid=3647173) log_opt_values /opt/stack/data/venv/lib/python3.12/site-packages/oslo_config/cfg.py:3549}}[00m
2026-10-07 05:59:05.773 3647184 INFO cinder.volume.manager [req-c19c0233-8157-4b98-aaee-a0a8606aba91 - - - - - -] Starting volume driver HBSDISCSIDriver (2.7.2)
2026-10-07 05:59:05.773 3647173 DEBUG oslo_service.backend._eventlet.service [req-5b1ae049-5d65-461a-a8ef-bb7bc450de34 - - - - - -] osapi_volume_extension         = ['cinder.api.contrib.standard_extensions'] [00;33m{{(pid=3647173) log_opt_values /opt/stack/data/venv/lib/python3.12/site-packages/oslo_config/cfg.py:3549}}[00m
2026-10-07 05:59:05.774 3647184 DEBUG cinder.volume.drivers.hitachi.hbsd_iscsi [req-c19c0233-8157-4b98-aaee-a0a8606aba91 - - - - - -] ==> do_setup: call "{'self': <cinder.volume.drivers.hitachi.hbsd_iscsi.HBSDISCSIDriver object at 0x7f2d1afbfe60>, 'context': <cinder.context.RequestContext object at 0x7f2d1a9d1dc0>}" [00;33m{{(pid=3647184) trace_logging_wrapper /opt/stack/cinder/cinder/volume/volume_utils.py:1499}}[00m
2026-10-07 05:59:05.774 3647173 DEBUG oslo_service.backend._eventlet.service [req-5b1ae049-5d65-461a-a8ef-bb7bc450de34 - - - - - -] osapi_volume_listen            = 0.0.0.0 [00;33m{{(pid=3647173) log_opt_values /opt/stack/data/venv/lib/python3.12/site-packages/oslo_config/cfg.py:3549}}[00m
2026-10-07 05:59:05.774 3647173 DEBUG oslo_service.backend._eventlet.service [req-5b1ae049-5d65-461a-a8ef-bb7bc450de34 - - - - - -] osapi_volume_listen_port       = 8776 [00;33m{{(pid=3647173) log_opt_values /opt/stack/data/venv/lib/python3.12/site-packages/oslo_config/cfg.py:3549}}[00m
2026-10-07 05:59:05.774 3647173 DEBUG oslo_service.backend._eventlet.service [req-5b1ae049-5d65-461a-a8ef-bb7bc450de34 - - - - - -] osapi_volume_use_ssl           = False [00;33m{{(pid=3647173) log_opt_values /opt/stack/data/venv/lib/python3.12/site-packages/oslo_config/cfg.py:3549}}[00m
2026-10-07 05:59:05.774 3647173 DEBUG oslo_service.backend._eventlet.service [req-5b1ae049-5d65-461a-a8ef-bb7bc450de34 - - - - - -] osapi_volume_workers           = None [00;33m{{(pid=3647173) log_opt_values /opt/stack/data/venv/lib/python3.12/site-packages/oslo_config/cfg.py:3549}}[00m
2026-10-07 05:59:05.774 3647173 DEBUG oslo_service.backend._eventlet.service [req-5b1ae049-5d65-461a-a8ef-bb7bc450de34 - - - - - -] per_volume_size_limit          = -1 [00;33m{{(pid=3647173) log_opt_values /opt/stack/data/venv/lib/python3.12/site-packages/oslo_config/cfg.py:3549}}[00m
2026-10-07 05:59:05.775 3647173 DEBUG oslo_service.backend._eventlet.service [req-5b1ae049-5d65-461a-a8ef-bb7bc450de34 - - - - - -] periodic_fuzzy_delay           = 60 [00;33m{{(pid=3647173) log_opt_values /opt/stack/data/venv/lib/python3.12/site-packages/oslo_config/cfg.py:3549}}[00m
2026-10-07 05:59:05.775 3647173 DEBUG oslo_service.backend._eventlet.service [req-5b1ae049-5d65-461a-a8ef-bb7bc450de34 - - - - - -] periodic_interval              = 3600 [00;33m{{(pid=3647173) log_opt_values /opt/stack/data/venv/lib/python3.12/site-packages/oslo_config/cfg.py:3549}}[00m
2026-10-07 05:59:05.775 3647173 DEBUG oslo_service.backend._eventlet.service [req-5b1ae049-5d65-461a-a8ef-bb7bc450de34 - - - - - -] project_id_regex               = [0-9a-f\-]+ [00;33m{{(pid=3647173) log_opt_values /opt/stack/data/venv/lib/python3.12/site-packages/oslo_config/cfg.py:3549}}[00m
2026-10-07 05:59:05.775 3647173 DEBUG oslo_service.backend._eventlet.service [req-5b1ae049-5d65-461a-a8ef-bb7bc450de34 - - - - - -] public_endpoint                = None [00;33m{{(pid=3647173) log_opt_values /opt/stack/data/venv/lib/python3.12/site-packages/oslo_config/cfg.py:3549}}[00m
2026-10-07 05:59:05.775 3647173 DEBUG oslo_service.backend._eventlet.service [req-5b1ae049-5d65-461a-a8ef-bb7bc450de34 - - - - - -] publish_errors                 = False [00;33m{{(pid=3647173) log_opt_values /opt/stack/data/venv/lib/python3.12/site-packages/oslo_config/cfg.py:3549}}[00m
2026-10-07 05:59:05.775 3647173 DEBUG oslo_service.backend._eventlet.service [req-5b1ae049-5d65-461a-a8ef-bb7bc450de34 - - - - - -] quota_backup_gigabytes         = 1000 [00;33m{{(pid=3647173) log_opt_values /opt/stack/data/venv/lib/python3.12/site-packages/oslo_config/cfg.py:3549}}[00m
2026-10-07 05:59:05.775 3647173 DEBUG oslo_service.backend._eventlet.service [req-5b1ae049-5d65-461a-a8ef-bb7bc450de34 - - - - - -] quota_backups                  = 50 [00;33m{{(pid=3647173) log_opt_values /opt/stack/data/venv/lib/python3.12/site-packages/oslo_config/cfg.py:3549}}[00m
2026-10-07 05:59:05.775 3647173 DEBUG oslo_service.backend._eventlet.service [req-5b1ae049-5d65-461a-a8ef-bb7bc450de34 - - - - - -] quota_driver                   = cinder.quota.DbQuotaDriver [00;33m{{(pid=3647173) log_opt_values /opt/stack/data/venv/lib/python3.12/site-packages/oslo_config/cfg.py:3549}}[00m
2026-10-07 05:59:05.775 3647173 DEBUG oslo_service.backend._eventlet.service [req-5b1ae049-5d65-461a-a8ef-bb7bc450de34 - - - - - -] quota_gigabytes                = 1000 [00;33m{{(pid=3647173) log_opt_values /opt/stack/data/venv/lib/python3.12/site-packages/oslo_config/cfg.py:3549}}[00m
2026-10-07 05:59:05.775 3647173 DEBUG oslo_service.backend._eventlet.service [req-5b1ae049-5d65-461a-a8ef-bb7bc450de34 - - - - - -] quota_groups                   = 10 [00;33m{{(pid=3647173) log_opt_values /opt/stack/data/venv/lib/python3.12/site-packages/oslo_config/cfg.py:3549}}[00m
2026-10-07 05:59:05.775 3647173 DEBUG oslo_service.backend._eventlet.service [req-5b1ae049-5d65-461a-a8ef-bb7bc450de34 - - - - - -] quota_snapshots                = 50 [00;33m{{(pid=3647173) log_opt_values /opt/stack/data/venv/lib/python3.12/site-packages/oslo_config/cfg.py:3549}}[00m
2026-10-07 05:59:05.776 3647173 DEBUG oslo_service.backend._eventlet.service [req-5b1ae049-5d65-461a-a8ef-bb7bc450de34 - - - - - -] quota_volumes                  = 50 [00;33m{{(pid=3647173) log_opt_values /opt/stack/data/venv/lib/python3.12/site-packages/oslo_config/cfg.py:3549}}[00m
2026-10-07 05:59:05.776 3647173 DEBUG oslo_service.backend._eventlet.service [req-5b1ae049-5d65-461a-a8ef-bb7bc450de34 - - - - - -] rate_limit_burst               = 0 [00;33m{{(pid=3647173) log_opt_values /opt/stack/data/venv/lib/python3.12/site-packages/oslo_config/cfg.py:3549}}[00m
2026-10-07 05:59:05.776 3647173 DEBUG oslo_service.backend._eventlet.service [req-5b1ae049-5d65-461a-a8ef-bb7bc450de34 - - - - - -] rate_limit_except_level        = CRITICAL [00;33m{{(pid=3647173) log_opt_values /opt/stack/data/venv/lib/python3.12/site-packages/oslo_config/cfg.py:3549}}[00m
2026-10-07 05:59:05.776 3647173 DEBUG oslo_service.backend._eventlet.service [req-5b1ae049-5d65-461a-a8ef-bb7bc450de34 - - - - - -] rate_limit_interval            = 0 [00;33m{{(pid=3647173) log_opt_values /opt/stack/data/venv/lib/python3.12/site-packages/oslo_config/cfg.py:3549}}[00m
2026-10-07 05:59:05.776 3647184 DEBUG cinder.volume.drivers.hitachi.hbsd_rest [req-c19c0233-8157-4b98-aaee-a0a8606aba91 - - - - - -] Setting ldev_range: [22000, 29399] [00;33m{{(pid=3647184) check_param /opt/stack/cinder/cinder/volume/drivers/hitachi/hbsd_rest.py:887}}[00m
2026-10-07 05:59:05.776 3647173 DEBUG oslo_service.backend._eventlet.service [req-5b1ae049-5d65-461a-a8ef-bb7bc450de34 - - - - - -] reinit_driver_count            = 3 [00;33m{{(pid=3647173) log_opt_values /opt/stack/data/venv/lib/python3.12/site-packages/oslo_config/cfg.py:3549}}[00m
2026-10-07 05:59:05.776 3647173 DEBUG oslo_service.backend._eventlet.service [req-5b1ae049-5d65-461a-a8ef-bb7bc450de34 - - - - - -] replication_device             = **** [00;33m{{(pid=3647173) log_opt_values /opt/stack/data/venv/lib/python3.12/site-packages/oslo_config/cfg.py:3549}}[00m
2026-10-07 05:59:05.776 3647173 DEBUG oslo_service.backend._eventlet.service [req-5b1ae049-5d65-461a-a8ef-bb7bc450de34 - - - - - -] report_discard_supported       = False [00;33m{{(pid=3647173) log_opt_values /opt/stack/data/venv/lib/python3.12/site-packages/oslo_config/cfg.py:3549}}[00m
2026-10-07 05:59:05.776 3647184 DEBUG cinder.volume.drivers.hitachi.hbsd_rest_api [req-c19c0233-8157-4b98-aaee-a0a8606aba91 - - - - - -] Trying to login. [00;33m{{(pid=3647184) login /opt/stack/cinder/cinder/volume/drivers/hitachi/hbsd_rest_api.py:570}}[00m
2026-10-07 05:59:05.776 3647173 DEBUG oslo_service.backend._eventlet.service [req-5b1ae049-5d65-461a-a8ef-bb7bc450de34 - - - - - -] report_interval                = 120 [00;33m{{(pid=3647173) log_opt_values /opt/stack/data/venv/lib/python3.12/site-packages/oslo_config/cfg.py:3549}}[00m
2026-10-07 05:59:05.776 3647184 DEBUG cinder.volume.drivers.hitachi.hbsd_rest_api [req-c19c0233-8157-4b98-aaee-a0a8606aba91 - - - - - -] ==> _login: call "{'self': <cinder.volume.drivers.hitachi.hbsd_rest_api.RestApiClient object at 0x7f2d1ac8d2b0>, 'do_raise': True}" [00;33m{{(pid=3647184) trace_logging_wrapper /opt/stack/cinder/cinder/volume/volume_utils.py:1499}}[00m
2026-10-07 05:59:05.776 3647173 DEBUG oslo_service.backend._eventlet.service [req-5b1ae049-5d65-461a-a8ef-bb7bc450de34 - - - - - -] reservation_clean_interval     = 86400 [00;33m{{(pid=3647173) log_opt_values /opt/stack/data/venv/lib/python3.12/site-packages/oslo_config/cfg.py:3549}}[00m
2026-10-07 05:59:05.777 3647173 DEBUG oslo_service.backend._eventlet.service [req-5b1ae049-5d65-461a-a8ef-bb7bc450de34 - - - - - -] reservation_expire             = 86400 [00;33m{{(pid=3647173) log_opt_values /opt/stack/data/venv/lib/python3.12/site-packages/oslo_config/cfg.py:3549}}[00m
2026-10-07 05:59:05.777 3647173 DEBUG oslo_service.backend._eventlet.service [req-5b1ae049-5d65-461a-a8ef-bb7bc450de34 - - - - - -] reserved_image_namespaces      = [] [00;33m{{(pid=3647173) log_opt_values /opt/stack/data/venv/lib/python3.12/site-packages/oslo_config/cfg.py:3549}}[00m
2026-10-07 05:59:05.777 3647173 DEBUG oslo_service.backend._eventlet.service [req-5b1ae049-5d65-461a-a8ef-bb7bc450de34 - - - - - -] reserved_percentage            = 0 [00;33m{{(pid=3647173) log_opt_values /opt/stack/data/venv/lib/python3.12/site-packages/oslo_config/cfg.py:3549}}[00m
2026-10-07 05:59:05.777 3647173 DEBUG oslo_service.backend._eventlet.service [req-5b1ae049-5d65-461a-a8ef-bb7bc450de34 - - - - - -] resource_query_filters_file    = /etc/cinder/resource_filters.json [00;33m{{(pid=3647173) log_opt_values /opt/stack/data/venv/lib/python3.12/site-packages/oslo_config/cfg.py:3549}}[00m
2026-10-07 05:59:05.777 3647173 DEBUG oslo_service.backend._eventlet.service [req-5b1ae049-5d65-461a-a8ef-bb7bc450de34 - - - - - -] rootwrap_config                = /etc/cinder/rootwrap.conf [00;33m{{(pid=3647173) log_opt_values /opt/stack/data/venv/lib/python3.12/site-packages/oslo_config/cfg.py:3549}}[00m
2026-10-07 05:59:05.777 3647173 DEBUG oslo_service.backend._eventlet.service [req-5b1ae049-5d65-461a-a8ef-bb7bc450de34 - - - - - -] rpc_response_timeout           = 3600 [00;33m{{(pid=3647173) log_opt_values /opt/stack/data/venv/lib/python3.12/site-packages/oslo_config/cfg.py:3549}}[00m
2026-10-07 05:59:05.777 3647173 DEBUG oslo_service.backend._eventlet.service [req-5b1ae049-5d65-461a-a8ef-bb7bc450de34 - - - - - -] run_external_periodic_tasks    = True [00;33m{{(pid=3647173) log_opt_values /opt/stack/data/venv/lib/python3.12/site-packages/oslo_config/cfg.py:3549}}[00m
2026-10-07 05:59:05.777 3647173 DEBUG oslo_service.backend._eventlet.service [req-5b1ae049-5d65-461a-a8ef-bb7bc450de34 - - - - - -] scheduler_manager              = cinder.scheduler.manager.SchedulerManager [00;33m{{(pid=3647173) log_opt_values /opt/stack/data/venv/lib/python3.12/site-packages/oslo_config/cfg.py:3549}}[00m
2026-10-07 05:59:05.777 3647173 DEBUG oslo_service.backend._eventlet.service [req-5b1ae049-5d65-461a-a8ef-bb7bc450de34 - - - - - -] scst_target_driver             = iscsi [00;33m{{(pid=3647173) log_opt_values /opt/stack/data/venv/lib/python3.12/site-packages/oslo_config/cfg.py:3549}}[00m
2026-10-07 05:59:05.777 3647173 DEBUG oslo_service.backend._eventlet.service [req-5b1ae049-5d65-461a-a8ef-bb7bc450de34 - - - - - -] scst_target_iqn_name           = None [00;33m{{(pid=3647173) log_opt_values /opt/stack/data/venv/lib/python3.12/site-packages/oslo_config/cfg.py:3549}}[00m
2026-10-07 05:59:05.777 3647173 DEBUG oslo_service.backend._eventlet.service [req-5b1ae049-5d65-461a-a8ef-bb7bc450de34 - - - - - -] service_down_time              = 720 [00;33m{{(pid=3647173) log_opt_values /opt/stack/data/venv/lib/python3.12/site-packages/oslo_config/cfg.py:3549}}[00m
2026-10-07 05:59:05.777 3647173 DEBUG oslo_service.backend._eventlet.service [req-5b1ae049-5d65-461a-a8ef-bb7bc450de34 - - - - - -] shell_completion               = None [00;33m{{(pid=3647173) log_opt_values /opt/stack/data/venv/lib/python3.12/site-packages/oslo_config/cfg.py:3549}}[00m
2026-10-07 05:59:05.778 3647173 DEBUG oslo_service.backend._eventlet.service [req-5b1ae049-5d65-461a-a8ef-bb7bc450de34 - - - - - -] snapshot_name_template         = snapshot-%s [00;33m{{(pid=3647173) log_opt_values /opt/stack/data/venv/lib/python3.12/site-packages/oslo_config/cfg.py:3549}}[00m
2026-10-07 05:59:05.778 3647173 DEBUG oslo_service.backend._eventlet.service [req-5b1ae049-5d65-461a-a8ef-bb7bc450de34 - - - - - -] split_loggers                  = False [00;33m{{(pid=3647173) log_opt_values /opt/stack/data/venv/lib/python3.12/site-packages/oslo_config/cfg.py:3549}}[00m
2026-10-07 05:59:05.778 3647173 DEBUG oslo_service.backend._eventlet.service [req-5b1ae049-5d65-461a-a8ef-bb7bc450de34 - - - - - -] ssh_hosts_key_file             = /opt/stack/data/cinder/ssh_known_hosts [00;33m{{(pid=3647173) log_opt_values /opt/stack/data/venv/lib/python3.12/site-packages/oslo_config/cfg.py:3549}}[00m
2026-10-07 05:59:05.778 3647173 DEBUG oslo_service.backend._eventlet.service [req-5b1ae049-5d65-461a-a8ef-bb7bc450de34 - - - - - -] state_path                     = /opt/stack/data/cinder [00;33m{{(pid=3647173) log_opt_values /opt/stack/data/venv/lib/python3.12/site-packages/oslo_config/cfg.py:3549}}[00m
2026-10-07 05:59:05.778 3647173 DEBUG oslo_service.backend._eventlet.service [req-5b1ae049-5d65-461a-a8ef-bb7bc450de34 - - - - - -] storage_availability_zone      = nova [00;33m{{(pid=3647173) log_opt_values /opt/stack/data/venv/lib/python3.12/site-packages/oslo_config/cfg.py:3549}}[00m
2026-10-07 05:59:05.778 3647173 DEBUG oslo_service.backend._eventlet.service [req-5b1ae049-5d65-461a-a8ef-bb7bc450de34 - - - - - -] storage_protocol               = iSCSI [00;33m{{(pid=3647173) log_opt_values /opt/stack/data/venv/lib/python3.12/site-packages/oslo_config/cfg.py:3549}}[00m
2026-10-07 05:59:05.778 3647173 DEBUG oslo_service.backend._eventlet.service [req-5b1ae049-5d65-461a-a8ef-bb7bc450de34 - - - - - -] strict_ssh_host_key_policy     = False [00;33m{{(pid=3647173) log_opt_values /opt/stack/data/venv/lib/python3.12/site-packages/oslo_config/cfg.py:3549}}[00m
2026-10-07 05:59:05.778 3647173 DEBUG oslo_service.backend._eventlet.service [req-5b1ae049-5d65-461a-a8ef-bb7bc450de34 - - - - - -] syslog_log_facility            = LOG_USER [00;33m{{(pid=3647173) log_opt_values /opt/stack/data/venv/lib/python3.12/site-packages/oslo_config/cfg.py:3549}}[00m
2026-10-07 05:59:05.778 3647173 DEBUG oslo_service.backend._eventlet.service [req-5b1ae049-5d65-461a-a8ef-bb7bc450de34 - - - - - -] target_helper                  = lioadm [00;33m{{(pid=3647173) log_opt_values /opt/stack/data/venv/lib/python3.12/site-packages/oslo_config/cfg.py:3549}}[00m
2026-10-07 05:59:05.778 3647173 DEBUG oslo_service.backend._eventlet.service [req-5b1ae049-5d65-461a-a8ef-bb7bc450de34 - - - - - -] target_ip_address              = 172.25.92.210 [00;33m{{(pid=3647173) log_opt_values /opt/stack/data/venv/lib/python3.12/site-packages/oslo_config/cfg.py:3549}}[00m
2026-10-07 05:59:05.778 3647173 DEBUG oslo_service.backend._eventlet.service [req-5b1ae049-5d65-461a-a8ef-bb7bc450de34 - - - - - -] target_port                    = 3260 [00;33m{{(pid=3647173) log_opt_values /opt/stack/data/venv/lib/python3.12/site-packages/oslo_config/cfg.py:3549}}[00m
2026-10-07 05:59:05.779 3647173 DEBUG oslo_service.backend._eventlet.service [req-5b1ae049-5d65-461a-a8ef-bb7bc450de34 - - - - - -] target_prefix                  = iqn.2010-10.org.openstack: [00;33m{{(pid=3647173) log_opt_values /opt/stack/data/venv/lib/python3.12/site-packages/oslo_config/cfg.py:3549}}[00m
2026-10-07 05:59:05.779 3647173 DEBUG oslo_service.backend._eventlet.service [req-5b1ae049-5d65-461a-a8ef-bb7bc450de34 - - - - - -] target_protocol                = iscsi [00;33m{{(pid=3647173) log_opt_values /opt/stack/data/venv/lib/python3.12/site-packages/oslo_config/cfg.py:3549}}[00m
2026-10-07 05:59:05.779 3647173 DEBUG oslo_service.backend._eventlet.service [req-5b1ae049-5d65-461a-a8ef-bb7bc450de34 - - - - - -] target_secondary_ip_addresses  = [] [00;33m{{(pid=3647173) log_opt_values /opt/stack/data/venv/lib/python3.12/site-packages/oslo_config/cfg.py:3549}}[00m
2026-10-07 05:59:05.779 3647173 DEBUG oslo_service.backend._eventlet.service [req-5b1ae049-5d65-461a-a8ef-bb7bc450de34 - - - - - -] trace_flags                    = None [00;33m{{(pid=3647173) log_opt_values /opt/stack/data/venv/lib/python3.12/site-packages/oslo_config/cfg.py:3549}}[00m
2026-10-07 05:59:05.779 3647173 DEBUG oslo_service.backend._eventlet.service [req-5b1ae049-5d65-461a-a8ef-bb7bc450de34 - - - - - -] transfer_api_class             = cinder.transfer.api.API [00;33m{{(pid=3647173) log_opt_values /opt/stack/data/venv/lib/python3.12/site-packages/oslo_config/cfg.py:3549}}[00m
2026-10-07 05:59:05.779 3647173 DEBUG oslo_service.backend._eventlet.service [req-5b1ae049-5d65-461a-a8ef-bb7bc450de34 - - - - - -] transport_url                  = **** [00;33m{{(pid=3647173) log_opt_values /opt/stack/data/venv/lib/python3.12/site-packages/oslo_config/cfg.py:3549}}[00m
2026-10-07 05:59:05.779 3647173 DEBUG oslo_service.backend._eventlet.service [req-5b1ae049-5d65-461a-a8ef-bb7bc450de34 - - - - - -] until_refresh                  = 0 [00;33m{{(pid=3647173) log_opt_values /opt/stack/data/venv/lib/python3.12/site-packages/oslo_config/cfg.py:3549}}[00m
2026-10-07 05:59:05.779 3647173 DEBUG oslo_service.backend._eventlet.service [req-5b1ae049-5d65-461a-a8ef-bb7bc450de34 - - - - - -] use_chap_auth                  = False [00;33m{{(pid=3647173) log_opt_values /opt/stack/data/venv/lib/python3.12/site-packages/oslo_config/cfg.py:3549}}[00m
2026-10-07 05:59:05.779 3647173 DEBUG oslo_service.backend._eventlet.service [req-5b1ae049-5d65-461a-a8ef-bb7bc450de34 - - - - - -] use_default_quota_class        = True [00;33m{{(pid=3647173) log_opt_values /opt/stack/data/venv/lib/python3.12/site-packages/oslo_config/cfg.py:3549}}[00m
2026-10-07 05:59:05.779 3647173 DEBUG oslo_service.backend._eventlet.service [req-5b1ae049-5d65-461a-a8ef-bb7bc450de34 - - - - - -] use_journal                    = False [00;33m{{(pid=3647173) log_opt_values /opt/stack/data/venv/lib/python3.12/site-packages/oslo_config/cfg.py:3549}}[00m
2026-10-07 05:59:05.779 3647173 DEBUG oslo_service.backend._eventlet.service [req-5b1ae049-5d65-461a-a8ef-bb7bc450de34 - - - - - -] use_json                       = False [00;33m{{(pid=3647173) log_opt_values /opt/stack/data/venv/lib/python3.12/site-packages/oslo_config/cfg.py:3549}}[00m
2026-10-07 05:59:05.779 3647173 DEBUG oslo_service.backend._eventlet.service [req-5b1ae049-5d65-461a-a8ef-bb7bc450de34 - - - - - -] use_multipath_for_image_xfer   = False [00;33m{{(pid=3647173) log_opt_values /opt/stack/data/venv/lib/python3.12/site-packages/oslo_config/cfg.py:3549}}[00m
2026-10-07 05:59:05.780 3647173 DEBUG oslo_service.backend._eventlet.service [req-5b1ae049-5d65-461a-a8ef-bb7bc450de34 - - - - - -] use_stderr                     = False [00;33m{{(pid=3647173) log_opt_values /opt/stack/data/venv/lib/python3.12/site-packages/oslo_config/cfg.py:3549}}[00m
2026-10-07 05:59:05.780 3647173 DEBUG oslo_service.backend._eventlet.service [req-5b1ae049-5d65-461a-a8ef-bb7bc450de34 - - - - - -] use_syslog                     = False [00;33m{{(pid=3647173) log_opt_values /opt/stack/data/venv/lib/python3.12/site-packages/oslo_config/cfg.py:3549}}[00m
2026-10-07 05:59:05.780 3647173 DEBUG oslo_service.backend._eventlet.service [req-5b1ae049-5d65-461a-a8ef-bb7bc450de34 - - - - - -] verify_glance_signatures       = enabled [00;33m{{(pid=3647173) log_opt_values /opt/stack/data/venv/lib/python3.12/site-packages/oslo_config/cfg.py:3549}}[00m
2026-10-07 05:59:05.780 3647173 DEBUG oslo_service.backend._eventlet.service [req-5b1ae049-5d65-461a-a8ef-bb7bc450de34 - - - - - -] vmdk_allowed_types             = ['streamOptimized', 'monolithicSparse'] [00;33m{{(pid=3647173) log_opt_values /opt/stack/data/venv/lib/python3.12/site-packages/oslo_config/cfg.py:3549}}[00m
2026-10-07 05:59:05.780 3647173 DEBUG oslo_service.backend._eventlet.service [req-5b1ae049-5d65-461a-a8ef-bb7bc450de34 - - - - - -] volume_api_class               = cinder.volume.api.API [00;33m{{(pid=3647173) log_opt_values /opt/stack/data/venv/lib/python3.12/site-packages/oslo_config/cfg.py:3549}}[00m
2026-10-07 05:59:05.780 3647173 DEBUG oslo_service.backend._eventlet.service [req-5b1ae049-5d65-461a-a8ef-bb7bc450de34 - - - - - -] volume_backend_name            = None [00;33m{{(pid=3647173) log_opt_values /opt/stack/data/venv/lib/python3.12/site-packages/oslo_config/cfg.py:3549}}[00m
2026-10-07 05:59:05.780 3647173 DEBUG oslo_service.backend._eventlet.service [req-5b1ae049-5d65-461a-a8ef-bb7bc450de34 - - - - - -] volume_clear                   = zero [00;33m{{(pid=3647173) log_opt_values /opt/stack/data/venv/lib/python3.12/site-packages/oslo_config/cfg.py:3549}}[00m
2026-10-07 05:59:05.780 3647173 DEBUG oslo_service.backend._eventlet.service [req-5b1ae049-5d65-461a-a8ef-bb7bc450de34 - - - - - -] volume_clear_ionice            = None [00;33m{{(pid=3647173) log_opt_values /opt/stack/data/venv/lib/python3.12/site-packages/oslo_config/cfg.py:3549}}[00m
2026-10-07 05:59:05.780 3647173 DEBUG oslo_service.backend._eventlet.service [req-5b1ae049-5d65-461a-a8ef-bb7bc450de34 - - - - - -] volume_clear_size              = 0 [00;33m{{(pid=3647173) log_opt_values /opt/stack/data/venv/lib/python3.12/site-packages/oslo_config/cfg.py:3549}}[00m
2026-10-07 05:59:05.780 3647173 DEBUG oslo_service.backend._eventlet.service [req-5b1ae049-5d65-461a-a8ef-bb7bc450de34 - - - - - -] volume_copy_blkio_cgroup_name  = cinder-volume-copy [00;33m{{(pid=3647173) log_opt_values /opt/stack/data/venv/lib/python3.12/site-packages/oslo_config/cfg.py:3549}}[00m
2026-10-07 05:59:05.780 3647173 DEBUG oslo_service.backend._eventlet.service [req-5b1ae049-5d65-461a-a8ef-bb7bc450de34 - - - - - -] volume_copy_bps_limit          = 0 [00;33m{{(pid=3647173) log_opt_values /opt/stack/data/venv/lib/python3.12/site-packages/oslo_config/cfg.py:3549}}[00m
2026-10-07 05:59:05.780 3647173 DEBUG oslo_service.backend._eventlet.service [req-5b1ae049-5d65-461a-a8ef-bb7bc450de34 - - - - - -] volume_dd_blocksize            = 1M [00;33m{{(pid=3647173) log_opt_values /opt/stack/data/venv/lib/python3.12/site-packages/oslo_config/cfg.py:3549}}[00m
2026-10-07 05:59:05.781 3647173 DEBUG oslo_service.backend._eventlet.service [req-5b1ae049-5d65-461a-a8ef-bb7bc450de34 - - - - - -] volume_manager                 = cinder.volume.manager.VolumeManager [00;33m{{(pid=3647173) log_opt_values /opt/stack/data/venv/lib/python3.12/site-packages/oslo_config/cfg.py:3549}}[00m
2026-10-07 05:59:05.781 3647173 DEBUG oslo_service.backend._eventlet.service [req-5b1ae049-5d65-461a-a8ef-bb7bc450de34 - - - - - -] volume_name_template           = volume-%s [00;33m{{(pid=3647173) log_opt_values /opt/stack/data/venv/lib/python3.12/site-packages/oslo_config/cfg.py:3549}}[00m
2026-10-07 05:59:05.781 3647173 DEBUG oslo_service.backend._eventlet.service [req-5b1ae049-5d65-461a-a8ef-bb7bc450de34 - - - - - -] volume_service_inithost_offload = False [00;33m{{(pid=3647173) log_opt_values /opt/stack/data/venv/lib/python3.12/site-packages/oslo_config/cfg.py:3549}}[00m
2026-10-07 05:59:05.781 3647173 DEBUG oslo_service.backend._eventlet.service [req-5b1ae049-5d65-461a-a8ef-bb7bc450de34 - - - - - -] volume_usage_audit_period      = month [00;33m{{(pid=3647173) log_opt_values /opt/stack/data/venv/lib/python3.12/site-packages/oslo_config/cfg.py:3549}}[00m
2026-10-07 05:59:05.781 3647173 DEBUG oslo_service.backend._eventlet.service [req-5b1ae049-5d65-461a-a8ef-bb7bc450de34 - - - - - -] volumes_dir                    = /opt/stack/data/cinder/volumes [00;33m{{(pid=3647173) log_opt_values /opt/stack/data/venv/lib/python3.12/site-packages/oslo_config/cfg.py:3549}}[00m
2026-10-07 05:59:05.781 3647173 DEBUG oslo_service.backend._eventlet.service [req-5b1ae049-5d65-461a-a8ef-bb7bc450de34 - - - - - -] zoning_mode                    = None [00;33m{{(pid=3647173) log_opt_values /opt/stack/data/venv/lib/python3.12/site-packages/oslo_config/cfg.py:3549}}[00m
2026-10-07 05:59:05.781 3647173 DEBUG oslo_service.backend._eventlet.service [req-5b1ae049-5d65-461a-a8ef-bb7bc450de34 - - - - - -] oslo_concurrency.disable_process_locking = False [00;33m{{(pid=3647173) log_opt_values /opt/stack/data/venv/lib/python3.12/site-packages/oslo_config/cfg.py:3560}}[00m
2026-10-07 05:59:05.781 3647173 DEBUG oslo_service.backend._eventlet.service [req-5b1ae049-5d65-461a-a8ef-bb7bc450de34 - - - - - -] oslo_concurrency.lock_path     = /opt/stack/data/cinder [00;33m{{(pid=3647173) log_opt_values /opt/stack/data/venv/lib/python3.12/site-packages/oslo_config/cfg.py:3560}}[00m
2026-10-07 05:59:05.781 3647173 DEBUG oslo_service.backend._eventlet.service [req-5b1ae049-5d65-461a-a8ef-bb7bc450de34 - - - - - -] os_brick.lightos_discovery_client_address = localhost [00;33m{{(pid=3647173) log_opt_values /opt/stack/data/venv/lib/python3.12/site-packages/oslo_config/cfg.py:3560}}[00m
2026-10-07 05:59:05.782 3647173 DEBUG oslo_service.backend._eventlet.service [req-5b1ae049-5d65-461a-a8ef-bb7bc450de34 - - - - - -] os_brick.lightos_discovery_client_dir_path = /etc/discovery-client/discovery.d/ [00;33m{{(pid=3647173) log_opt_values /opt/stack/data/venv/lib/python3.12/site-packages/oslo_config/cfg.py:3560}}[00m
2026-10-07 05:59:05.782 3647173 DEBUG oslo_service.backend._eventlet.service [req-5b1ae049-5d65-461a-a8ef-bb7bc450de34 - - - - - -] os_brick.lightos_discovery_client_port = 6060 [00;33m{{(pid=3647173) log_opt_values /opt/stack/data/venv/lib/python3.12/site-packages/oslo_config/cfg.py:3560}}[00m
2026-10-07 05:59:05.782 3647173 DEBUG oslo_service.backend._eventlet.service [req-5b1ae049-5d65-461a-a8ef-bb7bc450de34 - - - - - -] os_brick.lock_path             = /opt/stack/data/os_brick [00;33m{{(pid=3647173) log_opt_values /opt/stack/data/venv/lib/python3.12/site-packages/oslo_config/cfg.py:3560}}[00m
2026-10-07 05:59:05.782 3647173 DEBUG oslo_service.backend._eventlet.service [req-5b1ae049-5d65-461a-a8ef-bb7bc450de34 - - - - - -] os_brick.wait_mpath_device_attempts = 4 [00;33m{{(pid=3647173) log_opt_values /opt/stack/data/venv/lib/python3.12/site-packages/oslo_config/cfg.py:3560}}[00m
2026-10-07 05:59:05.782 3647173 DEBUG oslo_service.backend._eventlet.service [req-5b1ae049-5d65-461a-a8ef-bb7bc450de34 - - - - - -] os_brick.wait_mpath_device_interval = 1 [00;33m{{(pid=3647173) log_opt_values /opt/stack/data/venv/lib/python3.12/site-packages/oslo_config/cfg.py:3560}}[00m
2026-10-07 05:59:05.782 3647173 DEBUG oslo_service.backend._eventlet.service [req-5b1ae049-5d65-461a-a8ef-bb7bc450de34 - - - - - -] oslo_middleware.http_basic_auth_user_file = /etc/htpasswd [00;33m{{(pid=3647173) log_opt_values /opt/stack/data/venv/lib/python3.12/site-packages/oslo_config/cfg.py:3560}}[00m
2026-10-07 05:59:05.782 3647173 DEBUG oslo_service.backend._eventlet.service [req-5b1ae049-5d65-461a-a8ef-bb7bc450de34 - - - - - -] oslo_versionedobjects.fatal_exception_format_errors = False [00;33m{{(pid=3647173) log_opt_values /opt/stack/data/venv/lib/python3.12/site-packages/oslo_config/cfg.py:3560}}[00m
2026-10-07 05:59:05.782 3647173 DEBUG oslo_service.backend._eventlet.service [req-5b1ae049-5d65-461a-a8ef-bb7bc450de34 - - - - - -] keystone_authtoken.auth_section = None [00;33m{{(pid=3647173) log_opt_values /opt/stack/data/venv/lib/python3.12/site-packages/oslo_config/cfg.py:3560}}[00m
2026-10-07 05:59:05.782 3647173 DEBUG oslo_service.backend._eventlet.service [req-5b1ae049-5d65-461a-a8ef-bb7bc450de34 - - - - - -] keystone_authtoken.auth_type   = password [00;33m{{(pid=3647173) log_opt_values /opt/stack/data/venv/lib/python3.12/site-packages/oslo_config/cfg.py:3560}}[00m
2026-10-07 05:59:05.782 3647173 DEBUG oslo_service.backend._eventlet.service [req-5b1ae049-5d65-461a-a8ef-bb7bc450de34 - - - - - -] keystone_authtoken.auth_version = None [00;33m{{(pid=3647173) log_opt_values /opt/stack/data/venv/lib/python3.12/site-packages/oslo_config/cfg.py:3560}}[00m
2026-10-07 05:59:05.782 3647173 DEBUG oslo_service.backend._eventlet.service [req-5b1ae049-5d65-461a-a8ef-bb7bc450de34 - - - - - -] keystone_authtoken.cache       = None [00;33m{{(pid=3647173) log_opt_values /opt/stack/data/venv/lib/python3.12/site-packages/oslo_config/cfg.py:3560}}[00m
2026-10-07 05:59:05.783 3647173 DEBUG oslo_service.backend._eventlet.service [req-5b1ae049-5d65-461a-a8ef-bb7bc450de34 - - - - - -] keystone_authtoken.cafile      = /opt/stack/data/ca-bundle.pem [00;33m{{(pid=3647173) log_opt_values /opt/stack/data/venv/lib/python3.12/site-packages/oslo_config/cfg.py:3560}}[00m
2026-10-07 05:59:05.783 3647173 DEBUG oslo_service.backend._eventlet.service [req-5b1ae049-5d65-461a-a8ef-bb7bc450de34 - - - - - -] keystone_authtoken.certfile    = None [00;33m{{(pid=3647173) log_opt_values /opt/stack/data/venv/lib/python3.12/site-packages/oslo_config/cfg.py:3560}}[00m
2026-10-07 05:59:05.783 3647173 DEBUG oslo_service.backend._eventlet.service [req-5b1ae049-5d65-461a-a8ef-bb7bc450de34 - - - - - -] keystone_authtoken.delay_auth_decision = False [00;33m{{(pid=3647173) log_opt_values /opt/stack/data/venv/lib/python3.12/site-packages/oslo_config/cfg.py:3560}}[00m
2026-10-07 05:59:05.783 3647173 DEBUG oslo_service.backend._eventlet.service [req-5b1ae049-5d65-461a-a8ef-bb7bc450de34 - - - - - -] keystone_authtoken.enforce_token_bind = permissive [00;33m{{(pid=3647173) log_opt_values /opt/stack/data/venv/lib/python3.12/site-packages/oslo_config/cfg.py:3560}}[00m
2026-10-07 05:59:05.783 3647173 DEBUG oslo_service.backend._eventlet.service [req-5b1ae049-5d65-461a-a8ef-bb7bc450de34 - - - - - -] keystone_authtoken.http_connect_timeout = None [00;33m{{(pid=3647173) log_opt_values /opt/stack/data/venv/lib/python3.12/site-packages/oslo_config/cfg.py:3560}}[00m
2026-10-07 05:59:05.783 3647173 DEBUG oslo_service.backend._eventlet.service [req-5b1ae049-5d65-461a-a8ef-bb7bc450de34 - - - - - -] keystone_authtoken.http_request_max_retries = 3 [00;33m{{(pid=3647173) log_opt_values /opt/stack/data/venv/lib/python3.12/site-packages/oslo_config/cfg.py:3560}}[00m
2026-10-07 05:59:05.783 3647173 DEBUG oslo_service.backend._eventlet.service [req-5b1ae049-5d65-461a-a8ef-bb7bc450de34 - - - - - -] keystone_authtoken.include_service_catalog = True [00;33m{{(pid=3647173) log_opt_values /opt/stack/data/venv/lib/python3.12/site-packages/oslo_config/cfg.py:3560}}[00m
2026-10-07 05:59:05.783 3647173 DEBUG oslo_service.backend._eventlet.service [req-5b1ae049-5d65-461a-a8ef-bb7bc450de34 - - - - - -] keystone_authtoken.insecure    = False [00;33m{{(pid=3647173) log_opt_values /opt/stack/data/venv/lib/python3.12/site-packages/oslo_config/cfg.py:3560}}[00m
2026-10-07 05:59:05.783 3647173 DEBUG oslo_service.backend._eventlet.service [req-5b1ae049-5d65-461a-a8ef-bb7bc450de34 - - - - - -] keystone_authtoken.interface   = public [00;33m{{(pid=3647173) log_opt_values /opt/stack/data/venv/lib/python3.12/site-packages/oslo_config/cfg.py:3560}}[00m
2026-10-07 05:59:05.783 3647173 DEBUG oslo_service.backend._eventlet.service [req-5b1ae049-5d65-461a-a8ef-bb7bc450de34 - - - - - -] keystone_authtoken.keyfile     = None [00;33m{{(pid=3647173) log_opt_values /opt/stack/data/venv/lib/python3.12/site-packages/oslo_config/cfg.py:3560}}[00m
2026-10-07 05:59:05.783 3647173 DEBUG oslo_service.backend._eventlet.service [req-5b1ae049-5d65-461a-a8ef-bb7bc450de34 - - - - - -] keystone_authtoken.memcache_password = **** [00;33m{{(pid=3647173) log_opt_values /opt/stack/data/venv/lib/python3.12/site-packages/oslo_config/cfg.py:3560}}[00m
2026-10-07 05:59:05.783 3647173 DEBUG oslo_service.backend._eventlet.service [req-5b1ae049-5d65-461a-a8ef-bb7bc450de34 - - - - - -] keystone_authtoken.memcache_pool_conn_get_timeout = 10 [00;33m{{(pid=3647173) log_opt_values /opt/stack/data/venv/lib/python3.12/site-packages/oslo_config/cfg.py:3560}}[00m
2026-10-07 05:59:05.784 3647173 DEBUG oslo_service.backend._eventlet.service [req-5b1ae049-5d65-461a-a8ef-bb7bc450de34 - - - - - -] keystone_authtoken.memcache_pool_dead_retry = 300 [00;33m{{(pid=3647173) log_opt_values /opt/stack/data/venv/lib/python3.12/site-packages/oslo_config/cfg.py:3560}}[00m
2026-10-07 05:59:05.784 3647173 DEBUG oslo_service.backend._eventlet.service [req-5b1ae049-5d65-461a-a8ef-bb7bc450de34 - - - - - -] keystone_authtoken.memcache_pool_maxsize = 10 [00;33m{{(pid=3647173) log_opt_values /opt/stack/data/venv/lib/python3.12/site-packages/oslo_config/cfg.py:3560}}[00m
2026-10-07 05:59:05.784 3647173 DEBUG oslo_service.backend._eventlet.service [req-5b1ae049-5d65-461a-a8ef-bb7bc450de34 - - - - - -] keystone_authtoken.memcache_pool_socket_timeout = 3 [00;33m{{(pid=3647173) log_opt_values /opt/stack/data/venv/lib/python3.12/site-packages/oslo_config/cfg.py:3560}}[00m
2026-10-07 05:59:05.784 3647173 DEBUG oslo_service.backend._eventlet.service [req-5b1ae049-5d65-461a-a8ef-bb7bc450de34 - - - - - -] keystone_authtoken.memcache_pool_unused_timeout = 60 [00;33m{{(pid=3647173) log_opt_values /opt/stack/data/venv/lib/python3.12/site-packages/oslo_config/cfg.py:3560}}[00m
2026-10-07 05:59:05.784 3647173 DEBUG oslo_service.backend._eventlet.service [req-5b1ae049-5d65-461a-a8ef-bb7bc450de34 - - - - - -] keystone_authtoken.memcache_sasl_enabled = False [00;33m{{(pid=3647173) log_opt_values /opt/stack/data/venv/lib/python3.12/site-packages/oslo_config/cfg.py:3560}}[00m
2026-10-07 05:59:05.784 3647173 DEBUG oslo_service.backend._eventlet.service [req-5b1ae049-5d65-461a-a8ef-bb7bc450de34 - - - - - -] keystone_authtoken.memcache_secret_key = **** [00;33m{{(pid=3647173) log_opt_values /opt/stack/data/venv/lib/python3.12/site-packages/oslo_config/cfg.py:3560}}[00m
2026-10-07 05:59:05.784 3647173 DEBUG oslo_service.backend._eventlet.service [req-5b1ae049-5d65-461a-a8ef-bb7bc450de34 - - - - - -] keystone_authtoken.memcache_security_strategy = None [00;33m{{(pid=3647173) log_opt_values /opt/stack/data/venv/lib/python3.12/site-packages/oslo_config/cfg.py:3560}}[00m
2026-10-07 05:59:05.784 3647173 DEBUG oslo_service.backend._eventlet.service [req-5b1ae049-5d65-461a-a8ef-bb7bc450de34 - - - - - -] keystone_authtoken.memcache_tls_allowed_ciphers = None [00;33m{{(pid=3647173) log_opt_values /opt/stack/data/venv/lib/python3.12/site-packages/oslo_config/cfg.py:3560}}[00m
2026-10-07 05:59:05.784 3647173 DEBUG oslo_service.backend._eventlet.service [req-5b1ae049-5d65-461a-a8ef-bb7bc450de34 - - - - - -] keystone_authtoken.memcache_tls_cafile = None [00;33m{{(pid=3647173) log_opt_values /opt/stack/data/venv/lib/python3.12/site-packages/oslo_config/cfg.py:3560}}[00m
2026-10-07 05:59:05.784 3647173 DEBUG oslo_service.backend._eventlet.service [req-5b1ae049-5d65-461a-a8ef-bb7bc450de34 - - - - - -] keystone_authtoken.memcache_tls_certfile = None [00;33m{{(pid=3647173) log_opt_values /opt/stack/data/venv/lib/python3.12/site-packages/oslo_config/cfg.py:3560}}[00m
2026-10-07 05:59:05.784 3647173 DEBUG oslo_service.backend._eventlet.service [req-5b1ae049-5d65-461a-a8ef-bb7bc450de34 - - - - - -] keystone_authtoken.memcache_tls_enabled = False [00;33m{{(pid=3647173) log_opt_values /opt/stack/data/venv/lib/python3.12/site-packages/oslo_config/cfg.py:3560}}[00m
2026-10-07 05:59:05.784 3647173 DEBUG oslo_service.backend._eventlet.service [req-5b1ae049-5d65-461a-a8ef-bb7bc450de34 - - - - - -] keystone_authtoken.memcache_tls_keyfile = None [00;33m{{(pid=3647173) log_opt_values /opt/stack/data/venv/lib/python3.12/site-packages/oslo_config/cfg.py:3560}}[00m
2026-10-07 05:59:05.784 3647173 DEBUG oslo_service.backend._eventlet.service [req-5b1ae049-5d65-461a-a8ef-bb7bc450de34 - - - - - -] keystone_authtoken.memcache_use_advanced_pool = True [00;33m{{(pid=3647173) log_opt_values /opt/stack/data/venv/lib/python3.12/site-packages/oslo_config/cfg.py:3560}}[00m
2026-10-07 05:59:05.785 3647173 DEBUG oslo_service.backend._eventlet.service [req-5b1ae049-5d65-461a-a8ef-bb7bc450de34 - - - - - -] keystone_authtoken.memcache_username = None [00;33m{{(pid=3647173) log_opt_values /opt/stack/data/venv/lib/python3.12/site-packages/oslo_config/cfg.py:3560}}[00m
2026-10-07 05:59:05.785 3647173 DEBUG oslo_service.backend._eventlet.service [req-5b1ae049-5d65-461a-a8ef-bb7bc450de34 - - - - - -] keystone_authtoken.memcached_servers = ['localhost:11211'] [00;33m{{(pid=3647173) log_opt_values /opt/stack/data/venv/lib/python3.12/site-packages/oslo_config/cfg.py:3560}}[00m
2026-10-07 05:59:05.785 3647173 DEBUG oslo_service.backend._eventlet.service [req-5b1ae049-5d65-461a-a8ef-bb7bc450de34 - - - - - -] keystone_authtoken.region_name = None [00;33m{{(pid=3647173) log_opt_values /opt/stack/data/venv/lib/python3.12/site-packages/oslo_config/cfg.py:3560}}[00m
2026-10-07 05:59:05.785 3647173 DEBUG oslo_service.backend._eventlet.service [req-5b1ae049-5d65-461a-a8ef-bb7bc450de34 - - - - - -] keystone_authtoken.service_token_roles = ['service'] [00;33m{{(pid=3647173) log_opt_values /opt/stack/data/venv/lib/python3.12/site-packages/oslo_config/cfg.py:3560}}[00m
2026-10-07 05:59:05.785 3647173 DEBUG oslo_service.backend._eventlet.service [req-5b1ae049-5d65-461a-a8ef-bb7bc450de34 - - - - - -] keystone_authtoken.service_token_roles_required = True [00;33m{{(pid=3647173) log_opt_values /opt/stack/data/venv/lib/python3.12/site-packages/oslo_config/cfg.py:3560}}[00m
2026-10-07 05:59:05.785 3647173 DEBUG oslo_service.backend._eventlet.service [req-5b1ae049-5d65-461a-a8ef-bb7bc450de34 - - - - - -] keystone_authtoken.service_type = None [00;33m{{(pid=3647173) log_opt_values /opt/stack/data/venv/lib/python3.12/site-packages/oslo_config/cfg.py:3560}}[00m
2026-10-07 05:59:05.785 3647173 DEBUG oslo_service.backend._eventlet.service [req-5b1ae049-5d65-461a-a8ef-bb7bc450de34 - - - - - -] keystone_authtoken.token_cache_time = 300 [00;33m{{(pid=3647173) log_opt_values /opt/stack/data/venv/lib/python3.12/site-packages/oslo_config/cfg.py:3560}}[00m
2026-10-07 05:59:05.785 3647173 DEBUG oslo_service.backend._eventlet.service [req-5b1ae049-5d65-461a-a8ef-bb7bc450de34 - - - - - -] keystone_authtoken.www_authenticate_uri = http://172.25.92.210/identity [00;33m{{(pid=3647173) log_opt_values /opt/stack/data/venv/lib/python3.12/site-packages/oslo_config/cfg.py:3560}}[00m
2026-10-07 05:59:05.785 3647173 DEBUG oslo_service.backend._eventlet.service [req-5b1ae049-5d65-461a-a8ef-bb7bc450de34 - - - - - -] cache.backend                  = dogpile.cache.null [00;33m{{(pid=3647173) log_opt_values /opt/stack/data/venv/lib/python3.12/site-packages/oslo_config/cfg.py:3560}}[00m
2026-10-07 05:59:05.785 3647173 DEBUG oslo_service.backend._eventlet.service [req-5b1ae049-5d65-461a-a8ef-bb7bc450de34 - - - - - -] cache.backend_argument         = **** [00;33m{{(pid=3647173) log_opt_values /opt/stack/data/venv/lib/python3.12/site-packages/oslo_config/cfg.py:3560}}[00m
2026-10-07 05:59:05.785 3647173 DEBUG oslo_service.backend._eventlet.service [req-5b1ae049-5d65-461a-a8ef-bb7bc450de34 - - - - - -] cache.backend_expiration_time  = None [00;33m{{(pid=3647173) log_opt_values /opt/stack/data/venv/lib/python3.12/site-packages/oslo_config/cfg.py:3560}}[00m
2026-10-07 05:59:05.786 3647173 DEBUG oslo_service.backend._eventlet.service [req-5b1ae049-5d65-461a-a8ef-bb7bc450de34 - - - - - -] cache.config_prefix            = cache.oslo [00;33m{{(pid=3647173) log_opt_values /opt/stack/data/venv/lib/python3.12/site-packages/oslo_config/cfg.py:3560}}[00m
2026-10-07 05:59:05.786 3647173 DEBUG oslo_service.backend._eventlet.service [req-5b1ae049-5d65-461a-a8ef-bb7bc450de34 - - - - - -] cache.debug_cache_backend      = False [00;33m{{(pid=3647173) log_opt_values /opt/stack/data/venv/lib/python3.12/site-packages/oslo_config/cfg.py:3560}}[00m
2026-10-07 05:59:05.786 3647173 DEBUG oslo_service.backend._eventlet.service [req-5b1ae049-5d65-461a-a8ef-bb7bc450de34 - - - - - -] cache.enable_retry_client      = False [00;33m{{(pid=3647173) log_opt_values /opt/stack/data/venv/lib/python3.12/site-packages/oslo_config/cfg.py:3560}}[00m
2026-10-07 05:59:05.786 3647173 DEBUG oslo_service.backend._eventlet.service [req-5b1ae049-5d65-461a-a8ef-bb7bc450de34 - - - - - -] cache.enable_socket_keepalive  = False [00;33m{{(pid=3647173) log_opt_values /opt/stack/data/venv/lib/python3.12/site-packages/oslo_config/cfg.py:3560}}[00m
2026-10-07 05:59:05.786 3647173 DEBUG oslo_service.backend._eventlet.service [req-5b1ae049-5d65-461a-a8ef-bb7bc450de34 - - - - - -] cache.enabled                  = False [00;33m{{(pid=3647173) log_opt_values /opt/stack/data/venv/lib/python3.12/site-packages/oslo_config/cfg.py:3560}}[00m
2026-10-07 05:59:05.786 3647173 DEBUG oslo_service.backend._eventlet.service [req-5b1ae049-5d65-461a-a8ef-bb7bc450de34 - - - - - -] cache.expiration_time          = 600 [00;33m{{(pid=3647173) log_opt_values /opt/stack/data/venv/lib/python3.12/site-packages/oslo_config/cfg.py:3560}}[00m
2026-10-07 05:59:05.786 3647173 DEBUG oslo_service.backend._eventlet.service [req-5b1ae049-5d65-461a-a8ef-bb7bc450de34 - - - - - -] cache.hashclient_dead_timeout  = 60.0 [00;33m{{(pid=3647173) log_opt_values /opt/stack/data/venv/lib/python3.12/site-packages/oslo_config/cfg.py:3560}}[00m
2026-10-07 05:59:05.786 3647173 DEBUG oslo_service.backend._eventlet.service [req-5b1ae049-5d65-461a-a8ef-bb7bc450de34 - - - - - -] cache.hashclient_retry_attempts = 2 [00;33m{{(pid=3647173) log_opt_values /opt/stack/data/venv/lib/python3.12/site-packages/oslo_config/cfg.py:3560}}[00m
2026-10-07 05:59:05.786 3647173 DEBUG oslo_service.backend._eventlet.service [req-5b1ae049-5d65-461a-a8ef-bb7bc450de34 - - - - - -] cache.hashclient_retry_timeout = 1.0 [00;33m{{(pid=3647173) log_opt_values /opt/stack/data/venv/lib/python3.12/site-packages/oslo_config/cfg.py:3560}}[00m
2026-10-07 05:59:05.786 3647173 DEBUG oslo_service.backend._eventlet.service [req-5b1ae049-5d65-461a-a8ef-bb7bc450de34 - - - - - -] cache.memcache_dead_retry      = 300 [00;33m{{(pid=3647173) log_opt_values /opt/stack/data/venv/lib/python3.12/site-packages/oslo_config/cfg.py:3560}}[00m
2026-10-07 05:59:05.786 3647173 DEBUG oslo_service.backend._eventlet.service [req-5b1ae049-5d65-461a-a8ef-bb7bc450de34 - - - - - -] cache.memcache_pool_connection_get_timeout = 10 [00;33m{{(pid=3647173) log_opt_values /opt/stack/data/venv/lib/python3.12/site-packages/oslo_config/cfg.py:3560}}[00m
2026-10-07 05:59:05.786 3647173 DEBUG oslo_service.backend._eventlet.service [req-5b1ae049-5d65-461a-a8ef-bb7bc450de34 - - - - - -] cache.memcache_pool_flush_on_reconnect = False [00;33m{{(pid=3647173) log_opt_values /opt/stack/data/venv/lib/python3.12/site-packages/oslo_config/cfg.py:3560}}[00m
2026-10-07 05:59:05.787 3647173 DEBUG oslo_service.backend._eventlet.service [req-5b1ae049-5d65-461a-a8ef-bb7bc450de34 - - - - - -] cache.memcache_pool_maxsize    = 10 [00;33m{{(pid=3647173) log_opt_values /opt/stack/data/venv/lib/python3.12/site-packages/oslo_config/cfg.py:3560}}[00m
2026-10-07 05:59:05.787 3647173 DEBUG oslo_service.backend._eventlet.service [req-5b1ae049-5d65-461a-a8ef-bb7bc450de34 - - - - - -] cache.memcache_pool_unused_timeout = 60 [00;33m{{(pid=3647173) log_opt_values /opt/stack/data/venv/lib/python3.12/site-packages/oslo_config/cfg.py:3560}}[00m
2026-10-07 05:59:05.787 3647173 DEBUG oslo_service.backend._eventlet.service [req-5b1ae049-5d65-461a-a8ef-bb7bc450de34 - - - - - -] cache.memcache_sasl_enabled    = False [00;33m{{(pid=3647173) log_opt_values /opt/stack/data/venv/lib/python3.12/site-packages/oslo_config/cfg.py:3560}}[00m
2026-10-07 05:59:05.787 3647173 DEBUG oslo_service.backend._eventlet.service [req-5b1ae049-5d65-461a-a8ef-bb7bc450de34 - - - - - -] cache.memcache_servers         = ['localhost:11211'] [00;33m{{(pid=3647173) log_opt_values /opt/stack/data/venv/lib/python3.12/site-packages/oslo_config/cfg.py:3560}}[00m
2026-10-07 05:59:05.787 3647173 DEBUG oslo_service.backend._eventlet.service [req-5b1ae049-5d65-461a-a8ef-bb7bc450de34 - - - - - -] cache.password                 = **** [00;33m{{(pid=3647173) log_opt_values /opt/stack/data/venv/lib/python3.12/site-packages/oslo_config/cfg.py:3560}}[00m
2026-10-07 05:59:05.787 3647173 DEBUG oslo_service.backend._eventlet.service [req-5b1ae049-5d65-461a-a8ef-bb7bc450de34 - - - - - -] cache.proxies                  = [] [00;33m{{(pid=3647173) log_opt_values /opt/stack/data/venv/lib/python3.12/site-packages/oslo_config/cfg.py:3560}}[00m
2026-10-07 05:59:05.787 3647173 DEBUG oslo_service.backend._eventlet.service [req-5b1ae049-5d65-461a-a8ef-bb7bc450de34 - - - - - -] cache.redis_db                 = 0 [00;33m{{(pid=3647173) log_opt_values /opt/stack/data/venv/lib/python3.12/site-packages/oslo_config/cfg.py:3560}}[00m
2026-10-07 05:59:05.787 3647173 DEBUG oslo_service.backend._eventlet.service [req-5b1ae049-5d65-461a-a8ef-bb7bc450de34 - - - - - -] cache.redis_sentinel_service_name = mymaster [00;33m{{(pid=3647173) log_opt_values /opt/stack/data/venv/lib/python3.12/site-packages/oslo_config/cfg.py:3560}}[00m
2026-10-07 05:59:05.787 3647173 DEBUG oslo_service.backend._eventlet.service [req-5b1ae049-5d65-461a-a8ef-bb7bc450de34 - - - - - -] cache.redis_sentinels          = ['localhost:26379'] [00;33m{{(pid=3647173) log_opt_values /opt/stack/data/venv/lib/python3.12/site-packages/oslo_config/cfg.py:3560}}[00m
2026-10-07 05:59:05.787 3647173 DEBUG oslo_service.backend._eventlet.service [req-5b1ae049-5d65-461a-a8ef-bb7bc450de34 - - - - - -] cache.redis_server             = localhost:6379 [00;33m{{(pid=3647173) log_opt_values /opt/stack/data/venv/lib/python3.12/site-packages/oslo_config/cfg.py:3560}}[00m
2026-10-07 05:59:05.787 3647173 DEBUG oslo_service.backend._eventlet.service [req-5b1ae049-5d65-461a-a8ef-bb7bc450de34 - - - - - -] cache.retry_attempts           = 2 [00;33m{{(pid=3647173) log_opt_values /opt/stack/data/venv/lib/python3.12/site-packages/oslo_config/cfg.py:3560}}[00m
2026-10-07 05:59:05.787 3647173 DEBUG oslo_service.backend._eventlet.service [req-5b1ae049-5d65-461a-a8ef-bb7bc450de34 - - - - - -] cache.retry_delay              = 0.0 [00;33m{{(pid=3647173) log_opt_values /opt/stack/data/venv/lib/python3.12/site-packages/oslo_config/cfg.py:3560}}[00m
2026-10-07 05:59:05.787 3647173 DEBUG oslo_service.backend._eventlet.service [req-5b1ae049-5d65-461a-a8ef-bb7bc450de34 - - - - - -] cache.socket_keepalive_count   = 1 [00;33m{{(pid=3647173) log_opt_values /opt/stack/data/venv/lib/python3.12/site-packages/oslo_config/cfg.py:3560}}[00m
2026-10-07 05:59:05.788 3647173 DEBUG oslo_service.backend._eventlet.service [req-5b1ae049-5d65-461a-a8ef-bb7bc450de34 - - - - - -] cache.socket_keepalive_idle    = 1 [00;33m{{(pid=3647173) log_opt_values /opt/stack/data/venv/lib/python3.12/site-packages/oslo_config/cfg.py:3560}}[00m
2026-10-07 05:59:05.788 3647173 DEBUG oslo_service.backend._eventlet.service [req-5b1ae049-5d65-461a-a8ef-bb7bc450de34 - - - - - -] cache.socket_keepalive_interval = 1 [00;33m{{(pid=3647173) log_opt_values /opt/stack/data/venv/lib/python3.12/site-packages/oslo_config/cfg.py:3560}}[00m
2026-10-07 05:59:05.788 3647173 DEBUG oslo_service.backend._eventlet.service [req-5b1ae049-5d65-461a-a8ef-bb7bc450de34 - - - - - -] cache.socket_timeout           = 1.0 [00;33m{{(pid=3647173) log_opt_values /opt/stack/data/venv/lib/python3.12/site-packages/oslo_config/cfg.py:3560}}[00m
2026-10-07 05:59:05.788 3647173 DEBUG oslo_service.backend._eventlet.service [req-5b1ae049-5d65-461a-a8ef-bb7bc450de34 - - - - - -] cache.tls_allowed_ciphers      = None [00;33m{{(pid=3647173) log_opt_values /opt/stack/data/venv/lib/python3.12/site-packages/oslo_config/cfg.py:3560}}[00m
2026-10-07 05:59:05.788 3647173 DEBUG oslo_service.backend._eventlet.service [req-5b1ae049-5d65-461a-a8ef-bb7bc450de34 - - - - - -] cache.tls_cafile               = None [00;33m{{(pid=3647173) log_opt_values /opt/stack/data/venv/lib/python3.12/site-packages/oslo_config/cfg.py:3560}}[00m
2026-10-07 05:59:05.788 3647173 DEBUG oslo_service.backend._eventlet.service [req-5b1ae049-5d65-461a-a8ef-bb7bc450de34 - - - - - -] cache.tls_certfile             = None [00;33m{{(pid=3647173) log_opt_values /opt/stack/data/venv/lib/python3.12/site-packages/oslo_config/cfg.py:3560}}[00m
2026-10-07 05:59:05.788 3647173 DEBUG oslo_service.backend._eventlet.service [req-5b1ae049-5d65-461a-a8ef-bb7bc450de34 - - - - - -] cache.tls_enabled              = False [00;33m{{(pid=3647173) log_opt_values /opt/stack/data/venv/lib/python3.12/site-packages/oslo_config/cfg.py:3560}}[00m
2026-10-07 05:59:05.788 3647173 DEBUG oslo_service.backend._eventlet.service [req-5b1ae049-5d65-461a-a8ef-bb7bc450de34 - - - - - -] cache.tls_keyfile              = None [00;33m{{(pid=3647173) log_opt_values /opt/stack/data/venv/lib/python3.12/site-packages/oslo_config/cfg.py:3560}}[00m
2026-10-07 05:59:05.788 3647173 DEBUG oslo_service.backend._eventlet.service [req-5b1ae049-5d65-461a-a8ef-bb7bc450de34 - - - - - -] cache.username                 = None [00;33m{{(pid=3647173) log_opt_values /opt/stack/data/venv/lib/python3.12/site-packages/oslo_config/cfg.py:3560}}[00m
2026-10-07 05:59:05.788 3647173 DEBUG oslo_service.backend._eventlet.service [req-5b1ae049-5d65-461a-a8ef-bb7bc450de34 - - - - - -] coordination.backend_url       = **** [00;33m{{(pid=3647173) log_opt_values /opt/stack/data/venv/lib/python3.12/site-packages/oslo_config/cfg.py:3560}}[00m
2026-10-07 05:59:05.788 3647173 DEBUG oslo_service.backend._eventlet.service [req-5b1ae049-5d65-461a-a8ef-bb7bc450de34 - - - - - -] database.asyncio_connection    = **** [00;33m{{(pid=3647173) log_opt_values /opt/stack/data/venv/lib/python3.12/site-packages/oslo_config/cfg.py:3560}}[00m
2026-10-07 05:59:05.788 3647173 DEBUG oslo_service.backend._eventlet.service [req-5b1ae049-5d65-461a-a8ef-bb7bc450de34 - - - - - -] database.asyncio_slave_connection = **** [00;33m{{(pid=3647173) log_opt_values /opt/stack/data/venv/lib/python3.12/site-packages/oslo_config/cfg.py:3560}}[00m
2026-10-07 05:59:05.789 3647173 DEBUG oslo_service.backend._eventlet.service [req-5b1ae049-5d65-461a-a8ef-bb7bc450de34 - - - - - -] database.backend               = sqlalchemy [00;33m{{(pid=3647173) log_opt_values /opt/stack/data/venv/lib/python3.12/site-packages/oslo_config/cfg.py:3560}}[00m
2026-10-07 05:59:05.789 3647173 DEBUG oslo_service.backend._eventlet.service [req-5b1ae049-5d65-461a-a8ef-bb7bc450de34 - - - - - -] database.connection            = **** [00;33m{{(pid=3647173) log_opt_values /opt/stack/data/venv/lib/python3.12/site-packages/oslo_config/cfg.py:3560}}[00m
2026-10-07 05:59:05.789 3647173 DEBUG oslo_service.backend._eventlet.service [req-5b1ae049-5d65-461a-a8ef-bb7bc450de34 - - - - - -] database.connection_debug      = 0 [00;33m{{(pid=3647173) log_opt_values /opt/stack/data/venv/lib/python3.12/site-packages/oslo_config/cfg.py:3560}}[00m
2026-10-07 05:59:05.789 3647173 DEBUG oslo_service.backend._eventlet.service [req-5b1ae049-5d65-461a-a8ef-bb7bc450de34 - - - - - -] database.connection_parameters =  [00;33m{{(pid=3647173) log_opt_values /opt/stack/data/venv/lib/python3.12/site-packages/oslo_config/cfg.py:3560}}[00m
2026-10-07 05:59:05.789 3647173 DEBUG oslo_service.backend._eventlet.service [req-5b1ae049-5d65-461a-a8ef-bb7bc450de34 - - - - - -] database.connection_recycle_time = 3600 [00;33m{{(pid=3647173) log_opt_values /opt/stack/data/venv/lib/python3.12/site-packages/oslo_config/cfg.py:3560}}[00m
2026-10-07 05:59:05.789 3647173 DEBUG oslo_service.backend._eventlet.service [req-5b1ae049-5d65-461a-a8ef-bb7bc450de34 - - - - - -] database.connection_trace      = False [00;33m{{(pid=3647173) log_opt_values /opt/stack/data/venv/lib/python3.12/site-packages/oslo_config/cfg.py:3560}}[00m
2026-10-07 05:59:05.789 3647173 DEBUG oslo_service.backend._eventlet.service [req-5b1ae049-5d65-461a-a8ef-bb7bc450de34 - - - - - -] database.db_inc_retry_interval = True [00;33m{{(pid=3647173) log_opt_values /opt/stack/data/venv/lib/python3.12/site-packages/oslo_config/cfg.py:3560}}[00m
2026-10-07 05:59:05.789 3647173 DEBUG oslo_service.backend._eventlet.service [req-5b1ae049-5d65-461a-a8ef-bb7bc450de34 - - - - - -] database.db_max_retries        = 20 [00;33m{{(pid=3647173) log_opt_values /opt/stack/data/venv/lib/python3.12/site-packages/oslo_config/cfg.py:3560}}[00m
2026-10-07 05:59:05.789 3647173 DEBUG oslo_service.backend._eventlet.service [req-5b1ae049-5d65-461a-a8ef-bb7bc450de34 - - - - - -] database.db_max_retry_interval = 10 [00;33m{{(pid=3647173) log_opt_values /opt/stack/data/venv/lib/python3.12/site-packages/oslo_config/cfg.py:3560}}[00m
2026-10-07 05:59:05.789 3647173 DEBUG oslo_service.backend._eventlet.service [req-5b1ae049-5d65-461a-a8ef-bb7bc450de34 - - - - - -] database.db_retry_interval     = 1 [00;33m{{(pid=3647173) log_opt_values /opt/stack/data/venv/lib/python3.12/site-packages/oslo_config/cfg.py:3560}}[00m
2026-10-07 05:59:05.789 3647173 DEBUG oslo_service.backend._eventlet.service [req-5b1ae049-5d65-461a-a8ef-bb7bc450de34 - - - - - -] database.max_overflow          = 50 [00;33m{{(pid=3647173) log_opt_values /opt/stack/data/venv/lib/python3.12/site-packages/oslo_config/cfg.py:3560}}[00m
2026-10-07 05:59:05.789 3647173 DEBUG oslo_service.backend._eventlet.service [req-5b1ae049-5d65-461a-a8ef-bb7bc450de34 - - - - - -] database.max_pool_size         = 5 [00;33m{{(pid=3647173) log_opt_values /opt/stack/data/venv/lib/python3.12/site-packages/oslo_config/cfg.py:3560}}[00m
2026-10-07 05:59:05.790 3647173 DEBUG oslo_service.backend._eventlet.service [req-5b1ae049-5d65-461a-a8ef-bb7bc450de34 - - - - - -] database.max_retries           = 10 [00;33m{{(pid=3647173) log_opt_values /opt/stack/data/venv/lib/python3.12/site-packages/oslo_config/cfg.py:3560}}[00m
2026-10-07 05:59:05.790 3647173 DEBUG oslo_service.backend._eventlet.service [req-5b1ae049-5d65-461a-a8ef-bb7bc450de34 - - - - - -] database.mysql_sql_mode        = TRADITIONAL [00;33m{{(pid=3647173) log_opt_values /opt/stack/data/venv/lib/python3.12/site-packages/oslo_config/cfg.py:3560}}[00m
2026-10-07 05:59:05.790 3647173 DEBUG oslo_service.backend._eventlet.service [req-5b1ae049-5d65-461a-a8ef-bb7bc450de34 - - - - - -] database.mysql_wsrep_sync_wait = None [00;33m{{(pid=3647173) log_opt_values /opt/stack/data/venv/lib/python3.12/site-packages/oslo_config/cfg.py:3560}}[00m
2026-10-07 05:59:05.790 3647173 DEBUG oslo_service.backend._eventlet.service [req-5b1ae049-5d65-461a-a8ef-bb7bc450de34 - - - - - -] database.pool_timeout          = None [00;33m{{(pid=3647173) log_opt_values /opt/stack/data/venv/lib/python3.12/site-packages/oslo_config/cfg.py:3560}}[00m
2026-10-07 05:59:05.790 3647173 DEBUG oslo_service.backend._eventlet.service [req-5b1ae049-5d65-461a-a8ef-bb7bc450de34 - - - - - -] database.retry_interval        = 10 [00;33m{{(pid=3647173) log_opt_values /opt/stack/data/venv/lib/python3.12/site-packages/oslo_config/cfg.py:3560}}[00m
2026-10-07 05:59:05.790 3647173 DEBUG oslo_service.backend._eventlet.service [req-5b1ae049-5d65-461a-a8ef-bb7bc450de34 - - - - - -] database.slave_connection      = **** [00;33m{{(pid=3647173) log_opt_values /opt/stack/data/venv/lib/python3.12/site-packages/oslo_config/cfg.py:3560}}[00m
2026-10-07 05:59:05.790 3647173 DEBUG oslo_service.backend._eventlet.service [req-5b1ae049-5d65-461a-a8ef-bb7bc450de34 - - - - - -] database.sqlite_synchronous    = True [00;33m{{(pid=3647173) log_opt_values /opt/stack/data/venv/lib/python3.12/site-packages/oslo_config/cfg.py:3560}}[00m
2026-10-07 05:59:05.790 3647173 DEBUG oslo_service.backend._eventlet.service [req-5b1ae049-5d65-461a-a8ef-bb7bc450de34 - - - - - -] database.synchronous_reader    = True [00;33m{{(pid=3647173) log_opt_values /opt/stack/data/venv/lib/python3.12/site-packages/oslo_config/cfg.py:3560}}[00m
2026-10-07 05:59:05.790 3647173 DEBUG oslo_service.backend._eventlet.service [req-5b1ae049-5d65-461a-a8ef-bb7bc450de34 - - - - - -] database.use_db_reconnect      = False [00;33m{{(pid=3647173) log_opt_values /opt/stack/data/venv/lib/python3.12/site-packages/oslo_config/cfg.py:3560}}[00m
2026-10-07 05:59:05.790 3647173 DEBUG oslo_service.backend._eventlet.service [req-5b1ae049-5d65-461a-a8ef-bb7bc450de34 - - - - - -] oslo_messaging_metrics.metrics_buffer_size = 1000 [00;33m{{(pid=3647173) log_opt_values /opt/stack/data/venv/lib/python3.12/site-packages/oslo_config/cfg.py:3560}}[00m
2026-10-07 05:59:05.790 3647173 DEBUG oslo_service.backend._eventlet.service [req-5b1ae049-5d65-461a-a8ef-bb7bc450de34 - - - - - -] oslo_messaging_metrics.metrics_enabled = False [00;33m{{(pid=3647173) log_opt_values /opt/stack/data/venv/lib/python3.12/site-packages/oslo_config/cfg.py:3560}}[00m
2026-10-07 05:59:05.790 3647173 DEBUG oslo_service.backend._eventlet.service [req-5b1ae049-5d65-461a-a8ef-bb7bc450de34 - - - - - -] oslo_messaging_metrics.metrics_process_name =  [00;33m{{(pid=3647173) log_opt_values /opt/stack/data/venv/lib/python3.12/site-packages/oslo_config/cfg.py:3560}}[00m
2026-10-07 05:59:05.791 3647173 DEBUG oslo_service.backend._eventlet.service [req-5b1ae049-5d65-461a-a8ef-bb7bc450de34 - - - - - -] oslo_messaging_metrics.metrics_socket_file = /var/tmp/metrics_collector.sock [00;33m{{(pid=3647173) log_opt_values /opt/stack/data/venv/lib/python3.12/site-packages/oslo_config/cfg.py:3560}}[00m
2026-10-07 05:59:05.791 3647173 DEBUG oslo_service.backend._eventlet.service [req-5b1ae049-5d65-461a-a8ef-bb7bc450de34 - - - - - -] oslo_messaging_metrics.metrics_thread_stop_timeout = 10 [00;33m{{(pid=3647173) log_opt_values /opt/stack/data/venv/lib/python3.12/site-packages/oslo_config/cfg.py:3560}}[00m
2026-10-07 05:59:05.791 3647173 DEBUG oslo_service.backend._eventlet.service [req-5b1ae049-5d65-461a-a8ef-bb7bc450de34 - - - - - -] oslo_messaging_tracing.insecure = False [00;33m{{(pid=3647173) log_opt_values /opt/stack/data/venv/lib/python3.12/site-packages/oslo_config/cfg.py:3560}}[00m
2026-10-07 05:59:05.791 3647173 DEBUG oslo_service.backend._eventlet.service [req-5b1ae049-5d65-461a-a8ef-bb7bc450de34 - - - - - -] oslo_messaging_tracing.otel_exporter_otlp_endpoint = http://localhost:4318 [00;33m{{(pid=3647173) log_opt_values /opt/stack/data/venv/lib/python3.12/site-packages/oslo_config/cfg.py:3560}}[00m
2026-10-07 05:59:05.791 3647173 DEBUG oslo_service.backend._eventlet.service [req-5b1ae049-5d65-461a-a8ef-bb7bc450de34 - - - - - -] oslo_messaging_tracing.otlp_protocol = http/protobuf [00;33m{{(pid=3647173) log_opt_values /opt/stack/data/venv/lib/python3.12/site-packages/oslo_config/cfg.py:3560}}[00m
2026-10-07 05:59:05.791 3647173 DEBUG oslo_service.backend._eventlet.service [req-5b1ae049-5d65-461a-a8ef-bb7bc450de34 - - - - - -] oslo_messaging_tracing.tracing_enabled = False [00;33m{{(pid=3647173) log_opt_values /opt/stack/data/venv/lib/python3.12/site-packages/oslo_config/cfg.py:3560}}[00m
2026-10-07 05:59:05.791 3647173 DEBUG oslo_service.backend._eventlet.service [req-5b1ae049-5d65-461a-a8ef-bb7bc450de34 - - - - - -] oslo_messaging_tracing.tracing_service_name = openstack [00;33m{{(pid=3647173) log_opt_values /opt/stack/data/venv/lib/python3.12/site-packages/oslo_config/cfg.py:3560}}[00m
2026-10-07 05:59:05.791 3647173 DEBUG oslo_service.backend._eventlet.service [req-5b1ae049-5d65-461a-a8ef-bb7bc450de34 - - - - - -] profiler.connection_string     = messaging:// [00;33m{{(pid=3647173) log_opt_values /opt/stack/data/venv/lib/python3.12/site-packages/oslo_config/cfg.py:3560}}[00m
2026-10-07 05:59:05.791 3647173 DEBUG oslo_service.backend._eventlet.service [req-5b1ae049-5d65-461a-a8ef-bb7bc450de34 - - - - - -] profiler.enabled               = False [00;33m{{(pid=3647173) log_opt_values /opt/stack/data/venv/lib/python3.12/site-packages/oslo_config/cfg.py:3560}}[00m
2026-10-07 05:59:05.791 3647173 DEBUG oslo_service.backend._eventlet.service [req-5b1ae049-5d65-461a-a8ef-bb7bc450de34 - - - - - -] profiler.es_doc_type           = notification [00;33m{{(pid=3647173) log_opt_values /opt/stack/data/venv/lib/python3.12/site-packages/oslo_config/cfg.py:3560}}[00m
2026-10-07 05:59:05.791 3647173 DEBUG oslo_service.backend._eventlet.service [req-5b1ae049-5d65-461a-a8ef-bb7bc450de34 - - - - - -] profiler.es_scroll_size        = 10000 [00;33m{{(pid=3647173) log_opt_values /opt/stack/data/venv/lib/python3.12/site-packages/oslo_config/cfg.py:3560}}[00m
2026-10-07 05:59:05.791 3647173 DEBUG oslo_service.backend._eventlet.service [req-5b1ae049-5d65-461a-a8ef-bb7bc450de34 - - - - - -] profiler.es_scroll_time        = 2m [00;33m{{(pid=3647173) log_opt_values /opt/stack/data/venv/lib/python3.12/site-packages/oslo_config/cfg.py:3560}}[00m
2026-10-07 05:59:05.792 3647173 DEBUG oslo_service.backend._eventlet.service [req-5b1ae049-5d65-461a-a8ef-bb7bc450de34 - - - - - -] profiler.filter_error_trace    = False [00;33m{{(pid=3647173) log_opt_values /opt/stack/data/venv/lib/python3.12/site-packages/oslo_config/cfg.py:3560}}[00m
2026-10-07 05:59:05.792 3647173 DEBUG oslo_service.backend._eventlet.service [req-5b1ae049-5d65-461a-a8ef-bb7bc450de34 - - - - - -] profiler.hmac_keys             = **** [00;33m{{(pid=3647173) log_opt_values /opt/stack/data/venv/lib/python3.12/site-packages/oslo_config/cfg.py:3560}}[00m
2026-10-07 05:59:05.792 3647173 DEBUG oslo_service.backend._eventlet.service [req-5b1ae049-5d65-461a-a8ef-bb7bc450de34 - - - - - -] profiler.sentinel_service_name = mymaster [00;33m{{(pid=3647173) log_opt_values /opt/stack/data/venv/lib/python3.12/site-packages/oslo_config/cfg.py:3560}}[00m
2026-10-07 05:59:05.792 3647173 DEBUG oslo_service.backend._eventlet.service [req-5b1ae049-5d65-461a-a8ef-bb7bc450de34 - - - - - -] profiler.socket_timeout        = 0.1 [00;33m{{(pid=3647173) log_opt_values /opt/stack/data/venv/lib/python3.12/site-packages/oslo_config/cfg.py:3560}}[00m
2026-10-07 05:59:05.792 3647173 DEBUG oslo_service.backend._eventlet.service [req-5b1ae049-5d65-461a-a8ef-bb7bc450de34 - - - - - -] profiler.trace_requests        = False [00;33m{{(pid=3647173) log_opt_values /opt/stack/data/venv/lib/python3.12/site-packages/oslo_config/cfg.py:3560}}[00m
2026-10-07 05:59:05.792 3647173 DEBUG oslo_service.backend._eventlet.service [req-5b1ae049-5d65-461a-a8ef-bb7bc450de34 - - - - - -] profiler.trace_sqlalchemy      = False [00;33m{{(pid=3647173) log_opt_values /opt/stack/data/venv/lib/python3.12/site-packages/oslo_config/cfg.py:3560}}[00m
2026-10-07 05:59:05.792 3647173 DEBUG oslo_service.backend._eventlet.service [req-5b1ae049-5d65-461a-a8ef-bb7bc450de34 - - - - - -] profiler_jaeger.process_tags   = {} [00;33m{{(pid=3647173) log_opt_values /opt/stack/data/venv/lib/python3.12/site-packages/oslo_config/cfg.py:3560}}[00m
2026-10-07 05:59:05.792 3647173 DEBUG oslo_service.backend._eventlet.service [req-5b1ae049-5d65-461a-a8ef-bb7bc450de34 - - - - - -] profiler_jaeger.service_name_prefix = None [00;33m{{(pid=3647173) log_opt_values /opt/stack/data/venv/lib/python3.12/site-packages/oslo_config/cfg.py:3560}}[00m
2026-10-07 05:59:05.792 3647173 DEBUG oslo_service.backend._eventlet.service [req-5b1ae049-5d65-461a-a8ef-bb7bc450de34 - - - - - -] profiler_otlp.service_name_prefix = None [00;33m{{(pid=3647173) log_opt_values /opt/stack/data/venv/lib/python3.12/site-packages/oslo_config/cfg.py:3560}}[00m
2026-10-07 05:59:05.792 3647173 DEBUG oslo_service.backend._eventlet.service [req-5b1ae049-5d65-461a-a8ef-bb7bc450de34 - - - - - -] oslo_policy.enforce_new_defaults = True [00;33m{{(pid=3647173) log_opt_values /opt/stack/data/venv/lib/python3.12/site-packages/oslo_config/cfg.py:3560}}[00m
2026-10-07 05:59:05.792 3647173 DEBUG oslo_service.backend._eventlet.service [req-5b1ae049-5d65-461a-a8ef-bb7bc450de34 - - - - - -] oslo_policy.policy_default_rule = default [00;33m{{(pid=3647173) log_opt_values /opt/stack/data/venv/lib/python3.12/site-packages/oslo_config/cfg.py:3560}}[00m
2026-10-07 05:59:05.793 3647173 DEBUG oslo_service.backend._eventlet.service [req-5b1ae049-5d65-461a-a8ef-bb7bc450de34 - - - - - -] oslo_policy.policy_dirs        = ['policy.d'] [00;33m{{(pid=3647173) log_opt_values /opt/stack/data/venv/lib/python3.12/site-packages/oslo_config/cfg.py:3560}}[00m
2026-10-07 05:59:05.793 3647173 DEBUG oslo_service.backend._eventlet.service [req-5b1ae049-5d65-461a-a8ef-bb7bc450de34 - - - - - -] oslo_policy.policy_file        = policy.yaml [00;33m{{(pid=3647173) log_opt_values /opt/stack/data/venv/lib/python3.12/site-packages/oslo_config/cfg.py:3560}}[00m
2026-10-07 05:59:05.793 3647173 DEBUG oslo_service.backend._eventlet.service [req-5b1ae049-5d65-461a-a8ef-bb7bc450de34 - - - - - -] oslo_policy.remote_content_type = application/x-www-form-urlencoded [00;33m{{(pid=3647173) log_opt_values /opt/stack/data/venv/lib/python3.12/site-packages/oslo_config/cfg.py:3560}}[00m
2026-10-07 05:59:05.793 3647173 DEBUG oslo_service.backend._eventlet.service [req-5b1ae049-5d65-461a-a8ef-bb7bc450de34 - - - - - -] oslo_policy.remote_ssl_ca_crt_file = None [00;33m{{(pid=3647173) log_opt_values /opt/stack/data/venv/lib/python3.12/site-packages/oslo_config/cfg.py:3560}}[00m
2026-10-07 05:59:05.793 3647173 DEBUG oslo_service.backend._eventlet.service [req-5b1ae049-5d65-461a-a8ef-bb7bc450de34 - - - - - -] oslo_policy.remote_ssl_client_crt_file = None [00;33m{{(pid=3647173) log_opt_values /opt/stack/data/venv/lib/python3.12/site-packages/oslo_config/cfg.py:3560}}[00m
2026-10-07 05:59:05.793 3647173 DEBUG oslo_service.backend._eventlet.service [req-5b1ae049-5d65-461a-a8ef-bb7bc450de34 - - - - - -] oslo_policy.remote_ssl_client_key_file = None [00;33m{{(pid=3647173) log_opt_values /opt/stack/data/venv/lib/python3.12/site-packages/oslo_config/cfg.py:3560}}[00m
2026-10-07 05:59:05.793 3647173 DEBUG oslo_service.backend._eventlet.service [req-5b1ae049-5d65-461a-a8ef-bb7bc450de34 - - - - - -] oslo_policy.remote_ssl_verify_server_crt = False [00;33m{{(pid=3647173) log_opt_values /opt/stack/data/venv/lib/python3.12/site-packages/oslo_config/cfg.py:3560}}[00m
2026-10-07 05:59:05.793 3647173 DEBUG oslo_service.backend._eventlet.service [req-5b1ae049-5d65-461a-a8ef-bb7bc450de34 - - - - - -] oslo_policy.remote_timeout     = 60.0 [00;33m{{(pid=3647173) log_opt_values /opt/stack/data/venv/lib/python3.12/site-packages/oslo_config/cfg.py:3560}}[00m
2026-10-07 05:59:05.793 3647173 DEBUG oslo_service.backend._eventlet.service [req-5b1ae049-5d65-461a-a8ef-bb7bc450de34 - - - - - -] privsep_osbrick.capabilities   = [21, 2] [00;33m{{(pid=3647173) log_opt_values /opt/stack/data/venv/lib/python3.12/site-packages/oslo_config/cfg.py:3560}}[00m
2026-10-07 05:59:05.793 3647173 DEBUG oslo_service.backend._eventlet.service [req-5b1ae049-5d65-461a-a8ef-bb7bc450de34 - - - - - -] privsep_osbrick.group          = None [00;33m{{(pid=3647173) log_opt_values /opt/stack/data/venv/lib/python3.12/site-packages/oslo_config/cfg.py:3560}}[00m
2026-10-07 05:59:05.793 3647173 DEBUG oslo_service.backend._eventlet.service [req-5b1ae049-5d65-461a-a8ef-bb7bc450de34 - - - - - -] privsep_osbrick.helper_command = None [00;33m{{(pid=3647173) log_opt_values /opt/stack/data/venv/lib/python3.12/site-packages/oslo_config/cfg.py:3560}}[00m
2026-10-07 05:59:05.793 3647173 DEBUG oslo_service.backend._eventlet.service [req-5b1ae049-5d65-461a-a8ef-bb7bc450de34 - - - - - -] privsep_osbrick.log_daemon_traceback = False [00;33m{{(pid=3647173) log_opt_values /opt/stack/data/venv/lib/python3.12/site-packages/oslo_config/cfg.py:3560}}[00m
2026-10-07 05:59:05.794 3647173 DEBUG oslo_service.backend._eventlet.service [req-5b1ae049-5d65-461a-a8ef-bb7bc450de34 - - - - - -] privsep_osbrick.logger_name    = brick_privsep_hide_output [00;33m{{(pid=3647173) log_opt_values /opt/stack/data/venv/lib/python3.12/site-packages/oslo_config/cfg.py:3560}}[00m
2026-10-07 05:59:05.794 3647173 DEBUG oslo_service.backend._eventlet.service [req-5b1ae049-5d65-461a-a8ef-bb7bc450de34 - - - - - -] privsep_osbrick.thread_pool_size = 128 [00;33m{{(pid=3647173) log_opt_values /opt/stack/data/venv/lib/python3.12/site-packages/oslo_config/cfg.py:3560}}[00m
2026-10-07 05:59:05.794 3647173 DEBUG oslo_service.backend._eventlet.service [req-5b1ae049-5d65-461a-a8ef-bb7bc450de34 - - - - - -] privsep_osbrick.user           = None [00;33m{{(pid=3647173) log_opt_values /opt/stack/data/venv/lib/python3.12/site-packages/oslo_config/cfg.py:3560}}[00m
2026-10-07 05:59:05.794 3647173 DEBUG oslo_service.backend._eventlet.service [req-5b1ae049-5d65-461a-a8ef-bb7bc450de34 - - - - - -] cinder_sys_admin.capabilities  = [0, 1, 2, 3, 12, 21] [00;33m{{(pid=3647173) log_opt_values /opt/stack/data/venv/lib/python3.12/site-packages/oslo_config/cfg.py:3560}}[00m
2026-10-07 05:59:05.794 3647173 DEBUG oslo_service.backend._eventlet.service [req-5b1ae049-5d65-461a-a8ef-bb7bc450de34 - - - - - -] cinder_sys_admin.group         = None [00;33m{{(pid=3647173) log_opt_values /opt/stack/data/venv/lib/python3.12/site-packages/oslo_config/cfg.py:3560}}[00m
2026-10-07 05:59:05.794 3647173 DEBUG oslo_service.backend._eventlet.service [req-5b1ae049-5d65-461a-a8ef-bb7bc450de34 - - - - - -] cinder_sys_admin.helper_command = None [00;33m{{(pid=3647173) log_opt_values /opt/stack/data/venv/lib/python3.12/site-packages/oslo_config/cfg.py:3560}}[00m
2026-10-07 05:59:05.794 3647173 DEBUG oslo_service.backend._eventlet.service [req-5b1ae049-5d65-461a-a8ef-bb7bc450de34 - - - - - -] cinder_sys_admin.log_daemon_traceback = False [00;33m{{(pid=3647173) log_opt_values /opt/stack/data/venv/lib/python3.12/site-packages/oslo_config/cfg.py:3560}}[00m
2026-10-07 05:59:05.794 3647173 DEBUG oslo_service.backend._eventlet.service [req-5b1ae049-5d65-461a-a8ef-bb7bc450de34 - - - - - -] cinder_sys_admin.logger_name   = oslo_privsep.daemon [00;33m{{(pid=3647173) log_opt_values /opt/stack/data/venv/lib/python3.12/site-packages/oslo_config/cfg.py:3560}}[00m
2026-10-07 05:59:05.794 3647173 DEBUG oslo_service.backend._eventlet.service [req-5b1ae049-5d65-461a-a8ef-bb7bc450de34 - - - - - -] cinder_sys_admin.thread_pool_size = 128 [00;33m{{(pid=3647173) log_opt_values /opt/stack/data/venv/lib/python3.12/site-packages/oslo_config/cfg.py:3560}}[00m
2026-10-07 05:59:05.794 3647173 DEBUG oslo_service.backend._eventlet.service [req-5b1ae049-5d65-461a-a8ef-bb7bc450de34 - - - - - -] cinder_sys_admin.user          = None [00;33m{{(pid=3647173) log_opt_values /opt/stack/data/venv/lib/python3.12/site-packages/oslo_config/cfg.py:3560}}[00m
2026-10-07 05:59:05.794 3647173 DEBUG oslo_service.backend._eventlet.service [req-5b1ae049-5d65-461a-a8ef-bb7bc450de34 - - - - - -] service_user.auth_section      = None [00;33m{{(pid=3647173) log_opt_values /opt/stack/data/venv/lib/python3.12/site-packages/oslo_config/cfg.py:3560}}[00m
2026-10-07 05:59:05.794 3647173 DEBUG oslo_service.backend._eventlet.service [req-5b1ae049-5d65-461a-a8ef-bb7bc450de34 - - - - - -] service_user.auth_type         = password [00;33m{{(pid=3647173) log_opt_values /opt/stack/data/venv/lib/python3.12/site-packages/oslo_config/cfg.py:3560}}[00m
2026-10-07 05:59:05.795 3647173 DEBUG oslo_service.backend._eventlet.service [req-5b1ae049-5d65-461a-a8ef-bb7bc450de34 - - - - - -] service_user.cafile            = None [00;33m{{(pid=3647173) log_opt_values /opt/stack/data/venv/lib/python3.12/site-packages/oslo_config/cfg.py:3560}}[00m
2026-10-07 05:59:05.795 3647173 DEBUG oslo_service.backend._eventlet.service [req-5b1ae049-5d65-461a-a8ef-bb7bc450de34 - - - - - -] service_user.certfile          = None [00;33m{{(pid=3647173) log_opt_values /opt/stack/data/venv/lib/python3.12/site-packages/oslo_config/cfg.py:3560}}[00m
2026-10-07 05:59:05.795 3647173 DEBUG oslo_service.backend._eventlet.service [req-5b1ae049-5d65-461a-a8ef-bb7bc450de34 - - - - - -] service_user.collect_timing    = False [00;33m{{(pid=3647173) log_opt_values /opt/stack/data/venv/lib/python3.12/site-packages/oslo_config/cfg.py:3560}}[00m
2026-10-07 05:59:05.795 3647173 DEBUG oslo_service.backend._eventlet.service [req-5b1ae049-5d65-461a-a8ef-bb7bc450de34 - - - - - -] service_user.insecure          = False [00;33m{{(pid=3647173) log_opt_values /opt/stack/data/venv/lib/python3.12/site-packages/oslo_config/cfg.py:3560}}[00m
2026-10-07 05:59:05.795 3647173 DEBUG oslo_service.backend._eventlet.service [req-5b1ae049-5d65-461a-a8ef-bb7bc450de34 - - - - - -] service_user.keyfile           = None [00;33m{{(pid=3647173) log_opt_values /opt/stack/data/venv/lib/python3.12/site-packages/oslo_config/cfg.py:3560}}[00m
2026-10-07 05:59:05.795 3647173 DEBUG oslo_service.backend._eventlet.service [req-5b1ae049-5d65-461a-a8ef-bb7bc450de34 - - - - - -] service_user.send_service_user_token = True [00;33m{{(pid=3647173) log_opt_values /opt/stack/data/venv/lib/python3.12/site-packages/oslo_config/cfg.py:3560}}[00m
2026-10-07 05:59:05.795 3647173 DEBUG oslo_service.backend._eventlet.service [req-5b1ae049-5d65-461a-a8ef-bb7bc450de34 - - - - - -] service_user.split_loggers     = False [00;33m{{(pid=3647173) log_opt_values /opt/stack/data/venv/lib/python3.12/site-packages/oslo_config/cfg.py:3560}}[00m
2026-10-07 05:59:05.795 3647173 DEBUG oslo_service.backend._eventlet.service [req-5b1ae049-5d65-461a-a8ef-bb7bc450de34 - - - - - -] service_user.timeout           = None [00;33m{{(pid=3647173) log_opt_values /opt/stack/data/venv/lib/python3.12/site-packages/oslo_config/cfg.py:3560}}[00m
2026-10-07 05:59:05.795 3647173 DEBUG oslo_service.backend._eventlet.service [req-5b1ae049-5d65-461a-a8ef-bb7bc450de34 - - - - - -] service_user.tls_ciphers       = None [00;33m{{(pid=3647173) log_opt_values /opt/stack/data/venv/lib/python3.12/site-packages/oslo_config/cfg.py:3560}}[00m
2026-10-07 05:59:05.795 3647173 DEBUG oslo_service.backend._eventlet.service [req-5b1ae049-5d65-461a-a8ef-bb7bc450de34 - - - - - -] service_user.tls_min_version   = None [00;33m{{(pid=3647173) log_opt_values /opt/stack/data/venv/lib/python3.12/site-packages/oslo_config/cfg.py:3560}}[00m
2026-10-07 05:59:05.795 3647173 DEBUG oslo_service.backend._eventlet.service [req-5b1ae049-5d65-461a-a8ef-bb7bc450de34 - - - - - -] glance.auth_section            = None [00;33m{{(pid=3647173) log_opt_values /opt/stack/data/venv/lib/python3.12/site-packages/oslo_config/cfg.py:3560}}[00m
2026-10-07 05:59:05.795 3647173 DEBUG oslo_service.backend._eventlet.service [req-5b1ae049-5d65-461a-a8ef-bb7bc450de34 - - - - - -] glance.auth_type               = password [00;33m{{(pid=3647173) log_opt_values /opt/stack/data/venv/lib/python3.12/site-packages/oslo_config/cfg.py:3560}}[00m
2026-10-07 05:59:05.796 3647173 DEBUG oslo_service.backend._eventlet.service [req-5b1ae049-5d65-461a-a8ef-bb7bc450de34 - - - - - -] glance.cafile                  = /opt/stack/data/ca-bundle.pem [00;33m{{(pid=3647173) log_opt_values /opt/stack/data/venv/lib/python3.12/site-packages/oslo_config/cfg.py:3560}}[00m
2026-10-07 05:59:05.796 3647173 DEBUG oslo_service.backend._eventlet.service [req-5b1ae049-5d65-461a-a8ef-bb7bc450de34 - - - - - -] glance.certfile                = None [00;33m{{(pid=3647173) log_opt_values /opt/stack/data/venv/lib/python3.12/site-packages/oslo_config/cfg.py:3560}}[00m
2026-10-07 05:59:05.796 3647173 DEBUG oslo_service.backend._eventlet.service [req-5b1ae049-5d65-461a-a8ef-bb7bc450de34 - - - - - -] glance.collect_timing          = False [00;33m{{(pid=3647173) log_opt_values /opt/stack/data/venv/lib/python3.12/site-packages/oslo_config/cfg.py:3560}}[00m
2026-10-07 05:59:05.796 3647173 DEBUG oslo_service.backend._eventlet.service [req-5b1ae049-5d65-461a-a8ef-bb7bc450de34 - - - - - -] glance.insecure                = False [00;33m{{(pid=3647173) log_opt_values /opt/stack/data/venv/lib/python3.12/site-packages/oslo_config/cfg.py:3560}}[00m
2026-10-07 05:59:05.796 3647173 DEBUG oslo_service.backend._eventlet.service [req-5b1ae049-5d65-461a-a8ef-bb7bc450de34 - - - - - -] glance.keyfile                 = None [00;33m{{(pid=3647173) log_opt_values /opt/stack/data/venv/lib/python3.12/site-packages/oslo_config/cfg.py:3560}}[00m
2026-10-07 05:59:05.796 3647173 DEBUG oslo_service.backend._eventlet.service [req-5b1ae049-5d65-461a-a8ef-bb7bc450de34 - - - - - -] glance.region_name             = None [00;33m{{(pid=3647173) log_opt_values /opt/stack/data/venv/lib/python3.12/site-packages/oslo_config/cfg.py:3560}}[00m
2026-10-07 05:59:05.796 3647173 DEBUG oslo_service.backend._eventlet.service [req-5b1ae049-5d65-461a-a8ef-bb7bc450de34 - - - - - -] glance.split_loggers           = False [00;33m{{(pid=3647173) log_opt_values /opt/stack/data/venv/lib/python3.12/site-packages/oslo_config/cfg.py:3560}}[00m
2026-10-07 05:59:05.796 3647173 DEBUG oslo_service.backend._eventlet.service [req-5b1ae049-5d65-461a-a8ef-bb7bc450de34 - - - - - -] glance.timeout                 = None [00;33m{{(pid=3647173) log_opt_values /opt/stack/data/venv/lib/python3.12/site-packages/oslo_config/cfg.py:3560}}[00m
2026-10-07 05:59:05.796 3647173 DEBUG oslo_service.backend._eventlet.service [req-5b1ae049-5d65-461a-a8ef-bb7bc450de34 - - - - - -] glance.tls_ciphers             = None [00;33m{{(pid=3647173) log_opt_values /opt/stack/data/venv/lib/python3.12/site-packages/oslo_config/cfg.py:3560}}[00m
2026-10-07 05:59:05.796 3647173 DEBUG oslo_service.backend._eventlet.service [req-5b1ae049-5d65-461a-a8ef-bb7bc450de34 - - - - - -] glance.tls_min_version         = None [00;33m{{(pid=3647173) log_opt_values /opt/stack/data/venv/lib/python3.12/site-packages/oslo_config/cfg.py:3560}}[00m
2026-10-07 05:59:05.796 3647173 DEBUG oslo_service.backend._eventlet.service [req-5b1ae049-5d65-461a-a8ef-bb7bc450de34 - - - - - -] backend_defaults.backend_availability_zone = None [00;33m{{(pid=3647173) log_opt_values /opt/stack/data/venv/lib/python3.12/site-packages/oslo_config/cfg.py:3560}}[00m
2026-10-07 05:59:05.796 3647173 DEBUG oslo_service.backend._eventlet.service [req-5b1ae049-5d65-461a-a8ef-bb7bc450de34 - - - - - -] backend_defaults.backend_native_threads_pool_size = 20 [00;33m{{(pid=3647173) log_opt_values /opt/stack/data/venv/lib/python3.12/site-packages/oslo_config/cfg.py:3560}}[00m
2026-10-07 05:59:05.797 3647173 DEBUG oslo_service.backend._eventlet.service [req-5b1ae049-5d65-461a-a8ef-bb7bc450de34 - - - - - -] backend_defaults.backup_use_temp_snapshot = False [00;33m{{(pid=3647173) log_opt_values /opt/stack/data/venv/lib/python3.12/site-packages/oslo_config/cfg.py:3560}}[00m
2026-10-07 05:59:05.797 3647173 DEBUG oslo_service.backend._eventlet.service [req-5b1ae049-5d65-461a-a8ef-bb7bc450de34 - - - - - -] backend_defaults.chap_password = **** [00;33m{{(pid=3647173) log_opt_values /opt/stack/data/venv/lib/python3.12/site-packages/oslo_config/cfg.py:3560}}[00m
2026-10-07 05:59:05.797 3647173 DEBUG oslo_service.backend._eventlet.service [req-5b1ae049-5d65-461a-a8ef-bb7bc450de34 - - - - - -] backend_defaults.chap_username =  [00;33m{{(pid=3647173) log_opt_values /opt/stack/data/venv/lib/python3.12/site-packages/oslo_config/cfg.py:3560}}[00m
2026-10-07 05:59:05.797 3647173 DEBUG oslo_service.backend._eventlet.service [req-5b1ae049-5d65-461a-a8ef-bb7bc450de34 - - - - - -] backend_defaults.chiscsi_conf  = /etc/chelsio-iscsi/chiscsi.conf [00;33m{{(pid=3647173) log_opt_values /opt/stack/data/venv/lib/python3.12/site-packages/oslo_config/cfg.py:3560}}[00m
2026-10-07 05:59:05.797 3647173 DEBUG oslo_service.backend._eventlet.service [req-5b1ae049-5d65-461a-a8ef-bb7bc450de34 - - - - - -] backend_defaults.disk_geometry = None [00;33m{{(pid=3647173) log_opt_values /opt/stack/data/venv/lib/python3.12/site-packages/oslo_config/cfg.py:3560}}[00m
2026-10-07 05:59:05.797 3647173 DEBUG oslo_service.backend._eventlet.service [req-5b1ae049-5d65-461a-a8ef-bb7bc450de34 - - - - - -] backend_defaults.driver_client_cert = None [00;33m{{(pid=3647173) log_opt_values /opt/stack/data/venv/lib/python3.12/site-packages/oslo_config/cfg.py:3560}}[00m
2026-10-07 05:59:05.797 3647173 DEBUG oslo_service.backend._eventlet.service [req-5b1ae049-5d65-461a-a8ef-bb7bc450de34 - - - - - -] backend_defaults.driver_client_cert_key = None [00;33m{{(pid=3647173) log_opt_values /opt/stack/data/venv/lib/python3.12/site-packages/oslo_config/cfg.py:3560}}[00m
2026-10-07 05:59:05.797 3647173 DEBUG oslo_service.backend._eventlet.service [req-5b1ae049-5d65-461a-a8ef-bb7bc450de34 - - - - - -] backend_defaults.driver_data_namespace = None [00;33m{{(pid=3647173) log_opt_values /opt/stack/data/venv/lib/python3.12/site-packages/oslo_config/cfg.py:3560}}[00m
2026-10-07 05:59:05.797 3647173 DEBUG oslo_service.backend._eventlet.service [req-5b1ae049-5d65-461a-a8ef-bb7bc450de34 - - - - - -] backend_defaults.driver_ssl_cert_path = None [00;33m{{(pid=3647173) log_opt_values /opt/stack/data/venv/lib/python3.12/site-packages/oslo_config/cfg.py:3560}}[00m
2026-10-07 05:59:05.797 3647173 DEBUG oslo_service.backend._eventlet.service [req-5b1ae049-5d65-461a-a8ef-bb7bc450de34 - - - - - -] backend_defaults.driver_ssl_cert_verify = False [00;33m{{(pid=3647173) log_opt_values /opt/stack/data/venv/lib/python3.12/site-packages/oslo_config/cfg.py:3560}}[00m
2026-10-07 05:59:05.797 3647173 DEBUG oslo_service.backend._eventlet.service [req-5b1ae049-5d65-461a-a8ef-bb7bc450de34 - - - - - -] backend_defaults.driver_use_ssl = False [00;33m{{(pid=3647173) log_opt_values /opt/stack/data/venv/lib/python3.12/site-packages/oslo_config/cfg.py:3560}}[00m
2026-10-07 05:59:05.797 3647173 DEBUG oslo_service.backend._eventlet.service [req-5b1ae049-5d65-461a-a8ef-bb7bc450de34 - - - - - -] backend_defaults.enable_unsupported_driver = False [00;33m{{(pid=3647173) log_opt_values /opt/stack/data/venv/lib/python3.12/site-packages/oslo_config/cfg.py:3560}}[00m
2026-10-07 05:59:05.797 3647173 DEBUG oslo_service.backend._eventlet.service [req-5b1ae049-5d65-461a-a8ef-bb7bc450de34 - - - - - -] backend_defaults.enforce_multipath_for_image_xfer = False [00;33m{{(pid=3647173) log_opt_values /opt/stack/data/venv/lib/python3.12/site-packages/oslo_config/cfg.py:3560}}[00m
2026-10-07 05:59:05.798 3647173 DEBUG oslo_service.backend._eventlet.service [req-5b1ae049-5d65-461a-a8ef-bb7bc450de34 - - - - - -] backend_defaults.extra_capabilities = {} [00;33m{{(pid=3647173) log_opt_values /opt/stack/data/venv/lib/python3.12/site-packages/oslo_config/cfg.py:3560}}[00m
2026-10-07 05:59:05.798 3647173 DEBUG oslo_service.backend._eventlet.service [req-5b1ae049-5d65-461a-a8ef-bb7bc450de34 - - - - - -] backend_defaults.filter_function = None [00;33m{{(pid=3647173) log_opt_values /opt/stack/data/venv/lib/python3.12/site-packages/oslo_config/cfg.py:3560}}[00m
2026-10-07 05:59:05.798 3647173 DEBUG oslo_service.backend._eventlet.service [req-5b1ae049-5d65-461a-a8ef-bb7bc450de34 - - - - - -] backend_defaults.goodness_function = None [00;33m{{(pid=3647173) log_opt_values /opt/stack/data/venv/lib/python3.12/site-packages/oslo_config/cfg.py:3560}}[00m
2026-10-07 05:59:05.798 3647173 DEBUG oslo_service.backend._eventlet.service [req-5b1ae049-5d65-461a-a8ef-bb7bc450de34 - - - - - -] backend_defaults.hitachi_async_copy_check_interval = 10 [00;33m{{(pid=3647173) log_opt_values /opt/stack/data/venv/lib/python3.12/site-packages/oslo_config/cfg.py:3560}}[00m
2026-10-07 05:59:05.798 3647173 DEBUG oslo_service.backend._eventlet.service [req-5b1ae049-5d65-461a-a8ef-bb7bc450de34 - - - - - -] backend_defaults.hitachi_compute_target_ports = [] [00;33m{{(pid=3647173) log_opt_values /opt/stack/data/venv/lib/python3.12/site-packages/oslo_config/cfg.py:3560}}[00m
2026-10-07 05:59:05.798 3647173 DEBUG oslo_service.backend._eventlet.service [req-5b1ae049-5d65-461a-a8ef-bb7bc450de34 - - - - - -] backend_defaults.hitachi_copy_check_interval = 3 [00;33m{{(pid=3647173) log_opt_values /opt/stack/data/venv/lib/python3.12/site-packages/oslo_config/cfg.py:3560}}[00m
2026-10-07 05:59:05.798 3647173 DEBUG oslo_service.backend._eventlet.service [req-5b1ae049-5d65-461a-a8ef-bb7bc450de34 - - - - - -] backend_defaults.hitachi_copy_speed = 3 [00;33m{{(pid=3647173) log_opt_values /opt/stack/data/venv/lib/python3.12/site-packages/oslo_config/cfg.py:3560}}[00m
2026-10-07 05:59:05.798 3647173 DEBUG oslo_service.backend._eventlet.service [req-5b1ae049-5d65-461a-a8ef-bb7bc450de34 - - - - - -] backend_defaults.hitachi_csv_delete_timeout = 600 [00;33m{{(pid=3647173) log_opt_values /opt/stack/data/venv/lib/python3.12/site-packages/oslo_config/cfg.py:3560}}[00m
2026-10-07 05:59:05.798 3647173 DEBUG oslo_service.backend._eventlet.service [req-5b1ae049-5d65-461a-a8ef-bb7bc450de34 - - - - - -] backend_defaults.hitachi_discard_zero_page = True [00;33m{{(pid=3647173) log_opt_values /opt/stack/data/venv/lib/python3.12/site-packages/oslo_config/cfg.py:3560}}[00m
2026-10-07 05:59:05.798 3647173 DEBUG oslo_service.backend._eventlet.service [req-5b1ae049-5d65-461a-a8ef-bb7bc450de34 - - - - - -] backend_defaults.hitachi_drs_default_csv = deduplication_compression [00;33m{{(pid=3647173) log_opt_values /opt/stack/data/venv/lib/python3.12/site-packages/oslo_config/cfg.py:3560}}[00m
2026-10-07 05:59:05.798 3647173 DEBUG oslo_service.backend._eventlet.service [req-5b1ae049-5d65-461a-a8ef-bb7bc450de34 - - - - - -] backend_defaults.hitachi_exec_retry_interval = 5 [00;33m{{(pid=3647173) log_opt_values /opt/stack/data/venv/lib/python3.12/site-packages/oslo_config/cfg.py:3560}}[00m
2026-10-07 05:59:05.798 3647173 DEBUG oslo_service.backend._eventlet.service [req-5b1ae049-5d65-461a-a8ef-bb7bc450de34 - - - - - -] backend_defaults.hitachi_extend_snapshot_volumes = False [00;33m{{(pid=3647173) log_opt_values /opt/stack/data/venv/lib/python3.12/site-packages/oslo_config/cfg.py:3560}}[00m
2026-10-07 05:59:05.799 3647173 DEBUG oslo_service.backend._eventlet.service [req-5b1ae049-5d65-461a-a8ef-bb7bc450de34 - - - - - -] backend_defaults.hitachi_extend_timeout = 600 [00;33m{{(pid=3647173) log_opt_values /opt/stack/data/venv/lib/python3.12/site-packages/oslo_config/cfg.py:3560}}[00m
2026-10-07 05:59:05.799 3647173 DEBUG oslo_service.backend._eventlet.service [req-5b1ae049-5d65-461a-a8ef-bb7bc450de34 - - - - - -] backend_defaults.hitachi_group_create = False [00;33m{{(pid=3647173) log_opt_values /opt/stack/data/venv/lib/python3.12/site-packages/oslo_config/cfg.py:3560}}[00m
2026-10-07 05:59:05.799 3647173 DEBUG oslo_service.backend._eventlet.service [req-5b1ae049-5d65-461a-a8ef-bb7bc450de34 - - - - - -] backend_defaults.hitachi_group_delete = False [00;33m{{(pid=3647173) log_opt_values /opt/stack/data/venv/lib/python3.12/site-packages/oslo_config/cfg.py:3560}}[00m
2026-10-07 05:59:05.799 3647173 DEBUG oslo_service.backend._eventlet.service [req-5b1ae049-5d65-461a-a8ef-bb7bc450de34 - - - - - -] backend_defaults.hitachi_group_name_format = None [00;33m{{(pid=3647173) log_opt_values /opt/stack/data/venv/lib/python3.12/site-packages/oslo_config/cfg.py:3560}}[00m
2026-10-07 05:59:05.799 3647173 DEBUG oslo_service.backend._eventlet.service [req-5b1ae049-5d65-461a-a8ef-bb7bc450de34 - - - - - -] backend_defaults.hitachi_host_mode_options = [] [00;33m{{(pid=3647173) log_opt_values /opt/stack/data/venv/lib/python3.12/site-packages/oslo_config/cfg.py:3560}}[00m
2026-10-07 05:59:05.799 3647173 DEBUG oslo_service.backend._eventlet.service [req-5b1ae049-5d65-461a-a8ef-bb7bc450de34 - - - - - -] backend_defaults.hitachi_ldev_range = None [00;33m{{(pid=3647173) log_opt_values /opt/stack/data/venv/lib/python3.12/site-packages/oslo_config/cfg.py:3560}}[00m
2026-10-07 05:59:05.799 3647173 DEBUG oslo_service.backend._eventlet.service [req-5b1ae049-5d65-461a-a8ef-bb7bc450de34 - - - - - -] backend_defaults.hitachi_lock_timeout = 7200 [00;33m{{(pid=3647173) log_opt_values /opt/stack/data/venv/lib/python3.12/site-packages/oslo_config/cfg.py:3560}}[00m
2026-10-07 05:59:05.799 3647173 DEBUG oslo_service.backend._eventlet.service [req-5b1ae049-5d65-461a-a8ef-bb7bc450de34 - - - - - -] backend_defaults.hitachi_lun_retry_interval = 1 [00;33m{{(pid=3647173) log_opt_values /opt/stack/data/venv/lib/python3.12/site-packages/oslo_config/cfg.py:3560}}[00m
2026-10-07 05:59:05.799 3647173 DEBUG oslo_service.backend._eventlet.service [req-5b1ae049-5d65-461a-a8ef-bb7bc450de34 - - - - - -] backend_defaults.hitachi_lun_timeout = 50 [00;33m{{(pid=3647173) log_opt_values /opt/stack/data/venv/lib/python3.12/site-packages/oslo_config/cfg.py:3560}}[00m
2026-10-07 05:59:05.799 3647173 DEBUG oslo_service.backend._eventlet.service [req-5b1ae049-5d65-461a-a8ef-bb7bc450de34 - - - - - -] backend_defaults.hitachi_manage_drs_volumes = True [00;33m{{(pid=3647173) log_opt_values /opt/stack/data/venv/lib/python3.12/site-packages/oslo_config/cfg.py:3560}}[00m
2026-10-07 05:59:05.799 3647173 DEBUG oslo_service.backend._eventlet.service [req-5b1ae049-5d65-461a-a8ef-bb7bc450de34 - - - - - -] backend_defaults.hitachi_mirror_compute_target_ports = [] [00;33m{{(pid=3647173) log_opt_values /opt/stack/data/venv/lib/python3.12/site-packages/oslo_config/cfg.py:3560}}[00m
2026-10-07 05:59:05.799 3647173 DEBUG oslo_service.backend._eventlet.service [req-5b1ae049-5d65-461a-a8ef-bb7bc450de34 - - - - - -] backend_defaults.hitachi_mirror_ldev_range = None [00;33m{{(pid=3647173) log_opt_values /opt/stack/data/venv/lib/python3.12/site-packages/oslo_config/cfg.py:3560}}[00m
2026-10-07 05:59:05.800 3647173 DEBUG oslo_service.backend._eventlet.service [req-5b1ae049-5d65-461a-a8ef-bb7bc450de34 - - - - - -] backend_defaults.hitachi_mirror_pair_target_number = 0 [00;33m{{(pid=3647173) log_opt_values /opt/stack/data/venv/lib/python3.12/site-packages/oslo_config/cfg.py:3560}}[00m
2026-10-07 05:59:05.800 3647173 DEBUG oslo_service.backend._eventlet.service [req-5b1ae049-5d65-461a-a8ef-bb7bc450de34 - - - - - -] backend_defaults.hitachi_mirror_pool = None [00;33m{{(pid=3647173) log_opt_values /opt/stack/data/venv/lib/python3.12/site-packages/oslo_config/cfg.py:3560}}[00m
2026-10-07 05:59:05.800 3647173 DEBUG oslo_service.backend._eventlet.service [req-5b1ae049-5d65-461a-a8ef-bb7bc450de34 - - - - - -] backend_defaults.hitachi_mirror_snap_pool = None [00;33m{{(pid=3647173) log_opt_values /opt/stack/data/venv/lib/python3.12/site-packages/oslo_config/cfg.py:3560}}[00m
2026-10-07 05:59:05.800 3647173 DEBUG oslo_service.backend._eventlet.service [req-5b1ae049-5d65-461a-a8ef-bb7bc450de34 - - - - - -] backend_defaults.hitachi_mirror_storage_id = None [00;33m{{(pid=3647173) log_opt_values /opt/stack/data/venv/lib/python3.12/site-packages/oslo_config/cfg.py:3560}}[00m
2026-10-07 05:59:05.800 3647173 DEBUG oslo_service.backend._eventlet.service [req-5b1ae049-5d65-461a-a8ef-bb7bc450de34 - - - - - -] backend_defaults.hitachi_mirror_target_ports = [] [00;33m{{(pid=3647173) log_opt_values /opt/stack/data/venv/lib/python3.12/site-packages/oslo_config/cfg.py:3560}}[00m
2026-10-07 05:59:05.800 3647173 DEBUG oslo_service.backend._eventlet.service [req-5b1ae049-5d65-461a-a8ef-bb7bc450de34 - - - - - -] backend_defaults.hitachi_pair_target_number = 0 [00;33m{{(pid=3647173) log_opt_values /opt/stack/data/venv/lib/python3.12/site-packages/oslo_config/cfg.py:3560}}[00m
2026-10-07 05:59:05.800 3647173 DEBUG oslo_service.backend._eventlet.service [req-5b1ae049-5d65-461a-a8ef-bb7bc450de34 - - - - - -] backend_defaults.hitachi_pools = [] [00;33m{{(pid=3647173) log_opt_values /opt/stack/data/venv/lib/python3.12/site-packages/oslo_config/cfg.py:3560}}[00m
2026-10-07 05:59:05.800 3647173 DEBUG oslo_service.backend._eventlet.service [req-5b1ae049-5d65-461a-a8ef-bb7bc450de34 - - - - - -] backend_defaults.hitachi_port_scheduler = False [00;33m{{(pid=3647173) log_opt_values /opt/stack/data/venv/lib/python3.12/site-packages/oslo_config/cfg.py:3560}}[00m
2026-10-07 05:59:05.800 3647173 DEBUG oslo_service.backend._eventlet.service [req-5b1ae049-5d65-461a-a8ef-bb7bc450de34 - - - - - -] backend_defaults.hitachi_report_discard_support = False [00;33m{{(pid=3647173) log_opt_values /opt/stack/data/venv/lib/python3.12/site-packages/oslo_config/cfg.py:3560}}[00m
2026-10-07 05:59:05.800 3647173 DEBUG oslo_service.backend._eventlet.service [req-5b1ae049-5d65-461a-a8ef-bb7bc450de34 - - - - - -] backend_defaults.hitachi_rest_another_ldev_mapped_retry_timeout = 600 [00;33m{{(pid=3647173) log_opt_values /opt/stack/data/venv/lib/python3.12/site-packages/oslo_config/cfg.py:3560}}[00m
2026-10-07 05:59:05.800 3647173 DEBUG oslo_service.backend._eventlet.service [req-5b1ae049-5d65-461a-a8ef-bb7bc450de34 - - - - - -] backend_defaults.hitachi_rest_connect_timeout = 30 [00;33m{{(pid=3647173) log_opt_values /opt/stack/data/venv/lib/python3.12/site-packages/oslo_config/cfg.py:3560}}[00m
2026-10-07 05:59:05.800 3647173 DEBUG oslo_service.backend._eventlet.service [req-5b1ae049-5d65-461a-a8ef-bb7bc450de34 - - - - - -] backend_defaults.hitachi_rest_disable_io_wait = True [00;33m{{(pid=3647173) log_opt_values /opt/stack/data/venv/lib/python3.12/site-packages/oslo_config/cfg.py:3560}}[00m
2026-10-07 05:59:05.800 3647173 DEBUG oslo_service.backend._eventlet.service [req-5b1ae049-5d65-461a-a8ef-bb7bc450de34 - - - - - -] backend_defaults.hitachi_rest_get_api_response_timeout = 1800 [00;33m{{(pid=3647173) log_opt_values /opt/stack/data/venv/lib/python3.12/site-packages/oslo_config/cfg.py:3560}}[00m
2026-10-07 05:59:05.801 3647173 DEBUG oslo_service.backend._eventlet.service [req-5b1ae049-5d65-461a-a8ef-bb7bc450de34 - - - - - -] backend_defaults.hitachi_rest_job_api_response_timeout = 1800 [00;33m{{(pid=3647173) log_opt_values /opt/stack/data/venv/lib/python3.12/site-packages/oslo_config/cfg.py:3560}}[00m
2026-10-07 05:59:05.801 3647173 DEBUG oslo_service.backend._eventlet.service [req-5b1ae049-5d65-461a-a8ef-bb7bc450de34 - - - - - -] backend_defaults.hitachi_rest_keep_session_loop_interval = 180 [00;33m{{(pid=3647173) log_opt_values /opt/stack/data/venv/lib/python3.12/site-packages/oslo_config/cfg.py:3560}}[00m
2026-10-07 05:59:05.801 3647173 DEBUG oslo_service.backend._eventlet.service [req-5b1ae049-5d65-461a-a8ef-bb7bc450de34 - - - - - -] backend_defaults.hitachi_rest_max_request_workers = 8 [00;33m{{(pid=3647173) log_opt_values /opt/stack/data/venv/lib/python3.12/site-packages/oslo_config/cfg.py:3560}}[00m
2026-10-07 05:59:05.801 3647173 DEBUG oslo_service.backend._eventlet.service [req-5b1ae049-5d65-461a-a8ef-bb7bc450de34 - - - - - -] backend_defaults.hitachi_rest_pair_target_ports = [] [00;33m{{(pid=3647173) log_opt_values /opt/stack/data/venv/lib/python3.12/site-packages/oslo_config/cfg.py:3560}}[00m
2026-10-07 05:59:05.801 3647173 DEBUG oslo_service.backend._eventlet.service [req-5b1ae049-5d65-461a-a8ef-bb7bc450de34 - - - - - -] backend_defaults.hitachi_rest_server_busy_timeout = 7200 [00;33m{{(pid=3647173) log_opt_values /opt/stack/data/venv/lib/python3.12/site-packages/oslo_config/cfg.py:3560}}[00m
2026-10-07 05:59:05.801 3647173 DEBUG oslo_service.backend._eventlet.service [req-5b1ae049-5d65-461a-a8ef-bb7bc450de34 - - - - - -] backend_defaults.hitachi_rest_tcp_keepalive = True [00;33m{{(pid=3647173) log_opt_values /opt/stack/data/venv/lib/python3.12/site-packages/oslo_config/cfg.py:3560}}[00m
2026-10-07 05:59:05.801 3647173 DEBUG oslo_service.backend._eventlet.service [req-5b1ae049-5d65-461a-a8ef-bb7bc450de34 - - - - - -] backend_defaults.hitachi_rest_tcp_keepcnt = 4 [00;33m{{(pid=3647173) log_opt_values /opt/stack/data/venv/lib/python3.12/site-packages/oslo_config/cfg.py:3560}}[00m
2026-10-07 05:59:05.801 3647173 DEBUG oslo_service.backend._eventlet.service [req-5b1ae049-5d65-461a-a8ef-bb7bc450de34 - - - - - -] backend_defaults.hitachi_rest_tcp_keepidle = 60 [00;33m{{(pid=3647173) log_opt_values /opt/stack/data/venv/lib/python3.12/site-packages/oslo_config/cfg.py:3560}}[00m
2026-10-07 05:59:05.801 3647173 DEBUG oslo_service.backend._eventlet.service [req-5b1ae049-5d65-461a-a8ef-bb7bc450de34 - - - - - -] backend_defaults.hitachi_rest_tcp_keepintvl = 15 [00;33m{{(pid=3647173) log_opt_values /opt/stack/data/venv/lib/python3.12/site-packages/oslo_config/cfg.py:3560}}[00m
2026-10-07 05:59:05.801 3647173 DEBUG oslo_service.backend._eventlet.service [req-5b1ae049-5d65-461a-a8ef-bb7bc450de34 - - - - - -] backend_defaults.hitachi_rest_timeout = 30 [00;33m{{(pid=3647173) log_opt_values /opt/stack/data/venv/lib/python3.12/site-packages/oslo_config/cfg.py:3560}}[00m
2026-10-07 05:59:05.801 3647173 DEBUG oslo_service.backend._eventlet.service [req-5b1ae049-5d65-461a-a8ef-bb7bc450de34 - - - - - -] backend_defaults.hitachi_rest_use_object_caching = True [00;33m{{(pid=3647173) log_opt_values /opt/stack/data/venv/lib/python3.12/site-packages/oslo_config/cfg.py:3560}}[00m
2026-10-07 05:59:05.801 3647173 DEBUG oslo_service.backend._eventlet.service [req-5b1ae049-5d65-461a-a8ef-bb7bc450de34 - - - - - -] backend_defaults.hitachi_restore_timeout = 86400 [00;33m{{(pid=3647173) log_opt_values /opt/stack/data/venv/lib/python3.12/site-packages/oslo_config/cfg.py:3560}}[00m
2026-10-07 05:59:05.801 3647173 DEBUG oslo_service.backend._eventlet.service [req-5b1ae049-5d65-461a-a8ef-bb7bc450de34 - - - - - -] backend_defaults.hitachi_snap_pool = None [00;33m{{(pid=3647173) log_opt_values /opt/stack/data/venv/lib/python3.12/site-packages/oslo_config/cfg.py:3560}}[00m
2026-10-07 05:59:05.802 3647173 DEBUG oslo_service.backend._eventlet.service [req-5b1ae049-5d65-461a-a8ef-bb7bc450de34 - - - - - -] backend_defaults.hitachi_state_transition_timeout = 900 [00;33m{{(pid=3647173) log_opt_values /opt/stack/data/venv/lib/python3.12/site-packages/oslo_config/cfg.py:3560}}[00m
2026-10-07 05:59:05.802 3647173 DEBUG oslo_service.backend._eventlet.service [req-5b1ae049-5d65-461a-a8ef-bb7bc450de34 - - - - - -] backend_defaults.hitachi_storage_id = None [00;33m{{(pid=3647173) log_opt_values /opt/stack/data/venv/lib/python3.12/site-packages/oslo_config/cfg.py:3560}}[00m
2026-10-07 05:59:05.802 3647173 DEBUG oslo_service.backend._eventlet.service [req-5b1ae049-5d65-461a-a8ef-bb7bc450de34 - - - - - -] backend_defaults.hitachi_target_ports = [] [00;33m{{(pid=3647173) log_opt_values /opt/stack/data/venv/lib/python3.12/site-packages/oslo_config/cfg.py:3560}}[00m
2026-10-07 05:59:05.802 3647173 DEBUG oslo_service.backend._eventlet.service [req-5b1ae049-5d65-461a-a8ef-bb7bc450de34 - - - - - -] backend_defaults.hitachi_use_drs_volumes = False [00;33m{{(pid=3647173) log_opt_values /opt/stack/data/venv/lib/python3.12/site-packages/oslo_config/cfg.py:3560}}[00m
2026-10-07 05:59:05.802 3647173 DEBUG oslo_service.backend._eventlet.service [req-5b1ae049-5d65-461a-a8ef-bb7bc450de34 - - - - - -] backend_defaults.hitachi_vcp_delete_sleep_interval = 3 [00;33m{{(pid=3647173) log_opt_values /opt/stack/data/venv/lib/python3.12/site-packages/oslo_config/cfg.py:3560}}[00m
2026-10-07 05:59:05.802 3647173 DEBUG oslo_service.backend._eventlet.service [req-5b1ae049-5d65-461a-a8ef-bb7bc450de34 - - - - - -] backend_defaults.hitachi_vcp_delete_timeout = 120 [00;33m{{(pid=3647173) log_opt_values /opt/stack/data/venv/lib/python3.12/site-packages/oslo_config/cfg.py:3560}}[00m
2026-10-07 05:59:05.802 3647173 DEBUG oslo_service.backend._eventlet.service [req-5b1ae049-5d65-461a-a8ef-bb7bc450de34 - - - - - -] backend_defaults.image_upload_use_cinder_backend = False [00;33m{{(pid=3647173) log_opt_values /opt/stack/data/venv/lib/python3.12/site-packages/oslo_config/cfg.py:3560}}[00m
2026-10-07 05:59:05.802 3647173 DEBUG oslo_service.backend._eventlet.service [req-5b1ae049-5d65-461a-a8ef-bb7bc450de34 - - - - - -] backend_defaults.image_upload_use_internal_tenant = False [00;33m{{(pid=3647173) log_opt_values /opt/stack/data/venv/lib/python3.12/site-packages/oslo_config/cfg.py:3560}}[00m
2026-10-07 05:59:05.802 3647173 DEBUG oslo_service.backend._eventlet.service [req-5b1ae049-5d65-461a-a8ef-bb7bc450de34 - - - - - -] backend_defaults.image_volume_cache_enabled = False [00;33m{{(pid=3647173) log_opt_values /opt/stack/data/venv/lib/python3.12/site-packages/oslo_config/cfg.py:3560}}[00m
2026-10-07 05:59:05.802 3647173 DEBUG oslo_service.backend._eventlet.service [req-5b1ae049-5d65-461a-a8ef-bb7bc450de34 - - - - - -] backend_defaults.image_volume_cache_max_count = 0 [00;33m{{(pid=3647173) log_opt_values /opt/stack/data/venv/lib/python3.12/site-packages/oslo_config/cfg.py:3560}}[00m
2026-10-07 05:59:05.802 3647173 DEBUG oslo_service.backend._eventlet.service [req-5b1ae049-5d65-461a-a8ef-bb7bc450de34 - - - - - -] backend_defaults.image_volume_cache_max_size_gb = 0 [00;33m{{(pid=3647173) log_opt_values /opt/stack/data/venv/lib/python3.12/site-packages/oslo_config/cfg.py:3560}}[00m
2026-10-07 05:59:05.802 3647173 DEBUG oslo_service.backend._eventlet.service [req-5b1ae049-5d65-461a-a8ef-bb7bc450de34 - - - - - -] backend_defaults.iscsi_target_flags =  [00;33m{{(pid=3647173) log_opt_values /opt/stack/data/venv/lib/python3.12/site-packages/oslo_config/cfg.py:3560}}[00m
2026-10-07 05:59:05.803 3647173 DEBUG oslo_service.backend._eventlet.service [req-5b1ae049-5d65-461a-a8ef-bb7bc450de34 - - - - - -] backend_defaults.iscsi_write_cache = on [00;33m{{(pid=3647173) log_opt_values /opt/stack/data/venv/lib/python3.12/site-packages/oslo_config/cfg.py:3560}}[00m
2026-10-07 05:59:05.803 3647173 DEBUG oslo_service.backend._eventlet.service [req-5b1ae049-5d65-461a-a8ef-bb7bc450de34 - - - - - -] backend_defaults.iser_helper   = tgtadm [00;33m{{(pid=3647173) log_opt_values /opt/stack/data/venv/lib/python3.12/site-packages/oslo_config/cfg.py:3560}}[00m
2026-10-07 05:59:05.803 3647173 DEBUG oslo_service.backend._eventlet.service [req-5b1ae049-5d65-461a-a8ef-bb7bc450de34 - - - - - -] backend_defaults.iser_ip_address = 172.25.92.210 [00;33m{{(pid=3647173) log_opt_values /opt/stack/data/venv/lib/python3.12/site-packages/oslo_config/cfg.py:3560}}[00m
2026-10-07 05:59:05.803 3647173 DEBUG oslo_service.backend._eventlet.service [req-5b1ae049-5d65-461a-a8ef-bb7bc450de34 - - - - - -] backend_defaults.iser_port     = 3260 [00;33m{{(pid=3647173) log_opt_values /opt/stack/data/venv/lib/python3.12/site-packages/oslo_config/cfg.py:3560}}[00m
2026-10-07 05:59:05.803 3647173 DEBUG oslo_service.backend._eventlet.service [req-5b1ae049-5d65-461a-a8ef-bb7bc450de34 - - - - - -] backend_defaults.iser_target_prefix = iqn.2010-10.org.openstack: [00;33m{{(pid=3647173) log_opt_values /opt/stack/data/venv/lib/python3.12/site-packages/oslo_config/cfg.py:3560}}[00m
2026-10-07 05:59:05.803 3647173 DEBUG oslo_service.backend._eventlet.service [req-5b1ae049-5d65-461a-a8ef-bb7bc450de34 - - - - - -] backend_defaults.max_over_subscription_ratio = 20.0 [00;33m{{(pid=3647173) log_opt_values /opt/stack/data/venv/lib/python3.12/site-packages/oslo_config/cfg.py:3560}}[00m
2026-10-07 05:59:05.803 3647173 DEBUG oslo_service.backend._eventlet.service [req-5b1ae049-5d65-461a-a8ef-bb7bc450de34 - - - - - -] backend_defaults.num_iser_scan_tries = 3 [00;33m{{(pid=3647173) log_opt_values /opt/stack/data/venv/lib/python3.12/site-packages/oslo_config/cfg.py:3560}}[00m
2026-10-07 05:59:05.803 3647173 DEBUG oslo_service.backend._eventlet.service [req-5b1ae049-5d65-461a-a8ef-bb7bc450de34 - - - - - -] backend_defaults.num_shell_tries = 3 [00;33m{{(pid=3647173) log_opt_values /opt/stack/data/venv/lib/python3.12/site-packages/oslo_config/cfg.py:3560}}[00m
2026-10-07 05:59:05.803 3647173 DEBUG oslo_service.backend._eventlet.service [req-5b1ae049-5d65-461a-a8ef-bb7bc450de34 - - - - - -] backend_defaults.num_volume_device_scan_tries = 3 [00;33m{{(pid=3647173) log_opt_values /opt/stack/data/venv/lib/python3.12/site-packages/oslo_config/cfg.py:3560}}[00m
2026-10-07 05:59:05.803 3647173 DEBUG oslo_service.backend._eventlet.service [req-5b1ae049-5d65-461a-a8ef-bb7bc450de34 - - - - - -] backend_defaults.nvmeof_conn_info_version = 1 [00;33m{{(pid=3647173) log_opt_values /opt/stack/data/venv/lib/python3.12/site-packages/oslo_config/cfg.py:3560}}[00m
2026-10-07 05:59:05.803 3647173 DEBUG oslo_service.backend._eventlet.service [req-5b1ae049-5d65-461a-a8ef-bb7bc450de34 - - - - - -] backend_defaults.nvmet_ns_id   = 10 [00;33m{{(pid=3647173) log_opt_values /opt/stack/data/venv/lib/python3.12/site-packages/oslo_config/cfg.py:3560}}[00m
2026-10-07 05:59:05.804 3647173 DEBUG oslo_service.backend._eventlet.service [req-5b1ae049-5d65-461a-a8ef-bb7bc450de34 - - - - - -] backend_defaults.nvmet_port_id = 1 [00;33m{{(pid=3647173) log_opt_values /opt/stack/data/venv/lib/python3.12/site-packages/oslo_config/cfg.py:3560}}[00m
2026-10-07 05:59:05.804 3647173 DEBUG oslo_service.backend._eventlet.service [req-5b1ae049-5d65-461a-a8ef-bb7bc450de34 - - - - - -] backend_defaults.replication_device = **** [00;33m{{(pid=3647173) log_opt_values /opt/stack/data/venv/lib/python3.12/site-packages/oslo_config/cfg.py:3560}}[00m
2026-10-07 05:59:05.804 3647173 DEBUG oslo_service.backend._eventlet.service [req-5b1ae049-5d65-461a-a8ef-bb7bc450de34 - - - - - -] backend_defaults.report_discard_supported = False [00;33m{{(pid=3647173) log_opt_values /opt/stack/data/venv/lib/python3.12/site-packages/oslo_config/cfg.py:3560}}[00m
2026-10-07 05:59:05.804 3647173 DEBUG oslo_service.backend._eventlet.service [req-5b1ae049-5d65-461a-a8ef-bb7bc450de34 - - - - - -] backend_defaults.reserved_percentage = 0 [00;33m{{(pid=3647173) log_opt_values /opt/stack/data/venv/lib/python3.12/site-packages/oslo_config/cfg.py:3560}}[00m
2026-10-07 05:59:05.804 3647173 DEBUG oslo_service.backend._eventlet.service [req-5b1ae049-5d65-461a-a8ef-bb7bc450de34 - - - - - -] backend_defaults.san_api_port  = None [00;33m{{(pid=3647173) log_opt_values /opt/stack/data/venv/lib/python3.12/site-packages/oslo_config/cfg.py:3560}}[00m
2026-10-07 05:59:05.804 3647173 DEBUG oslo_service.backend._eventlet.service [req-5b1ae049-5d65-461a-a8ef-bb7bc450de34 - - - - - -] backend_defaults.san_clustername =  [00;33m{{(pid=3647173) log_opt_values /opt/stack/data/venv/lib/python3.12/site-packages/oslo_config/cfg.py:3560}}[00m
2026-10-07 05:59:05.804 3647173 DEBUG oslo_service.backend._eventlet.service [req-5b1ae049-5d65-461a-a8ef-bb7bc450de34 - - - - - -] backend_defaults.san_ip        =  [00;33m{{(pid=3647173) log_opt_values /opt/stack/data/venv/lib/python3.12/site-packages/oslo_config/cfg.py:3560}}[00m
2026-10-07 05:59:05.804 3647173 DEBUG oslo_service.backend._eventlet.service [req-5b1ae049-5d65-461a-a8ef-bb7bc450de34 - - - - - -] backend_defaults.san_is_local  = False [00;33m{{(pid=3647173) log_opt_values /opt/stack/data/venv/lib/python3.12/site-packages/oslo_config/cfg.py:3560}}[00m
2026-10-07 05:59:05.804 3647173 DEBUG oslo_service.backend._eventlet.service [req-5b1ae049-5d65-461a-a8ef-bb7bc450de34 - - - - - -] backend_defaults.san_login     = admin [00;33m{{(pid=3647173) log_opt_values /opt/stack/data/venv/lib/python3.12/site-packages/oslo_config/cfg.py:3560}}[00m
2026-10-07 05:59:05.804 3647173 DEBUG oslo_service.backend._eventlet.service [req-5b1ae049-5d65-461a-a8ef-bb7bc450de34 - - - - - -] backend_defaults.san_password  = **** [00;33m{{(pid=3647173) log_opt_values /opt/stack/data/venv/lib/python3.12/site-packages/oslo_config/cfg.py:3560}}[00m
2026-10-07 05:59:05.804 3647173 DEBUG oslo_service.backend._eventlet.service [req-5b1ae049-5d65-461a-a8ef-bb7bc450de34 - - - - - -] backend_defaults.san_private_key =  [00;33m{{(pid=3647173) log_opt_values /opt/stack/data/venv/lib/python3.12/site-packages/oslo_config/cfg.py:3560}}[00m
2026-10-07 05:59:05.804 3647173 DEBUG oslo_service.backend._eventlet.service [req-5b1ae049-5d65-461a-a8ef-bb7bc450de34 - - - - - -] backend_defaults.san_ssh_port  = 22 [00;33m{{(pid=3647173) log_opt_values /opt/stack/data/venv/lib/python3.12/site-packages/oslo_config/cfg.py:3560}}[00m
2026-10-07 05:59:05.805 3647173 DEBUG oslo_service.backend._eventlet.service [req-5b1ae049-5d65-461a-a8ef-bb7bc450de34 - - - - - -] backend_defaults.san_thin_provision = True [00;33m{{(pid=3647173) log_opt_values /opt/stack/data/venv/lib/python3.12/site-packages/oslo_config/cfg.py:3560}}[00m
2026-10-07 05:59:05.805 3647173 DEBUG oslo_service.backend._eventlet.service [req-5b1ae049-5d65-461a-a8ef-bb7bc450de34 - - - - - -] backend_defaults.scst_target_driver = iscsi [00;33m{{(pid=3647173) log_opt_values /opt/stack/data/venv/lib/python3.12/site-packages/oslo_config/cfg.py:3560}}[00m
2026-10-07 05:59:05.805 3647173 DEBUG oslo_service.backend._eventlet.service [req-5b1ae049-5d65-461a-a8ef-bb7bc450de34 - - - - - -] backend_defaults.scst_target_iqn_name = None [00;33m{{(pid=3647173) log_opt_values /opt/stack/data/venv/lib/python3.12/site-packages/oslo_config/cfg.py:3560}}[00m
2026-10-07 05:59:05.805 3647173 DEBUG oslo_service.backend._eventlet.service [req-5b1ae049-5d65-461a-a8ef-bb7bc450de34 - - - - - -] backend_defaults.ssh_conn_timeout = 30 [00;33m{{(pid=3647173) log_opt_values /opt/stack/data/venv/lib/python3.12/site-packages/oslo_config/cfg.py:3560}}[00m
2026-10-07 05:59:05.805 3647173 DEBUG oslo_service.backend._eventlet.service [req-5b1ae049-5d65-461a-a8ef-bb7bc450de34 - - - - - -] backend_defaults.ssh_max_pool_conn = 5 [00;33m{{(pid=3647173) log_opt_values /opt/stack/data/venv/lib/python3.12/site-packages/oslo_config/cfg.py:3560}}[00m
2026-10-07 05:59:05.805 3647173 DEBUG oslo_service.backend._eventlet.service [req-5b1ae049-5d65-461a-a8ef-bb7bc450de34 - - - - - -] backend_defaults.ssh_min_pool_conn = 1 [00;33m{{(pid=3647173) log_opt_values /opt/stack/data/venv/lib/python3.12/site-packages/oslo_config/cfg.py:3560}}[00m
2026-10-07 05:59:05.805 3647173 DEBUG oslo_service.backend._eventlet.service [req-5b1ae049-5d65-461a-a8ef-bb7bc450de34 - - - - - -] backend_defaults.storage_protocol = iSCSI [00;33m{{(pid=3647173) log_opt_values /opt/stack/data/venv/lib/python3.12/site-packages/oslo_config/cfg.py:3560}}[00m
2026-10-07 05:59:05.805 3647173 DEBUG oslo_service.backend._eventlet.service [req-5b1ae049-5d65-461a-a8ef-bb7bc450de34 - - - - - -] backend_defaults.suppress_requests_ssl_warnings = False [00;33m{{(pid=3647173) log_opt_values /opt/stack/data/venv/lib/python3.12/site-packages/oslo_config/cfg.py:3560}}[00m
2026-10-07 05:59:05.805 3647173 DEBUG oslo_service.backend._eventlet.service [req-5b1ae049-5d65-461a-a8ef-bb7bc450de34 - - - - - -] backend_defaults.target_helper = tgtadm [00;33m{{(pid=3647173) log_opt_values /opt/stack/data/venv/lib/python3.12/site-packages/oslo_config/cfg.py:3560}}[00m
2026-10-07 05:59:05.805 3647173 DEBUG oslo_service.backend._eventlet.service [req-5b1ae049-5d65-461a-a8ef-bb7bc450de34 - - - - - -] backend_defaults.target_ip_address = 172.25.92.210 [00;33m{{(pid=3647173) log_opt_values /opt/stack/data/venv/lib/python3.12/site-packages/oslo_config/cfg.py:3560}}[00m
2026-10-07 05:59:05.805 3647173 DEBUG oslo_service.backend._eventlet.service [req-5b1ae049-5d65-461a-a8ef-bb7bc450de34 - - - - - -] backend_defaults.target_port   = 3260 [00;33m{{(pid=3647173) log_opt_values /opt/stack/data/venv/lib/python3.12/site-packages/oslo_config/cfg.py:3560}}[00m
2026-10-07 05:59:05.805 3647173 DEBUG oslo_service.backend._eventlet.service [req-5b1ae049-5d65-461a-a8ef-bb7bc450de34 - - - - - -] backend_defaults.target_prefix = iqn.2010-10.org.openstack: [00;33m{{(pid=3647173) log_opt_values /opt/stack/data/venv/lib/python3.12/site-packages/oslo_config/cfg.py:3560}}[00m
2026-10-07 05:59:05.806 3647173 DEBUG oslo_service.backend._eventlet.service [req-5b1ae049-5d65-461a-a8ef-bb7bc450de34 - - - - - -] backend_defaults.target_protocol = iscsi [00;33m{{(pid=3647173) log_opt_values /opt/stack/data/venv/lib/python3.12/site-packages/oslo_config/cfg.py:3560}}[00m
2026-10-07 05:59:05.806 3647173 DEBUG oslo_service.backend._eventlet.service [req-5b1ae049-5d65-461a-a8ef-bb7bc450de34 - - - - - -] backend_defaults.target_secondary_ip_addresses = [] [00;33m{{(pid=3647173) log_opt_values /opt/stack/data/venv/lib/python3.12/site-packages/oslo_config/cfg.py:3560}}[00m
2026-10-07 05:59:05.806 3647173 DEBUG oslo_service.backend._eventlet.service [req-5b1ae049-5d65-461a-a8ef-bb7bc450de34 - - - - - -] backend_defaults.trace_flags   = None [00;33m{{(pid=3647173) log_opt_values /opt/stack/data/venv/lib/python3.12/site-packages/oslo_config/cfg.py:3560}}[00m
2026-10-07 05:59:05.806 3647173 DEBUG oslo_service.backend._eventlet.service [req-5b1ae049-5d65-461a-a8ef-bb7bc450de34 - - - - - -] backend_defaults.unique_fqdn_network = True [00;33m{{(pid=3647173) log_opt_values /opt/stack/data/venv/lib/python3.12/site-packages/oslo_config/cfg.py:3560}}[00m
2026-10-07 05:59:05.806 3647173 DEBUG oslo_service.backend._eventlet.service [req-5b1ae049-5d65-461a-a8ef-bb7bc450de34 - - - - - -] backend_defaults.use_chap_auth = False [00;33m{{(pid=3647173) log_opt_values /opt/stack/data/venv/lib/python3.12/site-packages/oslo_config/cfg.py:3560}}[00m
2026-10-07 05:59:05.806 3647173 DEBUG oslo_service.backend._eventlet.service [req-5b1ae049-5d65-461a-a8ef-bb7bc450de34 - - - - - -] backend_defaults.use_multipath_for_image_xfer = False [00;33m{{(pid=3647173) log_opt_values /opt/stack/data/venv/lib/python3.12/site-packages/oslo_config/cfg.py:3560}}[00m
2026-10-07 05:59:05.806 3647173 DEBUG oslo_service.backend._eventlet.service [req-5b1ae049-5d65-461a-a8ef-bb7bc450de34 - - - - - -] backend_defaults.volume_backend_name = None [00;33m{{(pid=3647173) log_opt_values /opt/stack/data/venv/lib/python3.12/site-packages/oslo_config/cfg.py:3560}}[00m
2026-10-07 05:59:05.806 3647173 DEBUG oslo_service.backend._eventlet.service [req-5b1ae049-5d65-461a-a8ef-bb7bc450de34 - - - - - -] backend_defaults.volume_clear  = zero [00;33m{{(pid=3647173) log_opt_values /opt/stack/data/venv/lib/python3.12/site-packages/oslo_config/cfg.py:3560}}[00m
2026-10-07 05:59:05.806 3647173 DEBUG oslo_service.backend._eventlet.service [req-5b1ae049-5d65-461a-a8ef-bb7bc450de34 - - - - - -] backend_defaults.volume_clear_ionice = None [00;33m{{(pid=3647173) log_opt_values /opt/stack/data/venv/lib/python3.12/site-packages/oslo_config/cfg.py:3560}}[00m
2026-10-07 05:59:05.806 3647173 DEBUG oslo_service.backend._eventlet.service [req-5b1ae049-5d65-461a-a8ef-bb7bc450de34 - - - - - -] backend_defaults.volume_clear_size = 0 [00;33m{{(pid=3647173) log_opt_values /opt/stack/data/venv/lib/python3.12/site-packages/oslo_config/cfg.py:3560}}[00m
2026-10-07 05:59:05.806 3647173 DEBUG oslo_service.backend._eventlet.service [req-5b1ae049-5d65-461a-a8ef-bb7bc450de34 - - - - - -] backend_defaults.volume_copy_blkio_cgroup_name = cinder-volume-copy [00;33m{{(pid=3647173) log_opt_values /opt/stack/data/venv/lib/python3.12/site-packages/oslo_config/cfg.py:3560}}[00m
2026-10-07 05:59:05.806 3647173 DEBUG oslo_service.backend._eventlet.service [req-5b1ae049-5d65-461a-a8ef-bb7bc450de34 - - - - - -] backend_defaults.volume_copy_bps_limit = 0 [00;33m{{(pid=3647173) log_opt_values /opt/stack/data/venv/lib/python3.12/site-packages/oslo_config/cfg.py:3560}}[00m
2026-10-07 05:59:05.806 3647173 DEBUG oslo_service.backend._eventlet.service [req-5b1ae049-5d65-461a-a8ef-bb7bc450de34 - - - - - -] backend_defaults.volume_dd_blocksize = 1M [00;33m{{(pid=3647173) log_opt_values /opt/stack/data/venv/lib/python3.12/site-packages/oslo_config/cfg.py:3560}}[00m
2026-10-07 05:59:05.807 3647173 DEBUG oslo_service.backend._eventlet.service [req-5b1ae049-5d65-461a-a8ef-bb7bc450de34 - - - - - -] backend_defaults.volume_driver = cinder.volume.drivers.lvm.LVMVolumeDriver [00;33m{{(pid=3647173) log_opt_values /opt/stack/data/venv/lib/python3.12/site-packages/oslo_config/cfg.py:3560}}[00m
2026-10-07 05:59:05.807 3647173 DEBUG oslo_service.backend._eventlet.service [req-5b1ae049-5d65-461a-a8ef-bb7bc450de34 - - - - - -] backend_defaults.volumes_dir   = /opt/stack/data/cinder/volumes [00;33m{{(pid=3647173) log_opt_values /opt/stack/data/venv/lib/python3.12/site-packages/oslo_config/cfg.py:3560}}[00m
2026-10-07 05:59:05.807 3647173 DEBUG oslo_service.backend._eventlet.service [req-5b1ae049-5d65-461a-a8ef-bb7bc450de34 - - - - - -] oslo_reports.file_event_handler = None [00;33m{{(pid=3647173) log_opt_values /opt/stack/data/venv/lib/python3.12/site-packages/oslo_config/cfg.py:3560}}[00m
2026-10-07 05:59:05.807 3647173 DEBUG oslo_service.backend._eventlet.service [req-5b1ae049-5d65-461a-a8ef-bb7bc450de34 - - - - - -] oslo_reports.file_event_handler_interval = 1 [00;33m{{(pid=3647173) log_opt_values /opt/stack/data/venv/lib/python3.12/site-packages/oslo_config/cfg.py:3560}}[00m
2026-10-07 05:59:05.807 3647173 DEBUG oslo_service.backend._eventlet.service [req-5b1ae049-5d65-461a-a8ef-bb7bc450de34 - - - - - -] oslo_reports.log_dir           = None [00;33m{{(pid=3647173) log_opt_values /opt/stack/data/venv/lib/python3.12/site-packages/oslo_config/cfg.py:3560}}[00m
2026-10-07 05:59:05.807 3647173 DEBUG oslo_service.backend._eventlet.service [req-5b1ae049-5d65-461a-a8ef-bb7bc450de34 - - - - - -] hitachi.backend_availability_zone = None [00;33m{{(pid=3647173) log_opt_values /opt/stack/data/venv/lib/python3.12/site-packages/oslo_config/cfg.py:3560}}[00m
2026-10-07 05:59:05.807 3647173 DEBUG oslo_service.backend._eventlet.service [req-5b1ae049-5d65-461a-a8ef-bb7bc450de34 - - - - - -] hitachi.backend_host           = None [00;33m{{(pid=3647173) log_opt_values /opt/stack/data/venv/lib/python3.12/site-packages/oslo_config/cfg.py:3560}}[00m
2026-10-07 05:59:05.807 3647173 DEBUG oslo_service.backend._eventlet.service [req-5b1ae049-5d65-461a-a8ef-bb7bc450de34 - - - - - -] hitachi.backend_native_threads_pool_size = None [00;33m{{(pid=3647173) log_opt_values /opt/stack/data/venv/lib/python3.12/site-packages/oslo_config/cfg.py:3560}}[00m
2026-10-07 05:59:05.807 3647173 DEBUG oslo_service.backend._eventlet.service [req-5b1ae049-5d65-461a-a8ef-bb7bc450de34 - - - - - -] hitachi.backup_use_temp_snapshot = None [00;33m{{(pid=3647173) log_opt_values /opt/stack/data/venv/lib/python3.12/site-packages/oslo_config/cfg.py:3560}}[00m
2026-10-07 05:59:05.807 3647173 DEBUG oslo_service.backend._eventlet.service [req-5b1ae049-5d65-461a-a8ef-bb7bc450de34 - - - - - -] hitachi.chap_password          = **** [00;33m{{(pid=3647173) log_opt_values /opt/stack/data/venv/lib/python3.12/site-packages/oslo_config/cfg.py:3560}}[00m
2026-10-07 05:59:05.807 3647173 DEBUG oslo_service.backend._eventlet.service [req-5b1ae049-5d65-461a-a8ef-bb7bc450de34 - - - - - -] hitachi.chap_username          = None [00;33m{{(pid=3647173) log_opt_values /opt/stack/data/venv/lib/python3.12/site-packages/oslo_config/cfg.py:3560}}[00m
2026-10-07 05:59:05.808 3647173 DEBUG oslo_service.backend._eventlet.service [req-5b1ae049-5d65-461a-a8ef-bb7bc450de34 - - - - - -] hitachi.chiscsi_conf           = None [00;33m{{(pid=3647173) log_opt_values /opt/stack/data/venv/lib/python3.12/site-packages/oslo_config/cfg.py:3560}}[00m
2026-10-07 05:59:05.808 3647173 DEBUG oslo_service.backend._eventlet.service [req-5b1ae049-5d65-461a-a8ef-bb7bc450de34 - - - - - -] hitachi.disk_geometry          = None [00;33m{{(pid=3647173) log_opt_values /opt/stack/data/venv/lib/python3.12/site-packages/oslo_config/cfg.py:3560}}[00m
2026-10-07 05:59:05.808 3647173 DEBUG oslo_service.backend._eventlet.service [req-5b1ae049-5d65-461a-a8ef-bb7bc450de34 - - - - - -] hitachi.driver_client_cert     = None [00;33m{{(pid=3647173) log_opt_values /opt/stack/data/venv/lib/python3.12/site-packages/oslo_config/cfg.py:3560}}[00m
2026-10-07 05:59:05.808 3647173 DEBUG oslo_service.backend._eventlet.service [req-5b1ae049-5d65-461a-a8ef-bb7bc450de34 - - - - - -] hitachi.driver_client_cert_key = None [00;33m{{(pid=3647173) log_opt_values /opt/stack/data/venv/lib/python3.12/site-packages/oslo_config/cfg.py:3560}}[00m
2026-10-07 05:59:05.808 3647173 DEBUG oslo_service.backend._eventlet.service [req-5b1ae049-5d65-461a-a8ef-bb7bc450de34 - - - - - -] hitachi.driver_data_namespace  = None [00;33m{{(pid=3647173) log_opt_values /opt/stack/data/venv/lib/python3.12/site-packages/oslo_config/cfg.py:3560}}[00m
2026-10-07 05:59:05.808 3647173 DEBUG oslo_service.backend._eventlet.service [req-5b1ae049-5d65-461a-a8ef-bb7bc450de34 - - - - - -] hitachi.driver_ssl_cert_path   = None [00;33m{{(pid=3647173) log_opt_values /opt/stack/data/venv/lib/python3.12/site-packages/oslo_config/cfg.py:3560}}[00m
2026-10-07 05:59:05.808 3647173 DEBUG oslo_service.backend._eventlet.service [req-5b1ae049-5d65-461a-a8ef-bb7bc450de34 - - - - - -] hitachi.driver_ssl_cert_verify = None [00;33m{{(pid=3647173) log_opt_values /opt/stack/data/venv/lib/python3.12/site-packages/oslo_config/cfg.py:3560}}[00m
2026-10-07 05:59:05.808 3647173 DEBUG oslo_service.backend._eventlet.service [req-5b1ae049-5d65-461a-a8ef-bb7bc450de34 - - - - - -] hitachi.driver_use_ssl         = None [00;33m{{(pid=3647173) log_opt_values /opt/stack/data/venv/lib/python3.12/site-packages/oslo_config/cfg.py:3560}}[00m
2026-10-07 05:59:05.808 3647173 DEBUG oslo_service.backend._eventlet.service [req-5b1ae049-5d65-461a-a8ef-bb7bc450de34 - - - - - -] hitachi.enable_unsupported_driver = None [00;33m{{(pid=3647173) log_opt_values /opt/stack/data/venv/lib/python3.12/site-packages/oslo_config/cfg.py:3560}}[00m
2026-10-07 05:59:05.808 3647173 DEBUG oslo_service.backend._eventlet.service [req-5b1ae049-5d65-461a-a8ef-bb7bc450de34 - - - - - -] hitachi.enforce_multipath_for_image_xfer = False [00;33m{{(pid=3647173) log_opt_values /opt/stack/data/venv/lib/python3.12/site-packages/oslo_config/cfg.py:3560}}[00m
2026-10-07 05:59:05.808 3647173 DEBUG oslo_service.backend._eventlet.service [req-5b1ae049-5d65-461a-a8ef-bb7bc450de34 - - - - - -] hitachi.extra_capabilities     = None [00;33m{{(pid=3647173) log_opt_values /opt/stack/data/venv/lib/python3.12/site-packages/oslo_config/cfg.py:3560}}[00m
2026-10-07 05:59:05.808 3647173 DEBUG oslo_service.backend._eventlet.service [req-5b1ae049-5d65-461a-a8ef-bb7bc450de34 - - - - - -] hitachi.filter_function        = None [00;33m{{(pid=3647173) log_opt_values /opt/stack/data/venv/lib/python3.12/site-packages/oslo_config/cfg.py:3560}}[00m
2026-10-07 05:59:05.808 3647173 DEBUG oslo_service.backend._eventlet.service [req-5b1ae049-5d65-461a-a8ef-bb7bc450de34 - - - - - -] hitachi.goodness_function      = None [00;33m{{(pid=3647173) log_opt_values /opt/stack/data/venv/lib/python3.12/site-packages/oslo_config/cfg.py:3560}}[00m
2026-10-07 05:59:05.809 3647173 DEBUG oslo_service.backend._eventlet.service [req-5b1ae049-5d65-461a-a8ef-bb7bc450de34 - - - - - -] hitachi.hitachi_async_copy_check_interval = None [00;33m{{(pid=3647173) log_opt_values /opt/stack/data/venv/lib/python3.12/site-packages/oslo_config/cfg.py:3560}}[00m
2026-10-07 05:59:05.809 3647173 DEBUG oslo_service.backend._eventlet.service [req-5b1ae049-5d65-461a-a8ef-bb7bc450de34 - - - - - -] hitachi.hitachi_compute_target_ports = None [00;33m{{(pid=3647173) log_opt_values /opt/stack/data/venv/lib/python3.12/site-packages/oslo_config/cfg.py:3560}}[00m
2026-10-07 05:59:05.809 3647173 DEBUG oslo_service.backend._eventlet.service [req-5b1ae049-5d65-461a-a8ef-bb7bc450de34 - - - - - -] hitachi.hitachi_copy_check_interval = None [00;33m{{(pid=3647173) log_opt_values /opt/stack/data/venv/lib/python3.12/site-packages/oslo_config/cfg.py:3560}}[00m
2026-10-07 05:59:05.809 3647173 DEBUG oslo_service.backend._eventlet.service [req-5b1ae049-5d65-461a-a8ef-bb7bc450de34 - - - - - -] hitachi.hitachi_copy_speed     = 15 [00;33m{{(pid=3647173) log_opt_values /opt/stack/data/venv/lib/python3.12/site-packages/oslo_config/cfg.py:3560}}[00m
2026-10-07 05:59:05.809 3647173 DEBUG oslo_service.backend._eventlet.service [req-5b1ae049-5d65-461a-a8ef-bb7bc450de34 - - - - - -] hitachi.hitachi_csv_delete_timeout = None [00;33m{{(pid=3647173) log_opt_values /opt/stack/data/venv/lib/python3.12/site-packages/oslo_config/cfg.py:3560}}[00m
2026-10-07 05:59:05.809 3647173 DEBUG oslo_service.backend._eventlet.service [req-5b1ae049-5d65-461a-a8ef-bb7bc450de34 - - - - - -] hitachi.hitachi_discard_zero_page = None [00;33m{{(pid=3647173) log_opt_values /opt/stack/data/venv/lib/python3.12/site-packages/oslo_config/cfg.py:3560}}[00m
2026-10-07 05:59:05.809 3647173 DEBUG oslo_service.backend._eventlet.service [req-5b1ae049-5d65-461a-a8ef-bb7bc450de34 - - - - - -] hitachi.hitachi_drs_default_csv = None [00;33m{{(pid=3647173) log_opt_values /opt/stack/data/venv/lib/python3.12/site-packages/oslo_config/cfg.py:3560}}[00m
2026-10-07 05:59:05.809 3647173 DEBUG oslo_service.backend._eventlet.service [req-5b1ae049-5d65-461a-a8ef-bb7bc450de34 - - - - - -] hitachi.hitachi_exec_retry_interval = None [00;33m{{(pid=3647173) log_opt_values /opt/stack/data/venv/lib/python3.12/site-packages/oslo_config/cfg.py:3560}}[00m
2026-10-07 05:59:05.809 3647173 DEBUG oslo_service.backend._eventlet.service [req-5b1ae049-5d65-461a-a8ef-bb7bc450de34 - - - - - -] hitachi.hitachi_extend_snapshot_volumes = True [00;33m{{(pid=3647173) log_opt_values /opt/stack/data/venv/lib/python3.12/site-packages/oslo_config/cfg.py:3560}}[00m
2026-10-07 05:59:05.809 3647173 DEBUG oslo_service.backend._eventlet.service [req-5b1ae049-5d65-461a-a8ef-bb7bc450de34 - - - - - -] hitachi.hitachi_extend_timeout = None [00;33m{{(pid=3647173) log_opt_values /opt/stack/data/venv/lib/python3.12/site-packages/oslo_config/cfg.py:3560}}[00m
2026-10-07 05:59:05.809 3647173 DEBUG oslo_service.backend._eventlet.service [req-5b1ae049-5d65-461a-a8ef-bb7bc450de34 - - - - - -] hitachi.hitachi_group_create   = True [00;33m{{(pid=3647173) log_opt_values /opt/stack/data/venv/lib/python3.12/site-packages/oslo_config/cfg.py:3560}}[00m
2026-10-07 05:59:05.810 3647173 DEBUG oslo_service.backend._eventlet.service [req-5b1ae049-5d65-461a-a8ef-bb7bc450de34 - - - - - -] hitachi.hitachi_group_delete   = None [00;33m{{(pid=3647173) log_opt_values /opt/stack/data/venv/lib/python3.12/site-packages/oslo_config/cfg.py:3560}}[00m
2026-10-07 05:59:05.810 3647173 DEBUG oslo_service.backend._eventlet.service [req-5b1ae049-5d65-461a-a8ef-bb7bc450de34 - - - - - -] hitachi.hitachi_group_name_format = None [00;33m{{(pid=3647173) log_opt_values /opt/stack/data/venv/lib/python3.12/site-packages/oslo_config/cfg.py:3560}}[00m
2026-10-07 05:59:05.810 3647173 DEBUG oslo_service.backend._eventlet.service [req-5b1ae049-5d65-461a-a8ef-bb7bc450de34 - - - - - -] hitachi.hitachi_host_mode_options = [91, 68, 88, 122, 131, 7, 54, 63] [00;33m{{(pid=3647173) log_opt_values /opt/stack/data/venv/lib/python3.12/site-packages/oslo_config/cfg.py:3560}}[00m
2026-10-07 05:59:05.810 3647173 DEBUG oslo_service.backend._eventlet.service [req-5b1ae049-5d65-461a-a8ef-bb7bc450de34 - - - - - -] hitachi.hitachi_ldev_range     = 22000-29399 [00;33m{{(pid=3647173) log_opt_values /opt/stack/data/venv/lib/python3.12/site-packages/oslo_config/cfg.py:3560}}[00m
2026-10-07 05:59:05.810 3647173 DEBUG oslo_service.backend._eventlet.service [req-5b1ae049-5d65-461a-a8ef-bb7bc450de34 - - - - - -] hitachi.hitachi_lock_timeout   = None [00;33m{{(pid=3647173) log_opt_values /opt/stack/data/venv/lib/python3.12/site-packages/oslo_config/cfg.py:3560}}[00m
2026-10-07 05:59:05.810 3647173 DEBUG oslo_service.backend._eventlet.service [req-5b1ae049-5d65-461a-a8ef-bb7bc450de34 - - - - - -] hitachi.hitachi_lun_retry_interval = None [00;33m{{(pid=3647173) log_opt_values /opt/stack/data/venv/lib/python3.12/site-packages/oslo_config/cfg.py:3560}}[00m
2026-10-07 05:59:05.810 3647173 DEBUG oslo_service.backend._eventlet.service [req-5b1ae049-5d65-461a-a8ef-bb7bc450de34 - - - - - -] hitachi.hitachi_lun_timeout    = None [00;33m{{(pid=3647173) log_opt_values /opt/stack/data/venv/lib/python3.12/site-packages/oslo_config/cfg.py:3560}}[00m
2026-10-07 05:59:05.810 3647173 DEBUG oslo_service.backend._eventlet.service [req-5b1ae049-5d65-461a-a8ef-bb7bc450de34 - - - - - -] hitachi.hitachi_manage_drs_volumes = None [00;33m{{(pid=3647173) log_opt_values /opt/stack/data/venv/lib/python3.12/site-packages/oslo_config/cfg.py:3560}}[00m
2026-10-07 05:59:05.810 3647173 DEBUG oslo_service.backend._eventlet.service [req-5b1ae049-5d65-461a-a8ef-bb7bc450de34 - - - - - -] hitachi.hitachi_mirror_compute_target_ports = None [00;33m{{(pid=3647173) log_opt_values /opt/stack/data/venv/lib/python3.12/site-packages/oslo_config/cfg.py:3560}}[00m
2026-10-07 05:59:05.810 3647173 DEBUG oslo_service.backend._eventlet.service [req-5b1ae049-5d65-461a-a8ef-bb7bc450de34 - - - - - -] hitachi.hitachi_mirror_ldev_range = None [00;33m{{(pid=3647173) log_opt_values /opt/stack/data/venv/lib/python3.12/site-packages/oslo_config/cfg.py:3560}}[00m
2026-10-07 05:59:05.810 3647173 DEBUG oslo_service.backend._eventlet.service [req-5b1ae049-5d65-461a-a8ef-bb7bc450de34 - - - - - -] hitachi.hitachi_mirror_pair_target_number = None [00;33m{{(pid=3647173) log_opt_values /opt/stack/data/venv/lib/python3.12/site-packages/oslo_config/cfg.py:3560}}[00m
2026-10-07 05:59:05.810 3647173 DEBUG oslo_service.backend._eventlet.service [req-5b1ae049-5d65-461a-a8ef-bb7bc450de34 - - - - - -] hitachi.hitachi_mirror_pool    = None [00;33m{{(pid=3647173) log_opt_values /opt/stack/data/venv/lib/python3.12/site-packages/oslo_config/cfg.py:3560}}[00m
2026-10-07 05:59:05.811 3647173 DEBUG oslo_service.backend._eventlet.service [req-5b1ae049-5d65-461a-a8ef-bb7bc450de34 - - - - - -] hitachi.hitachi_mirror_snap_pool = None [00;33m{{(pid=3647173) log_opt_values /opt/stack/data/venv/lib/python3.12/site-packages/oslo_config/cfg.py:3560}}[00m
2026-10-07 05:59:05.811 3647173 DEBUG oslo_service.backend._eventlet.service [req-5b1ae049-5d65-461a-a8ef-bb7bc450de34 - - - - - -] hitachi.hitachi_mirror_storage_id = None [00;33m{{(pid=3647173) log_opt_values /opt/stack/data/venv/lib/python3.12/site-packages/oslo_config/cfg.py:3560}}[00m
2026-10-07 05:59:05.811 3647173 DEBUG oslo_service.backend._eventlet.service [req-5b1ae049-5d65-461a-a8ef-bb7bc450de34 - - - - - -] hitachi.hitachi_mirror_target_ports = None [00;33m{{(pid=3647173) log_opt_values /opt/stack/data/venv/lib/python3.12/site-packages/oslo_config/cfg.py:3560}}[00m
2026-10-07 05:59:05.811 3647173 DEBUG oslo_service.backend._eventlet.service [req-5b1ae049-5d65-461a-a8ef-bb7bc450de34 - - - - - -] hitachi.hitachi_pair_target_number = None [00;33m{{(pid=3647173) log_opt_values /opt/stack/data/venv/lib/python3.12/site-packages/oslo_config/cfg.py:3560}}[00m
2026-10-07 05:59:05.811 3647173 DEBUG oslo_service.backend._eventlet.service [req-5b1ae049-5d65-461a-a8ef-bb7bc450de34 - - - - - -] hitachi.hitachi_pools          = ['snewar_hdp_01'] [00;33m{{(pid=3647173) log_opt_values /opt/stack/data/venv/lib/python3.12/site-packages/oslo_config/cfg.py:3560}}[00m
2026-10-07 05:59:05.811 3647173 DEBUG oslo_service.backend._eventlet.service [req-5b1ae049-5d65-461a-a8ef-bb7bc450de34 - - - - - -] hitachi.hitachi_report_discard_support = None [00;33m{{(pid=3647173) log_opt_values /opt/stack/data/venv/lib/python3.12/site-packages/oslo_config/cfg.py:3560}}[00m
2026-10-07 05:59:05.811 3647173 DEBUG oslo_service.backend._eventlet.service [req-5b1ae049-5d65-461a-a8ef-bb7bc450de34 - - - - - -] hitachi.hitachi_rest_another_ldev_mapped_retry_timeout = None [00;33m{{(pid=3647173) log_opt_values /opt/stack/data/venv/lib/python3.12/site-packages/oslo_config/cfg.py:3560}}[00m
2026-10-07 05:59:05.811 3647173 DEBUG oslo_service.backend._eventlet.service [req-5b1ae049-5d65-461a-a8ef-bb7bc450de34 - - - - - -] hitachi.hitachi_rest_connect_timeout = None [00;33m{{(pid=3647173) log_opt_values /opt/stack/data/venv/lib/python3.12/site-packages/oslo_config/cfg.py:3560}}[00m
2026-10-07 05:59:05.811 3647173 DEBUG oslo_service.backend._eventlet.service [req-5b1ae049-5d65-461a-a8ef-bb7bc450de34 - - - - - -] hitachi.hitachi_rest_disable_io_wait = None [00;33m{{(pid=3647173) log_opt_values /opt/stack/data/venv/lib/python3.12/site-packages/oslo_config/cfg.py:3560}}[00m
2026-10-07 05:59:05.811 3647173 DEBUG oslo_service.backend._eventlet.service [req-5b1ae049-5d65-461a-a8ef-bb7bc450de34 - - - - - -] hitachi.hitachi_rest_get_api_response_timeout = None [00;33m{{(pid=3647173) log_opt_values /opt/stack/data/venv/lib/python3.12/site-packages/oslo_config/cfg.py:3560}}[00m
2026-10-07 05:59:05.811 3647173 DEBUG oslo_service.backend._eventlet.service [req-5b1ae049-5d65-461a-a8ef-bb7bc450de34 - - - - - -] hitachi.hitachi_rest_job_api_response_timeout = None [00;33m{{(pid=3647173) log_opt_values /opt/stack/data/venv/lib/python3.12/site-packages/oslo_config/cfg.py:3560}}[00m
2026-10-07 05:59:05.811 3647173 DEBUG oslo_service.backend._eventlet.service [req-5b1ae049-5d65-461a-a8ef-bb7bc450de34 - - - - - -] hitachi.hitachi_rest_keep_session_loop_interval = None [00;33m{{(pid=3647173) log_opt_values /opt/stack/data/venv/lib/python3.12/site-packages/oslo_config/cfg.py:3560}}[00m
2026-10-07 05:59:05.811 3647173 DEBUG oslo_service.backend._eventlet.service [req-5b1ae049-5d65-461a-a8ef-bb7bc450de34 - - - - - -] hitachi.hitachi_rest_max_request_workers = None [00;33m{{(pid=3647173) log_opt_values /opt/stack/data/venv/lib/python3.12/site-packages/oslo_config/cfg.py:3560}}[00m
2026-10-07 05:59:05.812 3647173 DEBUG oslo_service.backend._eventlet.service [req-5b1ae049-5d65-461a-a8ef-bb7bc450de34 - - - - - -] hitachi.hitachi_rest_pair_target_ports = None [00;33m{{(pid=3647173) log_opt_values /opt/stack/data/venv/lib/python3.12/site-packages/oslo_config/cfg.py:3560}}[00m
2026-10-07 05:59:05.812 3647173 DEBUG oslo_service.backend._eventlet.service [req-5b1ae049-5d65-461a-a8ef-bb7bc450de34 - - - - - -] hitachi.hitachi_rest_server_busy_timeout = None [00;33m{{(pid=3647173) log_opt_values /opt/stack/data/venv/lib/python3.12/site-packages/oslo_config/cfg.py:3560}}[00m
2026-10-07 05:59:05.812 3647173 DEBUG oslo_service.backend._eventlet.service [req-5b1ae049-5d65-461a-a8ef-bb7bc450de34 - - - - - -] hitachi.hitachi_rest_tcp_keepalive = None [00;33m{{(pid=3647173) log_opt_values /opt/stack/data/venv/lib/python3.12/site-packages/oslo_config/cfg.py:3560}}[00m
2026-10-07 05:59:05.812 3647173 DEBUG oslo_service.backend._eventlet.service [req-5b1ae049-5d65-461a-a8ef-bb7bc450de34 - - - - - -] hitachi.hitachi_rest_tcp_keepcnt = None [00;33m{{(pid=3647173) log_opt_values /opt/stack/data/venv/lib/python3.12/site-packages/oslo_config/cfg.py:3560}}[00m
2026-10-07 05:59:05.812 3647173 DEBUG oslo_service.backend._eventlet.service [req-5b1ae049-5d65-461a-a8ef-bb7bc450de34 - - - - - -] hitachi.hitachi_rest_tcp_keepidle = None [00;33m{{(pid=3647173) log_opt_values /opt/stack/data/venv/lib/python3.12/site-packages/oslo_config/cfg.py:3560}}[00m
2026-10-07 05:59:05.812 3647173 DEBUG oslo_service.backend._eventlet.service [req-5b1ae049-5d65-461a-a8ef-bb7bc450de34 - - - - - -] hitachi.hitachi_rest_tcp_keepintvl = None [00;33m{{(pid=3647173) log_opt_values /opt/stack/data/venv/lib/python3.12/site-packages/oslo_config/cfg.py:3560}}[00m
2026-10-07 05:59:05.812 3647173 DEBUG oslo_service.backend._eventlet.service [req-5b1ae049-5d65-461a-a8ef-bb7bc450de34 - - - - - -] hitachi.hitachi_rest_timeout   = None [00;33m{{(pid=3647173) log_opt_values /opt/stack/data/venv/lib/python3.12/site-packages/oslo_config/cfg.py:3560}}[00m
2026-10-07 05:59:05.812 3647173 DEBUG oslo_service.backend._eventlet.service [req-5b1ae049-5d65-461a-a8ef-bb7bc450de34 - - - - - -] hitachi.hitachi_rest_use_object_caching = None [00;33m{{(pid=3647173) log_opt_values /opt/stack/data/venv/lib/python3.12/site-packages/oslo_config/cfg.py:3560}}[00m
2026-10-07 05:59:05.812 3647173 DEBUG oslo_service.backend._eventlet.service [req-5b1ae049-5d65-461a-a8ef-bb7bc450de34 - - - - - -] hitachi.hitachi_restore_timeout = None [00;33m{{(pid=3647173) log_opt_values /opt/stack/data/venv/lib/python3.12/site-packages/oslo_config/cfg.py:3560}}[00m
2026-10-07 05:59:05.812 3647173 DEBUG oslo_service.backend._eventlet.service [req-5b1ae049-5d65-461a-a8ef-bb7bc450de34 - - - - - -] hitachi.hitachi_snap_pool      = None [00;33m{{(pid=3647173) log_opt_values /opt/stack/data/venv/lib/python3.12/site-packages/oslo_config/cfg.py:3560}}[00m
2026-10-07 05:59:05.812 3647173 DEBUG oslo_service.backend._eventlet.service [req-5b1ae049-5d65-461a-a8ef-bb7bc450de34 - - - - - -] hitachi.hitachi_state_transition_timeout = 1800 [00;33m{{(pid=3647173) log_opt_values /opt/stack/data/venv/lib/python3.12/site-packages/oslo_config/cfg.py:3560}}[00m
2026-10-07 05:59:05.812 3647173 DEBUG oslo_service.backend._eventlet.service [req-5b1ae049-5d65-461a-a8ef-bb7bc450de34 - - - - - -] hitachi.hitachi_storage_id     = 938000715036 [00;33m{{(pid=3647173) log_opt_values /opt/stack/data/venv/lib/python3.12/site-packages/oslo_config/cfg.py:3560}}[00m
2026-10-07 05:59:05.812 3647173 DEBUG oslo_service.backend._eventlet.service [req-5b1ae049-5d65-461a-a8ef-bb7bc450de34 - - - - - -] hitachi.hitachi_target_ports   = ['CL1-C'] [00;33m{{(pid=3647173) log_opt_values /opt/stack/data/venv/lib/python3.12/site-packages/oslo_config/cfg.py:3560}}[00m
2026-10-07 05:59:05.813 3647173 DEBUG oslo_service.backend._eventlet.service [req-5b1ae049-5d65-461a-a8ef-bb7bc450de34 - - - - - -] hitachi.hitachi_use_drs_volumes = None [00;33m{{(pid=3647173) log_opt_values /opt/stack/data/venv/lib/python3.12/site-packages/oslo_config/cfg.py:3560}}[00m
2026-10-07 05:59:05.813 3647173 DEBUG oslo_service.backend._eventlet.service [req-5b1ae049-5d65-461a-a8ef-bb7bc450de34 - - - - - -] hitachi.hitachi_vcp_delete_sleep_interval = None [00;33m{{(pid=3647173) log_opt_values /opt/stack/data/venv/lib/python3.12/site-packages/oslo_config/cfg.py:3560}}[00m
2026-10-07 05:59:05.813 3647173 DEBUG oslo_service.backend._eventlet.service [req-5b1ae049-5d65-461a-a8ef-bb7bc450de34 - - - - - -] hitachi.hitachi_vcp_delete_timeout = None [00;33m{{(pid=3647173) log_opt_values /opt/stack/data/venv/lib/python3.12/site-packages/oslo_config/cfg.py:3560}}[00m
2026-10-07 05:59:05.813 3647173 DEBUG oslo_service.backend._eventlet.service [req-5b1ae049-5d65-461a-a8ef-bb7bc450de34 - - - - - -] hitachi.image_upload_use_cinder_backend = None [00;33m{{(pid=3647173) log_opt_values /opt/stack/data/venv/lib/python3.12/site-packages/oslo_config/cfg.py:3560}}[00m
2026-10-07 05:59:05.813 3647173 DEBUG oslo_service.backend._eventlet.service [req-5b1ae049-5d65-461a-a8ef-bb7bc450de34 - - - - - -] hitachi.image_upload_use_internal_tenant = None [00;33m{{(pid=3647173) log_opt_values /opt/stack/data/venv/lib/python3.12/site-packages/oslo_config/cfg.py:3560}}[00m
2026-10-07 05:59:05.813 3647173 DEBUG oslo_service.backend._eventlet.service [req-5b1ae049-5d65-461a-a8ef-bb7bc450de34 - - - - - -] hitachi.image_volume_cache_enabled = False [00;33m{{(pid=3647173) log_opt_values /opt/stack/data/venv/lib/python3.12/site-packages/oslo_config/cfg.py:3560}}[00m
2026-10-07 05:59:05.813 3647173 DEBUG oslo_service.backend._eventlet.service [req-5b1ae049-5d65-461a-a8ef-bb7bc450de34 - - - - - -] hitachi.image_volume_cache_max_count = None [00;33m{{(pid=3647173) log_opt_values /opt/stack/data/venv/lib/python3.12/site-packages/oslo_config/cfg.py:3560}}[00m
2026-10-07 05:59:05.813 3647173 DEBUG oslo_service.backend._eventlet.service [req-5b1ae049-5d65-461a-a8ef-bb7bc450de34 - - - - - -] hitachi.image_volume_cache_max_size_gb = None [00;33m{{(pid=3647173) log_opt_values /opt/stack/data/venv/lib/python3.12/site-packages/oslo_config/cfg.py:3560}}[00m
2026-10-07 05:59:05.813 3647173 DEBUG oslo_service.backend._eventlet.service [req-5b1ae049-5d65-461a-a8ef-bb7bc450de34 - - - - - -] hitachi.iscsi_target_flags     = None [00;33m{{(pid=3647173) log_opt_values /opt/stack/data/venv/lib/python3.12/site-packages/oslo_config/cfg.py:3560}}[00m
2026-10-07 05:59:05.813 3647173 DEBUG oslo_service.backend._eventlet.service [req-5b1ae049-5d65-461a-a8ef-bb7bc450de34 - - - - - -] hitachi.iscsi_write_cache      = None [00;33m{{(pid=3647173) log_opt_values /opt/stack/data/venv/lib/python3.12/site-packages/oslo_config/cfg.py:3560}}[00m
2026-10-07 05:59:05.813 3647173 DEBUG oslo_service.backend._eventlet.service [req-5b1ae049-5d65-461a-a8ef-bb7bc450de34 - - - - - -] hitachi.iser_helper            = None [00;33m{{(pid=3647173) log_opt_values /opt/stack/data/venv/lib/python3.12/site-packages/oslo_config/cfg.py:3560}}[00m
2026-10-07 05:59:05.813 3647173 DEBUG oslo_service.backend._eventlet.service [req-5b1ae049-5d65-461a-a8ef-bb7bc450de34 - - - - - -] hitachi.iser_ip_address        = None [00;33m{{(pid=3647173) log_opt_values /opt/stack/data/venv/lib/python3.12/site-packages/oslo_config/cfg.py:3560}}[00m
2026-10-07 05:59:05.813 3647173 DEBUG oslo_service.backend._eventlet.service [req-5b1ae049-5d65-461a-a8ef-bb7bc450de34 - - - - - -] hitachi.iser_port              = None [00;33m{{(pid=3647173) log_opt_values /opt/stack/data/venv/lib/python3.12/site-packages/oslo_config/cfg.py:3560}}[00m
2026-10-07 05:59:05.814 3647173 DEBUG oslo_service.backend._eventlet.service [req-5b1ae049-5d65-461a-a8ef-bb7bc450de34 - - - - - -] hitachi.iser_target_prefix     = None [00;33m{{(pid=3647173) log_opt_values /opt/stack/data/venv/lib/python3.12/site-packages/oslo_config/cfg.py:3560}}[00m
2026-10-07 05:59:05.814 3647173 DEBUG oslo_service.backend._eventlet.service [req-5b1ae049-5d65-461a-a8ef-bb7bc450de34 - - - - - -] hitachi.max_over_subscription_ratio = 2147483647 [00;33m{{(pid=3647173) log_opt_values /opt/stack/data/venv/lib/python3.12/site-packages/oslo_config/cfg.py:3560}}[00m
2026-10-07 05:59:05.814 3647173 DEBUG oslo_service.backend._eventlet.service [req-5b1ae049-5d65-461a-a8ef-bb7bc450de34 - - - - - -] hitachi.num_iser_scan_tries    = None [00;33m{{(pid=3647173) log_opt_values /opt/stack/data/venv/lib/python3.12/site-packages/oslo_config/cfg.py:3560}}[00m
2026-10-07 05:59:05.814 3647173 DEBUG oslo_service.backend._eventlet.service [req-5b1ae049-5d65-461a-a8ef-bb7bc450de34 - - - - - -] hitachi.num_shell_tries        = None [00;33m{{(pid=3647173) log_opt_values /opt/stack/data/venv/lib/python3.12/site-packages/oslo_config/cfg.py:3560}}[00m
2026-10-07 05:59:05.814 3647173 DEBUG oslo_service.backend._eventlet.service [req-5b1ae049-5d65-461a-a8ef-bb7bc450de34 - - - - - -] hitachi.num_volume_device_scan_tries = 5 [00;33m{{(pid=3647173) log_opt_values /opt/stack/data/venv/lib/python3.12/site-packages/oslo_config/cfg.py:3560}}[00m
2026-10-07 05:59:05.814 3647173 DEBUG oslo_service.backend._eventlet.service [req-5b1ae049-5d65-461a-a8ef-bb7bc450de34 - - - - - -] hitachi.nvmeof_conn_info_version = None [00;33m{{(pid=3647173) log_opt_values /opt/stack/data/venv/lib/python3.12/site-packages/oslo_config/cfg.py:3560}}[00m
2026-10-07 05:59:05.814 3647173 DEBUG oslo_service.backend._eventlet.service [req-5b1ae049-5d65-461a-a8ef-bb7bc450de34 - - - - - -] hitachi.nvmet_ns_id            = None [00;33m{{(pid=3647173) log_opt_values /opt/stack/data/venv/lib/python3.12/site-packages/oslo_config/cfg.py:3560}}[00m
2026-10-07 05:59:05.814 3647173 DEBUG oslo_service.backend._eventlet.service [req-5b1ae049-5d65-461a-a8ef-bb7bc450de34 - - - - - -] hitachi.nvmet_port_id          = None [00;33m{{(pid=3647173) log_opt_values /opt/stack/data/venv/lib/python3.12/site-packages/oslo_config/cfg.py:3560}}[00m
2026-10-07 05:59:05.814 3647173 DEBUG oslo_service.backend._eventlet.service [req-5b1ae049-5d65-461a-a8ef-bb7bc450de34 - - - - - -] hitachi.replication_device     = **** [00;33m{{(pid=3647173) log_opt_values /opt/stack/data/venv/lib/python3.12/site-packages/oslo_config/cfg.py:3560}}[00m
2026-10-07 05:59:05.814 3647173 DEBUG oslo_service.backend._eventlet.service [req-5b1ae049-5d65-461a-a8ef-bb7bc450de34 - - - - - -] hitachi.report_discard_supported = None [00;33m{{(pid=3647173) log_opt_values /opt/stack/data/venv/lib/python3.12/site-packages/oslo_config/cfg.py:3560}}[00m
2026-10-07 05:59:05.814 3647173 DEBUG oslo_service.backend._eventlet.service [req-5b1ae049-5d65-461a-a8ef-bb7bc450de34 - - - - - -] hitachi.reserved_percentage    = None [00;33m{{(pid=3647173) log_opt_values /opt/stack/data/venv/lib/python3.12/site-packages/oslo_config/cfg.py:3560}}[00m
2026-10-07 05:59:05.814 3647173 DEBUG oslo_service.backend._eventlet.service [req-5b1ae049-5d65-461a-a8ef-bb7bc450de34 - - - - - -] hitachi.san_api_port           = 443 [00;33m{{(pid=3647173) log_opt_values /opt/stack/data/venv/lib/python3.12/site-packages/oslo_config/cfg.py:3560}}[00m
2026-10-07 05:59:05.814 3647173 DEBUG oslo_service.backend._eventlet.service [req-5b1ae049-5d65-461a-a8ef-bb7bc450de34 - - - - - -] hitachi.san_clustername        = None [00;33m{{(pid=3647173) log_opt_values /opt/stack/data/venv/lib/python3.12/site-packages/oslo_config/cfg.py:3560}}[00m
2026-10-07 05:59:05.815 3647173 DEBUG oslo_service.backend._eventlet.service [req-5b1ae049-5d65-461a-a8ef-bb7bc450de34 - - - - - -] hitachi.san_ip                 = 172.25.44.127 [00;33m{{(pid=3647173) log_opt_values /opt/stack/data/venv/lib/python3.12/site-packages/oslo_config/cfg.py:3560}}[00m
2026-10-07 05:59:05.815 3647173 DEBUG oslo_service.backend._eventlet.service [req-5b1ae049-5d65-461a-a8ef-bb7bc450de34 - - - - - -] hitachi.san_is_local           = None [00;33m{{(pid=3647173) log_opt_values /opt/stack/data/venv/lib/python3.12/site-packages/oslo_config/cfg.py:3560}}[00m
2026-10-07 05:59:05.815 3647173 DEBUG oslo_service.backend._eventlet.service [req-5b1ae049-5d65-461a-a8ef-bb7bc450de34 - - - - - -] hitachi.san_login              = ucpa [00;33m{{(pid=3647173) log_opt_values /opt/stack/data/venv/lib/python3.12/site-packages/oslo_config/cfg.py:3560}}[00m
2026-10-07 05:59:05.815 3647173 DEBUG oslo_service.backend._eventlet.service [req-5b1ae049-5d65-461a-a8ef-bb7bc450de34 - - - - - -] hitachi.san_password           = **** [00;33m{{(pid=3647173) log_opt_values /opt/stack/data/venv/lib/python3.12/site-packages/oslo_config/cfg.py:3560}}[00m
2026-10-07 05:59:05.815 3647173 DEBUG oslo_service.backend._eventlet.service [req-5b1ae049-5d65-461a-a8ef-bb7bc450de34 - - - - - -] hitachi.san_private_key        = None [00;33m{{(pid=3647173) log_opt_values /opt/stack/data/venv/lib/python3.12/site-packages/oslo_config/cfg.py:3560}}[00m
2026-10-07 05:59:05.815 3647173 DEBUG oslo_service.backend._eventlet.service [req-5b1ae049-5d65-461a-a8ef-bb7bc450de34 - - - - - -] hitachi.san_ssh_port           = None [00;33m{{(pid=3647173) log_opt_values /opt/stack/data/venv/lib/python3.12/site-packages/oslo_config/cfg.py:3560}}[00m
2026-10-07 05:59:05.815 3647173 DEBUG oslo_service.backend._eventlet.service [req-5b1ae049-5d65-461a-a8ef-bb7bc450de34 - - - - - -] hitachi.san_thin_provision     = None [00;33m{{(pid=3647173) log_opt_values /opt/stack/data/venv/lib/python3.12/site-packages/oslo_config/cfg.py:3560}}[00m
2026-10-07 05:59:05.815 3647173 DEBUG oslo_service.backend._eventlet.service [req-5b1ae049-5d65-461a-a8ef-bb7bc450de34 - - - - - -] hitachi.scst_target_driver     = None [00;33m{{(pid=3647173) log_opt_values /opt/stack/data/venv/lib/python3.12/site-packages/oslo_config/cfg.py:3560}}[00m
2026-10-07 05:59:05.815 3647173 DEBUG oslo_service.backend._eventlet.service [req-5b1ae049-5d65-461a-a8ef-bb7bc450de34 - - - - - -] hitachi.scst_target_iqn_name   = None [00;33m{{(pid=3647173) log_opt_values /opt/stack/data/venv/lib/python3.12/site-packages/oslo_config/cfg.py:3560}}[00m
2026-10-07 05:59:05.815 3647173 DEBUG oslo_service.backend._eventlet.service [req-5b1ae049-5d65-461a-a8ef-bb7bc450de34 - - - - - -] hitachi.ssh_conn_timeout       = None [00;33m{{(pid=3647173) log_opt_values /opt/stack/data/venv/lib/python3.12/site-packages/oslo_config/cfg.py:3560}}[00m
2026-10-07 05:59:05.815 3647173 DEBUG oslo_service.backend._eventlet.service [req-5b1ae049-5d65-461a-a8ef-bb7bc450de34 - - - - - -] hitachi.ssh_max_pool_conn      = None [00;33m{{(pid=3647173) log_opt_values /opt/stack/data/venv/lib/python3.12/site-packages/oslo_config/cfg.py:3560}}[00m
2026-10-07 05:59:05.815 3647173 DEBUG oslo_service.backend._eventlet.service [req-5b1ae049-5d65-461a-a8ef-bb7bc450de34 - - - - - -] hitachi.ssh_min_pool_conn      = None [00;33m{{(pid=3647173) log_opt_values /opt/stack/data/venv/lib/python3.12/site-packages/oslo_config/cfg.py:3560}}[00m
2026-10-07 05:59:05.816 3647173 DEBUG oslo_service.backend._eventlet.service [req-5b1ae049-5d65-461a-a8ef-bb7bc450de34 - - - - - -] hitachi.storage_protocol       = None [00;33m{{(pid=3647173) log_opt_values /opt/stack/data/venv/lib/python3.12/site-packages/oslo_config/cfg.py:3560}}[00m
2026-10-07 05:59:05.816 3647173 DEBUG oslo_service.backend._eventlet.service [req-5b1ae049-5d65-461a-a8ef-bb7bc450de34 - - - - - -] hitachi.suppress_requests_ssl_warnings = True [00;33m{{(pid=3647173) log_opt_values /opt/stack/data/venv/lib/python3.12/site-packages/oslo_config/cfg.py:3560}}[00m
2026-10-07 05:59:05.816 3647173 DEBUG oslo_service.backend._eventlet.service [req-5b1ae049-5d65-461a-a8ef-bb7bc450de34 - - - - - -] hitachi.target_helper          = None [00;33m{{(pid=3647173) log_opt_values /opt/stack/data/venv/lib/python3.12/site-packages/oslo_config/cfg.py:3560}}[00m
2026-10-07 05:59:05.816 3647173 DEBUG oslo_service.backend._eventlet.service [req-5b1ae049-5d65-461a-a8ef-bb7bc450de34 - - - - - -] hitachi.target_ip_address      = None [00;33m{{(pid=3647173) log_opt_values /opt/stack/data/venv/lib/python3.12/site-packages/oslo_config/cfg.py:3560}}[00m
2026-10-07 05:59:05.816 3647173 DEBUG oslo_service.backend._eventlet.service [req-5b1ae049-5d65-461a-a8ef-bb7bc450de34 - - - - - -] hitachi.target_port            = None [00;33m{{(pid=3647173) log_opt_values /opt/stack/data/venv/lib/python3.12/site-packages/oslo_config/cfg.py:3560}}[00m
2026-10-07 05:59:05.816 3647173 DEBUG oslo_service.backend._eventlet.service [req-5b1ae049-5d65-461a-a8ef-bb7bc450de34 - - - - - -] hitachi.target_prefix          = None [00;33m{{(pid=3647173) log_opt_values /opt/stack/data/venv/lib/python3.12/site-packages/oslo_config/cfg.py:3560}}[00m
2026-10-07 05:59:05.816 3647173 DEBUG oslo_service.backend._eventlet.service [req-5b1ae049-5d65-461a-a8ef-bb7bc450de34 - - - - - -] hitachi.target_protocol        = None [00;33m{{(pid=3647173) log_opt_values /opt/stack/data/venv/lib/python3.12/site-packages/oslo_config/cfg.py:3560}}[00m
2026-10-07 05:59:05.816 3647173 DEBUG oslo_service.backend._eventlet.service [req-5b1ae049-5d65-461a-a8ef-bb7bc450de34 - - - - - -] hitachi.target_secondary_ip_addresses = None [00;33m{{(pid=3647173) log_opt_values /opt/stack/data/venv/lib/python3.12/site-packages/oslo_config/cfg.py:3560}}[00m
2026-10-07 05:59:05.816 3647173 DEBUG oslo_service.backend._eventlet.service [req-5b1ae049-5d65-461a-a8ef-bb7bc450de34 - - - - - -] hitachi.trace_flags            = None [00;33m{{(pid=3647173) log_opt_values /opt/stack/data/venv/lib/python3.12/site-packages/oslo_config/cfg.py:3560}}[00m
2026-10-07 05:59:05.816 3647173 DEBUG oslo_service.backend._eventlet.service [req-5b1ae049-5d65-461a-a8ef-bb7bc450de34 - - - - - -] hitachi.unique_fqdn_network    = None [00;33m{{(pid=3647173) log_opt_values /opt/stack/data/venv/lib/python3.12/site-packages/oslo_config/cfg.py:3560}}[00m
2026-10-07 05:59:05.816 3647173 DEBUG oslo_service.backend._eventlet.service [req-5b1ae049-5d65-461a-a8ef-bb7bc450de34 - - - - - -] hitachi.use_chap_auth          = None [00;33m{{(pid=3647173) log_opt_values /opt/stack/data/venv/lib/python3.12/site-packages/oslo_config/cfg.py:3560}}[00m
2026-10-07 05:59:05.816 3647173 DEBUG oslo_service.backend._eventlet.service [req-5b1ae049-5d65-461a-a8ef-bb7bc450de34 - - - - - -] hitachi.use_multipath_for_image_xfer = False [00;33m{{(pid=3647173) log_opt_values /opt/stack/data/venv/lib/python3.12/site-packages/oslo_config/cfg.py:3560}}[00m
2026-10-07 05:59:05.816 3647173 DEBUG oslo_service.backend._eventlet.service [req-5b1ae049-5d65-461a-a8ef-bb7bc450de34 - - - - - -] hitachi.volume_backend_name    = hitachi [00;33m{{(pid=3647173) log_opt_values /opt/stack/data/venv/lib/python3.12/site-packages/oslo_config/cfg.py:3560}}[00m
2026-10-07 05:59:05.817 3647173 DEBUG oslo_service.backend._eventlet.service [req-5b1ae049-5d65-461a-a8ef-bb7bc450de34 - - - - - -] hitachi.volume_clear           = None [00;33m{{(pid=3647173) log_opt_values /opt/stack/data/venv/lib/python3.12/site-packages/oslo_config/cfg.py:3560}}[00m
2026-10-07 05:59:05.817 3647173 DEBUG oslo_service.backend._eventlet.service [req-5b1ae049-5d65-461a-a8ef-bb7bc450de34 - - - - - -] hitachi.volume_clear_ionice    = None [00;33m{{(pid=3647173) log_opt_values /opt/stack/data/venv/lib/python3.12/site-packages/oslo_config/cfg.py:3560}}[00m
2026-10-07 05:59:05.817 3647173 DEBUG oslo_service.backend._eventlet.service [req-5b1ae049-5d65-461a-a8ef-bb7bc450de34 - - - - - -] hitachi.volume_clear_size      = None [00;33m{{(pid=3647173) log_opt_values /opt/stack/data/venv/lib/python3.12/site-packages/oslo_config/cfg.py:3560}}[00m
2026-10-07 05:59:05.817 3647173 DEBUG oslo_service.backend._eventlet.service [req-5b1ae049-5d65-461a-a8ef-bb7bc450de34 - - - - - -] hitachi.volume_copy_blkio_cgroup_name = None [00;33m{{(pid=3647173) log_opt_values /opt/stack/data/venv/lib/python3.12/site-packages/oslo_config/cfg.py:3560}}[00m
2026-10-07 05:59:05.817 3647173 DEBUG oslo_service.backend._eventlet.service [req-5b1ae049-5d65-461a-a8ef-bb7bc450de34 - - - - - -] hitachi.volume_copy_bps_limit  = None [00;33m{{(pid=3647173) log_opt_values /opt/stack/data/venv/lib/python3.12/site-packages/oslo_config/cfg.py:3560}}[00m
2026-10-07 05:59:05.817 3647173 DEBUG oslo_service.backend._eventlet.service [req-5b1ae049-5d65-461a-a8ef-bb7bc450de34 - - - - - -] hitachi.volume_dd_blocksize    = None [00;33m{{(pid=3647173) log_opt_values /opt/stack/data/venv/lib/python3.12/site-packages/oslo_config/cfg.py:3560}}[00m
2026-10-07 05:59:05.817 3647173 DEBUG oslo_service.backend._eventlet.service [req-5b1ae049-5d65-461a-a8ef-bb7bc450de34 - - - - - -] hitachi.volume_driver          = cinder.volume.drivers.hitachi.hbsd_iscsi.HBSDISCSIDriver [00;33m{{(pid=3647173) log_opt_values /opt/stack/data/venv/lib/python3.12/site-packages/oslo_config/cfg.py:3560}}[00m
2026-10-07 05:59:05.817 3647173 DEBUG oslo_service.backend._eventlet.service [req-5b1ae049-5d65-461a-a8ef-bb7bc450de34 - - - - - -] hitachi.volumes_dir            = None [00;33m{{(pid=3647173) log_opt_values /opt/stack/data/venv/lib/python3.12/site-packages/oslo_config/cfg.py:3560}}[00m
2026-10-07 05:59:05.817 3647173 DEBUG oslo_service.backend._eventlet.service [req-5b1ae049-5d65-461a-a8ef-bb7bc450de34 - - - - - -] oslo_messaging_rabbit.amqp_auto_delete = False [00;33m{{(pid=3647173) log_opt_values /opt/stack/data/venv/lib/python3.12/site-packages/oslo_config/cfg.py:3560}}[00m
2026-10-07 05:59:05.817 3647173 DEBUG oslo_service.backend._eventlet.service [req-5b1ae049-5d65-461a-a8ef-bb7bc450de34 - - - - - -] oslo_messaging_rabbit.amqp_durable_queues = False [00;33m{{(pid=3647173) log_opt_values /opt/stack/data/venv/lib/python3.12/site-packages/oslo_config/cfg.py:3560}}[00m
2026-10-07 05:59:05.817 3647173 DEBUG oslo_service.backend._eventlet.service [req-5b1ae049-5d65-461a-a8ef-bb7bc450de34 - - - - - -] oslo_messaging_rabbit.conn_pool_min_size = 2 [00;33m{{(pid=3647173) log_opt_values /opt/stack/data/venv/lib/python3.12/site-packages/oslo_config/cfg.py:3560}}[00m
2026-10-07 05:59:05.818 3647173 DEBUG oslo_service.backend._eventlet.service [req-5b1ae049-5d65-461a-a8ef-bb7bc450de34 - - - - - -] oslo_messaging_rabbit.conn_pool_ttl = 1200 [00;33m{{(pid=3647173) log_opt_values /opt/stack/data/venv/lib/python3.12/site-packages/oslo_config/cfg.py:3560}}[00m
2026-10-07 05:59:05.818 3647173 DEBUG oslo_service.backend._eventlet.service [req-5b1ae049-5d65-461a-a8ef-bb7bc450de34 - - - - - -] oslo_messaging_rabbit.direct_mandatory_flag = True [00;33m{{(pid=3647173) log_opt_values /opt/stack/data/venv/lib/python3.12/site-packages/oslo_config/cfg.py:3560}}[00m
2026-10-07 05:59:05.818 3647173 DEBUG oslo_service.backend._eventlet.service [req-5b1ae049-5d65-461a-a8ef-bb7bc450de34 - - - - - -] oslo_messaging_rabbit.enable_cancel_on_failover = False [00;33m{{(pid=3647173) log_opt_values /opt/stack/data/venv/lib/python3.12/site-packages/oslo_config/cfg.py:3560}}[00m
2026-10-07 05:59:05.818 3647173 DEBUG oslo_service.backend._eventlet.service [req-5b1ae049-5d65-461a-a8ef-bb7bc450de34 - - - - - -] oslo_messaging_rabbit.heartbeat_rate = 3 [00;33m{{(pid=3647173) log_opt_values /opt/stack/data/venv/lib/python3.12/site-packages/oslo_config/cfg.py:3560}}[00m
2026-10-07 05:59:05.818 3647173 DEBUG oslo_service.backend._eventlet.service [req-5b1ae049-5d65-461a-a8ef-bb7bc450de34 - - - - - -] oslo_messaging_rabbit.heartbeat_timeout_threshold = 60 [00;33m{{(pid=3647173) log_opt_values /opt/stack/data/venv/lib/python3.12/site-packages/oslo_config/cfg.py:3560}}[00m
2026-10-07 05:59:05.818 3647173 DEBUG oslo_service.backend._eventlet.service [req-5b1ae049-5d65-461a-a8ef-bb7bc450de34 - - - - - -] oslo_messaging_rabbit.hostname = devstack-92-210 [00;33m{{(pid=3647173) log_opt_values /opt/stack/data/venv/lib/python3.12/site-packages/oslo_config/cfg.py:3560}}[00m
2026-10-07 05:59:05.818 3647173 DEBUG oslo_service.backend._eventlet.service [req-5b1ae049-5d65-461a-a8ef-bb7bc450de34 - - - - - -] oslo_messaging_rabbit.kombu_compression = None [00;33m{{(pid=3647173) log_opt_values /opt/stack/data/venv/lib/python3.12/site-packages/oslo_config/cfg.py:3560}}[00m
2026-10-07 05:59:05.818 3647173 DEBUG oslo_service.backend._eventlet.service [req-5b1ae049-5d65-461a-a8ef-bb7bc450de34 - - - - - -] oslo_messaging_rabbit.kombu_failover_strategy = round-robin [00;33m{{(pid=3647173) log_opt_values /opt/stack/data/venv/lib/python3.12/site-packages/oslo_config/cfg.py:3560}}[00m
2026-10-07 05:59:05.818 3647173 DEBUG oslo_service.backend._eventlet.service [req-5b1ae049-5d65-461a-a8ef-bb7bc450de34 - - - - - -] oslo_messaging_rabbit.kombu_missing_consumer_retry_timeout = 60 [00;33m{{(pid=3647173) log_opt_values /opt/stack/data/venv/lib/python3.12/site-packages/oslo_config/cfg.py:3560}}[00m
2026-10-07 05:59:05.818 3647173 DEBUG oslo_service.backend._eventlet.service [req-5b1ae049-5d65-461a-a8ef-bb7bc450de34 - - - - - -] oslo_messaging_rabbit.kombu_reconnect_delay = 1.0 [00;33m{{(pid=3647173) log_opt_values /opt/stack/data/venv/lib/python3.12/site-packages/oslo_config/cfg.py:3560}}[00m
2026-10-07 05:59:05.818 3647173 DEBUG oslo_service.backend._eventlet.service [req-5b1ae049-5d65-461a-a8ef-bb7bc450de34 - - - - - -] oslo_messaging_rabbit.kombu_reconnect_splay = 0.0 [00;33m{{(pid=3647173) log_opt_values /opt/stack/data/venv/lib/python3.12/site-packages/oslo_config/cfg.py:3560}}[00m
2026-10-07 05:59:05.818 3647173 DEBUG oslo_service.backend._eventlet.service [req-5b1ae049-5d65-461a-a8ef-bb7bc450de34 - - - - - -] oslo_messaging_rabbit.processname = cinder-volume [00;33m{{(pid=3647173) log_opt_values /opt/stack/data/venv/lib/python3.12/site-packages/oslo_config/cfg.py:3560}}[00m
2026-10-07 05:59:05.819 3647173 DEBUG oslo_service.backend._eventlet.service [req-5b1ae049-5d65-461a-a8ef-bb7bc450de34 - - - - - -] oslo_messaging_rabbit.rabbit_ha_queues = False [00;33m{{(pid=3647173) log_opt_values /opt/stack/data/venv/lib/python3.12/site-packages/oslo_config/cfg.py:3560}}[00m
2026-10-07 05:59:05.819 3647173 DEBUG oslo_service.backend._eventlet.service [req-5b1ae049-5d65-461a-a8ef-bb7bc450de34 - - - - - -] oslo_messaging_rabbit.rabbit_interval_max = 30 [00;33m{{(pid=3647173) log_opt_values /opt/stack/data/venv/lib/python3.12/site-packages/oslo_config/cfg.py:3560}}[00m
2026-10-07 05:59:05.819 3647173 DEBUG oslo_service.backend._eventlet.service [req-5b1ae049-5d65-461a-a8ef-bb7bc450de34 - - - - - -] oslo_messaging_rabbit.rabbit_login_method = AMQPLAIN [00;33m{{(pid=3647173) log_opt_values /opt/stack/data/venv/lib/python3.12/site-packages/oslo_config/cfg.py:3560}}[00m
2026-10-07 05:59:05.819 3647173 DEBUG oslo_service.backend._eventlet.service [req-5b1ae049-5d65-461a-a8ef-bb7bc450de34 - - - - - -] oslo_messaging_rabbit.rabbit_qos_prefetch_count = 0 [00;33m{{(pid=3647173) log_opt_values /opt/stack/data/venv/lib/python3.12/site-packages/oslo_config/cfg.py:3560}}[00m
2026-10-07 05:59:05.819 3647173 DEBUG oslo_service.backend._eventlet.service [req-5b1ae049-5d65-461a-a8ef-bb7bc450de34 - - - - - -] oslo_messaging_rabbit.rabbit_quorum_delivery_limit = 0 [00;33m{{(pid=3647173) log_opt_values /opt/stack/data/venv/lib/python3.12/site-packages/oslo_config/cfg.py:3560}}[00m
2026-10-07 05:59:05.819 3647173 DEBUG oslo_service.backend._eventlet.service [req-5b1ae049-5d65-461a-a8ef-bb7bc450de34 - - - - - -] oslo_messaging_rabbit.rabbit_quorum_max_memory_bytes = 0 [00;33m{{(pid=3647173) log_opt_values /opt/stack/data/venv/lib/python3.12/site-packages/oslo_config/cfg.py:3560}}[00m
2026-10-07 05:59:05.819 3647173 DEBUG oslo_service.backend._eventlet.service [req-5b1ae049-5d65-461a-a8ef-bb7bc450de34 - - - - - -] oslo_messaging_rabbit.rabbit_quorum_max_memory_length = 0 [00;33m{{(pid=3647173) log_opt_values /opt/stack/data/venv/lib/python3.12/site-packages/oslo_config/cfg.py:3560}}[00m
2026-10-07 05:59:05.819 3647173 DEBUG oslo_service.backend._eventlet.service [req-5b1ae049-5d65-461a-a8ef-bb7bc450de34 - - - - - -] oslo_messaging_rabbit.rabbit_quorum_queue = False [00;33m{{(pid=3647173) log_opt_values /opt/stack/data/venv/lib/python3.12/site-packages/oslo_config/cfg.py:3560}}[00m
2026-10-07 05:59:05.819 3647173 DEBUG oslo_service.backend._eventlet.service [req-5b1ae049-5d65-461a-a8ef-bb7bc450de34 - - - - - -] oslo_messaging_rabbit.rabbit_retry_backoff = 2 [00;33m{{(pid=3647173) log_opt_values /opt/stack/data/venv/lib/python3.12/site-packages/oslo_config/cfg.py:3560}}[00m
2026-10-07 05:59:05.819 3647173 DEBUG oslo_service.backend._eventlet.service [req-5b1ae049-5d65-461a-a8ef-bb7bc450de34 - - - - - -] oslo_messaging_rabbit.rabbit_retry_interval = 1 [00;33m{{(pid=3647173) log_opt_values /opt/stack/data/venv/lib/python3.12/site-packages/oslo_config/cfg.py:3560}}[00m
2026-10-07 05:59:05.819 3647173 DEBUG oslo_service.backend._eventlet.service [req-5b1ae049-5d65-461a-a8ef-bb7bc450de34 - - - - - -] oslo_messaging_rabbit.rabbit_stream_fanout = False [00;33m{{(pid=3647173) log_opt_values /opt/stack/data/venv/lib/python3.12/site-packages/oslo_config/cfg.py:3560}}[00m
2026-10-07 05:59:05.819 3647173 DEBUG oslo_service.backend._eventlet.service [req-5b1ae049-5d65-461a-a8ef-bb7bc450de34 - - - - - -] oslo_messaging_rabbit.rabbit_transient_queues_ttl = 1800 [00;33m{{(pid=3647173) log_opt_values /opt/stack/data/venv/lib/python3.12/site-packages/oslo_config/cfg.py:3560}}[00m
2026-10-07 05:59:05.820 3647173 DEBUG oslo_service.backend._eventlet.service [req-5b1ae049-5d65-461a-a8ef-bb7bc450de34 - - - - - -] oslo_messaging_rabbit.rabbit_transient_quorum_queue = False [00;33m{{(pid=3647173) log_opt_values /opt/stack/data/venv/lib/python3.12/site-packages/oslo_config/cfg.py:3560}}[00m
2026-10-07 05:59:05.820 3647173 DEBUG oslo_service.backend._eventlet.service [req-5b1ae049-5d65-461a-a8ef-bb7bc450de34 - - - - - -] oslo_messaging_rabbit.rpc_conn_pool_size = 30 [00;33m{{(pid=3647173) log_opt_values /opt/stack/data/venv/lib/python3.12/site-packages/oslo_config/cfg.py:3560}}[00m
2026-10-07 05:59:05.820 3647173 DEBUG oslo_service.backend._eventlet.service [req-5b1ae049-5d65-461a-a8ef-bb7bc450de34 - - - - - -] oslo_messaging_rabbit.ssl      = False [00;33m{{(pid=3647173) log_opt_values /opt/stack/data/venv/lib/python3.12/site-packages/oslo_config/cfg.py:3560}}[00m
2026-10-07 05:59:05.820 3647173 DEBUG oslo_service.backend._eventlet.service [req-5b1ae049-5d65-461a-a8ef-bb7bc450de34 - - - - - -] oslo_messaging_rabbit.ssl_ca_file =  [00;33m{{(pid=3647173) log_opt_values /opt/stack/data/venv/lib/python3.12/site-packages/oslo_config/cfg.py:3560}}[00m
2026-10-07 05:59:05.820 3647173 DEBUG oslo_service.backend._eventlet.service [req-5b1ae049-5d65-461a-a8ef-bb7bc450de34 - - - - - -] oslo_messaging_rabbit.ssl_cert_file =  [00;33m{{(pid=3647173) log_opt_values /opt/stack/data/venv/lib/python3.12/site-packages/oslo_config/cfg.py:3560}}[00m
2026-10-07 05:59:05.820 3647173 DEBUG oslo_service.backend._eventlet.service [req-5b1ae049-5d65-461a-a8ef-bb7bc450de34 - - - - - -] oslo_messaging_rabbit.ssl_enforce_fips_mode = False [00;33m{{(pid=3647173) log_opt_values /opt/stack/data/venv/lib/python3.12/site-packages/oslo_config/cfg.py:3560}}[00m
2026-10-07 05:59:05.820 3647173 DEBUG oslo_service.backend._eventlet.service [req-5b1ae049-5d65-461a-a8ef-bb7bc450de34 - - - - - -] oslo_messaging_rabbit.ssl_enforce_hostname_verification = True [00;33m{{(pid=3647173) log_opt_values /opt/stack/data/venv/lib/python3.12/site-packages/oslo_config/cfg.py:3560}}[00m
2026-10-07 05:59:05.820 3647173 DEBUG oslo_service.backend._eventlet.service [req-5b1ae049-5d65-461a-a8ef-bb7bc450de34 - - - - - -] oslo_messaging_rabbit.ssl_key_file =  [00;33m{{(pid=3647173) log_opt_values /opt/stack/data/venv/lib/python3.12/site-packages/oslo_config/cfg.py:3560}}[00m
2026-10-07 05:59:05.820 3647173 DEBUG oslo_service.backend._eventlet.service [req-5b1ae049-5d65-461a-a8ef-bb7bc450de34 - - - - - -] oslo_messaging_rabbit.ssl_version =  [00;33m{{(pid=3647173) log_opt_values /opt/stack/data/venv/lib/python3.12/site-packages/oslo_config/cfg.py:3560}}[00m
2026-10-07 05:59:05.820 3647173 DEBUG oslo_service.backend._eventlet.service [req-5b1ae049-5d65-461a-a8ef-bb7bc450de34 - - - - - -] oslo_messaging_rabbit.use_queue_manager = False [00;33m{{(pid=3647173) log_opt_values /opt/stack/data/venv/lib/python3.12/site-packages/oslo_config/cfg.py:3560}}[00m
2026-10-07 05:59:05.820 3647173 DEBUG oslo_service.backend._eventlet.service [req-5b1ae049-5d65-461a-a8ef-bb7bc450de34 - - - - - -] oslo_messaging_notifications.driver = [] [00;33m{{(pid=3647173) log_opt_values /opt/stack/data/venv/lib/python3.12/site-packages/oslo_config/cfg.py:3560}}[00m
2026-10-07 05:59:05.820 3647173 DEBUG oslo_service.backend._eventlet.service [req-5b1ae049-5d65-461a-a8ef-bb7bc450de34 - - - - - -] oslo_messaging_notifications.retry = -1 [00;33m{{(pid=3647173) log_opt_values /opt/stack/data/venv/lib/python3.12/site-packages/oslo_config/cfg.py:3560}}[00m
2026-10-07 05:59:05.821 3647173 DEBUG oslo_service.backend._eventlet.service [req-5b1ae049-5d65-461a-a8ef-bb7bc450de34 - - - - - -] oslo_messaging_notifications.topics = ['notifications'] [00;33m{{(pid=3647173) log_opt_values /opt/stack/data/venv/lib/python3.12/site-packages/oslo_config/cfg.py:3560}}[00m
2026-10-07 05:59:05.821 3647173 DEBUG oslo_service.backend._eventlet.service [req-5b1ae049-5d65-461a-a8ef-bb7bc450de34 - - - - - -] oslo_messaging_notifications.transport_url = **** [00;33m{{(pid=3647173) log_opt_values /opt/stack/data/venv/lib/python3.12/site-packages/oslo_config/cfg.py:3560}}[00m
2026-10-07 05:59:05.821 3647173 DEBUG oslo_service.backend._eventlet.service [req-5b1ae049-5d65-461a-a8ef-bb7bc450de34 - - - - - -] key_manager.backend            = cinder.keymgr.conf_key_mgr.ConfKeyManager [00;33m{{(pid=3647173) log_opt_values /opt/stack/data/venv/lib/python3.12/site-packages/oslo_config/cfg.py:3560}}[00m
2026-10-07 05:59:05.821 3647173 DEBUG oslo_service.backend._eventlet.service [req-5b1ae049-5d65-461a-a8ef-bb7bc450de34 - - - - - -] key_manager.fixed_key          = **** [00;33m{{(pid=3647173) log_opt_values /opt/stack/data/venv/lib/python3.12/site-packages/oslo_config/cfg.py:3560}}[00m
2026-10-07 05:59:05.821 3647173 DEBUG oslo_service.backend._eventlet.service [req-5b1ae049-5d65-461a-a8ef-bb7bc450de34 - - - - - -] barbican.auth_endpoint         = http://localhost/identity/v3 [00;33m{{(pid=3647173) log_opt_values /opt/stack/data/venv/lib/python3.12/site-packages/oslo_config/cfg.py:3560}}[00m
2026-10-07 05:59:05.821 3647173 DEBUG oslo_service.backend._eventlet.service [req-5b1ae049-5d65-461a-a8ef-bb7bc450de34 - - - - - -] barbican.barbican_api_version  = None [00;33m{{(pid=3647173) log_opt_values /opt/stack/data/venv/lib/python3.12/site-packages/oslo_config/cfg.py:3560}}[00m
2026-10-07 05:59:05.821 3647173 DEBUG oslo_service.backend._eventlet.service [req-5b1ae049-5d65-461a-a8ef-bb7bc450de34 - - - - - -] barbican.barbican_endpoint     = None [00;33m{{(pid=3647173) log_opt_values /opt/stack/data/venv/lib/python3.12/site-packages/oslo_config/cfg.py:3560}}[00m
2026-10-07 05:59:05.822 3647173 DEBUG oslo_service.backend._eventlet.service [req-5b1ae049-5d65-461a-a8ef-bb7bc450de34 - - - - - -] barbican.barbican_endpoint_type = public [00;33m{{(pid=3647173) log_opt_values /opt/stack/data/venv/lib/python3.12/site-packages/oslo_config/cfg.py:3560}}[00m
2026-10-07 05:59:05.822 3647173 DEBUG oslo_service.backend._eventlet.service [req-5b1ae049-5d65-461a-a8ef-bb7bc450de34 - - - - - -] barbican.barbican_region_name  = None [00;33m{{(pid=3647173) log_opt_values /opt/stack/data/venv/lib/python3.12/site-packages/oslo_config/cfg.py:3560}}[00m
2026-10-07 05:59:05.822 3647173 DEBUG oslo_service.backend._eventlet.service [req-5b1ae049-5d65-461a-a8ef-bb7bc450de34 - - - - - -] barbican.cafile                = None [00;33m{{(pid=3647173) log_opt_values /opt/stack/data/venv/lib/python3.12/site-packages/oslo_config/cfg.py:3560}}[00m
2026-10-07 05:59:05.822 3647173 DEBUG oslo_service.backend._eventlet.service [req-5b1ae049-5d65-461a-a8ef-bb7bc450de34 - - - - - -] barbican.certfile              = None [00;33m{{(pid=3647173) log_opt_values /opt/stack/data/venv/lib/python3.12/site-packages/oslo_config/cfg.py:3560}}[00m
2026-10-07 05:59:05.822 3647173 DEBUG oslo_service.backend._eventlet.service [req-5b1ae049-5d65-461a-a8ef-bb7bc450de34 - - - - - -] barbican.collect_timing        = False [00;33m{{(pid=3647173) log_opt_values /opt/stack/data/venv/lib/python3.12/site-packages/oslo_config/cfg.py:3560}}[00m
2026-10-07 05:59:05.822 3647173 DEBUG oslo_service.backend._eventlet.service [req-5b1ae049-5d65-461a-a8ef-bb7bc450de34 - - - - - -] barbican.insecure              = False [00;33m{{(pid=3647173) log_opt_values /opt/stack/data/venv/lib/python3.12/site-packages/oslo_config/cfg.py:3560}}[00m
2026-10-07 05:59:05.822 3647173 DEBUG oslo_service.backend._eventlet.service [req-5b1ae049-5d65-461a-a8ef-bb7bc450de34 - - - - - -] barbican.keyfile               = None [00;33m{{(pid=3647173) log_opt_values /opt/stack/data/venv/lib/python3.12/site-packages/oslo_config/cfg.py:3560}}[00m
2026-10-07 05:59:05.822 3647173 DEBUG oslo_service.backend._eventlet.service [req-5b1ae049-5d65-461a-a8ef-bb7bc450de34 - - - - - -] barbican.number_of_retries     = 60 [00;33m{{(pid=3647173) log_opt_values /opt/stack/data/venv/lib/python3.12/site-packages/oslo_config/cfg.py:3560}}[00m
2026-10-07 05:59:05.822 3647173 DEBUG oslo_service.backend._eventlet.service [req-5b1ae049-5d65-461a-a8ef-bb7bc450de34 - - - - - -] barbican.retry_delay           = 1 [00;33m{{(pid=3647173) log_opt_values /opt/stack/data/venv/lib/python3.12/site-packages/oslo_config/cfg.py:3560}}[00m
2026-10-07 05:59:05.822 3647173 DEBUG oslo_service.backend._eventlet.service [req-5b1ae049-5d65-461a-a8ef-bb7bc450de34 - - - - - -] barbican.send_service_user_token = False [00;33m{{(pid=3647173) log_opt_values /opt/stack/data/venv/lib/python3.12/site-packages/oslo_config/cfg.py:3560}}[00m
2026-10-07 05:59:05.822 3647173 DEBUG oslo_service.backend._eventlet.service [req-5b1ae049-5d65-461a-a8ef-bb7bc450de34 - - - - - -] barbican.split_loggers         = False [00;33m{{(pid=3647173) log_opt_values /opt/stack/data/venv/lib/python3.12/site-packages/oslo_config/cfg.py:3560}}[00m
2026-10-07 05:59:05.822 3647173 DEBUG oslo_service.backend._eventlet.service [req-5b1ae049-5d65-461a-a8ef-bb7bc450de34 - - - - - -] barbican.timeout               = None [00;33m{{(pid=3647173) log_opt_values /opt/stack/data/venv/lib/python3.12/site-packages/oslo_config/cfg.py:3560}}[00m
2026-10-07 05:59:05.822 3647173 DEBUG oslo_service.backend._eventlet.service [req-5b1ae049-5d65-461a-a8ef-bb7bc450de34 - - - - - -] barbican.tls_ciphers           = None [00;33m{{(pid=3647173) log_opt_values /opt/stack/data/venv/lib/python3.12/site-packages/oslo_config/cfg.py:3560}}[00m
2026-10-07 05:59:05.823 3647173 DEBUG oslo_service.backend._eventlet.service [req-5b1ae049-5d65-461a-a8ef-bb7bc450de34 - - - - - -] barbican.tls_min_version       = None [00;33m{{(pid=3647173) log_opt_values /opt/stack/data/venv/lib/python3.12/site-packages/oslo_config/cfg.py:3560}}[00m
2026-10-07 05:59:05.823 3647173 DEBUG oslo_service.backend._eventlet.service [req-5b1ae049-5d65-461a-a8ef-bb7bc450de34 - - - - - -] barbican.verify_ssl            = True [00;33m{{(pid=3647173) log_opt_values /opt/stack/data/venv/lib/python3.12/site-packages/oslo_config/cfg.py:3560}}[00m
2026-10-07 05:59:05.823 3647173 DEBUG oslo_service.backend._eventlet.service [req-5b1ae049-5d65-461a-a8ef-bb7bc450de34 - - - - - -] barbican.verify_ssl_path       = None [00;33m{{(pid=3647173) log_opt_values /opt/stack/data/venv/lib/python3.12/site-packages/oslo_config/cfg.py:3560}}[00m
2026-10-07 05:59:05.823 3647173 DEBUG oslo_service.backend._eventlet.service [req-5b1ae049-5d65-461a-a8ef-bb7bc450de34 - - - - - -] barbican_service_user.auth_section = None [00;33m{{(pid=3647173) log_opt_values /opt/stack/data/venv/lib/python3.12/site-packages/oslo_config/cfg.py:3560}}[00m
2026-10-07 05:59:05.823 3647173 DEBUG oslo_service.backend._eventlet.service [req-5b1ae049-5d65-461a-a8ef-bb7bc450de34 - - - - - -] barbican_service_user.auth_type = None [00;33m{{(pid=3647173) log_opt_values /opt/stack/data/venv/lib/python3.12/site-packages/oslo_config/cfg.py:3560}}[00m
2026-10-07 05:59:05.823 3647173 DEBUG oslo_service.backend._eventlet.service [req-5b1ae049-5d65-461a-a8ef-bb7bc450de34 - - - - - -] barbican_service_user.cafile   = None [00;33m{{(pid=3647173) log_opt_values /opt/stack/data/venv/lib/python3.12/site-packages/oslo_config/cfg.py:3560}}[00m
2026-10-07 05:59:05.823 3647173 DEBUG oslo_service.backend._eventlet.service [req-5b1ae049-5d65-461a-a8ef-bb7bc450de34 - - - - - -] barbican_service_user.certfile = None [00;33m{{(pid=3647173) log_opt_values /opt/stack/data/venv/lib/python3.12/site-packages/oslo_config/cfg.py:3560}}[00m
2026-10-07 05:59:05.823 3647173 DEBUG oslo_service.backend._eventlet.service [req-5b1ae049-5d65-461a-a8ef-bb7bc450de34 - - - - - -] barbican_service_user.collect_timing = False [00;33m{{(pid=3647173) log_opt_values /opt/stack/data/venv/lib/python3.12/site-packages/oslo_config/cfg.py:3560}}[00m
2026-10-07 05:59:05.823 3647173 DEBUG oslo_service.backend._eventlet.service [req-5b1ae049-5d65-461a-a8ef-bb7bc450de34 - - - - - -] barbican_service_user.insecure = False [00;33m{{(pid=3647173) log_opt_values /opt/stack/data/venv/lib/python3.12/site-packages/oslo_config/cfg.py:3560}}[00m
2026-10-07 05:59:05.823 3647173 DEBUG oslo_service.backend._eventlet.service [req-5b1ae049-5d65-461a-a8ef-bb7bc450de34 - - - - - -] barbican_service_user.keyfile  = None [00;33m{{(pid=3647173) log_opt_values /opt/stack/data/venv/lib/python3.12/site-packages/oslo_config/cfg.py:3560}}[00m
2026-10-07 05:59:05.823 3647173 DEBUG oslo_service.backend._eventlet.service [req-5b1ae049-5d65-461a-a8ef-bb7bc450de34 - - - - - -] barbican_service_user.split_loggers = False [00;33m{{(pid=3647173) log_opt_values /opt/stack/data/venv/lib/python3.12/site-packages/oslo_config/cfg.py:3560}}[00m
2026-10-07 05:59:05.823 3647173 DEBUG oslo_service.backend._eventlet.service [req-5b1ae049-5d65-461a-a8ef-bb7bc450de34 - - - - - -] barbican_service_user.timeout  = None [00;33m{{(pid=3647173) log_opt_values /opt/stack/data/venv/lib/python3.12/site-packages/oslo_config/cfg.py:3560}}[00m
2026-10-07 05:59:05.824 3647173 DEBUG oslo_service.backend._eventlet.service [req-5b1ae049-5d65-461a-a8ef-bb7bc450de34 - - - - - -] barbican_service_user.tls_ciphers = None [00;33m{{(pid=3647173) log_opt_values /opt/stack/data/venv/lib/python3.12/site-packages/oslo_config/cfg.py:3560}}[00m
2026-10-07 05:59:05.824 3647173 DEBUG oslo_service.backend._eventlet.service [req-5b1ae049-5d65-461a-a8ef-bb7bc450de34 - - - - - -] barbican_service_user.tls_min_version = None [00;33m{{(pid=3647173) log_opt_values /opt/stack/data/venv/lib/python3.12/site-packages/oslo_config/cfg.py:3560}}[00m
2026-10-07 05:59:05.824 3647173 DEBUG oslo_service.backend._eventlet.service [req-5b1ae049-5d65-461a-a8ef-bb7bc450de34 - - - - - -] vault.approle_role_id          = **** [00;33m{{(pid=3647173) log_opt_values /opt/stack/data/venv/lib/python3.12/site-packages/oslo_config/cfg.py:3560}}[00m
2026-10-07 05:59:05.824 3647173 DEBUG oslo_service.backend._eventlet.service [req-5b1ae049-5d65-461a-a8ef-bb7bc450de34 - - - - - -] vault.approle_secret_id        = **** [00;33m{{(pid=3647173) log_opt_values /opt/stack/data/venv/lib/python3.12/site-packages/oslo_config/cfg.py:3560}}[00m
2026-10-07 05:59:05.824 3647173 DEBUG oslo_service.backend._eventlet.service [req-5b1ae049-5d65-461a-a8ef-bb7bc450de34 - - - - - -] vault.auth_method              = approle [00;33m{{(pid=3647173) log_opt_values /opt/stack/data/venv/lib/python3.12/site-packages/oslo_config/cfg.py:3560}}[00m
2026-10-07 05:59:05.824 3647173 DEBUG oslo_service.backend._eventlet.service [req-5b1ae049-5d65-461a-a8ef-bb7bc450de34 - - - - - -] vault.auth_path                = None [00;33m{{(pid=3647173) log_opt_values /opt/stack/data/venv/lib/python3.12/site-packages/oslo_config/cfg.py:3560}}[00m
2026-10-07 05:59:05.824 3647173 DEBUG oslo_service.backend._eventlet.service [req-5b1ae049-5d65-461a-a8ef-bb7bc450de34 - - - - - -] vault.kv_mountpoint            = secret [00;33m{{(pid=3647173) log_opt_values /opt/stack/data/venv/lib/python3.12/site-packages/oslo_config/cfg.py:3560}}[00m
2026-10-07 05:59:05.824 3647173 DEBUG oslo_service.backend._eventlet.service [req-5b1ae049-5d65-461a-a8ef-bb7bc450de34 - - - - - -] vault.kv_path                  = None [00;33m{{(pid=3647173) log_opt_values /opt/stack/data/venv/lib/python3.12/site-packages/oslo_config/cfg.py:3560}}[00m
2026-10-07 05:59:05.824 3647173 DEBUG oslo_service.backend._eventlet.service [req-5b1ae049-5d65-461a-a8ef-bb7bc450de34 - - - - - -] vault.kv_version               = 2 [00;33m{{(pid=3647173) log_opt_values /opt/stack/data/venv/lib/python3.12/site-packages/oslo_config/cfg.py:3560}}[00m
2026-10-07 05:59:05.824 3647173 DEBUG oslo_service.backend._eventlet.service [req-5b1ae049-5d65-461a-a8ef-bb7bc450de34 - - - - - -] vault.namespace                = None [00;33m{{(pid=3647173) log_opt_values /opt/stack/data/venv/lib/python3.12/site-packages/oslo_config/cfg.py:3560}}[00m
2026-10-07 05:59:05.824 3647173 DEBUG oslo_service.backend._eventlet.service [req-5b1ae049-5d65-461a-a8ef-bb7bc450de34 - - - - - -] vault.root_token_id            = **** [00;33m{{(pid=3647173) log_opt_values /opt/stack/data/venv/lib/python3.12/site-packages/oslo_config/cfg.py:3560}}[00m
2026-10-07 05:59:05.824 3647173 DEBUG oslo_service.backend._eventlet.service [req-5b1ae049-5d65-461a-a8ef-bb7bc450de34 - - - - - -] vault.ssl_ca_crt_file          = None [00;33m{{(pid=3647173) log_opt_values /opt/stack/data/venv/lib/python3.12/site-packages/oslo_config/cfg.py:3560}}[00m
2026-10-07 05:59:05.825 3647173 DEBUG oslo_service.backend._eventlet.service [req-5b1ae049-5d65-461a-a8ef-bb7bc450de34 - - - - - -] vault.timeout                  = 60.0 [00;33m{{(pid=3647173) log_opt_values /opt/stack/data/venv/lib/python3.12/site-packages/oslo_config/cfg.py:3560}}[00m
2026-10-07 05:59:05.825 3647173 DEBUG oslo_service.backend._eventlet.service [req-5b1ae049-5d65-461a-a8ef-bb7bc450de34 - - - - - -] vault.token_file               = None [00;33m{{(pid=3647173) log_opt_values /opt/stack/data/venv/lib/python3.12/site-packages/oslo_config/cfg.py:3560}}[00m
2026-10-07 05:59:05.825 3647173 DEBUG oslo_service.backend._eventlet.service [req-5b1ae049-5d65-461a-a8ef-bb7bc450de34 - - - - - -] vault.token_role               = None [00;33m{{(pid=3647173) log_opt_values /opt/stack/data/venv/lib/python3.12/site-packages/oslo_config/cfg.py:3560}}[00m
2026-10-07 05:59:05.825 3647173 DEBUG oslo_service.backend._eventlet.service [req-5b1ae049-5d65-461a-a8ef-bb7bc450de34 - - - - - -] vault.use_ssl                  = False [00;33m{{(pid=3647173) log_opt_values /opt/stack/data/venv/lib/python3.12/site-packages/oslo_config/cfg.py:3560}}[00m
2026-10-07 05:59:05.825 3647173 DEBUG oslo_service.backend._eventlet.service [req-5b1ae049-5d65-461a-a8ef-bb7bc450de34 - - - - - -] vault.vault_url                = http://127.0.0.1:8200 [00;33m{{(pid=3647173) log_opt_values /opt/stack/data/venv/lib/python3.12/site-packages/oslo_config/cfg.py:3560}}[00m
2026-10-07 05:59:05.825 3647173 DEBUG oslo_service.backend._eventlet.service [req-5b1ae049-5d65-461a-a8ef-bb7bc450de34 - - - - - -] fc-zone-manager.enable_unsupported_driver = False [00;33m{{(pid=3647173) log_opt_values /opt/stack/data/venv/lib/python3.12/site-packages/oslo_config/cfg.py:3560}}[00m
2026-10-07 05:59:05.825 3647173 DEBUG oslo_service.backend._eventlet.service [req-5b1ae049-5d65-461a-a8ef-bb7bc450de34 - - - - - -] fc-zone-manager.fc_fabric_names = None [00;33m{{(pid=3647173) log_opt_values /opt/stack/data/venv/lib/python3.12/site-packages/oslo_config/cfg.py:3560}}[00m
2026-10-07 05:59:05.825 3647173 DEBUG oslo_service.backend._eventlet.service [req-5b1ae049-5d65-461a-a8ef-bb7bc450de34 - - - - - -] fc-zone-manager.fc_san_lookup_service = cinder.zonemanager.drivers.brocade.brcd_fc_san_lookup_service.BrcdFCSanLookupService [00;33m{{(pid=3647173) log_opt_values /opt/stack/data/venv/lib/python3.12/site-packages/oslo_config/cfg.py:3560}}[00m
2026-10-07 05:59:05.825 3647173 DEBUG oslo_service.backend._eventlet.service [req-5b1ae049-5d65-461a-a8ef-bb7bc450de34 - - - - - -] fc-zone-manager.zone_driver    = cinder.zonemanager.drivers.brocade.brcd_fc_zone_driver.BrcdFCZoneDriver [00;33m{{(pid=3647173) log_opt_values /opt/stack/data/venv/lib/python3.12/site-packages/oslo_config/cfg.py:3560}}[00m
2026-10-07 05:59:05.825 3647173 DEBUG oslo_service.backend._eventlet.service [req-5b1ae049-5d65-461a-a8ef-bb7bc450de34 - - - - - -] fc-zone-manager.zoning_policy  = initiator-target [00;33m{{(pid=3647173) log_opt_values /opt/stack/data/venv/lib/python3.12/site-packages/oslo_config/cfg.py:3560}}[00m
2026-10-07 05:59:05.825 3647173 DEBUG oslo_service.backend._eventlet.service [req-5b1ae049-5d65-461a-a8ef-bb7bc450de34 - - - - - -] ******************************************************************************** [00;33m{{(pid=3647173) log_opt_values /opt/stack/data/venv/lib/python3.12/site-packages/oslo_config/cfg.py:3567}}[00m
2026-10-07 05:59:05.891 3647184 DEBUG cinder.volume.drivers.hitachi.hbsd_rest_api [req-c19c0233-8157-4b98-aaee-a0a8606aba91 - - - - - -] ERROR <?xml version="1.0" encoding="iso-8859-1"?> <!DOCTYPE html PUBLIC "-//W3C//DTD XHTML 1.0 Transitional//EN"          "http://www.w3.org/TR/xhtml1/DTD/xhtml1-transitional.dtd"> <html xmlns="http://www.w3.org/1999/xhtml" xml:lang="en" lang="en">  <head>   <title>503 Service Not Available</title>  </head>  <body>   <h1>503 Service Not Available</h1>  </body> </html> [00;33m{{(pid=3647184) _check_rest_api_response /opt/stack/cinder/cinder/volume/drivers/hitachi/hbsd_rest_api.py:485}}[00m
2026-10-07 05:59:10.891 3647184 DEBUG cinder.volume.drivers.hitachi.hbsd_rest_api [req-c19c0233-8157-4b98-aaee-a0a8606aba91 - - - - - -] ERROR <?xml version="1.0" encoding="iso-8859-1"?> <!DOCTYPE html PUBLIC "-//W3C//DTD XHTML 1.0 Transitional//EN"          "http://www.w3.org/TR/xhtml1/DTD/xhtml1-transitional.dtd"> <html xmlns="http://www.w3.org/1999/xhtml" xml:lang="en" lang="en">  <head>   <title>503 Service Not Available</title>  </head>  <body>   <h1>503 Service Not Available</h1>  </body> </html> [00;33m{{(pid=3647184) _check_rest_api_response /opt/stack/cinder/cinder/volume/drivers/hitachi/hbsd_rest_api.py:485}}[00m
2026-10-07 05:59:15.748 3647173 DEBUG dbcounter [-] [3647173] Writing DB stats cinder:SELECT=5,cinder:UPDATE=1 [00;33m{{(pid=3647173) stat_writer /opt/stack/data/venv/lib/python3.12/site-packages/dbcounter.py:115}}[00m
2026-10-07 05:59:15.894 3647184 DEBUG cinder.volume.drivers.hitachi.hbsd_rest_api [req-c19c0233-8157-4b98-aaee-a0a8606aba91 - - - - - -] ERROR <?xml version="1.0" encoding="iso-8859-1"?> <!DOCTYPE html PUBLIC "-//W3C//DTD XHTML 1.0 Transitional//EN"          "http://www.w3.org/TR/xhtml1/DTD/xhtml1-transitional.dtd"> <html xmlns="http://www.w3.org/1999/xhtml" xml:lang="en" lang="en">  <head>   <title>503 Service Not Available</title>  </head>  <body>   <h1>503 Service Not Available</h1>  </body> </html> [00;33m{{(pid=3647184) _check_rest_api_response /opt/stack/cinder/cinder/volume/drivers/hitachi/hbsd_rest_api.py:485}}[00m
2026-10-07 05:59:20.902 3647184 DEBUG cinder.volume.drivers.hitachi.hbsd_rest_api [req-c19c0233-8157-4b98-aaee-a0a8606aba91 - - - - - -] ERROR <?xml version="1.0" encoding="iso-8859-1"?> <!DOCTYPE html PUBLIC "-//W3C//DTD XHTML 1.0 Transitional//EN"          "http://www.w3.org/TR/xhtml1/DTD/xhtml1-transitional.dtd"> <html xmlns="http://www.w3.org/1999/xhtml" xml:lang="en" lang="en">  <head>   <title>503 Service Not Available</title>  </head>  <body>   <h1>503 Service Not Available</h1>  </body> </html> [00;33m{{(pid=3647184) _check_rest_api_response /opt/stack/cinder/cinder/volume/drivers/hitachi/hbsd_rest_api.py:485}}[00m
2026-10-07 05:59:25.907 3647184 DEBUG cinder.volume.drivers.hitachi.hbsd_rest_api [req-c19c0233-8157-4b98-aaee-a0a8606aba91 - - - - - -] ERROR <?xml version="1.0" encoding="iso-8859-1"?> <!DOCTYPE html PUBLIC "-//W3C//DTD XHTML 1.0 Transitional//EN"          "http://www.w3.org/TR/xhtml1/DTD/xhtml1-transitional.dtd"> <html xmlns="http://www.w3.org/1999/xhtml" xml:lang="en" lang="en">  <head>   <title>503 Service Not Available</title>  </head>  <body>   <h1>503 Service Not Available</h1>  </body> </html> [00;33m{{(pid=3647184) _check_rest_api_response /opt/stack/cinder/cinder/volume/drivers/hitachi/hbsd_rest_api.py:485}}[00m
2026-10-07 05:59:30.911 3647184 DEBUG cinder.volume.drivers.hitachi.hbsd_rest_api [req-c19c0233-8157-4b98-aaee-a0a8606aba91 - - - - - -] ERROR <?xml version="1.0" encoding="iso-8859-1"?> <!DOCTYPE html PUBLIC "-//W3C//DTD XHTML 1.0 Transitional//EN"          "http://www.w3.org/TR/xhtml1/DTD/xhtml1-transitional.dtd"> <html xmlns="http://www.w3.org/1999/xhtml" xml:lang="en" lang="en">  <head>   <title>503 Service Not Available</title>  </head>  <body>   <h1>503 Service Not Available</h1>  </body> </html> [00;33m{{(pid=3647184) _check_rest_api_response /opt/stack/cinder/cinder/volume/drivers/hitachi/hbsd_rest_api.py:485}}[00m
2026-10-07 05:59:35.913 3647184 DEBUG cinder.volume.drivers.hitachi.hbsd_rest_api [req-c19c0233-8157-4b98-aaee-a0a8606aba91 - - - - - -] ERROR <?xml version="1.0" encoding="iso-8859-1"?> <!DOCTYPE html PUBLIC "-//W3C//DTD XHTML 1.0 Transitional//EN"          "http://www.w3.org/TR/xhtml1/DTD/xhtml1-transitional.dtd"> <html xmlns="http://www.w3.org/1999/xhtml" xml:lang="en" lang="en">  <head>   <title>503 Service Not Available</title>  </head>  <body>   <h1>503 Service Not Available</h1>  </body> </html> [00;33m{{(pid=3647184) _check_rest_api_response /opt/stack/cinder/cinder/volume/drivers/hitachi/hbsd_rest_api.py:485}}[00m
2026-10-07 05:59:40.919 3647184 DEBUG cinder.volume.drivers.hitachi.hbsd_rest_api [req-c19c0233-8157-4b98-aaee-a0a8606aba91 - - - - - -] ERROR <?xml version="1.0" encoding="iso-8859-1"?> <!DOCTYPE html PUBLIC "-//W3C//DTD XHTML 1.0 Transitional//EN"          "http://www.w3.org/TR/xhtml1/DTD/xhtml1-transitional.dtd"> <html xmlns="http://www.w3.org/1999/xhtml" xml:lang="en" lang="en">  <head>   <title>503 Service Not Available</title>  </head>  <body>   <h1>503 Service Not Available</h1>  </body> </html> [00;33m{{(pid=3647184) _check_rest_api_response /opt/stack/cinder/cinder/volume/drivers/hitachi/hbsd_rest_api.py:485}}[00m
2026-10-07 05:59:45.921 3647184 DEBUG cinder.volume.drivers.hitachi.hbsd_rest_api [req-c19c0233-8157-4b98-aaee-a0a8606aba91 - - - - - -] ERROR <?xml version="1.0" encoding="iso-8859-1"?> <!DOCTYPE html PUBLIC "-//W3C//DTD XHTML 1.0 Transitional//EN"          "http://www.w3.org/TR/xhtml1/DTD/xhtml1-transitional.dtd"> <html xmlns="http://www.w3.org/1999/xhtml" xml:lang="en" lang="en">  <head>   <title>503 Service Not Available</title>  </head>  <body>   <h1>503 Service Not Available</h1>  </body> </html> [00;33m{{(pid=3647184) _check_rest_api_response /opt/stack/cinder/cinder/volume/drivers/hitachi/hbsd_rest_api.py:485}}[00m
2026-10-07 05:59:50.921 3647184 DEBUG cinder.volume.drivers.hitachi.hbsd_rest_api [req-c19c0233-8157-4b98-aaee-a0a8606aba91 - - - - - -] ERROR <?xml version="1.0" encoding="iso-8859-1"?> <!DOCTYPE html PUBLIC "-//W3C//DTD XHTML 1.0 Transitional//EN"          "http://www.w3.org/TR/xhtml1/DTD/xhtml1-transitional.dtd"> <html xmlns="http://www.w3.org/1999/xhtml" xml:lang="en" lang="en">  <head>   <title>503 Service Not Available</title>  </head>  <body>   <h1>503 Service Not Available</h1>  </body> </html> [00;33m{{(pid=3647184) _check_rest_api_response /opt/stack/cinder/cinder/volume/drivers/hitachi/hbsd_rest_api.py:485}}[00m
2026-10-07 05:59:55.932 3647184 DEBUG cinder.volume.drivers.hitachi.hbsd_rest_api [req-c19c0233-8157-4b98-aaee-a0a8606aba91 - - - - - -] ERROR <?xml version="1.0" encoding="iso-8859-1"?> <!DOCTYPE html PUBLIC "-//W3C//DTD XHTML 1.0 Transitional//EN"          "http://www.w3.org/TR/xhtml1/DTD/xhtml1-transitional.dtd"> <html xmlns="http://www.w3.org/1999/xhtml" xml:lang="en" lang="en">  <head>   <title>503 Service Not Available</title>  </head>  <body>   <h1>503 Service Not Available</h1>  </body> </html> [00;33m{{(pid=3647184) _check_rest_api_response /opt/stack/cinder/cinder/volume/drivers/hitachi/hbsd_rest_api.py:485}}[00m
2026-10-07 06:00:00.939 3647184 DEBUG cinder.volume.drivers.hitachi.hbsd_rest_api [req-c19c0233-8157-4b98-aaee-a0a8606aba91 - - - - - -] ERROR <?xml version="1.0" encoding="iso-8859-1"?> <!DOCTYPE html PUBLIC "-//W3C//DTD XHTML 1.0 Transitional//EN"          "http://www.w3.org/TR/xhtml1/DTD/xhtml1-transitional.dtd"> <html xmlns="http://www.w3.org/1999/xhtml" xml:lang="en" lang="en">  <head>   <title>503 Service Not Available</title>  </head>  <body>   <h1>503 Service Not Available</h1>  </body> </html> [00;33m{{(pid=3647184) _check_rest_api_response /opt/stack/cinder/cinder/volume/drivers/hitachi/hbsd_rest_api.py:485}}[00m
2026-10-07 06:00:05.921 3647184 DEBUG cinder.volume.drivers.hitachi.hbsd_rest_api [req-c19c0233-8157-4b98-aaee-a0a8606aba91 - - - - - -] ERROR <?xml version="1.0" encoding="iso-8859-1"?> <!DOCTYPE html PUBLIC "-//W3C//DTD XHTML 1.0 Transitional//EN"          "http://www.w3.org/TR/xhtml1/DTD/xhtml1-transitional.dtd"> <html xmlns="http://www.w3.org/1999/xhtml" xml:lang="en" lang="en">  <head>   <title>503 Service Not Available</title>  </head>  <body>   <h1>503 Service Not Available</h1>  </body> </html> [00;33m{{(pid=3647184) _check_rest_api_response /opt/stack/cinder/cinder/volume/drivers/hitachi/hbsd_rest_api.py:485}}[00m
2026-10-07 06:00:10.921 3647184 DEBUG cinder.volume.drivers.hitachi.hbsd_rest_api [req-c19c0233-8157-4b98-aaee-a0a8606aba91 - - - - - -] ERROR <?xml version="1.0" encoding="iso-8859-1"?> <!DOCTYPE html PUBLIC "-//W3C//DTD XHTML 1.0 Transitional//EN"          "http://www.w3.org/TR/xhtml1/DTD/xhtml1-transitional.dtd"> <html xmlns="http://www.w3.org/1999/xhtml" xml:lang="en" lang="en">  <head>   <title>503 Service Not Available</title>  </head>  <body>   <h1>503 Service Not Available</h1>  </body> </html> [00;33m{{(pid=3647184) _check_rest_api_response /opt/stack/cinder/cinder/volume/drivers/hitachi/hbsd_rest_api.py:485}}[00m
2026-10-07 06:00:15.930 3647184 DEBUG cinder.volume.drivers.hitachi.hbsd_rest_api [req-c19c0233-8157-4b98-aaee-a0a8606aba91 - - - - - -] ERROR <?xml version="1.0" encoding="iso-8859-1"?> <!DOCTYPE html PUBLIC "-//W3C//DTD XHTML 1.0 Transitional//EN"          "http://www.w3.org/TR/xhtml1/DTD/xhtml1-transitional.dtd"> <html xmlns="http://www.w3.org/1999/xhtml" xml:lang="en" lang="en">  <head>   <title>503 Service Not Available</title>  </head>  <body>   <h1>503 Service Not Available</h1>  </body> </html> [00;33m{{(pid=3647184) _check_rest_api_response /opt/stack/cinder/cinder/volume/drivers/hitachi/hbsd_rest_api.py:485}}[00m
2026-10-07 06:00:20.923 3647184 DEBUG cinder.volume.drivers.hitachi.hbsd_rest_api [req-c19c0233-8157-4b98-aaee-a0a8606aba91 - - - - - -] ERROR <?xml version="1.0" encoding="iso-8859-1"?> <!DOCTYPE html PUBLIC "-//W3C//DTD XHTML 1.0 Transitional//EN"          "http://www.w3.org/TR/xhtml1/DTD/xhtml1-transitional.dtd"> <html xmlns="http://www.w3.org/1999/xhtml" xml:lang="en" lang="en">  <head>   <title>503 Service Not Available</title>  </head>  <body>   <h1>503 Service Not Available</h1>  </body> </html> [00;33m{{(pid=3647184) _check_rest_api_response /opt/stack/cinder/cinder/volume/drivers/hitachi/hbsd_rest_api.py:485}}[00m
2026-10-07 06:00:25.925 3647184 DEBUG cinder.volume.drivers.hitachi.hbsd_rest_api [req-c19c0233-8157-4b98-aaee-a0a8606aba91 - - - - - -] ERROR <?xml version="1.0" encoding="iso-8859-1"?> <!DOCTYPE html PUBLIC "-//W3C//DTD XHTML 1.0 Transitional//EN"          "http://www.w3.org/TR/xhtml1/DTD/xhtml1-transitional.dtd"> <html xmlns="http://www.w3.org/1999/xhtml" xml:lang="en" lang="en">  <head>   <title>503 Service Not Available</title>  </head>  <body>   <h1>503 Service Not Available</h1>  </body> </html> [00;33m{{(pid=3647184) _check_rest_api_response /opt/stack/cinder/cinder/volume/drivers/hitachi/hbsd_rest_api.py:485}}[00m
2026-10-07 06:00:30.925 3647184 DEBUG cinder.volume.drivers.hitachi.hbsd_rest_api [req-c19c0233-8157-4b98-aaee-a0a8606aba91 - - - - - -] ERROR <?xml version="1.0" encoding="iso-8859-1"?> <!DOCTYPE html PUBLIC "-//W3C//DTD XHTML 1.0 Transitional//EN"          "http://www.w3.org/TR/xhtml1/DTD/xhtml1-transitional.dtd"> <html xmlns="http://www.w3.org/1999/xhtml" xml:lang="en" lang="en">  <head>   <title>503 Service Not Available</title>  </head>  <body>   <h1>503 Service Not Available</h1>  </body> </html> [00;33m{{(pid=3647184) _check_rest_api_response /opt/stack/cinder/cinder/volume/drivers/hitachi/hbsd_rest_api.py:485}}[00m
2026-10-07 06:00:35.927 3647184 DEBUG cinder.volume.drivers.hitachi.hbsd_rest_api [req-c19c0233-8157-4b98-aaee-a0a8606aba91 - - - - - -] ERROR <?xml version="1.0" encoding="iso-8859-1"?> <!DOCTYPE html PUBLIC "-//W3C//DTD XHTML 1.0 Transitional//EN"          "http://www.w3.org/TR/xhtml1/DTD/xhtml1-transitional.dtd"> <html xmlns="http://www.w3.org/1999/xhtml" xml:lang="en" lang="en">  <head>   <title>503 Service Not Available</title>  </head>  <body>   <h1>503 Service Not Available</h1>  </body> </html> [00;33m{{(pid=3647184) _check_rest_api_response /opt/stack/cinder/cinder/volume/drivers/hitachi/hbsd_rest_api.py:485}}[00m
2026-10-07 06:00:40.929 3647184 DEBUG cinder.volume.drivers.hitachi.hbsd_rest_api [req-c19c0233-8157-4b98-aaee-a0a8606aba91 - - - - - -] ERROR <?xml version="1.0" encoding="iso-8859-1"?> <!DOCTYPE html PUBLIC "-//W3C//DTD XHTML 1.0 Transitional//EN"          "http://www.w3.org/TR/xhtml1/DTD/xhtml1-transitional.dtd"> <html xmlns="http://www.w3.org/1999/xhtml" xml:lang="en" lang="en">  <head>   <title>503 Service Not Available</title>  </head>  <body>   <h1>503 Service Not Available</h1>  </body> </html> [00;33m{{(pid=3647184) _check_rest_api_response /opt/stack/cinder/cinder/volume/drivers/hitachi/hbsd_rest_api.py:485}}[00m
2026-10-07 06:00:45.930 3647184 DEBUG cinder.volume.drivers.hitachi.hbsd_rest_api [req-c19c0233-8157-4b98-aaee-a0a8606aba91 - - - - - -] ERROR <?xml version="1.0" encoding="iso-8859-1"?> <!DOCTYPE html PUBLIC "-//W3C//DTD XHTML 1.0 Transitional//EN"          "http://www.w3.org/TR/xhtml1/DTD/xhtml1-transitional.dtd"> <html xmlns="http://www.w3.org/1999/xhtml" xml:lang="en" lang="en">  <head>   <title>503 Service Not Available</title>  </head>  <body>   <h1>503 Service Not Available</h1>  </body> </html> [00;33m{{(pid=3647184) _check_rest_api_response /opt/stack/cinder/cinder/volume/drivers/hitachi/hbsd_rest_api.py:485}}[00m
2026-10-07 06:00:50.940 3647184 DEBUG cinder.volume.drivers.hitachi.hbsd_rest_api [req-c19c0233-8157-4b98-aaee-a0a8606aba91 - - - - - -] ERROR <?xml version="1.0" encoding="iso-8859-1"?> <!DOCTYPE html PUBLIC "-//W3C//DTD XHTML 1.0 Transitional//EN"          "http://www.w3.org/TR/xhtml1/DTD/xhtml1-transitional.dtd"> <html xmlns="http://www.w3.org/1999/xhtml" xml:lang="en" lang="en">  <head>   <title>503 Service Not Available</title>  </head>  <body>   <h1>503 Service Not Available</h1>  </body> </html> [00;33m{{(pid=3647184) _check_rest_api_response /opt/stack/cinder/cinder/volume/drivers/hitachi/hbsd_rest_api.py:485}}[00m
2026-10-07 06:00:55.934 3647184 DEBUG cinder.volume.drivers.hitachi.hbsd_rest_api [req-c19c0233-8157-4b98-aaee-a0a8606aba91 - - - - - -] ERROR <?xml version="1.0" encoding="iso-8859-1"?> <!DOCTYPE html PUBLIC "-//W3C//DTD XHTML 1.0 Transitional//EN"          "http://www.w3.org/TR/xhtml1/DTD/xhtml1-transitional.dtd"> <html xmlns="http://www.w3.org/1999/xhtml" xml:lang="en" lang="en">  <head>   <title>503 Service Not Available</title>  </head>  <body>   <h1>503 Service Not Available</h1>  </body> </html> [00;33m{{(pid=3647184) _check_rest_api_response /opt/stack/cinder/cinder/volume/drivers/hitachi/hbsd_rest_api.py:485}}[00m
2026-10-07 06:01:00.934 3647184 DEBUG cinder.volume.drivers.hitachi.hbsd_rest_api [req-c19c0233-8157-4b98-aaee-a0a8606aba91 - - - - - -] ERROR <?xml version="1.0" encoding="iso-8859-1"?> <!DOCTYPE html PUBLIC "-//W3C//DTD XHTML 1.0 Transitional//EN"          "http://www.w3.org/TR/xhtml1/DTD/xhtml1-transitional.dtd"> <html xmlns="http://www.w3.org/1999/xhtml" xml:lang="en" lang="en">  <head>   <title>503 Service Not Available</title>  </head>  <body>   <h1>503 Service Not Available</h1>  </body> </html> [00;33m{{(pid=3647184) _check_rest_api_response /opt/stack/cinder/cinder/volume/drivers/hitachi/hbsd_rest_api.py:485}}[00m
2026-10-07 06:01:05.943 3647184 DEBUG cinder.volume.drivers.hitachi.hbsd_rest_api [req-c19c0233-8157-4b98-aaee-a0a8606aba91 - - - - - -] ERROR <?xml version="1.0" encoding="iso-8859-1"?> <!DOCTYPE html PUBLIC "-//W3C//DTD XHTML 1.0 Transitional//EN"          "http://www.w3.org/TR/xhtml1/DTD/xhtml1-transitional.dtd"> <html xmlns="http://www.w3.org/1999/xhtml" xml:lang="en" lang="en">  <head>   <title>503 Service Not Available</title>  </head>  <body>   <h1>503 Service Not Available</h1>  </body> </html> [00;33m{{(pid=3647184) _check_rest_api_response /opt/stack/cinder/cinder/volume/drivers/hitachi/hbsd_rest_api.py:485}}[00m
2026-10-07 06:01:10.988 3647184 DEBUG cinder.volume.drivers.hitachi.hbsd_rest_api [req-c19c0233-8157-4b98-aaee-a0a8606aba91 - - - - - -] ERROR <?xml version="1.0" encoding="iso-8859-1"?> <!DOCTYPE html PUBLIC "-//W3C//DTD XHTML 1.0 Transitional//EN"          "http://www.w3.org/TR/xhtml1/DTD/xhtml1-transitional.dtd"> <html xmlns="http://www.w3.org/1999/xhtml" xml:lang="en" lang="en">  <head>   <title>503 Service Not Available</title>  </head>  <body>   <h1>503 Service Not Available</h1>  </body> </html> [00;33m{{(pid=3647184) _check_rest_api_response /opt/stack/cinder/cinder/volume/drivers/hitachi/hbsd_rest_api.py:485}}[00m
2026-10-07 06:01:15.998 3647184 DEBUG cinder.volume.drivers.hitachi.hbsd_rest_api [req-c19c0233-8157-4b98-aaee-a0a8606aba91 - - - - - -] ERROR <?xml version="1.0" encoding="iso-8859-1"?> <!DOCTYPE html PUBLIC "-//W3C//DTD XHTML 1.0 Transitional//EN"          "http://www.w3.org/TR/xhtml1/DTD/xhtml1-transitional.dtd"> <html xmlns="http://www.w3.org/1999/xhtml" xml:lang="en" lang="en">  <head>   <title>503 Service Not Available</title>  </head>  <body>   <h1>503 Service Not Available</h1>  </body> </html> [00;33m{{(pid=3647184) _check_rest_api_response /opt/stack/cinder/cinder/volume/drivers/hitachi/hbsd_rest_api.py:485}}[00m
2026-10-07 06:01:20.950 3647184 DEBUG cinder.volume.drivers.hitachi.hbsd_rest_api [req-c19c0233-8157-4b98-aaee-a0a8606aba91 - - - - - -] ERROR <?xml version="1.0" encoding="iso-8859-1"?> <!DOCTYPE html PUBLIC "-//W3C//DTD XHTML 1.0 Transitional//EN"          "http://www.w3.org/TR/xhtml1/DTD/xhtml1-transitional.dtd"> <html xmlns="http://www.w3.org/1999/xhtml" xml:lang="en" lang="en">  <head>   <title>503 Service Not Available</title>  </head>  <body>   <h1>503 Service Not Available</h1>  </body> </html> [00;33m{{(pid=3647184) _check_rest_api_response /opt/stack/cinder/cinder/volume/drivers/hitachi/hbsd_rest_api.py:485}}[00m
2026-10-07 06:01:25.943 3647184 DEBUG cinder.volume.drivers.hitachi.hbsd_rest_api [req-c19c0233-8157-4b98-aaee-a0a8606aba91 - - - - - -] ERROR <?xml version="1.0" encoding="iso-8859-1"?> <!DOCTYPE html PUBLIC "-//W3C//DTD XHTML 1.0 Transitional//EN"          "http://www.w3.org/TR/xhtml1/DTD/xhtml1-transitional.dtd"> <html xmlns="http://www.w3.org/1999/xhtml" xml:lang="en" lang="en">  <head>   <title>503 Service Not Available</title>  </head>  <body>   <h1>503 Service Not Available</h1>  </body> </html> [00;33m{{(pid=3647184) _check_rest_api_response /opt/stack/cinder/cinder/volume/drivers/hitachi/hbsd_rest_api.py:485}}[00m
2026-10-07 06:01:30.941 3647184 DEBUG cinder.volume.drivers.hitachi.hbsd_rest_api [req-c19c0233-8157-4b98-aaee-a0a8606aba91 - - - - - -] ERROR <?xml version="1.0" encoding="iso-8859-1"?> <!DOCTYPE html PUBLIC "-//W3C//DTD XHTML 1.0 Transitional//EN"          "http://www.w3.org/TR/xhtml1/DTD/xhtml1-transitional.dtd"> <html xmlns="http://www.w3.org/1999/xhtml" xml:lang="en" lang="en">  <head>   <title>503 Service Not Available</title>  </head>  <body>   <h1>503 Service Not Available</h1>  </body> </html> [00;33m{{(pid=3647184) _check_rest_api_response /opt/stack/cinder/cinder/volume/drivers/hitachi/hbsd_rest_api.py:485}}[00m
2026-10-07 06:01:35.948 3647184 DEBUG cinder.volume.drivers.hitachi.hbsd_rest_api [req-c19c0233-8157-4b98-aaee-a0a8606aba91 - - - - - -] ERROR <?xml version="1.0" encoding="iso-8859-1"?> <!DOCTYPE html PUBLIC "-//W3C//DTD XHTML 1.0 Transitional//EN"          "http://www.w3.org/TR/xhtml1/DTD/xhtml1-transitional.dtd"> <html xmlns="http://www.w3.org/1999/xhtml" xml:lang="en" lang="en">  <head>   <title>503 Service Not Available</title>  </head>  <body>   <h1>503 Service Not Available</h1>  </body> </html> [00;33m{{(pid=3647184) _check_rest_api_response /opt/stack/cinder/cinder/volume/drivers/hitachi/hbsd_rest_api.py:485}}[00m
2026-10-07 06:01:40.945 3647184 DEBUG cinder.volume.drivers.hitachi.hbsd_rest_api [req-c19c0233-8157-4b98-aaee-a0a8606aba91 - - - - - -] ERROR <?xml version="1.0" encoding="iso-8859-1"?> <!DOCTYPE html PUBLIC "-//W3C//DTD XHTML 1.0 Transitional//EN"          "http://www.w3.org/TR/xhtml1/DTD/xhtml1-transitional.dtd"> <html xmlns="http://www.w3.org/1999/xhtml" xml:lang="en" lang="en">  <head>   <title>503 Service Not Available</title>  </head>  <body>   <h1>503 Service Not Available</h1>  </body> </html> [00;33m{{(pid=3647184) _check_rest_api_response /opt/stack/cinder/cinder/volume/drivers/hitachi/hbsd_rest_api.py:485}}[00m
2026-10-07 06:01:45.957 3647184 DEBUG cinder.volume.drivers.hitachi.hbsd_rest_api [req-c19c0233-8157-4b98-aaee-a0a8606aba91 - - - - - -] ERROR <?xml version="1.0" encoding="iso-8859-1"?> <!DOCTYPE html PUBLIC "-//W3C//DTD XHTML 1.0 Transitional//EN"          "http://www.w3.org/TR/xhtml1/DTD/xhtml1-transitional.dtd"> <html xmlns="http://www.w3.org/1999/xhtml" xml:lang="en" lang="en">  <head>   <title>503 Service Not Available</title>  </head>  <body>   <h1>503 Service Not Available</h1>  </body> </html> [00;33m{{(pid=3647184) _check_rest_api_response /opt/stack/cinder/cinder/volume/drivers/hitachi/hbsd_rest_api.py:485}}[00m
2026-10-07 06:01:50.974 3647184 DEBUG cinder.volume.drivers.hitachi.hbsd_rest_api [req-c19c0233-8157-4b98-aaee-a0a8606aba91 - - - - - -] ERROR <?xml version="1.0" encoding="iso-8859-1"?> <!DOCTYPE html PUBLIC "-//W3C//DTD XHTML 1.0 Transitional//EN"          "http://www.w3.org/TR/xhtml1/DTD/xhtml1-transitional.dtd"> <html xmlns="http://www.w3.org/1999/xhtml" xml:lang="en" lang="en">  <head>   <title>503 Service Not Available</title>  </head>  <body>   <h1>503 Service Not Available</h1>  </body> </html> [00;33m{{(pid=3647184) _check_rest_api_response /opt/stack/cinder/cinder/volume/drivers/hitachi/hbsd_rest_api.py:485}}[00m
2026-10-07 06:01:55.948 3647184 DEBUG cinder.volume.drivers.hitachi.hbsd_rest_api [req-c19c0233-8157-4b98-aaee-a0a8606aba91 - - - - - -] ERROR <?xml version="1.0" encoding="iso-8859-1"?> <!DOCTYPE html PUBLIC "-//W3C//DTD XHTML 1.0 Transitional//EN"          "http://www.w3.org/TR/xhtml1/DTD/xhtml1-transitional.dtd"> <html xmlns="http://www.w3.org/1999/xhtml" xml:lang="en" lang="en">  <head>   <title>503 Service Not Available</title>  </head>  <body>   <h1>503 Service Not Available</h1>  </body> </html> [00;33m{{(pid=3647184) _check_rest_api_response /opt/stack/cinder/cinder/volume/drivers/hitachi/hbsd_rest_api.py:485}}[00m
2026-10-07 06:02:00.954 3647184 DEBUG cinder.volume.drivers.hitachi.hbsd_rest_api [req-c19c0233-8157-4b98-aaee-a0a8606aba91 - - - - - -] ERROR <?xml version="1.0" encoding="iso-8859-1"?> <!DOCTYPE html PUBLIC "-//W3C//DTD XHTML 1.0 Transitional//EN"          "http://www.w3.org/TR/xhtml1/DTD/xhtml1-transitional.dtd"> <html xmlns="http://www.w3.org/1999/xhtml" xml:lang="en" lang="en">  <head>   <title>503 Service Not Available</title>  </head>  <body>   <h1>503 Service Not Available</h1>  </body> </html> [00;33m{{(pid=3647184) _check_rest_api_response /opt/stack/cinder/cinder/volume/drivers/hitachi/hbsd_rest_api.py:485}}[00m
2026-10-07 06:02:05.951 3647184 DEBUG cinder.volume.drivers.hitachi.hbsd_rest_api [req-c19c0233-8157-4b98-aaee-a0a8606aba91 - - - - - -] ERROR <?xml version="1.0" encoding="iso-8859-1"?> <!DOCTYPE html PUBLIC "-//W3C//DTD XHTML 1.0 Transitional//EN"          "http://www.w3.org/TR/xhtml1/DTD/xhtml1-transitional.dtd"> <html xmlns="http://www.w3.org/1999/xhtml" xml:lang="en" lang="en">  <head>   <title>503 Service Not Available</title>  </head>  <body>   <h1>503 Service Not Available</h1>  </body> </html> [00;33m{{(pid=3647184) _check_rest_api_response /opt/stack/cinder/cinder/volume/drivers/hitachi/hbsd_rest_api.py:485}}[00m
2026-10-07 06:02:10.950 3647184 DEBUG cinder.volume.drivers.hitachi.hbsd_rest_api [req-c19c0233-8157-4b98-aaee-a0a8606aba91 - - - - - -] ERROR <?xml version="1.0" encoding="iso-8859-1"?> <!DOCTYPE html PUBLIC "-//W3C//DTD XHTML 1.0 Transitional//EN"          "http://www.w3.org/TR/xhtml1/DTD/xhtml1-transitional.dtd"> <html xmlns="http://www.w3.org/1999/xhtml" xml:lang="en" lang="en">  <head>   <title>503 Service Not Available</title>  </head>  <body>   <h1>503 Service Not Available</h1>  </body> </html> [00;33m{{(pid=3647184) _check_rest_api_response /opt/stack/cinder/cinder/volume/drivers/hitachi/hbsd_rest_api.py:485}}[00m
2026-10-07 06:02:15.968 3647184 DEBUG cinder.volume.drivers.hitachi.hbsd_rest_api [req-c19c0233-8157-4b98-aaee-a0a8606aba91 - - - - - -] ERROR <?xml version="1.0" encoding="iso-8859-1"?> <!DOCTYPE html PUBLIC "-//W3C//DTD XHTML 1.0 Transitional//EN"          "http://www.w3.org/TR/xhtml1/DTD/xhtml1-transitional.dtd"> <html xmlns="http://www.w3.org/1999/xhtml" xml:lang="en" lang="en">  <head>   <title>503 Service Not Available</title>  </head>  <body>   <h1>503 Service Not Available</h1>  </body> </html> [00;33m{{(pid=3647184) _check_rest_api_response /opt/stack/cinder/cinder/volume/drivers/hitachi/hbsd_rest_api.py:485}}[00m
2026-10-07 06:02:20.977 3647184 DEBUG cinder.volume.drivers.hitachi.hbsd_rest_api [req-c19c0233-8157-4b98-aaee-a0a8606aba91 - - - - - -] ERROR <?xml version="1.0" encoding="iso-8859-1"?> <!DOCTYPE html PUBLIC "-//W3C//DTD XHTML 1.0 Transitional//EN"          "http://www.w3.org/TR/xhtml1/DTD/xhtml1-transitional.dtd"> <html xmlns="http://www.w3.org/1999/xhtml" xml:lang="en" lang="en">  <head>   <title>503 Service Not Available</title>  </head>  <body>   <h1>503 Service Not Available</h1>  </body> </html> [00;33m{{(pid=3647184) _check_rest_api_response /opt/stack/cinder/cinder/volume/drivers/hitachi/hbsd_rest_api.py:485}}[00m
2026-10-07 06:02:25.959 3647184 DEBUG cinder.volume.drivers.hitachi.hbsd_rest_api [req-c19c0233-8157-4b98-aaee-a0a8606aba91 - - - - - -] ERROR <?xml version="1.0" encoding="iso-8859-1"?> <!DOCTYPE html PUBLIC "-//W3C//DTD XHTML 1.0 Transitional//EN"          "http://www.w3.org/TR/xhtml1/DTD/xhtml1-transitional.dtd"> <html xmlns="http://www.w3.org/1999/xhtml" xml:lang="en" lang="en">  <head>   <title>503 Service Not Available</title>  </head>  <body>   <h1>503 Service Not Available</h1>  </body> </html> [00;33m{{(pid=3647184) _check_rest_api_response /opt/stack/cinder/cinder/volume/drivers/hitachi/hbsd_rest_api.py:485}}[00m
2026-10-07 06:02:30.967 3647184 DEBUG cinder.volume.drivers.hitachi.hbsd_rest_api [req-c19c0233-8157-4b98-aaee-a0a8606aba91 - - - - - -] ERROR <?xml version="1.0" encoding="iso-8859-1"?> <!DOCTYPE html PUBLIC "-//W3C//DTD XHTML 1.0 Transitional//EN"          "http://www.w3.org/TR/xhtml1/DTD/xhtml1-transitional.dtd"> <html xmlns="http://www.w3.org/1999/xhtml" xml:lang="en" lang="en">  <head>   <title>503 Service Not Available</title>  </head>  <body>   <h1>503 Service Not Available</h1>  </body> </html> [00;33m{{(pid=3647184) _check_rest_api_response /opt/stack/cinder/cinder/volume/drivers/hitachi/hbsd_rest_api.py:485}}[00m
2026-10-07 06:02:35.956 3647184 DEBUG cinder.volume.drivers.hitachi.hbsd_rest_api [req-c19c0233-8157-4b98-aaee-a0a8606aba91 - - - - - -] ERROR <?xml version="1.0" encoding="iso-8859-1"?> <!DOCTYPE html PUBLIC "-//W3C//DTD XHTML 1.0 Transitional//EN"          "http://www.w3.org/TR/xhtml1/DTD/xhtml1-transitional.dtd"> <html xmlns="http://www.w3.org/1999/xhtml" xml:lang="en" lang="en">  <head>   <title>503 Service Not Available</title>  </head>  <body>   <h1>503 Service Not Available</h1>  </body> </html> [00;33m{{(pid=3647184) _check_rest_api_response /opt/stack/cinder/cinder/volume/drivers/hitachi/hbsd_rest_api.py:485}}[00m
2026-10-07 06:02:40.958 3647184 DEBUG cinder.volume.drivers.hitachi.hbsd_rest_api [req-c19c0233-8157-4b98-aaee-a0a8606aba91 - - - - - -] ERROR <?xml version="1.0" encoding="iso-8859-1"?> <!DOCTYPE html PUBLIC "-//W3C//DTD XHTML 1.0 Transitional//EN"          "http://www.w3.org/TR/xhtml1/DTD/xhtml1-transitional.dtd"> <html xmlns="http://www.w3.org/1999/xhtml" xml:lang="en" lang="en">  <head>   <title>503 Service Not Available</title>  </head>  <body>   <h1>503 Service Not Available</h1>  </body> </html> [00;33m{{(pid=3647184) _check_rest_api_response /opt/stack/cinder/cinder/volume/drivers/hitachi/hbsd_rest_api.py:485}}[00m
2026-10-07 06:02:45.960 3647184 DEBUG cinder.volume.drivers.hitachi.hbsd_rest_api [req-c19c0233-8157-4b98-aaee-a0a8606aba91 - - - - - -] ERROR <?xml version="1.0" encoding="iso-8859-1"?> <!DOCTYPE html PUBLIC "-//W3C//DTD XHTML 1.0 Transitional//EN"          "http://www.w3.org/TR/xhtml1/DTD/xhtml1-transitional.dtd"> <html xmlns="http://www.w3.org/1999/xhtml" xml:lang="en" lang="en">  <head>   <title>503 Service Not Available</title>  </head>  <body>   <h1>503 Service Not Available</h1>  </body> </html> [00;33m{{(pid=3647184) _check_rest_api_response /opt/stack/cinder/cinder/volume/drivers/hitachi/hbsd_rest_api.py:485}}[00m
2026-10-07 06:02:50.958 3647184 DEBUG cinder.volume.drivers.hitachi.hbsd_rest_api [req-c19c0233-8157-4b98-aaee-a0a8606aba91 - - - - - -] ERROR <?xml version="1.0" encoding="iso-8859-1"?> <!DOCTYPE html PUBLIC "-//W3C//DTD XHTML 1.0 Transitional//EN"          "http://www.w3.org/TR/xhtml1/DTD/xhtml1-transitional.dtd"> <html xmlns="http://www.w3.org/1999/xhtml" xml:lang="en" lang="en">  <head>   <title>503 Service Not Available</title>  </head>  <body>   <h1>503 Service Not Available</h1>  </body> </html> [00;33m{{(pid=3647184) _check_rest_api_response /opt/stack/cinder/cinder/volume/drivers/hitachi/hbsd_rest_api.py:485}}[00m
2026-10-07 06:02:55.983 3647184 DEBUG cinder.volume.drivers.hitachi.hbsd_rest_api [req-c19c0233-8157-4b98-aaee-a0a8606aba91 - - - - - -] ERROR <?xml version="1.0" encoding="iso-8859-1"?> <!DOCTYPE html PUBLIC "-//W3C//DTD XHTML 1.0 Transitional//EN"          "http://www.w3.org/TR/xhtml1/DTD/xhtml1-transitional.dtd"> <html xmlns="http://www.w3.org/1999/xhtml" xml:lang="en" lang="en">  <head>   <title>503 Service Not Available</title>  </head>  <body>   <h1>503 Service Not Available</h1>  </body> </html> [00;33m{{(pid=3647184) _check_rest_api_response /opt/stack/cinder/cinder/volume/drivers/hitachi/hbsd_rest_api.py:485}}[00m
2026-10-07 06:03:00.965 3647184 DEBUG cinder.volume.drivers.hitachi.hbsd_rest_api [req-c19c0233-8157-4b98-aaee-a0a8606aba91 - - - - - -] ERROR <?xml version="1.0" encoding="iso-8859-1"?> <!DOCTYPE html PUBLIC "-//W3C//DTD XHTML 1.0 Transitional//EN"          "http://www.w3.org/TR/xhtml1/DTD/xhtml1-transitional.dtd"> <html xmlns="http://www.w3.org/1999/xhtml" xml:lang="en" lang="en">  <head>   <title>503 Service Not Available</title>  </head>  <body>   <h1>503 Service Not Available</h1>  </body> </html> [00;33m{{(pid=3647184) _check_rest_api_response /opt/stack/cinder/cinder/volume/drivers/hitachi/hbsd_rest_api.py:485}}[00m
2026-10-07 06:03:05.977 3647184 DEBUG cinder.volume.drivers.hitachi.hbsd_rest_api [req-c19c0233-8157-4b98-aaee-a0a8606aba91 - - - - - -] ERROR <?xml version="1.0" encoding="iso-8859-1"?> <!DOCTYPE html PUBLIC "-//W3C//DTD XHTML 1.0 Transitional//EN"          "http://www.w3.org/TR/xhtml1/DTD/xhtml1-transitional.dtd"> <html xmlns="http://www.w3.org/1999/xhtml" xml:lang="en" lang="en">  <head>   <title>503 Service Not Available</title>  </head>  <body>   <h1>503 Service Not Available</h1>  </body> </html> [00;33m{{(pid=3647184) _check_rest_api_response /opt/stack/cinder/cinder/volume/drivers/hitachi/hbsd_rest_api.py:485}}[00m
2026-10-07 06:03:11.053 3647184 DEBUG cinder.volume.drivers.hitachi.hbsd_rest_api [req-c19c0233-8157-4b98-aaee-a0a8606aba91 - - - - - -] ERROR <?xml version="1.0" encoding="iso-8859-1"?> <!DOCTYPE html PUBLIC "-//W3C//DTD XHTML 1.0 Transitional//EN"          "http://www.w3.org/TR/xhtml1/DTD/xhtml1-transitional.dtd"> <html xmlns="http://www.w3.org/1999/xhtml" xml:lang="en" lang="en">  <head>   <title>503 Service Not Available</title>  </head>  <body>   <h1>503 Service Not Available</h1>  </body> </html> [00;33m{{(pid=3647184) _check_rest_api_response /opt/stack/cinder/cinder/volume/drivers/hitachi/hbsd_rest_api.py:485}}[00m
2026-10-07 06:03:15.967 3647184 DEBUG cinder.volume.drivers.hitachi.hbsd_rest_api [req-c19c0233-8157-4b98-aaee-a0a8606aba91 - - - - - -] ERROR <?xml version="1.0" encoding="iso-8859-1"?> <!DOCTYPE html PUBLIC "-//W3C//DTD XHTML 1.0 Transitional//EN"          "http://www.w3.org/TR/xhtml1/DTD/xhtml1-transitional.dtd"> <html xmlns="http://www.w3.org/1999/xhtml" xml:lang="en" lang="en">  <head>   <title>503 Service Not Available</title>  </head>  <body>   <h1>503 Service Not Available</h1>  </body> </html> [00;33m{{(pid=3647184) _check_rest_api_response /opt/stack/cinder/cinder/volume/drivers/hitachi/hbsd_rest_api.py:485}}[00m
2026-10-07 06:03:20.967 3647184 DEBUG cinder.volume.drivers.hitachi.hbsd_rest_api [req-c19c0233-8157-4b98-aaee-a0a8606aba91 - - - - - -] ERROR <?xml version="1.0" encoding="iso-8859-1"?> <!DOCTYPE html PUBLIC "-//W3C//DTD XHTML 1.0 Transitional//EN"          "http://www.w3.org/TR/xhtml1/DTD/xhtml1-transitional.dtd"> <html xmlns="http://www.w3.org/1999/xhtml" xml:lang="en" lang="en">  <head>   <title>503 Service Not Available</title>  </head>  <body>   <h1>503 Service Not Available</h1>  </body> </html> [00;33m{{(pid=3647184) _check_rest_api_response /opt/stack/cinder/cinder/volume/drivers/hitachi/hbsd_rest_api.py:485}}[00m
2026-10-07 06:03:25.984 3647184 DEBUG cinder.volume.drivers.hitachi.hbsd_rest_api [req-c19c0233-8157-4b98-aaee-a0a8606aba91 - - - - - -] ERROR <?xml version="1.0" encoding="iso-8859-1"?> <!DOCTYPE html PUBLIC "-//W3C//DTD XHTML 1.0 Transitional//EN"          "http://www.w3.org/TR/xhtml1/DTD/xhtml1-transitional.dtd"> <html xmlns="http://www.w3.org/1999/xhtml" xml:lang="en" lang="en">  <head>   <title>503 Service Not Available</title>  </head>  <body>   <h1>503 Service Not Available</h1>  </body> </html> [00;33m{{(pid=3647184) _check_rest_api_response /opt/stack/cinder/cinder/volume/drivers/hitachi/hbsd_rest_api.py:485}}[00m
2026-10-07 06:03:30.988 3647184 DEBUG cinder.volume.drivers.hitachi.hbsd_rest_api [req-c19c0233-8157-4b98-aaee-a0a8606aba91 - - - - - -] ERROR <?xml version="1.0" encoding="iso-8859-1"?> <!DOCTYPE html PUBLIC "-//W3C//DTD XHTML 1.0 Transitional//EN"          "http://www.w3.org/TR/xhtml1/DTD/xhtml1-transitional.dtd"> <html xmlns="http://www.w3.org/1999/xhtml" xml:lang="en" lang="en">  <head>   <title>503 Service Not Available</title>  </head>  <body>   <h1>503 Service Not Available</h1>  </body> </html> [00;33m{{(pid=3647184) _check_rest_api_response /opt/stack/cinder/cinder/volume/drivers/hitachi/hbsd_rest_api.py:485}}[00m
2026-10-07 06:03:35.991 3647184 DEBUG cinder.volume.drivers.hitachi.hbsd_rest_api [req-c19c0233-8157-4b98-aaee-a0a8606aba91 - - - - - -] ERROR <?xml version="1.0" encoding="iso-8859-1"?> <!DOCTYPE html PUBLIC "-//W3C//DTD XHTML 1.0 Transitional//EN"          "http://www.w3.org/TR/xhtml1/DTD/xhtml1-transitional.dtd"> <html xmlns="http://www.w3.org/1999/xhtml" xml:lang="en" lang="en">  <head>   <title>503 Service Not Available</title>  </head>  <body>   <h1>503 Service Not Available</h1>  </body> </html> [00;33m{{(pid=3647184) _check_rest_api_response /opt/stack/cinder/cinder/volume/drivers/hitachi/hbsd_rest_api.py:485}}[00m
2026-10-07 06:03:40.971 3647184 DEBUG cinder.volume.drivers.hitachi.hbsd_rest_api [req-c19c0233-8157-4b98-aaee-a0a8606aba91 - - - - - -] ERROR <?xml version="1.0" encoding="iso-8859-1"?> <!DOCTYPE html PUBLIC "-//W3C//DTD XHTML 1.0 Transitional//EN"          "http://www.w3.org/TR/xhtml1/DTD/xhtml1-transitional.dtd"> <html xmlns="http://www.w3.org/1999/xhtml" xml:lang="en" lang="en">  <head>   <title>503 Service Not Available</title>  </head>  <body>   <h1>503 Service Not Available</h1>  </body> </html> [00;33m{{(pid=3647184) _check_rest_api_response /opt/stack/cinder/cinder/volume/drivers/hitachi/hbsd_rest_api.py:485}}[00m
2026-10-07 06:03:45.977 3647184 DEBUG cinder.volume.drivers.hitachi.hbsd_rest_api [req-c19c0233-8157-4b98-aaee-a0a8606aba91 - - - - - -] ERROR <?xml version="1.0" encoding="iso-8859-1"?> <!DOCTYPE html PUBLIC "-//W3C//DTD XHTML 1.0 Transitional//EN"          "http://www.w3.org/TR/xhtml1/DTD/xhtml1-transitional.dtd"> <html xmlns="http://www.w3.org/1999/xhtml" xml:lang="en" lang="en">  <head>   <title>503 Service Not Available</title>  </head>  <body>   <h1>503 Service Not Available</h1>  </body> </html> [00;33m{{(pid=3647184) _check_rest_api_response /opt/stack/cinder/cinder/volume/drivers/hitachi/hbsd_rest_api.py:485}}[00m
2026-10-07 06:03:50.980 3647184 DEBUG cinder.volume.drivers.hitachi.hbsd_rest_api [req-c19c0233-8157-4b98-aaee-a0a8606aba91 - - - - - -] ERROR <?xml version="1.0" encoding="iso-8859-1"?> <!DOCTYPE html PUBLIC "-//W3C//DTD XHTML 1.0 Transitional//EN"          "http://www.w3.org/TR/xhtml1/DTD/xhtml1-transitional.dtd"> <html xmlns="http://www.w3.org/1999/xhtml" xml:lang="en" lang="en">  <head>   <title>503 Service Not Available</title>  </head>  <body>   <h1>503 Service Not Available</h1>  </body> </html> [00;33m{{(pid=3647184) _check_rest_api_response /opt/stack/cinder/cinder/volume/drivers/hitachi/hbsd_rest_api.py:485}}[00m
2026-10-07 06:03:55.980 3647184 DEBUG cinder.volume.drivers.hitachi.hbsd_rest_api [req-c19c0233-8157-4b98-aaee-a0a8606aba91 - - - - - -] ERROR <?xml version="1.0" encoding="iso-8859-1"?> <!DOCTYPE html PUBLIC "-//W3C//DTD XHTML 1.0 Transitional//EN"          "http://www.w3.org/TR/xhtml1/DTD/xhtml1-transitional.dtd"> <html xmlns="http://www.w3.org/1999/xhtml" xml:lang="en" lang="en">  <head>   <title>503 Service Not Available</title>  </head>  <body>   <h1>503 Service Not Available</h1>  </body> </html> [00;33m{{(pid=3647184) _check_rest_api_response /opt/stack/cinder/cinder/volume/drivers/hitachi/hbsd_rest_api.py:485}}[00m
2026-10-07 06:04:00.983 3647184 DEBUG cinder.volume.drivers.hitachi.hbsd_rest_api [req-c19c0233-8157-4b98-aaee-a0a8606aba91 - - - - - -] ERROR <?xml version="1.0" encoding="iso-8859-1"?> <!DOCTYPE html PUBLIC "-//W3C//DTD XHTML 1.0 Transitional//EN"          "http://www.w3.org/TR/xhtml1/DTD/xhtml1-transitional.dtd"> <html xmlns="http://www.w3.org/1999/xhtml" xml:lang="en" lang="en">  <head>   <title>503 Service Not Available</title>  </head>  <body>   <h1>503 Service Not Available</h1>  </body> </html> [00;33m{{(pid=3647184) _check_rest_api_response /opt/stack/cinder/cinder/volume/drivers/hitachi/hbsd_rest_api.py:485}}[00m
2026-10-07 06:04:05.988 3647184 DEBUG cinder.volume.drivers.hitachi.hbsd_rest_api [req-c19c0233-8157-4b98-aaee-a0a8606aba91 - - - - - -] ERROR <?xml version="1.0" encoding="iso-8859-1"?> <!DOCTYPE html PUBLIC "-//W3C//DTD XHTML 1.0 Transitional//EN"          "http://www.w3.org/TR/xhtml1/DTD/xhtml1-transitional.dtd"> <html xmlns="http://www.w3.org/1999/xhtml" xml:lang="en" lang="en">  <head>   <title>503 Service Not Available</title>  </head>  <body>   <h1>503 Service Not Available</h1>  </body> </html> [00;33m{{(pid=3647184) _check_rest_api_response /opt/stack/cinder/cinder/volume/drivers/hitachi/hbsd_rest_api.py:485}}[00m
2026-10-07 06:04:11.058 3647184 DEBUG cinder.volume.drivers.hitachi.hbsd_rest_api [req-c19c0233-8157-4b98-aaee-a0a8606aba91 - - - - - -] ERROR <?xml version="1.0" encoding="iso-8859-1"?> <!DOCTYPE html PUBLIC "-//W3C//DTD XHTML 1.0 Transitional//EN"          "http://www.w3.org/TR/xhtml1/DTD/xhtml1-transitional.dtd"> <html xmlns="http://www.w3.org/1999/xhtml" xml:lang="en" lang="en">  <head>   <title>503 Service Not Available</title>  </head>  <body>   <h1>503 Service Not Available</h1>  </body> </html> [00;33m{{(pid=3647184) _check_rest_api_response /opt/stack/cinder/cinder/volume/drivers/hitachi/hbsd_rest_api.py:485}}[00m
2026-10-07 06:04:15.982 3647184 DEBUG cinder.volume.drivers.hitachi.hbsd_rest_api [req-c19c0233-8157-4b98-aaee-a0a8606aba91 - - - - - -] ERROR <?xml version="1.0" encoding="iso-8859-1"?> <!DOCTYPE html PUBLIC "-//W3C//DTD XHTML 1.0 Transitional//EN"          "http://www.w3.org/TR/xhtml1/DTD/xhtml1-transitional.dtd"> <html xmlns="http://www.w3.org/1999/xhtml" xml:lang="en" lang="en">  <head>   <title>503 Service Not Available</title>  </head>  <body>   <h1>503 Service Not Available</h1>  </body> </html> [00;33m{{(pid=3647184) _check_rest_api_response /opt/stack/cinder/cinder/volume/drivers/hitachi/hbsd_rest_api.py:485}}[00m
2026-10-07 06:04:20.981 3647184 DEBUG cinder.volume.drivers.hitachi.hbsd_rest_api [req-c19c0233-8157-4b98-aaee-a0a8606aba91 - - - - - -] ERROR <?xml version="1.0" encoding="iso-8859-1"?> <!DOCTYPE html PUBLIC "-//W3C//DTD XHTML 1.0 Transitional//EN"          "http://www.w3.org/TR/xhtml1/DTD/xhtml1-transitional.dtd"> <html xmlns="http://www.w3.org/1999/xhtml" xml:lang="en" lang="en">  <head>   <title>503 Service Not Available</title>  </head>  <body>   <h1>503 Service Not Available</h1>  </body> </html> [00;33m{{(pid=3647184) _check_rest_api_response /opt/stack/cinder/cinder/volume/drivers/hitachi/hbsd_rest_api.py:485}}[00m
2026-10-07 06:04:25.985 3647184 DEBUG cinder.volume.drivers.hitachi.hbsd_rest_api [req-c19c0233-8157-4b98-aaee-a0a8606aba91 - - - - - -] ERROR <?xml version="1.0" encoding="iso-8859-1"?> <!DOCTYPE html PUBLIC "-//W3C//DTD XHTML 1.0 Transitional//EN"          "http://www.w3.org/TR/xhtml1/DTD/xhtml1-transitional.dtd"> <html xmlns="http://www.w3.org/1999/xhtml" xml:lang="en" lang="en">  <head>   <title>503 Service Not Available</title>  </head>  <body>   <h1>503 Service Not Available</h1>  </body> </html> [00;33m{{(pid=3647184) _check_rest_api_response /opt/stack/cinder/cinder/volume/drivers/hitachi/hbsd_rest_api.py:485}}[00m
2026-10-07 06:04:31.012 3647184 DEBUG cinder.volume.drivers.hitachi.hbsd_rest_api [req-c19c0233-8157-4b98-aaee-a0a8606aba91 - - - - - -] ERROR <?xml version="1.0" encoding="iso-8859-1"?> <!DOCTYPE html PUBLIC "-//W3C//DTD XHTML 1.0 Transitional//EN"          "http://www.w3.org/TR/xhtml1/DTD/xhtml1-transitional.dtd"> <html xmlns="http://www.w3.org/1999/xhtml" xml:lang="en" lang="en">  <head>   <title>503 Service Not Available</title>  </head>  <body>   <h1>503 Service Not Available</h1>  </body> </html> [00;33m{{(pid=3647184) _check_rest_api_response /opt/stack/cinder/cinder/volume/drivers/hitachi/hbsd_rest_api.py:485}}[00m
2026-10-07 06:04:35.992 3647184 DEBUG cinder.volume.drivers.hitachi.hbsd_rest_api [req-c19c0233-8157-4b98-aaee-a0a8606aba91 - - - - - -] ERROR <?xml version="1.0" encoding="iso-8859-1"?> <!DOCTYPE html PUBLIC "-//W3C//DTD XHTML 1.0 Transitional//EN"          "http://www.w3.org/TR/xhtml1/DTD/xhtml1-transitional.dtd"> <html xmlns="http://www.w3.org/1999/xhtml" xml:lang="en" lang="en">  <head>   <title>503 Service Not Available</title>  </head>  <body>   <h1>503 Service Not Available</h1>  </body> </html> [00;33m{{(pid=3647184) _check_rest_api_response /opt/stack/cinder/cinder/volume/drivers/hitachi/hbsd_rest_api.py:485}}[00m
2026-10-07 06:04:40.996 3647184 DEBUG cinder.volume.drivers.hitachi.hbsd_rest_api [req-c19c0233-8157-4b98-aaee-a0a8606aba91 - - - - - -] ERROR <?xml version="1.0" encoding="iso-8859-1"?> <!DOCTYPE html PUBLIC "-//W3C//DTD XHTML 1.0 Transitional//EN"          "http://www.w3.org/TR/xhtml1/DTD/xhtml1-transitional.dtd"> <html xmlns="http://www.w3.org/1999/xhtml" xml:lang="en" lang="en">  <head>   <title>503 Service Not Available</title>  </head>  <body>   <h1>503 Service Not Available</h1>  </body> </html> [00;33m{{(pid=3647184) _check_rest_api_response /opt/stack/cinder/cinder/volume/drivers/hitachi/hbsd_rest_api.py:485}}[00m
2026-10-07 06:04:45.997 3647184 DEBUG cinder.volume.drivers.hitachi.hbsd_rest_api [req-c19c0233-8157-4b98-aaee-a0a8606aba91 - - - - - -] ERROR <?xml version="1.0" encoding="iso-8859-1"?> <!DOCTYPE html PUBLIC "-//W3C//DTD XHTML 1.0 Transitional//EN"          "http://www.w3.org/TR/xhtml1/DTD/xhtml1-transitional.dtd"> <html xmlns="http://www.w3.org/1999/xhtml" xml:lang="en" lang="en">  <head>   <title>503 Service Not Available</title>  </head>  <body>   <h1>503 Service Not Available</h1>  </body> </html> [00;33m{{(pid=3647184) _check_rest_api_response /opt/stack/cinder/cinder/volume/drivers/hitachi/hbsd_rest_api.py:485}}[00m
2026-10-07 06:04:50.997 3647184 DEBUG cinder.volume.drivers.hitachi.hbsd_rest_api [req-c19c0233-8157-4b98-aaee-a0a8606aba91 - - - - - -] ERROR <?xml version="1.0" encoding="iso-8859-1"?> <!DOCTYPE html PUBLIC "-//W3C//DTD XHTML 1.0 Transitional//EN"          "http://www.w3.org/TR/xhtml1/DTD/xhtml1-transitional.dtd"> <html xmlns="http://www.w3.org/1999/xhtml" xml:lang="en" lang="en">  <head>   <title>503 Service Not Available</title>  </head>  <body>   <h1>503 Service Not Available</h1>  </body> </html> [00;33m{{(pid=3647184) _check_rest_api_response /opt/stack/cinder/cinder/volume/drivers/hitachi/hbsd_rest_api.py:485}}[00m
2026-10-07 06:04:55.993 3647184 DEBUG cinder.volume.drivers.hitachi.hbsd_rest_api [req-c19c0233-8157-4b98-aaee-a0a8606aba91 - - - - - -] ERROR <?xml version="1.0" encoding="iso-8859-1"?> <!DOCTYPE html PUBLIC "-//W3C//DTD XHTML 1.0 Transitional//EN"          "http://www.w3.org/TR/xhtml1/DTD/xhtml1-transitional.dtd"> <html xmlns="http://www.w3.org/1999/xhtml" xml:lang="en" lang="en">  <head>   <title>503 Service Not Available</title>  </head>  <body>   <h1>503 Service Not Available</h1>  </body> </html> [00;33m{{(pid=3647184) _check_rest_api_response /opt/stack/cinder/cinder/volume/drivers/hitachi/hbsd_rest_api.py:485}}[00m
2026-10-07 06:05:01.005 3647184 DEBUG cinder.volume.drivers.hitachi.hbsd_rest_api [req-c19c0233-8157-4b98-aaee-a0a8606aba91 - - - - - -] ERROR <?xml version="1.0" encoding="iso-8859-1"?> <!DOCTYPE html PUBLIC "-//W3C//DTD XHTML 1.0 Transitional//EN"          "http://www.w3.org/TR/xhtml1/DTD/xhtml1-transitional.dtd"> <html xmlns="http://www.w3.org/1999/xhtml" xml:lang="en" lang="en">  <head>   <title>503 Service Not Available</title>  </head>  <body>   <h1>503 Service Not Available</h1>  </body> </html> [00;33m{{(pid=3647184) _check_rest_api_response /opt/stack/cinder/cinder/volume/drivers/hitachi/hbsd_rest_api.py:485}}[00m
2026-10-07 06:05:06.029 3647184 DEBUG cinder.volume.drivers.hitachi.hbsd_rest_api [req-c19c0233-8157-4b98-aaee-a0a8606aba91 - - - - - -] ERROR <?xml version="1.0" encoding="iso-8859-1"?> <!DOCTYPE html PUBLIC "-//W3C//DTD XHTML 1.0 Transitional//EN"          "http://www.w3.org/TR/xhtml1/DTD/xhtml1-transitional.dtd"> <html xmlns="http://www.w3.org/1999/xhtml" xml:lang="en" lang="en">  <head>   <title>503 Service Not Available</title>  </head>  <body>   <h1>503 Service Not Available</h1>  </body> </html> [00;33m{{(pid=3647184) _check_rest_api_response /opt/stack/cinder/cinder/volume/drivers/hitachi/hbsd_rest_api.py:485}}[00m
2026-10-07 06:05:10.994 3647184 DEBUG cinder.volume.drivers.hitachi.hbsd_rest_api [req-c19c0233-8157-4b98-aaee-a0a8606aba91 - - - - - -] ERROR <?xml version="1.0" encoding="iso-8859-1"?> <!DOCTYPE html PUBLIC "-//W3C//DTD XHTML 1.0 Transitional//EN"          "http://www.w3.org/TR/xhtml1/DTD/xhtml1-transitional.dtd"> <html xmlns="http://www.w3.org/1999/xhtml" xml:lang="en" lang="en">  <head>   <title>503 Service Not Available</title>  </head>  <body>   <h1>503 Service Not Available</h1>  </body> </html> [00;33m{{(pid=3647184) _check_rest_api_response /opt/stack/cinder/cinder/volume/drivers/hitachi/hbsd_rest_api.py:485}}[00m
2026-10-07 06:05:15.998 3647184 DEBUG cinder.volume.drivers.hitachi.hbsd_rest_api [req-c19c0233-8157-4b98-aaee-a0a8606aba91 - - - - - -] ERROR <?xml version="1.0" encoding="iso-8859-1"?> <!DOCTYPE html PUBLIC "-//W3C//DTD XHTML 1.0 Transitional//EN"          "http://www.w3.org/TR/xhtml1/DTD/xhtml1-transitional.dtd"> <html xmlns="http://www.w3.org/1999/xhtml" xml:lang="en" lang="en">  <head>   <title>503 Service Not Available</title>  </head>  <body>   <h1>503 Service Not Available</h1>  </body> </html> [00;33m{{(pid=3647184) _check_rest_api_response /opt/stack/cinder/cinder/volume/drivers/hitachi/hbsd_rest_api.py:485}}[00m
2026-10-07 06:05:21.005 3647184 DEBUG cinder.volume.drivers.hitachi.hbsd_rest_api [req-c19c0233-8157-4b98-aaee-a0a8606aba91 - - - - - -] ERROR <?xml version="1.0" encoding="iso-8859-1"?> <!DOCTYPE html PUBLIC "-//W3C//DTD XHTML 1.0 Transitional//EN"          "http://www.w3.org/TR/xhtml1/DTD/xhtml1-transitional.dtd"> <html xmlns="http://www.w3.org/1999/xhtml" xml:lang="en" lang="en">  <head>   <title>503 Service Not Available</title>  </head>  <body>   <h1>503 Service Not Available</h1>  </body> </html> [00;33m{{(pid=3647184) _check_rest_api_response /opt/stack/cinder/cinder/volume/drivers/hitachi/hbsd_rest_api.py:485}}[00m
2026-10-07 06:05:26.003 3647184 DEBUG cinder.volume.drivers.hitachi.hbsd_rest_api [req-c19c0233-8157-4b98-aaee-a0a8606aba91 - - - - - -] ERROR <?xml version="1.0" encoding="iso-8859-1"?> <!DOCTYPE html PUBLIC "-//W3C//DTD XHTML 1.0 Transitional//EN"          "http://www.w3.org/TR/xhtml1/DTD/xhtml1-transitional.dtd"> <html xmlns="http://www.w3.org/1999/xhtml" xml:lang="en" lang="en">  <head>   <title>503 Service Not Available</title>  </head>  <body>   <h1>503 Service Not Available</h1>  </body> </html> [00;33m{{(pid=3647184) _check_rest_api_response /opt/stack/cinder/cinder/volume/drivers/hitachi/hbsd_rest_api.py:485}}[00m
2026-10-07 06:05:31.013 3647184 DEBUG cinder.volume.drivers.hitachi.hbsd_rest_api [req-c19c0233-8157-4b98-aaee-a0a8606aba91 - - - - - -] ERROR <?xml version="1.0" encoding="iso-8859-1"?> <!DOCTYPE html PUBLIC "-//W3C//DTD XHTML 1.0 Transitional//EN"          "http://www.w3.org/TR/xhtml1/DTD/xhtml1-transitional.dtd"> <html xmlns="http://www.w3.org/1999/xhtml" xml:lang="en" lang="en">  <head>   <title>503 Service Not Available</title>  </head>  <body>   <h1>503 Service Not Available</h1>  </body> </html> [00;33m{{(pid=3647184) _check_rest_api_response /opt/stack/cinder/cinder/volume/drivers/hitachi/hbsd_rest_api.py:485}}[00m
2026-10-07 06:05:36.003 3647184 DEBUG cinder.volume.drivers.hitachi.hbsd_rest_api [req-c19c0233-8157-4b98-aaee-a0a8606aba91 - - - - - -] ERROR <?xml version="1.0" encoding="iso-8859-1"?> <!DOCTYPE html PUBLIC "-//W3C//DTD XHTML 1.0 Transitional//EN"          "http://www.w3.org/TR/xhtml1/DTD/xhtml1-transitional.dtd"> <html xmlns="http://www.w3.org/1999/xhtml" xml:lang="en" lang="en">  <head>   <title>503 Service Not Available</title>  </head>  <body>   <h1>503 Service Not Available</h1>  </body> </html> [00;33m{{(pid=3647184) _check_rest_api_response /opt/stack/cinder/cinder/volume/drivers/hitachi/hbsd_rest_api.py:485}}[00m
2026-10-07 06:05:41.001 3647184 DEBUG cinder.volume.drivers.hitachi.hbsd_rest_api [req-c19c0233-8157-4b98-aaee-a0a8606aba91 - - - - - -] ERROR <?xml version="1.0" encoding="iso-8859-1"?> <!DOCTYPE html PUBLIC "-//W3C//DTD XHTML 1.0 Transitional//EN"          "http://www.w3.org/TR/xhtml1/DTD/xhtml1-transitional.dtd"> <html xmlns="http://www.w3.org/1999/xhtml" xml:lang="en" lang="en">  <head>   <title>503 Service Not Available</title>  </head>  <body>   <h1>503 Service Not Available</h1>  </body> </html> [00;33m{{(pid=3647184) _check_rest_api_response /opt/stack/cinder/cinder/volume/drivers/hitachi/hbsd_rest_api.py:485}}[00m
2026-10-07 06:05:46.003 3647184 DEBUG cinder.volume.drivers.hitachi.hbsd_rest_api [req-c19c0233-8157-4b98-aaee-a0a8606aba91 - - - - - -] ERROR <?xml version="1.0" encoding="iso-8859-1"?> <!DOCTYPE html PUBLIC "-//W3C//DTD XHTML 1.0 Transitional//EN"          "http://www.w3.org/TR/xhtml1/DTD/xhtml1-transitional.dtd"> <html xmlns="http://www.w3.org/1999/xhtml" xml:lang="en" lang="en">  <head>   <title>503 Service Not Available</title>  </head>  <body>   <h1>503 Service Not Available</h1>  </body> </html> [00;33m{{(pid=3647184) _check_rest_api_response /opt/stack/cinder/cinder/volume/drivers/hitachi/hbsd_rest_api.py:485}}[00m
2026-10-07 06:05:51.007 3647184 DEBUG cinder.volume.drivers.hitachi.hbsd_rest_api [req-c19c0233-8157-4b98-aaee-a0a8606aba91 - - - - - -] ERROR <?xml version="1.0" encoding="iso-8859-1"?> <!DOCTYPE html PUBLIC "-//W3C//DTD XHTML 1.0 Transitional//EN"          "http://www.w3.org/TR/xhtml1/DTD/xhtml1-transitional.dtd"> <html xmlns="http://www.w3.org/1999/xhtml" xml:lang="en" lang="en">  <head>   <title>503 Service Not Available</title>  </head>  <body>   <h1>503 Service Not Available</h1>  </body> </html> [00;33m{{(pid=3647184) _check_rest_api_response /opt/stack/cinder/cinder/volume/drivers/hitachi/hbsd_rest_api.py:485}}[00m
2026-10-07 06:05:56.018 3647184 DEBUG cinder.volume.drivers.hitachi.hbsd_rest_api [req-c19c0233-8157-4b98-aaee-a0a8606aba91 - - - - - -] ERROR <?xml version="1.0" encoding="iso-8859-1"?> <!DOCTYPE html PUBLIC "-//W3C//DTD XHTML 1.0 Transitional//EN"          "http://www.w3.org/TR/xhtml1/DTD/xhtml1-transitional.dtd"> <html xmlns="http://www.w3.org/1999/xhtml" xml:lang="en" lang="en">  <head>   <title>503 Service Not Available</title>  </head>  <body>   <h1>503 Service Not Available</h1>  </body> </html> [00;33m{{(pid=3647184) _check_rest_api_response /opt/stack/cinder/cinder/volume/drivers/hitachi/hbsd_rest_api.py:485}}[00m
2026-10-07 06:06:01.006 3647184 DEBUG cinder.volume.drivers.hitachi.hbsd_rest_api [req-c19c0233-8157-4b98-aaee-a0a8606aba91 - - - - - -] ERROR <?xml version="1.0" encoding="iso-8859-1"?> <!DOCTYPE html PUBLIC "-//W3C//DTD XHTML 1.0 Transitional//EN"          "http://www.w3.org/TR/xhtml1/DTD/xhtml1-transitional.dtd"> <html xmlns="http://www.w3.org/1999/xhtml" xml:lang="en" lang="en">  <head>   <title>503 Service Not Available</title>  </head>  <body>   <h1>503 Service Not Available</h1>  </body> </html> [00;33m{{(pid=3647184) _check_rest_api_response /opt/stack/cinder/cinder/volume/drivers/hitachi/hbsd_rest_api.py:485}}[00m
2026-10-07 06:06:06.012 3647184 DEBUG cinder.volume.drivers.hitachi.hbsd_rest_api [req-c19c0233-8157-4b98-aaee-a0a8606aba91 - - - - - -] ERROR <?xml version="1.0" encoding="iso-8859-1"?> <!DOCTYPE html PUBLIC "-//W3C//DTD XHTML 1.0 Transitional//EN"          "http://www.w3.org/TR/xhtml1/DTD/xhtml1-transitional.dtd"> <html xmlns="http://www.w3.org/1999/xhtml" xml:lang="en" lang="en">  <head>   <title>503 Service Not Available</title>  </head>  <body>   <h1>503 Service Not Available</h1>  </body> </html> [00;33m{{(pid=3647184) _check_rest_api_response /opt/stack/cinder/cinder/volume/drivers/hitachi/hbsd_rest_api.py:485}}[00m
2026-10-07 06:06:11.007 3647184 DEBUG cinder.volume.drivers.hitachi.hbsd_rest_api [req-c19c0233-8157-4b98-aaee-a0a8606aba91 - - - - - -] ERROR <?xml version="1.0" encoding="iso-8859-1"?> <!DOCTYPE html PUBLIC "-//W3C//DTD XHTML 1.0 Transitional//EN"          "http://www.w3.org/TR/xhtml1/DTD/xhtml1-transitional.dtd"> <html xmlns="http://www.w3.org/1999/xhtml" xml:lang="en" lang="en">  <head>   <title>503 Service Not Available</title>  </head>  <body>   <h1>503 Service Not Available</h1>  </body> </html> [00;33m{{(pid=3647184) _check_rest_api_response /opt/stack/cinder/cinder/volume/drivers/hitachi/hbsd_rest_api.py:485}}[00m
2026-10-07 06:06:16.011 3647184 DEBUG cinder.volume.drivers.hitachi.hbsd_rest_api [req-c19c0233-8157-4b98-aaee-a0a8606aba91 - - - - - -] ERROR <?xml version="1.0" encoding="iso-8859-1"?> <!DOCTYPE html PUBLIC "-//W3C//DTD XHTML 1.0 Transitional//EN"          "http://www.w3.org/TR/xhtml1/DTD/xhtml1-transitional.dtd"> <html xmlns="http://www.w3.org/1999/xhtml" xml:lang="en" lang="en">  <head>   <title>503 Service Not Available</title>  </head>  <body>   <h1>503 Service Not Available</h1>  </body> </html> [00;33m{{(pid=3647184) _check_rest_api_response /opt/stack/cinder/cinder/volume/drivers/hitachi/hbsd_rest_api.py:485}}[00m
2026-10-07 06:06:21.016 3647184 DEBUG cinder.volume.drivers.hitachi.hbsd_rest_api [req-c19c0233-8157-4b98-aaee-a0a8606aba91 - - - - - -] ERROR <?xml version="1.0" encoding="iso-8859-1"?> <!DOCTYPE html PUBLIC "-//W3C//DTD XHTML 1.0 Transitional//EN"          "http://www.w3.org/TR/xhtml1/DTD/xhtml1-transitional.dtd"> <html xmlns="http://www.w3.org/1999/xhtml" xml:lang="en" lang="en">  <head>   <title>503 Service Not Available</title>  </head>  <body>   <h1>503 Service Not Available</h1>  </body> </html> [00;33m{{(pid=3647184) _check_rest_api_response /opt/stack/cinder/cinder/volume/drivers/hitachi/hbsd_rest_api.py:485}}[00m
2026-10-07 06:06:26.015 3647184 DEBUG cinder.volume.drivers.hitachi.hbsd_rest_api [req-c19c0233-8157-4b98-aaee-a0a8606aba91 - - - - - -] ERROR <?xml version="1.0" encoding="iso-8859-1"?> <!DOCTYPE html PUBLIC "-//W3C//DTD XHTML 1.0 Transitional//EN"          "http://www.w3.org/TR/xhtml1/DTD/xhtml1-transitional.dtd"> <html xmlns="http://www.w3.org/1999/xhtml" xml:lang="en" lang="en">  <head>   <title>503 Service Not Available</title>  </head>  <body>   <h1>503 Service Not Available</h1>  </body> </html> [00;33m{{(pid=3647184) _check_rest_api_response /opt/stack/cinder/cinder/volume/drivers/hitachi/hbsd_rest_api.py:485}}[00m
2026-10-07 06:06:31.015 3647184 DEBUG cinder.volume.drivers.hitachi.hbsd_rest_api [req-c19c0233-8157-4b98-aaee-a0a8606aba91 - - - - - -] ERROR <?xml version="1.0" encoding="iso-8859-1"?> <!DOCTYPE html PUBLIC "-//W3C//DTD XHTML 1.0 Transitional//EN"          "http://www.w3.org/TR/xhtml1/DTD/xhtml1-transitional.dtd"> <html xmlns="http://www.w3.org/1999/xhtml" xml:lang="en" lang="en">  <head>   <title>503 Service Not Available</title>  </head>  <body>   <h1>503 Service Not Available</h1>  </body> </html> [00;33m{{(pid=3647184) _check_rest_api_response /opt/stack/cinder/cinder/volume/drivers/hitachi/hbsd_rest_api.py:485}}[00m
2026-10-07 06:06:36.021 3647184 DEBUG cinder.volume.drivers.hitachi.hbsd_rest_api [req-c19c0233-8157-4b98-aaee-a0a8606aba91 - - - - - -] ERROR <?xml version="1.0" encoding="iso-8859-1"?> <!DOCTYPE html PUBLIC "-//W3C//DTD XHTML 1.0 Transitional//EN"          "http://www.w3.org/TR/xhtml1/DTD/xhtml1-transitional.dtd"> <html xmlns="http://www.w3.org/1999/xhtml" xml:lang="en" lang="en">  <head>   <title>503 Service Not Available</title>  </head>  <body>   <h1>503 Service Not Available</h1>  </body> </html> [00;33m{{(pid=3647184) _check_rest_api_response /opt/stack/cinder/cinder/volume/drivers/hitachi/hbsd_rest_api.py:485}}[00m
2026-10-07 06:06:41.015 3647184 DEBUG cinder.volume.drivers.hitachi.hbsd_rest_api [req-c19c0233-8157-4b98-aaee-a0a8606aba91 - - - - - -] ERROR <?xml version="1.0" encoding="iso-8859-1"?> <!DOCTYPE html PUBLIC "-//W3C//DTD XHTML 1.0 Transitional//EN"          "http://www.w3.org/TR/xhtml1/DTD/xhtml1-transitional.dtd"> <html xmlns="http://www.w3.org/1999/xhtml" xml:lang="en" lang="en">  <head>   <title>503 Service Not Available</title>  </head>  <body>   <h1>503 Service Not Available</h1>  </body> </html> [00;33m{{(pid=3647184) _check_rest_api_response /opt/stack/cinder/cinder/volume/drivers/hitachi/hbsd_rest_api.py:485}}[00m
2026-10-07 06:06:46.018 3647184 DEBUG cinder.volume.drivers.hitachi.hbsd_rest_api [req-c19c0233-8157-4b98-aaee-a0a8606aba91 - - - - - -] ERROR <?xml version="1.0" encoding="iso-8859-1"?> <!DOCTYPE html PUBLIC "-//W3C//DTD XHTML 1.0 Transitional//EN"          "http://www.w3.org/TR/xhtml1/DTD/xhtml1-transitional.dtd"> <html xmlns="http://www.w3.org/1999/xhtml" xml:lang="en" lang="en">  <head>   <title>503 Service Not Available</title>  </head>  <body>   <h1>503 Service Not Available</h1>  </body> </html> [00;33m{{(pid=3647184) _check_rest_api_response /opt/stack/cinder/cinder/volume/drivers/hitachi/hbsd_rest_api.py:485}}[00m
2026-10-07 06:06:51.019 3647184 DEBUG cinder.volume.drivers.hitachi.hbsd_rest_api [req-c19c0233-8157-4b98-aaee-a0a8606aba91 - - - - - -] ERROR <?xml version="1.0" encoding="iso-8859-1"?> <!DOCTYPE html PUBLIC "-//W3C//DTD XHTML 1.0 Transitional//EN"          "http://www.w3.org/TR/xhtml1/DTD/xhtml1-transitional.dtd"> <html xmlns="http://www.w3.org/1999/xhtml" xml:lang="en" lang="en">  <head>   <title>503 Service Not Available</title>  </head>  <body>   <h1>503 Service Not Available</h1>  </body> </html> [00;33m{{(pid=3647184) _check_rest_api_response /opt/stack/cinder/cinder/volume/drivers/hitachi/hbsd_rest_api.py:485}}[00m
2026-10-07 06:06:56.021 3647184 DEBUG cinder.volume.drivers.hitachi.hbsd_rest_api [req-c19c0233-8157-4b98-aaee-a0a8606aba91 - - - - - -] ERROR <?xml version="1.0" encoding="iso-8859-1"?> <!DOCTYPE html PUBLIC "-//W3C//DTD XHTML 1.0 Transitional//EN"          "http://www.w3.org/TR/xhtml1/DTD/xhtml1-transitional.dtd"> <html xmlns="http://www.w3.org/1999/xhtml" xml:lang="en" lang="en">  <head>   <title>503 Service Not Available</title>  </head>  <body>   <h1>503 Service Not Available</h1>  </body> </html> [00;33m{{(pid=3647184) _check_rest_api_response /opt/stack/cinder/cinder/volume/drivers/hitachi/hbsd_rest_api.py:485}}[00m
2026-10-07 06:07:01.023 3647184 DEBUG cinder.volume.drivers.hitachi.hbsd_rest_api [req-c19c0233-8157-4b98-aaee-a0a8606aba91 - - - - - -] ERROR <?xml version="1.0" encoding="iso-8859-1"?> <!DOCTYPE html PUBLIC "-//W3C//DTD XHTML 1.0 Transitional//EN"          "http://www.w3.org/TR/xhtml1/DTD/xhtml1-transitional.dtd"> <html xmlns="http://www.w3.org/1999/xhtml" xml:lang="en" lang="en">  <head>   <title>503 Service Not Available</title>  </head>  <body>   <h1>503 Service Not Available</h1>  </body> </html> [00;33m{{(pid=3647184) _check_rest_api_response /opt/stack/cinder/cinder/volume/drivers/hitachi/hbsd_rest_api.py:485}}[00m
2026-10-07 06:07:06.061 3647184 DEBUG cinder.volume.drivers.hitachi.hbsd_rest_api [req-c19c0233-8157-4b98-aaee-a0a8606aba91 - - - - - -] ERROR <?xml version="1.0" encoding="iso-8859-1"?> <!DOCTYPE html PUBLIC "-//W3C//DTD XHTML 1.0 Transitional//EN"          "http://www.w3.org/TR/xhtml1/DTD/xhtml1-transitional.dtd"> <html xmlns="http://www.w3.org/1999/xhtml" xml:lang="en" lang="en">  <head>   <title>503 Service Not Available</title>  </head>  <body>   <h1>503 Service Not Available</h1>  </body> </html> [00;33m{{(pid=3647184) _check_rest_api_response /opt/stack/cinder/cinder/volume/drivers/hitachi/hbsd_rest_api.py:485}}[00m
2026-10-07 06:07:11.097 3647184 DEBUG cinder.volume.drivers.hitachi.hbsd_rest_api [req-c19c0233-8157-4b98-aaee-a0a8606aba91 - - - - - -] ERROR <?xml version="1.0" encoding="iso-8859-1"?> <!DOCTYPE html PUBLIC "-//W3C//DTD XHTML 1.0 Transitional//EN"          "http://www.w3.org/TR/xhtml1/DTD/xhtml1-transitional.dtd"> <html xmlns="http://www.w3.org/1999/xhtml" xml:lang="en" lang="en">  <head>   <title>503 Service Not Available</title>  </head>  <body>   <h1>503 Service Not Available</h1>  </body> </html> [00;33m{{(pid=3647184) _check_rest_api_response /opt/stack/cinder/cinder/volume/drivers/hitachi/hbsd_rest_api.py:485}}[00m
2026-10-07 06:07:16.057 3647184 DEBUG cinder.volume.drivers.hitachi.hbsd_rest_api [req-c19c0233-8157-4b98-aaee-a0a8606aba91 - - - - - -] ERROR <?xml version="1.0" encoding="iso-8859-1"?> <!DOCTYPE html PUBLIC "-//W3C//DTD XHTML 1.0 Transitional//EN"          "http://www.w3.org/TR/xhtml1/DTD/xhtml1-transitional.dtd"> <html xmlns="http://www.w3.org/1999/xhtml" xml:lang="en" lang="en">  <head>   <title>503 Service Not Available</title>  </head>  <body>   <h1>503 Service Not Available</h1>  </body> </html> [00;33m{{(pid=3647184) _check_rest_api_response /opt/stack/cinder/cinder/volume/drivers/hitachi/hbsd_rest_api.py:485}}[00m
2026-10-07 06:07:21.027 3647184 DEBUG cinder.volume.drivers.hitachi.hbsd_rest_api [req-c19c0233-8157-4b98-aaee-a0a8606aba91 - - - - - -] ERROR <?xml version="1.0" encoding="iso-8859-1"?> <!DOCTYPE html PUBLIC "-//W3C//DTD XHTML 1.0 Transitional//EN"          "http://www.w3.org/TR/xhtml1/DTD/xhtml1-transitional.dtd"> <html xmlns="http://www.w3.org/1999/xhtml" xml:lang="en" lang="en">  <head>   <title>503 Service Not Available</title>  </head>  <body>   <h1>503 Service Not Available</h1>  </body> </html> [00;33m{{(pid=3647184) _check_rest_api_response /opt/stack/cinder/cinder/volume/drivers/hitachi/hbsd_rest_api.py:485}}[00m
2026-10-07 06:07:26.027 3647184 DEBUG cinder.volume.drivers.hitachi.hbsd_rest_api [req-c19c0233-8157-4b98-aaee-a0a8606aba91 - - - - - -] ERROR <?xml version="1.0" encoding="iso-8859-1"?> <!DOCTYPE html PUBLIC "-//W3C//DTD XHTML 1.0 Transitional//EN"          "http://www.w3.org/TR/xhtml1/DTD/xhtml1-transitional.dtd"> <html xmlns="http://www.w3.org/1999/xhtml" xml:lang="en" lang="en">  <head>   <title>503 Service Not Available</title>  </head>  <body>   <h1>503 Service Not Available</h1>  </body> </html> [00;33m{{(pid=3647184) _check_rest_api_response /opt/stack/cinder/cinder/volume/drivers/hitachi/hbsd_rest_api.py:485}}[00m
2026-10-07 06:07:31.030 3647184 DEBUG cinder.volume.drivers.hitachi.hbsd_rest_api [req-c19c0233-8157-4b98-aaee-a0a8606aba91 - - - - - -] ERROR <?xml version="1.0" encoding="iso-8859-1"?> <!DOCTYPE html PUBLIC "-//W3C//DTD XHTML 1.0 Transitional//EN"          "http://www.w3.org/TR/xhtml1/DTD/xhtml1-transitional.dtd"> <html xmlns="http://www.w3.org/1999/xhtml" xml:lang="en" lang="en">  <head>   <title>503 Service Not Available</title>  </head>  <body>   <h1>503 Service Not Available</h1>  </body> </html> [00;33m{{(pid=3647184) _check_rest_api_response /opt/stack/cinder/cinder/volume/drivers/hitachi/hbsd_rest_api.py:485}}[00m
2026-10-07 06:07:36.035 3647184 DEBUG cinder.volume.drivers.hitachi.hbsd_rest_api [req-c19c0233-8157-4b98-aaee-a0a8606aba91 - - - - - -] ERROR <?xml version="1.0" encoding="iso-8859-1"?> <!DOCTYPE html PUBLIC "-//W3C//DTD XHTML 1.0 Transitional//EN"          "http://www.w3.org/TR/xhtml1/DTD/xhtml1-transitional.dtd"> <html xmlns="http://www.w3.org/1999/xhtml" xml:lang="en" lang="en">  <head>   <title>503 Service Not Available</title>  </head>  <body>   <h1>503 Service Not Available</h1>  </body> </html> [00;33m{{(pid=3647184) _check_rest_api_response /opt/stack/cinder/cinder/volume/drivers/hitachi/hbsd_rest_api.py:485}}[00m
2026-10-07 06:07:41.029 3647184 DEBUG cinder.volume.drivers.hitachi.hbsd_rest_api [req-c19c0233-8157-4b98-aaee-a0a8606aba91 - - - - - -] ERROR <?xml version="1.0" encoding="iso-8859-1"?> <!DOCTYPE html PUBLIC "-//W3C//DTD XHTML 1.0 Transitional//EN"          "http://www.w3.org/TR/xhtml1/DTD/xhtml1-transitional.dtd"> <html xmlns="http://www.w3.org/1999/xhtml" xml:lang="en" lang="en">  <head>   <title>503 Service Not Available</title>  </head>  <body>   <h1>503 Service Not Available</h1>  </body> </html> [00;33m{{(pid=3647184) _check_rest_api_response /opt/stack/cinder/cinder/volume/drivers/hitachi/hbsd_rest_api.py:485}}[00m
2026-10-07 06:07:46.032 3647184 DEBUG cinder.volume.drivers.hitachi.hbsd_rest_api [req-c19c0233-8157-4b98-aaee-a0a8606aba91 - - - - - -] ERROR <?xml version="1.0" encoding="iso-8859-1"?> <!DOCTYPE html PUBLIC "-//W3C//DTD XHTML 1.0 Transitional//EN"          "http://www.w3.org/TR/xhtml1/DTD/xhtml1-transitional.dtd"> <html xmlns="http://www.w3.org/1999/xhtml" xml:lang="en" lang="en">  <head>   <title>503 Service Not Available</title>  </head>  <body>   <h1>503 Service Not Available</h1>  </body> </html> [00;33m{{(pid=3647184) _check_rest_api_response /opt/stack/cinder/cinder/volume/drivers/hitachi/hbsd_rest_api.py:485}}[00m
2026-10-07 06:07:51.038 3647184 DEBUG cinder.volume.drivers.hitachi.hbsd_rest_api [req-c19c0233-8157-4b98-aaee-a0a8606aba91 - - - - - -] ERROR <?xml version="1.0" encoding="iso-8859-1"?> <!DOCTYPE html PUBLIC "-//W3C//DTD XHTML 1.0 Transitional//EN"          "http://www.w3.org/TR/xhtml1/DTD/xhtml1-transitional.dtd"> <html xmlns="http://www.w3.org/1999/xhtml" xml:lang="en" lang="en">  <head>   <title>503 Service Not Available</title>  </head>  <body>   <h1>503 Service Not Available</h1>  </body> </html> [00;33m{{(pid=3647184) _check_rest_api_response /opt/stack/cinder/cinder/volume/drivers/hitachi/hbsd_rest_api.py:485}}[00m
2026-10-07 06:07:56.046 3647184 DEBUG cinder.volume.drivers.hitachi.hbsd_rest_api [req-c19c0233-8157-4b98-aaee-a0a8606aba91 - - - - - -] ERROR <?xml version="1.0" encoding="iso-8859-1"?> <!DOCTYPE html PUBLIC "-//W3C//DTD XHTML 1.0 Transitional//EN"          "http://www.w3.org/TR/xhtml1/DTD/xhtml1-transitional.dtd"> <html xmlns="http://www.w3.org/1999/xhtml" xml:lang="en" lang="en">  <head>   <title>503 Service Not Available</title>  </head>  <body>   <h1>503 Service Not Available</h1>  </body> </html> [00;33m{{(pid=3647184) _check_rest_api_response /opt/stack/cinder/cinder/volume/drivers/hitachi/hbsd_rest_api.py:485}}[00m
2026-10-07 06:08:01.040 3647184 DEBUG cinder.volume.drivers.hitachi.hbsd_rest_api [req-c19c0233-8157-4b98-aaee-a0a8606aba91 - - - - - -] ERROR <?xml version="1.0" encoding="iso-8859-1"?> <!DOCTYPE html PUBLIC "-//W3C//DTD XHTML 1.0 Transitional//EN"          "http://www.w3.org/TR/xhtml1/DTD/xhtml1-transitional.dtd"> <html xmlns="http://www.w3.org/1999/xhtml" xml:lang="en" lang="en">  <head>   <title>503 Service Not Available</title>  </head>  <body>   <h1>503 Service Not Available</h1>  </body> </html> [00;33m{{(pid=3647184) _check_rest_api_response /opt/stack/cinder/cinder/volume/drivers/hitachi/hbsd_rest_api.py:485}}[00m
2026-10-07 06:08:06.049 3647184 DEBUG cinder.volume.drivers.hitachi.hbsd_rest_api [req-c19c0233-8157-4b98-aaee-a0a8606aba91 - - - - - -] ERROR <?xml version="1.0" encoding="iso-8859-1"?> <!DOCTYPE html PUBLIC "-//W3C//DTD XHTML 1.0 Transitional//EN"          "http://www.w3.org/TR/xhtml1/DTD/xhtml1-transitional.dtd"> <html xmlns="http://www.w3.org/1999/xhtml" xml:lang="en" lang="en">  <head>   <title>503 Service Not Available</title>  </head>  <body>   <h1>503 Service Not Available</h1>  </body> </html> [00;33m{{(pid=3647184) _check_rest_api_response /opt/stack/cinder/cinder/volume/drivers/hitachi/hbsd_rest_api.py:485}}[00m
2026-10-07 06:08:11.081 3647184 DEBUG cinder.volume.drivers.hitachi.hbsd_rest_api [req-c19c0233-8157-4b98-aaee-a0a8606aba91 - - - - - -] ERROR <?xml version="1.0" encoding="iso-8859-1"?> <!DOCTYPE html PUBLIC "-//W3C//DTD XHTML 1.0 Transitional//EN"          "http://www.w3.org/TR/xhtml1/DTD/xhtml1-transitional.dtd"> <html xmlns="http://www.w3.org/1999/xhtml" xml:lang="en" lang="en">  <head>   <title>503 Service Not Available</title>  </head>  <body>   <h1>503 Service Not Available</h1>  </body> </html> [00;33m{{(pid=3647184) _check_rest_api_response /opt/stack/cinder/cinder/volume/drivers/hitachi/hbsd_rest_api.py:485}}[00m
2026-10-07 06:08:16.041 3647184 DEBUG cinder.volume.drivers.hitachi.hbsd_rest_api [req-c19c0233-8157-4b98-aaee-a0a8606aba91 - - - - - -] ERROR <?xml version="1.0" encoding="iso-8859-1"?> <!DOCTYPE html PUBLIC "-//W3C//DTD XHTML 1.0 Transitional//EN"          "http://www.w3.org/TR/xhtml1/DTD/xhtml1-transitional.dtd"> <html xmlns="http://www.w3.org/1999/xhtml" xml:lang="en" lang="en">  <head>   <title>503 Service Not Available</title>  </head>  <body>   <h1>503 Service Not Available</h1>  </body> </html> [00;33m{{(pid=3647184) _check_rest_api_response /opt/stack/cinder/cinder/volume/drivers/hitachi/hbsd_rest_api.py:485}}[00m
2026-10-07 06:08:21.044 3647184 DEBUG cinder.volume.drivers.hitachi.hbsd_rest_api [req-c19c0233-8157-4b98-aaee-a0a8606aba91 - - - - - -] ERROR <?xml version="1.0" encoding="iso-8859-1"?> <!DOCTYPE html PUBLIC "-//W3C//DTD XHTML 1.0 Transitional//EN"          "http://www.w3.org/TR/xhtml1/DTD/xhtml1-transitional.dtd"> <html xmlns="http://www.w3.org/1999/xhtml" xml:lang="en" lang="en">  <head>   <title>503 Service Not Available</title>  </head>  <body>   <h1>503 Service Not Available</h1>  </body> </html> [00;33m{{(pid=3647184) _check_rest_api_response /opt/stack/cinder/cinder/volume/drivers/hitachi/hbsd_rest_api.py:485}}[00m
2026-10-07 06:08:26.045 3647184 DEBUG cinder.volume.drivers.hitachi.hbsd_rest_api [req-c19c0233-8157-4b98-aaee-a0a8606aba91 - - - - - -] ERROR <?xml version="1.0" encoding="iso-8859-1"?> <!DOCTYPE html PUBLIC "-//W3C//DTD XHTML 1.0 Transitional//EN"          "http://www.w3.org/TR/xhtml1/DTD/xhtml1-transitional.dtd"> <html xmlns="http://www.w3.org/1999/xhtml" xml:lang="en" lang="en">  <head>   <title>503 Service Not Available</title>  </head>  <body>   <h1>503 Service Not Available</h1>  </body> </html> [00;33m{{(pid=3647184) _check_rest_api_response /opt/stack/cinder/cinder/volume/drivers/hitachi/hbsd_rest_api.py:485}}[00m
2026-10-07 06:08:31.047 3647184 DEBUG cinder.volume.drivers.hitachi.hbsd_rest_api [req-c19c0233-8157-4b98-aaee-a0a8606aba91 - - - - - -] ERROR <?xml version="1.0" encoding="iso-8859-1"?> <!DOCTYPE html PUBLIC "-//W3C//DTD XHTML 1.0 Transitional//EN"          "http://www.w3.org/TR/xhtml1/DTD/xhtml1-transitional.dtd"> <html xmlns="http://www.w3.org/1999/xhtml" xml:lang="en" lang="en">  <head>   <title>503 Service Not Available</title>  </head>  <body>   <h1>503 Service Not Available</h1>  </body> </html> [00;33m{{(pid=3647184) _check_rest_api_response /opt/stack/cinder/cinder/volume/drivers/hitachi/hbsd_rest_api.py:485}}[00m
2026-10-07 06:08:36.047 3647184 DEBUG cinder.volume.drivers.hitachi.hbsd_rest_api [req-c19c0233-8157-4b98-aaee-a0a8606aba91 - - - - - -] ERROR <?xml version="1.0" encoding="iso-8859-1"?> <!DOCTYPE html PUBLIC "-//W3C//DTD XHTML 1.0 Transitional//EN"          "http://www.w3.org/TR/xhtml1/DTD/xhtml1-transitional.dtd"> <html xmlns="http://www.w3.org/1999/xhtml" xml:lang="en" lang="en">  <head>   <title>503 Service Not Available</title>  </head>  <body>   <h1>503 Service Not Available</h1>  </body> </html> [00;33m{{(pid=3647184) _check_rest_api_response /opt/stack/cinder/cinder/volume/drivers/hitachi/hbsd_rest_api.py:485}}[00m
2026-10-07 06:08:41.046 3647184 DEBUG cinder.volume.drivers.hitachi.hbsd_rest_api [req-c19c0233-8157-4b98-aaee-a0a8606aba91 - - - - - -] ERROR <?xml version="1.0" encoding="iso-8859-1"?> <!DOCTYPE html PUBLIC "-//W3C//DTD XHTML 1.0 Transitional//EN"          "http://www.w3.org/TR/xhtml1/DTD/xhtml1-transitional.dtd"> <html xmlns="http://www.w3.org/1999/xhtml" xml:lang="en" lang="en">  <head>   <title>503 Service Not Available</title>  </head>  <body>   <h1>503 Service Not Available</h1>  </body> </html> [00;33m{{(pid=3647184) _check_rest_api_response /opt/stack/cinder/cinder/volume/drivers/hitachi/hbsd_rest_api.py:485}}[00m
2026-10-07 06:08:46.055 3647184 DEBUG cinder.volume.drivers.hitachi.hbsd_rest_api [req-c19c0233-8157-4b98-aaee-a0a8606aba91 - - - - - -] ERROR <?xml version="1.0" encoding="iso-8859-1"?> <!DOCTYPE html PUBLIC "-//W3C//DTD XHTML 1.0 Transitional//EN"          "http://www.w3.org/TR/xhtml1/DTD/xhtml1-transitional.dtd"> <html xmlns="http://www.w3.org/1999/xhtml" xml:lang="en" lang="en">  <head>   <title>503 Service Not Available</title>  </head>  <body>   <h1>503 Service Not Available</h1>  </body> </html> [00;33m{{(pid=3647184) _check_rest_api_response /opt/stack/cinder/cinder/volume/drivers/hitachi/hbsd_rest_api.py:485}}[00m
2026-10-07 06:08:51.061 3647184 DEBUG cinder.volume.drivers.hitachi.hbsd_rest_api [req-c19c0233-8157-4b98-aaee-a0a8606aba91 - - - - - -] ERROR <?xml version="1.0" encoding="iso-8859-1"?> <!DOCTYPE html PUBLIC "-//W3C//DTD XHTML 1.0 Transitional//EN"          "http://www.w3.org/TR/xhtml1/DTD/xhtml1-transitional.dtd"> <html xmlns="http://www.w3.org/1999/xhtml" xml:lang="en" lang="en">  <head>   <title>503 Service Not Available</title>  </head>  <body>   <h1>503 Service Not Available</h1>  </body> </html> [00;33m{{(pid=3647184) _check_rest_api_response /opt/stack/cinder/cinder/volume/drivers/hitachi/hbsd_rest_api.py:485}}[00m
2026-10-07 06:08:56.051 3647184 DEBUG cinder.volume.drivers.hitachi.hbsd_rest_api [req-c19c0233-8157-4b98-aaee-a0a8606aba91 - - - - - -] ERROR <?xml version="1.0" encoding="iso-8859-1"?> <!DOCTYPE html PUBLIC "-//W3C//DTD XHTML 1.0 Transitional//EN"          "http://www.w3.org/TR/xhtml1/DTD/xhtml1-transitional.dtd"> <html xmlns="http://www.w3.org/1999/xhtml" xml:lang="en" lang="en">  <head>   <title>503 Service Not Available</title>  </head>  <body>   <h1>503 Service Not Available</h1>  </body> </html> [00;33m{{(pid=3647184) _check_rest_api_response /opt/stack/cinder/cinder/volume/drivers/hitachi/hbsd_rest_api.py:485}}[00m
2026-10-07 06:09:01.054 3647184 DEBUG cinder.volume.drivers.hitachi.hbsd_rest_api [req-c19c0233-8157-4b98-aaee-a0a8606aba91 - - - - - -] ERROR <?xml version="1.0" encoding="iso-8859-1"?> <!DOCTYPE html PUBLIC "-//W3C//DTD XHTML 1.0 Transitional//EN"          "http://www.w3.org/TR/xhtml1/DTD/xhtml1-transitional.dtd"> <html xmlns="http://www.w3.org/1999/xhtml" xml:lang="en" lang="en">  <head>   <title>503 Service Not Available</title>  </head>  <body>   <h1>503 Service Not Available</h1>  </body> </html> [00;33m{{(pid=3647184) _check_rest_api_response /opt/stack/cinder/cinder/volume/drivers/hitachi/hbsd_rest_api.py:485}}[00m
2026-10-07 06:09:06.060 3647184 DEBUG cinder.volume.drivers.hitachi.hbsd_rest_api [req-c19c0233-8157-4b98-aaee-a0a8606aba91 - - - - - -] ERROR <?xml version="1.0" encoding="iso-8859-1"?> <!DOCTYPE html PUBLIC "-//W3C//DTD XHTML 1.0 Transitional//EN"          "http://www.w3.org/TR/xhtml1/DTD/xhtml1-transitional.dtd"> <html xmlns="http://www.w3.org/1999/xhtml" xml:lang="en" lang="en">  <head>   <title>503 Service Not Available</title>  </head>  <body>   <h1>503 Service Not Available</h1>  </body> </html> [00;33m{{(pid=3647184) _check_rest_api_response /opt/stack/cinder/cinder/volume/drivers/hitachi/hbsd_rest_api.py:485}}[00m
2026-10-07 06:09:11.060 3647184 DEBUG cinder.volume.drivers.hitachi.hbsd_rest_api [req-c19c0233-8157-4b98-aaee-a0a8606aba91 - - - - - -] ERROR <?xml version="1.0" encoding="iso-8859-1"?> <!DOCTYPE html PUBLIC "-//W3C//DTD XHTML 1.0 Transitional//EN"          "http://www.w3.org/TR/xhtml1/DTD/xhtml1-transitional.dtd"> <html xmlns="http://www.w3.org/1999/xhtml" xml:lang="en" lang="en">  <head>   <title>503 Service Not Available</title>  </head>  <body>   <h1>503 Service Not Available</h1>  </body> </html> [00;33m{{(pid=3647184) _check_rest_api_response /opt/stack/cinder/cinder/volume/drivers/hitachi/hbsd_rest_api.py:485}}[00m
2026-10-07 06:09:16.055 3647184 DEBUG cinder.volume.drivers.hitachi.hbsd_rest_api [req-c19c0233-8157-4b98-aaee-a0a8606aba91 - - - - - -] ERROR <?xml version="1.0" encoding="iso-8859-1"?> <!DOCTYPE html PUBLIC "-//W3C//DTD XHTML 1.0 Transitional//EN"          "http://www.w3.org/TR/xhtml1/DTD/xhtml1-transitional.dtd"> <html xmlns="http://www.w3.org/1999/xhtml" xml:lang="en" lang="en">  <head>   <title>503 Service Not Available</title>  </head>  <body>   <h1>503 Service Not Available</h1>  </body> </html> [00;33m{{(pid=3647184) _check_rest_api_response /opt/stack/cinder/cinder/volume/drivers/hitachi/hbsd_rest_api.py:485}}[00m
2026-10-07 06:09:21.060 3647184 DEBUG cinder.volume.drivers.hitachi.hbsd_rest_api [req-c19c0233-8157-4b98-aaee-a0a8606aba91 - - - - - -] ERROR <?xml version="1.0" encoding="iso-8859-1"?> <!DOCTYPE html PUBLIC "-//W3C//DTD XHTML 1.0 Transitional//EN"          "http://www.w3.org/TR/xhtml1/DTD/xhtml1-transitional.dtd"> <html xmlns="http://www.w3.org/1999/xhtml" xml:lang="en" lang="en">  <head>   <title>503 Service Not Available</title>  </head>  <body>   <h1>503 Service Not Available</h1>  </body> </html> [00;33m{{(pid=3647184) _check_rest_api_response /opt/stack/cinder/cinder/volume/drivers/hitachi/hbsd_rest_api.py:485}}[00m
2026-10-07 06:09:26.072 3647184 DEBUG cinder.volume.drivers.hitachi.hbsd_rest_api [req-c19c0233-8157-4b98-aaee-a0a8606aba91 - - - - - -] ERROR <?xml version="1.0" encoding="iso-8859-1"?> <!DOCTYPE html PUBLIC "-//W3C//DTD XHTML 1.0 Transitional//EN"          "http://www.w3.org/TR/xhtml1/DTD/xhtml1-transitional.dtd"> <html xmlns="http://www.w3.org/1999/xhtml" xml:lang="en" lang="en">  <head>   <title>503 Service Not Available</title>  </head>  <body>   <h1>503 Service Not Available</h1>  </body> </html> [00;33m{{(pid=3647184) _check_rest_api_response /opt/stack/cinder/cinder/volume/drivers/hitachi/hbsd_rest_api.py:485}}[00m
2026-10-07 06:09:31.067 3647184 DEBUG cinder.volume.drivers.hitachi.hbsd_rest_api [req-c19c0233-8157-4b98-aaee-a0a8606aba91 - - - - - -] ERROR <?xml version="1.0" encoding="iso-8859-1"?> <!DOCTYPE html PUBLIC "-//W3C//DTD XHTML 1.0 Transitional//EN"          "http://www.w3.org/TR/xhtml1/DTD/xhtml1-transitional.dtd"> <html xmlns="http://www.w3.org/1999/xhtml" xml:lang="en" lang="en">  <head>   <title>503 Service Not Available</title>  </head>  <body>   <h1>503 Service Not Available</h1>  </body> </html> [00;33m{{(pid=3647184) _check_rest_api_response /opt/stack/cinder/cinder/volume/drivers/hitachi/hbsd_rest_api.py:485}}[00m
2026-10-07 06:09:36.070 3647184 DEBUG cinder.volume.drivers.hitachi.hbsd_rest_api [req-c19c0233-8157-4b98-aaee-a0a8606aba91 - - - - - -] ERROR <?xml version="1.0" encoding="iso-8859-1"?> <!DOCTYPE html PUBLIC "-//W3C//DTD XHTML 1.0 Transitional//EN"          "http://www.w3.org/TR/xhtml1/DTD/xhtml1-transitional.dtd"> <html xmlns="http://www.w3.org/1999/xhtml" xml:lang="en" lang="en">  <head>   <title>503 Service Not Available</title>  </head>  <body>   <h1>503 Service Not Available</h1>  </body> </html> [00;33m{{(pid=3647184) _check_rest_api_response /opt/stack/cinder/cinder/volume/drivers/hitachi/hbsd_rest_api.py:485}}[00m
2026-10-07 06:09:41.062 3647184 DEBUG cinder.volume.drivers.hitachi.hbsd_rest_api [req-c19c0233-8157-4b98-aaee-a0a8606aba91 - - - - - -] ERROR <?xml version="1.0" encoding="iso-8859-1"?> <!DOCTYPE html PUBLIC "-//W3C//DTD XHTML 1.0 Transitional//EN"          "http://www.w3.org/TR/xhtml1/DTD/xhtml1-transitional.dtd"> <html xmlns="http://www.w3.org/1999/xhtml" xml:lang="en" lang="en">  <head>   <title>503 Service Not Available</title>  </head>  <body>   <h1>503 Service Not Available</h1>  </body> </html> [00;33m{{(pid=3647184) _check_rest_api_response /opt/stack/cinder/cinder/volume/drivers/hitachi/hbsd_rest_api.py:485}}[00m
2026-10-07 06:09:46.061 3647184 DEBUG cinder.volume.drivers.hitachi.hbsd_rest_api [req-c19c0233-8157-4b98-aaee-a0a8606aba91 - - - - - -] ERROR <?xml version="1.0" encoding="iso-8859-1"?> <!DOCTYPE html PUBLIC "-//W3C//DTD XHTML 1.0 Transitional//EN"          "http://www.w3.org/TR/xhtml1/DTD/xhtml1-transitional.dtd"> <html xmlns="http://www.w3.org/1999/xhtml" xml:lang="en" lang="en">  <head>   <title>503 Service Not Available</title>  </head>  <body>   <h1>503 Service Not Available</h1>  </body> </html> [00;33m{{(pid=3647184) _check_rest_api_response /opt/stack/cinder/cinder/volume/drivers/hitachi/hbsd_rest_api.py:485}}[00m
2026-10-07 06:09:51.064 3647184 DEBUG cinder.volume.drivers.hitachi.hbsd_rest_api [req-c19c0233-8157-4b98-aaee-a0a8606aba91 - - - - - -] ERROR <?xml version="1.0" encoding="iso-8859-1"?> <!DOCTYPE html PUBLIC "-//W3C//DTD XHTML 1.0 Transitional//EN"          "http://www.w3.org/TR/xhtml1/DTD/xhtml1-transitional.dtd"> <html xmlns="http://www.w3.org/1999/xhtml" xml:lang="en" lang="en">  <head>   <title>503 Service Not Available</title>  </head>  <body>   <h1>503 Service Not Available</h1>  </body> </html> [00;33m{{(pid=3647184) _check_rest_api_response /opt/stack/cinder/cinder/volume/drivers/hitachi/hbsd_rest_api.py:485}}[00m
2026-10-07 06:09:56.062 3647184 DEBUG cinder.volume.drivers.hitachi.hbsd_rest_api [req-c19c0233-8157-4b98-aaee-a0a8606aba91 - - - - - -] ERROR <?xml version="1.0" encoding="iso-8859-1"?> <!DOCTYPE html PUBLIC "-//W3C//DTD XHTML 1.0 Transitional//EN"          "http://www.w3.org/TR/xhtml1/DTD/xhtml1-transitional.dtd"> <html xmlns="http://www.w3.org/1999/xhtml" xml:lang="en" lang="en">  <head>   <title>503 Service Not Available</title>  </head>  <body>   <h1>503 Service Not Available</h1>  </body> </html> [00;33m{{(pid=3647184) _check_rest_api_response /opt/stack/cinder/cinder/volume/drivers/hitachi/hbsd_rest_api.py:485}}[00m
2026-10-07 06:10:01.069 3647184 DEBUG cinder.volume.drivers.hitachi.hbsd_rest_api [req-c19c0233-8157-4b98-aaee-a0a8606aba91 - - - - - -] ERROR <?xml version="1.0" encoding="iso-8859-1"?> <!DOCTYPE html PUBLIC "-//W3C//DTD XHTML 1.0 Transitional//EN"          "http://www.w3.org/TR/xhtml1/DTD/xhtml1-transitional.dtd"> <html xmlns="http://www.w3.org/1999/xhtml" xml:lang="en" lang="en">  <head>   <title>503 Service Not Available</title>  </head>  <body>   <h1>503 Service Not Available</h1>  </body> </html> [00;33m{{(pid=3647184) _check_rest_api_response /opt/stack/cinder/cinder/volume/drivers/hitachi/hbsd_rest_api.py:485}}[00m
2026-10-07 06:10:06.070 3647184 DEBUG cinder.volume.drivers.hitachi.hbsd_rest_api [req-c19c0233-8157-4b98-aaee-a0a8606aba91 - - - - - -] ERROR <?xml version="1.0" encoding="iso-8859-1"?> <!DOCTYPE html PUBLIC "-//W3C//DTD XHTML 1.0 Transitional//EN"          "http://www.w3.org/TR/xhtml1/DTD/xhtml1-transitional.dtd"> <html xmlns="http://www.w3.org/1999/xhtml" xml:lang="en" lang="en">  <head>   <title>503 Service Not Available</title>  </head>  <body>   <h1>503 Service Not Available</h1>  </body> </html> [00;33m{{(pid=3647184) _check_rest_api_response /opt/stack/cinder/cinder/volume/drivers/hitachi/hbsd_rest_api.py:485}}[00m
2026-10-07 06:10:11.068 3647184 DEBUG cinder.volume.drivers.hitachi.hbsd_rest_api [req-c19c0233-8157-4b98-aaee-a0a8606aba91 - - - - - -] ERROR <?xml version="1.0" encoding="iso-8859-1"?> <!DOCTYPE html PUBLIC "-//W3C//DTD XHTML 1.0 Transitional//EN"          "http://www.w3.org/TR/xhtml1/DTD/xhtml1-transitional.dtd"> <html xmlns="http://www.w3.org/1999/xhtml" xml:lang="en" lang="en">  <head>   <title>503 Service Not Available</title>  </head>  <body>   <h1>503 Service Not Available</h1>  </body> </html> [00;33m{{(pid=3647184) _check_rest_api_response /opt/stack/cinder/cinder/volume/drivers/hitachi/hbsd_rest_api.py:485}}[00m
2026-10-07 06:10:16.080 3647184 DEBUG cinder.volume.drivers.hitachi.hbsd_rest_api [req-c19c0233-8157-4b98-aaee-a0a8606aba91 - - - - - -] ERROR <?xml version="1.0" encoding="iso-8859-1"?> <!DOCTYPE html PUBLIC "-//W3C//DTD XHTML 1.0 Transitional//EN"          "http://www.w3.org/TR/xhtml1/DTD/xhtml1-transitional.dtd"> <html xmlns="http://www.w3.org/1999/xhtml" xml:lang="en" lang="en">  <head>   <title>503 Service Not Available</title>  </head>  <body>   <h1>503 Service Not Available</h1>  </body> </html> [00;33m{{(pid=3647184) _check_rest_api_response /opt/stack/cinder/cinder/volume/drivers/hitachi/hbsd_rest_api.py:485}}[00m
2026-10-07 06:10:21.070 3647184 DEBUG cinder.volume.drivers.hitachi.hbsd_rest_api [req-c19c0233-8157-4b98-aaee-a0a8606aba91 - - - - - -] ERROR <?xml version="1.0" encoding="iso-8859-1"?> <!DOCTYPE html PUBLIC "-//W3C//DTD XHTML 1.0 Transitional//EN"          "http://www.w3.org/TR/xhtml1/DTD/xhtml1-transitional.dtd"> <html xmlns="http://www.w3.org/1999/xhtml" xml:lang="en" lang="en">  <head>   <title>503 Service Not Available</title>  </head>  <body>   <h1>503 Service Not Available</h1>  </body> </html> [00;33m{{(pid=3647184) _check_rest_api_response /opt/stack/cinder/cinder/volume/drivers/hitachi/hbsd_rest_api.py:485}}[00m
2026-10-07 06:10:26.072 3647184 DEBUG cinder.volume.drivers.hitachi.hbsd_rest_api [req-c19c0233-8157-4b98-aaee-a0a8606aba91 - - - - - -] ERROR <?xml version="1.0" encoding="iso-8859-1"?> <!DOCTYPE html PUBLIC "-//W3C//DTD XHTML 1.0 Transitional//EN"          "http://www.w3.org/TR/xhtml1/DTD/xhtml1-transitional.dtd"> <html xmlns="http://www.w3.org/1999/xhtml" xml:lang="en" lang="en">  <head>   <title>503 Service Not Available</title>  </head>  <body>   <h1>503 Service Not Available</h1>  </body> </html> [00;33m{{(pid=3647184) _check_rest_api_response /opt/stack/cinder/cinder/volume/drivers/hitachi/hbsd_rest_api.py:485}}[00m
2026-10-07 06:10:31.072 3647184 DEBUG cinder.volume.drivers.hitachi.hbsd_rest_api [req-c19c0233-8157-4b98-aaee-a0a8606aba91 - - - - - -] ERROR <?xml version="1.0" encoding="iso-8859-1"?> <!DOCTYPE html PUBLIC "-//W3C//DTD XHTML 1.0 Transitional//EN"          "http://www.w3.org/TR/xhtml1/DTD/xhtml1-transitional.dtd"> <html xmlns="http://www.w3.org/1999/xhtml" xml:lang="en" lang="en">  <head>   <title>503 Service Not Available</title>  </head>  <body>   <h1>503 Service Not Available</h1>  </body> </html> [00;33m{{(pid=3647184) _check_rest_api_response /opt/stack/cinder/cinder/volume/drivers/hitachi/hbsd_rest_api.py:485}}[00m
2026-10-07 06:10:36.084 3647184 DEBUG cinder.volume.drivers.hitachi.hbsd_rest_api [req-c19c0233-8157-4b98-aaee-a0a8606aba91 - - - - - -] ERROR <?xml version="1.0" encoding="iso-8859-1"?> <!DOCTYPE html PUBLIC "-//W3C//DTD XHTML 1.0 Transitional//EN"          "http://www.w3.org/TR/xhtml1/DTD/xhtml1-transitional.dtd"> <html xmlns="http://www.w3.org/1999/xhtml" xml:lang="en" lang="en">  <head>   <title>503 Service Not Available</title>  </head>  <body>   <h1>503 Service Not Available</h1>  </body> </html> [00;33m{{(pid=3647184) _check_rest_api_response /opt/stack/cinder/cinder/volume/drivers/hitachi/hbsd_rest_api.py:485}}[00m
2026-10-07 06:10:41.077 3647184 DEBUG cinder.volume.drivers.hitachi.hbsd_rest_api [req-c19c0233-8157-4b98-aaee-a0a8606aba91 - - - - - -] ERROR <?xml version="1.0" encoding="iso-8859-1"?> <!DOCTYPE html PUBLIC "-//W3C//DTD XHTML 1.0 Transitional//EN"          "http://www.w3.org/TR/xhtml1/DTD/xhtml1-transitional.dtd"> <html xmlns="http://www.w3.org/1999/xhtml" xml:lang="en" lang="en">  <head>   <title>503 Service Not Available</title>  </head>  <body>   <h1>503 Service Not Available</h1>  </body> </html> [00;33m{{(pid=3647184) _check_rest_api_response /opt/stack/cinder/cinder/volume/drivers/hitachi/hbsd_rest_api.py:485}}[00m
2026-10-07 06:10:46.075 3647184 DEBUG cinder.volume.drivers.hitachi.hbsd_rest_api [req-c19c0233-8157-4b98-aaee-a0a8606aba91 - - - - - -] ERROR <?xml version="1.0" encoding="iso-8859-1"?> <!DOCTYPE html PUBLIC "-//W3C//DTD XHTML 1.0 Transitional//EN"          "http://www.w3.org/TR/xhtml1/DTD/xhtml1-transitional.dtd"> <html xmlns="http://www.w3.org/1999/xhtml" xml:lang="en" lang="en">  <head>   <title>503 Service Not Available</title>  </head>  <body>   <h1>503 Service Not Available</h1>  </body> </html> [00;33m{{(pid=3647184) _check_rest_api_response /opt/stack/cinder/cinder/volume/drivers/hitachi/hbsd_rest_api.py:485}}[00m
2026-10-07 06:10:51.082 3647184 DEBUG cinder.volume.drivers.hitachi.hbsd_rest_api [req-c19c0233-8157-4b98-aaee-a0a8606aba91 - - - - - -] ERROR <?xml version="1.0" encoding="iso-8859-1"?> <!DOCTYPE html PUBLIC "-//W3C//DTD XHTML 1.0 Transitional//EN"          "http://www.w3.org/TR/xhtml1/DTD/xhtml1-transitional.dtd"> <html xmlns="http://www.w3.org/1999/xhtml" xml:lang="en" lang="en">  <head>   <title>503 Service Not Available</title>  </head>  <body>   <h1>503 Service Not Available</h1>  </body> </html> [00;33m{{(pid=3647184) _check_rest_api_response /opt/stack/cinder/cinder/volume/drivers/hitachi/hbsd_rest_api.py:485}}[00m
2026-10-07 06:10:56.080 3647184 DEBUG cinder.volume.drivers.hitachi.hbsd_rest_api [req-c19c0233-8157-4b98-aaee-a0a8606aba91 - - - - - -] ERROR <?xml version="1.0" encoding="iso-8859-1"?> <!DOCTYPE html PUBLIC "-//W3C//DTD XHTML 1.0 Transitional//EN"          "http://www.w3.org/TR/xhtml1/DTD/xhtml1-transitional.dtd"> <html xmlns="http://www.w3.org/1999/xhtml" xml:lang="en" lang="en">  <head>   <title>503 Service Not Available</title>  </head>  <body>   <h1>503 Service Not Available</h1>  </body> </html> [00;33m{{(pid=3647184) _check_rest_api_response /opt/stack/cinder/cinder/volume/drivers/hitachi/hbsd_rest_api.py:485}}[00m
2026-10-07 06:11:01.080 3647184 DEBUG cinder.volume.drivers.hitachi.hbsd_rest_api [req-c19c0233-8157-4b98-aaee-a0a8606aba91 - - - - - -] ERROR <?xml version="1.0" encoding="iso-8859-1"?> <!DOCTYPE html PUBLIC "-//W3C//DTD XHTML 1.0 Transitional//EN"          "http://www.w3.org/TR/xhtml1/DTD/xhtml1-transitional.dtd"> <html xmlns="http://www.w3.org/1999/xhtml" xml:lang="en" lang="en">  <head>   <title>503 Service Not Available</title>  </head>  <body>   <h1>503 Service Not Available</h1>  </body> </html> [00;33m{{(pid=3647184) _check_rest_api_response /opt/stack/cinder/cinder/volume/drivers/hitachi/hbsd_rest_api.py:485}}[00m
2026-10-07 06:11:06.113 3647184 DEBUG cinder.volume.drivers.hitachi.hbsd_rest_api [req-c19c0233-8157-4b98-aaee-a0a8606aba91 - - - - - -] ERROR <?xml version="1.0" encoding="iso-8859-1"?> <!DOCTYPE html PUBLIC "-//W3C//DTD XHTML 1.0 Transitional//EN"          "http://www.w3.org/TR/xhtml1/DTD/xhtml1-transitional.dtd"> <html xmlns="http://www.w3.org/1999/xhtml" xml:lang="en" lang="en">  <head>   <title>503 Service Not Available</title>  </head>  <body>   <h1>503 Service Not Available</h1>  </body> </html> [00;33m{{(pid=3647184) _check_rest_api_response /opt/stack/cinder/cinder/volume/drivers/hitachi/hbsd_rest_api.py:485}}[00m
2026-10-07 06:11:11.081 3647184 DEBUG cinder.volume.drivers.hitachi.hbsd_rest_api [req-c19c0233-8157-4b98-aaee-a0a8606aba91 - - - - - -] ERROR <?xml version="1.0" encoding="iso-8859-1"?> <!DOCTYPE html PUBLIC "-//W3C//DTD XHTML 1.0 Transitional//EN"          "http://www.w3.org/TR/xhtml1/DTD/xhtml1-transitional.dtd"> <html xmlns="http://www.w3.org/1999/xhtml" xml:lang="en" lang="en">  <head>   <title>503 Service Not Available</title>  </head>  <body>   <h1>503 Service Not Available</h1>  </body> </html> [00;33m{{(pid=3647184) _check_rest_api_response /opt/stack/cinder/cinder/volume/drivers/hitachi/hbsd_rest_api.py:485}}[00m
2026-10-07 06:11:16.084 3647184 DEBUG cinder.volume.drivers.hitachi.hbsd_rest_api [req-c19c0233-8157-4b98-aaee-a0a8606aba91 - - - - - -] ERROR <?xml version="1.0" encoding="iso-8859-1"?> <!DOCTYPE html PUBLIC "-//W3C//DTD XHTML 1.0 Transitional//EN"          "http://www.w3.org/TR/xhtml1/DTD/xhtml1-transitional.dtd"> <html xmlns="http://www.w3.org/1999/xhtml" xml:lang="en" lang="en">  <head>   <title>503 Service Not Available</title>  </head>  <body>   <h1>503 Service Not Available</h1>  </body> </html> [00;33m{{(pid=3647184) _check_rest_api_response /opt/stack/cinder/cinder/volume/drivers/hitachi/hbsd_rest_api.py:485}}[00m
2026-10-07 06:11:21.096 3647184 DEBUG cinder.volume.drivers.hitachi.hbsd_rest_api [req-c19c0233-8157-4b98-aaee-a0a8606aba91 - - - - - -] ERROR <?xml version="1.0" encoding="iso-8859-1"?> <!DOCTYPE html PUBLIC "-//W3C//DTD XHTML 1.0 Transitional//EN"          "http://www.w3.org/TR/xhtml1/DTD/xhtml1-transitional.dtd"> <html xmlns="http://www.w3.org/1999/xhtml" xml:lang="en" lang="en">  <head>   <title>503 Service Not Available</title>  </head>  <body>   <h1>503 Service Not Available</h1>  </body> </html> [00;33m{{(pid=3647184) _check_rest_api_response /opt/stack/cinder/cinder/volume/drivers/hitachi/hbsd_rest_api.py:485}}[00m
2026-10-07 06:11:26.093 3647184 DEBUG cinder.volume.drivers.hitachi.hbsd_rest_api [req-c19c0233-8157-4b98-aaee-a0a8606aba91 - - - - - -] ERROR <?xml version="1.0" encoding="iso-8859-1"?> <!DOCTYPE html PUBLIC "-//W3C//DTD XHTML 1.0 Transitional//EN"          "http://www.w3.org/TR/xhtml1/DTD/xhtml1-transitional.dtd"> <html xmlns="http://www.w3.org/1999/xhtml" xml:lang="en" lang="en">  <head>   <title>503 Service Not Available</title>  </head>  <body>   <h1>503 Service Not Available</h1>  </body> </html> [00;33m{{(pid=3647184) _check_rest_api_response /opt/stack/cinder/cinder/volume/drivers/hitachi/hbsd_rest_api.py:485}}[00m
2026-10-07 06:11:31.084 3647184 DEBUG cinder.volume.drivers.hitachi.hbsd_rest_api [req-c19c0233-8157-4b98-aaee-a0a8606aba91 - - - - - -] ERROR <?xml version="1.0" encoding="iso-8859-1"?> <!DOCTYPE html PUBLIC "-//W3C//DTD XHTML 1.0 Transitional//EN"          "http://www.w3.org/TR/xhtml1/DTD/xhtml1-transitional.dtd"> <html xmlns="http://www.w3.org/1999/xhtml" xml:lang="en" lang="en">  <head>   <title>503 Service Not Available</title>  </head>  <body>   <h1>503 Service Not Available</h1>  </body> </html> [00;33m{{(pid=3647184) _check_rest_api_response /opt/stack/cinder/cinder/volume/drivers/hitachi/hbsd_rest_api.py:485}}[00m
2026-10-07 06:11:36.090 3647184 DEBUG cinder.volume.drivers.hitachi.hbsd_rest_api [req-c19c0233-8157-4b98-aaee-a0a8606aba91 - - - - - -] ERROR <?xml version="1.0" encoding="iso-8859-1"?> <!DOCTYPE html PUBLIC "-//W3C//DTD XHTML 1.0 Transitional//EN"          "http://www.w3.org/TR/xhtml1/DTD/xhtml1-transitional.dtd"> <html xmlns="http://www.w3.org/1999/xhtml" xml:lang="en" lang="en">  <head>   <title>503 Service Not Available</title>  </head>  <body>   <h1>503 Service Not Available</h1>  </body> </html> [00;33m{{(pid=3647184) _check_rest_api_response /opt/stack/cinder/cinder/volume/drivers/hitachi/hbsd_rest_api.py:485}}[00m
2026-10-07 06:11:41.090 3647184 DEBUG cinder.volume.drivers.hitachi.hbsd_rest_api [req-c19c0233-8157-4b98-aaee-a0a8606aba91 - - - - - -] ERROR <?xml version="1.0" encoding="iso-8859-1"?> <!DOCTYPE html PUBLIC "-//W3C//DTD XHTML 1.0 Transitional//EN"          "http://www.w3.org/TR/xhtml1/DTD/xhtml1-transitional.dtd"> <html xmlns="http://www.w3.org/1999/xhtml" xml:lang="en" lang="en">  <head>   <title>503 Service Not Available</title>  </head>  <body>   <h1>503 Service Not Available</h1>  </body> </html> [00;33m{{(pid=3647184) _check_rest_api_response /opt/stack/cinder/cinder/volume/drivers/hitachi/hbsd_rest_api.py:485}}[00m
2026-10-07 06:11:46.114 3647184 DEBUG cinder.volume.drivers.hitachi.hbsd_rest_api [req-c19c0233-8157-4b98-aaee-a0a8606aba91 - - - - - -] ERROR <?xml version="1.0" encoding="iso-8859-1"?> <!DOCTYPE html PUBLIC "-//W3C//DTD XHTML 1.0 Transitional//EN"          "http://www.w3.org/TR/xhtml1/DTD/xhtml1-transitional.dtd"> <html xmlns="http://www.w3.org/1999/xhtml" xml:lang="en" lang="en">  <head>   <title>503 Service Not Available</title>  </head>  <body>   <h1>503 Service Not Available</h1>  </body> </html> [00;33m{{(pid=3647184) _check_rest_api_response /opt/stack/cinder/cinder/volume/drivers/hitachi/hbsd_rest_api.py:485}}[00m
2026-10-07 06:11:51.096 3647184 DEBUG cinder.volume.drivers.hitachi.hbsd_rest_api [req-c19c0233-8157-4b98-aaee-a0a8606aba91 - - - - - -] ERROR <?xml version="1.0" encoding="iso-8859-1"?> <!DOCTYPE html PUBLIC "-//W3C//DTD XHTML 1.0 Transitional//EN"          "http://www.w3.org/TR/xhtml1/DTD/xhtml1-transitional.dtd"> <html xmlns="http://www.w3.org/1999/xhtml" xml:lang="en" lang="en">  <head>   <title>503 Service Not Available</title>  </head>  <body>   <h1>503 Service Not Available</h1>  </body> </html> [00;33m{{(pid=3647184) _check_rest_api_response /opt/stack/cinder/cinder/volume/drivers/hitachi/hbsd_rest_api.py:485}}[00m
2026-10-07 06:11:56.092 3647184 DEBUG cinder.volume.drivers.hitachi.hbsd_rest_api [req-c19c0233-8157-4b98-aaee-a0a8606aba91 - - - - - -] ERROR <?xml version="1.0" encoding="iso-8859-1"?> <!DOCTYPE html PUBLIC "-//W3C//DTD XHTML 1.0 Transitional//EN"          "http://www.w3.org/TR/xhtml1/DTD/xhtml1-transitional.dtd"> <html xmlns="http://www.w3.org/1999/xhtml" xml:lang="en" lang="en">  <head>   <title>503 Service Not Available</title>  </head>  <body>   <h1>503 Service Not Available</h1>  </body> </html> [00;33m{{(pid=3647184) _check_rest_api_response /opt/stack/cinder/cinder/volume/drivers/hitachi/hbsd_rest_api.py:485}}[00m
2026-10-07 06:12:01.091 3647184 DEBUG cinder.volume.drivers.hitachi.hbsd_rest_api [req-c19c0233-8157-4b98-aaee-a0a8606aba91 - - - - - -] ERROR <?xml version="1.0" encoding="iso-8859-1"?> <!DOCTYPE html PUBLIC "-//W3C//DTD XHTML 1.0 Transitional//EN"          "http://www.w3.org/TR/xhtml1/DTD/xhtml1-transitional.dtd"> <html xmlns="http://www.w3.org/1999/xhtml" xml:lang="en" lang="en">  <head>   <title>503 Service Not Available</title>  </head>  <body>   <h1>503 Service Not Available</h1>  </body> </html> [00;33m{{(pid=3647184) _check_rest_api_response /opt/stack/cinder/cinder/volume/drivers/hitachi/hbsd_rest_api.py:485}}[00m
2026-10-07 06:12:06.100 3647184 DEBUG cinder.volume.drivers.hitachi.hbsd_rest_api [req-c19c0233-8157-4b98-aaee-a0a8606aba91 - - - - - -] ERROR <?xml version="1.0" encoding="iso-8859-1"?> <!DOCTYPE html PUBLIC "-//W3C//DTD XHTML 1.0 Transitional//EN"          "http://www.w3.org/TR/xhtml1/DTD/xhtml1-transitional.dtd"> <html xmlns="http://www.w3.org/1999/xhtml" xml:lang="en" lang="en">  <head>   <title>503 Service Not Available</title>  </head>  <body>   <h1>503 Service Not Available</h1>  </body> </html> [00;33m{{(pid=3647184) _check_rest_api_response /opt/stack/cinder/cinder/volume/drivers/hitachi/hbsd_rest_api.py:485}}[00m
2026-10-07 06:12:11.102 3647184 DEBUG cinder.volume.drivers.hitachi.hbsd_rest_api [req-c19c0233-8157-4b98-aaee-a0a8606aba91 - - - - - -] ERROR <?xml version="1.0" encoding="iso-8859-1"?> <!DOCTYPE html PUBLIC "-//W3C//DTD XHTML 1.0 Transitional//EN"          "http://www.w3.org/TR/xhtml1/DTD/xhtml1-transitional.dtd"> <html xmlns="http://www.w3.org/1999/xhtml" xml:lang="en" lang="en">  <head>   <title>503 Service Not Available</title>  </head>  <body>   <h1>503 Service Not Available</h1>  </body> </html> [00;33m{{(pid=3647184) _check_rest_api_response /opt/stack/cinder/cinder/volume/drivers/hitachi/hbsd_rest_api.py:485}}[00m
2026-10-07 06:12:16.099 3647184 DEBUG cinder.volume.drivers.hitachi.hbsd_rest_api [req-c19c0233-8157-4b98-aaee-a0a8606aba91 - - - - - -] ERROR <?xml version="1.0" encoding="iso-8859-1"?> <!DOCTYPE html PUBLIC "-//W3C//DTD XHTML 1.0 Transitional//EN"          "http://www.w3.org/TR/xhtml1/DTD/xhtml1-transitional.dtd"> <html xmlns="http://www.w3.org/1999/xhtml" xml:lang="en" lang="en">  <head>   <title>503 Service Not Available</title>  </head>  <body>   <h1>503 Service Not Available</h1>  </body> </html> [00;33m{{(pid=3647184) _check_rest_api_response /opt/stack/cinder/cinder/volume/drivers/hitachi/hbsd_rest_api.py:485}}[00m
2026-10-07 06:12:21.112 3647184 DEBUG cinder.volume.drivers.hitachi.hbsd_rest_api [req-c19c0233-8157-4b98-aaee-a0a8606aba91 - - - - - -] ERROR <?xml version="1.0" encoding="iso-8859-1"?> <!DOCTYPE html PUBLIC "-//W3C//DTD XHTML 1.0 Transitional//EN"          "http://www.w3.org/TR/xhtml1/DTD/xhtml1-transitional.dtd"> <html xmlns="http://www.w3.org/1999/xhtml" xml:lang="en" lang="en">  <head>   <title>503 Service Not Available</title>  </head>  <body>   <h1>503 Service Not Available</h1>  </body> </html> [00;33m{{(pid=3647184) _check_rest_api_response /opt/stack/cinder/cinder/volume/drivers/hitachi/hbsd_rest_api.py:485}}[00m
2026-10-07 06:12:26.100 3647184 DEBUG cinder.volume.drivers.hitachi.hbsd_rest_api [req-c19c0233-8157-4b98-aaee-a0a8606aba91 - - - - - -] ERROR <?xml version="1.0" encoding="iso-8859-1"?> <!DOCTYPE html PUBLIC "-//W3C//DTD XHTML 1.0 Transitional//EN"          "http://www.w3.org/TR/xhtml1/DTD/xhtml1-transitional.dtd"> <html xmlns="http://www.w3.org/1999/xhtml" xml:lang="en" lang="en">  <head>   <title>503 Service Not Available</title>  </head>  <body>   <h1>503 Service Not Available</h1>  </body> </html> [00;33m{{(pid=3647184) _check_rest_api_response /opt/stack/cinder/cinder/volume/drivers/hitachi/hbsd_rest_api.py:485}}[00m
2026-10-07 06:12:31.121 3647184 DEBUG cinder.volume.drivers.hitachi.hbsd_rest_api [req-c19c0233-8157-4b98-aaee-a0a8606aba91 - - - - - -] ERROR <?xml version="1.0" encoding="iso-8859-1"?> <!DOCTYPE html PUBLIC "-//W3C//DTD XHTML 1.0 Transitional//EN"          "http://www.w3.org/TR/xhtml1/DTD/xhtml1-transitional.dtd"> <html xmlns="http://www.w3.org/1999/xhtml" xml:lang="en" lang="en">  <head>   <title>503 Service Not Available</title>  </head>  <body>   <h1>503 Service Not Available</h1>  </body> </html> [00;33m{{(pid=3647184) _check_rest_api_response /opt/stack/cinder/cinder/volume/drivers/hitachi/hbsd_rest_api.py:485}}[00m
2026-10-07 06:12:36.103 3647184 DEBUG cinder.volume.drivers.hitachi.hbsd_rest_api [req-c19c0233-8157-4b98-aaee-a0a8606aba91 - - - - - -] ERROR <?xml version="1.0" encoding="iso-8859-1"?> <!DOCTYPE html PUBLIC "-//W3C//DTD XHTML 1.0 Transitional//EN"          "http://www.w3.org/TR/xhtml1/DTD/xhtml1-transitional.dtd"> <html xmlns="http://www.w3.org/1999/xhtml" xml:lang="en" lang="en">  <head>   <title>503 Service Not Available</title>  </head>  <body>   <h1>503 Service Not Available</h1>  </body> </html> [00;33m{{(pid=3647184) _check_rest_api_response /opt/stack/cinder/cinder/volume/drivers/hitachi/hbsd_rest_api.py:485}}[00m
2026-10-07 06:12:41.109 3647184 DEBUG cinder.volume.drivers.hitachi.hbsd_rest_api [req-c19c0233-8157-4b98-aaee-a0a8606aba91 - - - - - -] ERROR <?xml version="1.0" encoding="iso-8859-1"?> <!DOCTYPE html PUBLIC "-//W3C//DTD XHTML 1.0 Transitional//EN"          "http://www.w3.org/TR/xhtml1/DTD/xhtml1-transitional.dtd"> <html xmlns="http://www.w3.org/1999/xhtml" xml:lang="en" lang="en">  <head>   <title>503 Service Not Available</title>  </head>  <body>   <h1>503 Service Not Available</h1>  </body> </html> [00;33m{{(pid=3647184) _check_rest_api_response /opt/stack/cinder/cinder/volume/drivers/hitachi/hbsd_rest_api.py:485}}[00m
2026-10-07 06:12:46.116 3647184 DEBUG cinder.volume.drivers.hitachi.hbsd_rest_api [req-c19c0233-8157-4b98-aaee-a0a8606aba91 - - - - - -] ERROR <?xml version="1.0" encoding="iso-8859-1"?> <!DOCTYPE html PUBLIC "-//W3C//DTD XHTML 1.0 Transitional//EN"          "http://www.w3.org/TR/xhtml1/DTD/xhtml1-transitional.dtd"> <html xmlns="http://www.w3.org/1999/xhtml" xml:lang="en" lang="en">  <head>   <title>503 Service Not Available</title>  </head>  <body>   <h1>503 Service Not Available</h1>  </body> </html> [00;33m{{(pid=3647184) _check_rest_api_response /opt/stack/cinder/cinder/volume/drivers/hitachi/hbsd_rest_api.py:485}}[00m
2026-10-07 06:12:51.121 3647184 DEBUG cinder.volume.drivers.hitachi.hbsd_rest_api [req-c19c0233-8157-4b98-aaee-a0a8606aba91 - - - - - -] ERROR <?xml version="1.0" encoding="iso-8859-1"?> <!DOCTYPE html PUBLIC "-//W3C//DTD XHTML 1.0 Transitional//EN"          "http://www.w3.org/TR/xhtml1/DTD/xhtml1-transitional.dtd"> <html xmlns="http://www.w3.org/1999/xhtml" xml:lang="en" lang="en">  <head>   <title>503 Service Not Available</title>  </head>  <body>   <h1>503 Service Not Available</h1>  </body> </html> [00;33m{{(pid=3647184) _check_rest_api_response /opt/stack/cinder/cinder/volume/drivers/hitachi/hbsd_rest_api.py:485}}[00m
2026-10-07 06:12:56.110 3647184 DEBUG cinder.volume.drivers.hitachi.hbsd_rest_api [req-c19c0233-8157-4b98-aaee-a0a8606aba91 - - - - - -] ERROR <?xml version="1.0" encoding="iso-8859-1"?> <!DOCTYPE html PUBLIC "-//W3C//DTD XHTML 1.0 Transitional//EN"          "http://www.w3.org/TR/xhtml1/DTD/xhtml1-transitional.dtd"> <html xmlns="http://www.w3.org/1999/xhtml" xml:lang="en" lang="en">  <head>   <title>503 Service Not Available</title>  </head>  <body>   <h1>503 Service Not Available</h1>  </body> </html> [00;33m{{(pid=3647184) _check_rest_api_response /opt/stack/cinder/cinder/volume/drivers/hitachi/hbsd_rest_api.py:485}}[00m
2026-10-07 06:13:01.123 3647184 DEBUG cinder.volume.drivers.hitachi.hbsd_rest_api [req-c19c0233-8157-4b98-aaee-a0a8606aba91 - - - - - -] ERROR <?xml version="1.0" encoding="iso-8859-1"?> <!DOCTYPE html PUBLIC "-//W3C//DTD XHTML 1.0 Transitional//EN"          "http://www.w3.org/TR/xhtml1/DTD/xhtml1-transitional.dtd"> <html xmlns="http://www.w3.org/1999/xhtml" xml:lang="en" lang="en">  <head>   <title>503 Service Not Available</title>  </head>  <body>   <h1>503 Service Not Available</h1>  </body> </html> [00;33m{{(pid=3647184) _check_rest_api_response /opt/stack/cinder/cinder/volume/drivers/hitachi/hbsd_rest_api.py:485}}[00m
2026-10-07 06:13:06.121 3647184 DEBUG cinder.volume.drivers.hitachi.hbsd_rest_api [req-c19c0233-8157-4b98-aaee-a0a8606aba91 - - - - - -] ERROR <?xml version="1.0" encoding="iso-8859-1"?> <!DOCTYPE html PUBLIC "-//W3C//DTD XHTML 1.0 Transitional//EN"          "http://www.w3.org/TR/xhtml1/DTD/xhtml1-transitional.dtd"> <html xmlns="http://www.w3.org/1999/xhtml" xml:lang="en" lang="en">  <head>   <title>503 Service Not Available</title>  </head>  <body>   <h1>503 Service Not Available</h1>  </body> </html> [00;33m{{(pid=3647184) _check_rest_api_response /opt/stack/cinder/cinder/volume/drivers/hitachi/hbsd_rest_api.py:485}}[00m
2026-10-07 06:13:11.262 3647184 DEBUG cinder.volume.drivers.hitachi.hbsd_rest_api [req-c19c0233-8157-4b98-aaee-a0a8606aba91 - - - - - -] ERROR <?xml version="1.0" encoding="iso-8859-1"?> <!DOCTYPE html PUBLIC "-//W3C//DTD XHTML 1.0 Transitional//EN"          "http://www.w3.org/TR/xhtml1/DTD/xhtml1-transitional.dtd"> <html xmlns="http://www.w3.org/1999/xhtml" xml:lang="en" lang="en">  <head>   <title>503 Service Not Available</title>  </head>  <body>   <h1>503 Service Not Available</h1>  </body> </html> [00;33m{{(pid=3647184) _check_rest_api_response /opt/stack/cinder/cinder/volume/drivers/hitachi/hbsd_rest_api.py:485}}[00m
2026-10-07 06:13:16.117 3647184 DEBUG cinder.volume.drivers.hitachi.hbsd_rest_api [req-c19c0233-8157-4b98-aaee-a0a8606aba91 - - - - - -] ERROR <?xml version="1.0" encoding="iso-8859-1"?> <!DOCTYPE html PUBLIC "-//W3C//DTD XHTML 1.0 Transitional//EN"          "http://www.w3.org/TR/xhtml1/DTD/xhtml1-transitional.dtd"> <html xmlns="http://www.w3.org/1999/xhtml" xml:lang="en" lang="en">  <head>   <title>503 Service Not Available</title>  </head>  <body>   <h1>503 Service Not Available</h1>  </body> </html> [00;33m{{(pid=3647184) _check_rest_api_response /opt/stack/cinder/cinder/volume/drivers/hitachi/hbsd_rest_api.py:485}}[00m
2026-10-07 06:13:21.121 3647184 DEBUG cinder.volume.drivers.hitachi.hbsd_rest_api [req-c19c0233-8157-4b98-aaee-a0a8606aba91 - - - - - -] ERROR <?xml version="1.0" encoding="iso-8859-1"?> <!DOCTYPE html PUBLIC "-//W3C//DTD XHTML 1.0 Transitional//EN"          "http://www.w3.org/TR/xhtml1/DTD/xhtml1-transitional.dtd"> <html xmlns="http://www.w3.org/1999/xhtml" xml:lang="en" lang="en">  <head>   <title>503 Service Not Available</title>  </head>  <body>   <h1>503 Service Not Available</h1>  </body> </html> [00;33m{{(pid=3647184) _check_rest_api_response /opt/stack/cinder/cinder/volume/drivers/hitachi/hbsd_rest_api.py:485}}[00m
2026-10-07 06:13:26.115 3647184 DEBUG cinder.volume.drivers.hitachi.hbsd_rest_api [req-c19c0233-8157-4b98-aaee-a0a8606aba91 - - - - - -] ERROR <?xml version="1.0" encoding="iso-8859-1"?> <!DOCTYPE html PUBLIC "-//W3C//DTD XHTML 1.0 Transitional//EN"          "http://www.w3.org/TR/xhtml1/DTD/xhtml1-transitional.dtd"> <html xmlns="http://www.w3.org/1999/xhtml" xml:lang="en" lang="en">  <head>   <title>503 Service Not Available</title>  </head>  <body>   <h1>503 Service Not Available</h1>  </body> </html> [00;33m{{(pid=3647184) _check_rest_api_response /opt/stack/cinder/cinder/volume/drivers/hitachi/hbsd_rest_api.py:485}}[00m
2026-10-07 06:13:31.116 3647184 DEBUG cinder.volume.drivers.hitachi.hbsd_rest_api [req-c19c0233-8157-4b98-aaee-a0a8606aba91 - - - - - -] ERROR <?xml version="1.0" encoding="iso-8859-1"?> <!DOCTYPE html PUBLIC "-//W3C//DTD XHTML 1.0 Transitional//EN"          "http://www.w3.org/TR/xhtml1/DTD/xhtml1-transitional.dtd"> <html xmlns="http://www.w3.org/1999/xhtml" xml:lang="en" lang="en">  <head>   <title>503 Service Not Available</title>  </head>  <body>   <h1>503 Service Not Available</h1>  </body> </html> [00;33m{{(pid=3647184) _check_rest_api_response /opt/stack/cinder/cinder/volume/drivers/hitachi/hbsd_rest_api.py:485}}[00m
2026-10-07 06:13:36.116 3647184 DEBUG cinder.volume.drivers.hitachi.hbsd_rest_api [req-c19c0233-8157-4b98-aaee-a0a8606aba91 - - - - - -] ERROR <?xml version="1.0" encoding="iso-8859-1"?> <!DOCTYPE html PUBLIC "-//W3C//DTD XHTML 1.0 Transitional//EN"          "http://www.w3.org/TR/xhtml1/DTD/xhtml1-transitional.dtd"> <html xmlns="http://www.w3.org/1999/xhtml" xml:lang="en" lang="en">  <head>   <title>503 Service Not Available</title>  </head>  <body>   <h1>503 Service Not Available</h1>  </body> </html> [00;33m{{(pid=3647184) _check_rest_api_response /opt/stack/cinder/cinder/volume/drivers/hitachi/hbsd_rest_api.py:485}}[00m
2026-10-07 06:13:41.125 3647184 DEBUG cinder.volume.drivers.hitachi.hbsd_rest_api [req-c19c0233-8157-4b98-aaee-a0a8606aba91 - - - - - -] ERROR <?xml version="1.0" encoding="iso-8859-1"?> <!DOCTYPE html PUBLIC "-//W3C//DTD XHTML 1.0 Transitional//EN"          "http://www.w3.org/TR/xhtml1/DTD/xhtml1-transitional.dtd"> <html xmlns="http://www.w3.org/1999/xhtml" xml:lang="en" lang="en">  <head>   <title>503 Service Not Available</title>  </head>  <body>   <h1>503 Service Not Available</h1>  </body> </html> [00;33m{{(pid=3647184) _check_rest_api_response /opt/stack/cinder/cinder/volume/drivers/hitachi/hbsd_rest_api.py:485}}[00m
2026-10-07 06:13:46.121 3647184 DEBUG cinder.volume.drivers.hitachi.hbsd_rest_api [req-c19c0233-8157-4b98-aaee-a0a8606aba91 - - - - - -] ERROR <?xml version="1.0" encoding="iso-8859-1"?> <!DOCTYPE html PUBLIC "-//W3C//DTD XHTML 1.0 Transitional//EN"          "http://www.w3.org/TR/xhtml1/DTD/xhtml1-transitional.dtd"> <html xmlns="http://www.w3.org/1999/xhtml" xml:lang="en" lang="en">  <head>   <title>503 Service Not Available</title>  </head>  <body>   <h1>503 Service Not Available</h1>  </body> </html> [00;33m{{(pid=3647184) _check_rest_api_response /opt/stack/cinder/cinder/volume/drivers/hitachi/hbsd_rest_api.py:485}}[00m
2026-10-07 06:13:51.120 3647184 DEBUG cinder.volume.drivers.hitachi.hbsd_rest_api [req-c19c0233-8157-4b98-aaee-a0a8606aba91 - - - - - -] ERROR <?xml version="1.0" encoding="iso-8859-1"?> <!DOCTYPE html PUBLIC "-//W3C//DTD XHTML 1.0 Transitional//EN"          "http://www.w3.org/TR/xhtml1/DTD/xhtml1-transitional.dtd"> <html xmlns="http://www.w3.org/1999/xhtml" xml:lang="en" lang="en">  <head>   <title>503 Service Not Available</title>  </head>  <body>   <h1>503 Service Not Available</h1>  </body> </html> [00;33m{{(pid=3647184) _check_rest_api_response /opt/stack/cinder/cinder/volume/drivers/hitachi/hbsd_rest_api.py:485}}[00m
2026-10-07 06:13:56.141 3647184 DEBUG cinder.volume.drivers.hitachi.hbsd_rest_api [req-c19c0233-8157-4b98-aaee-a0a8606aba91 - - - - - -] ERROR <?xml version="1.0" encoding="iso-8859-1"?> <!DOCTYPE html PUBLIC "-//W3C//DTD XHTML 1.0 Transitional//EN"          "http://www.w3.org/TR/xhtml1/DTD/xhtml1-transitional.dtd"> <html xmlns="http://www.w3.org/1999/xhtml" xml:lang="en" lang="en">  <head>   <title>503 Service Not Available</title>  </head>  <body>   <h1>503 Service Not Available</h1>  </body> </html> [00;33m{{(pid=3647184) _check_rest_api_response /opt/stack/cinder/cinder/volume/drivers/hitachi/hbsd_rest_api.py:485}}[00m
2026-10-07 06:14:01.124 3647184 DEBUG cinder.volume.drivers.hitachi.hbsd_rest_api [req-c19c0233-8157-4b98-aaee-a0a8606aba91 - - - - - -] ERROR <?xml version="1.0" encoding="iso-8859-1"?> <!DOCTYPE html PUBLIC "-//W3C//DTD XHTML 1.0 Transitional//EN"          "http://www.w3.org/TR/xhtml1/DTD/xhtml1-transitional.dtd"> <html xmlns="http://www.w3.org/1999/xhtml" xml:lang="en" lang="en">  <head>   <title>503 Service Not Available</title>  </head>  <body>   <h1>503 Service Not Available</h1>  </body> </html> [00;33m{{(pid=3647184) _check_rest_api_response /opt/stack/cinder/cinder/volume/drivers/hitachi/hbsd_rest_api.py:485}}[00m
2026-10-07 06:14:06.133 3647184 DEBUG cinder.volume.drivers.hitachi.hbsd_rest_api [req-c19c0233-8157-4b98-aaee-a0a8606aba91 - - - - - -] ERROR <?xml version="1.0" encoding="iso-8859-1"?> <!DOCTYPE html PUBLIC "-//W3C//DTD XHTML 1.0 Transitional//EN"          "http://www.w3.org/TR/xhtml1/DTD/xhtml1-transitional.dtd"> <html xmlns="http://www.w3.org/1999/xhtml" xml:lang="en" lang="en">  <head>   <title>503 Service Not Available</title>  </head>  <body>   <h1>503 Service Not Available</h1>  </body> </html> [00;33m{{(pid=3647184) _check_rest_api_response /opt/stack/cinder/cinder/volume/drivers/hitachi/hbsd_rest_api.py:485}}[00m
2026-10-07 06:14:11.132 3647184 DEBUG cinder.volume.drivers.hitachi.hbsd_rest_api [req-c19c0233-8157-4b98-aaee-a0a8606aba91 - - - - - -] ERROR <?xml version="1.0" encoding="iso-8859-1"?> <!DOCTYPE html PUBLIC "-//W3C//DTD XHTML 1.0 Transitional//EN"          "http://www.w3.org/TR/xhtml1/DTD/xhtml1-transitional.dtd"> <html xmlns="http://www.w3.org/1999/xhtml" xml:lang="en" lang="en">  <head>   <title>503 Service Not Available</title>  </head>  <body>   <h1>503 Service Not Available</h1>  </body> </html> [00;33m{{(pid=3647184) _check_rest_api_response /opt/stack/cinder/cinder/volume/drivers/hitachi/hbsd_rest_api.py:485}}[00m
2026-10-07 06:14:16.132 3647184 DEBUG cinder.volume.drivers.hitachi.hbsd_rest_api [req-c19c0233-8157-4b98-aaee-a0a8606aba91 - - - - - -] ERROR <?xml version="1.0" encoding="iso-8859-1"?> <!DOCTYPE html PUBLIC "-//W3C//DTD XHTML 1.0 Transitional//EN"          "http://www.w3.org/TR/xhtml1/DTD/xhtml1-transitional.dtd"> <html xmlns="http://www.w3.org/1999/xhtml" xml:lang="en" lang="en">  <head>   <title>503 Service Not Available</title>  </head>  <body>   <h1>503 Service Not Available</h1>  </body> </html> [00;33m{{(pid=3647184) _check_rest_api_response /opt/stack/cinder/cinder/volume/drivers/hitachi/hbsd_rest_api.py:485}}[00m
2026-10-07 06:14:21.130 3647184 DEBUG cinder.volume.drivers.hitachi.hbsd_rest_api [req-c19c0233-8157-4b98-aaee-a0a8606aba91 - - - - - -] ERROR <?xml version="1.0" encoding="iso-8859-1"?> <!DOCTYPE html PUBLIC "-//W3C//DTD XHTML 1.0 Transitional//EN"          "http://www.w3.org/TR/xhtml1/DTD/xhtml1-transitional.dtd"> <html xmlns="http://www.w3.org/1999/xhtml" xml:lang="en" lang="en">  <head>   <title>503 Service Not Available</title>  </head>  <body>   <h1>503 Service Not Available</h1>  </body> </html> [00;33m{{(pid=3647184) _check_rest_api_response /opt/stack/cinder/cinder/volume/drivers/hitachi/hbsd_rest_api.py:485}}[00m
2026-10-07 06:14:26.180 3647184 DEBUG cinder.volume.drivers.hitachi.hbsd_rest_api [req-c19c0233-8157-4b98-aaee-a0a8606aba91 - - - - - -] ERROR <?xml version="1.0" encoding="iso-8859-1"?> <!DOCTYPE html PUBLIC "-//W3C//DTD XHTML 1.0 Transitional//EN"          "http://www.w3.org/TR/xhtml1/DTD/xhtml1-transitional.dtd"> <html xmlns="http://www.w3.org/1999/xhtml" xml:lang="en" lang="en">  <head>   <title>503 Service Not Available</title>  </head>  <body>   <h1>503 Service Not Available</h1>  </body> </html> [00;33m{{(pid=3647184) _check_rest_api_response /opt/stack/cinder/cinder/volume/drivers/hitachi/hbsd_rest_api.py:485}}[00m
2026-10-07 06:14:31.134 3647184 DEBUG cinder.volume.drivers.hitachi.hbsd_rest_api [req-c19c0233-8157-4b98-aaee-a0a8606aba91 - - - - - -] ERROR <?xml version="1.0" encoding="iso-8859-1"?> <!DOCTYPE html PUBLIC "-//W3C//DTD XHTML 1.0 Transitional//EN"          "http://www.w3.org/TR/xhtml1/DTD/xhtml1-transitional.dtd"> <html xmlns="http://www.w3.org/1999/xhtml" xml:lang="en" lang="en">  <head>   <title>503 Service Not Available</title>  </head>  <body>   <h1>503 Service Not Available</h1>  </body> </html> [00;33m{{(pid=3647184) _check_rest_api_response /opt/stack/cinder/cinder/volume/drivers/hitachi/hbsd_rest_api.py:485}}[00m
2026-10-07 06:14:36.144 3647184 DEBUG cinder.volume.drivers.hitachi.hbsd_rest_api [req-c19c0233-8157-4b98-aaee-a0a8606aba91 - - - - - -] ERROR <?xml version="1.0" encoding="iso-8859-1"?> <!DOCTYPE html PUBLIC "-//W3C//DTD XHTML 1.0 Transitional//EN"          "http://www.w3.org/TR/xhtml1/DTD/xhtml1-transitional.dtd"> <html xmlns="http://www.w3.org/1999/xhtml" xml:lang="en" lang="en">  <head>   <title>503 Service Not Available</title>  </head>  <body>   <h1>503 Service Not Available</h1>  </body> </html> [00;33m{{(pid=3647184) _check_rest_api_response /opt/stack/cinder/cinder/volume/drivers/hitachi/hbsd_rest_api.py:485}}[00m
2026-10-07 06:14:41.156 3647184 DEBUG cinder.volume.drivers.hitachi.hbsd_rest_api [req-c19c0233-8157-4b98-aaee-a0a8606aba91 - - - - - -] ERROR <?xml version="1.0" encoding="iso-8859-1"?> <!DOCTYPE html PUBLIC "-//W3C//DTD XHTML 1.0 Transitional//EN"          "http://www.w3.org/TR/xhtml1/DTD/xhtml1-transitional.dtd"> <html xmlns="http://www.w3.org/1999/xhtml" xml:lang="en" lang="en">  <head>   <title>503 Service Not Available</title>  </head>  <body>   <h1>503 Service Not Available</h1>  </body> </html> [00;33m{{(pid=3647184) _check_rest_api_response /opt/stack/cinder/cinder/volume/drivers/hitachi/hbsd_rest_api.py:485}}[00m
2026-10-07 06:14:46.145 3647184 DEBUG cinder.volume.drivers.hitachi.hbsd_rest_api [req-c19c0233-8157-4b98-aaee-a0a8606aba91 - - - - - -] ERROR <?xml version="1.0" encoding="iso-8859-1"?> <!DOCTYPE html PUBLIC "-//W3C//DTD XHTML 1.0 Transitional//EN"          "http://www.w3.org/TR/xhtml1/DTD/xhtml1-transitional.dtd"> <html xmlns="http://www.w3.org/1999/xhtml" xml:lang="en" lang="en">  <head>   <title>503 Service Not Available</title>  </head>  <body>   <h1>503 Service Not Available</h1>  </body> </html> [00;33m{{(pid=3647184) _check_rest_api_response /opt/stack/cinder/cinder/volume/drivers/hitachi/hbsd_rest_api.py:485}}[00m
2026-10-07 06:14:51.139 3647184 DEBUG cinder.volume.drivers.hitachi.hbsd_rest_api [req-c19c0233-8157-4b98-aaee-a0a8606aba91 - - - - - -] ERROR <?xml version="1.0" encoding="iso-8859-1"?> <!DOCTYPE html PUBLIC "-//W3C//DTD XHTML 1.0 Transitional//EN"          "http://www.w3.org/TR/xhtml1/DTD/xhtml1-transitional.dtd"> <html xmlns="http://www.w3.org/1999/xhtml" xml:lang="en" lang="en">  <head>   <title>503 Service Not Available</title>  </head>  <body>   <h1>503 Service Not Available</h1>  </body> </html> [00;33m{{(pid=3647184) _check_rest_api_response /opt/stack/cinder/cinder/volume/drivers/hitachi/hbsd_rest_api.py:485}}[00m
2026-10-07 06:14:56.155 3647184 DEBUG cinder.volume.drivers.hitachi.hbsd_rest_api [req-c19c0233-8157-4b98-aaee-a0a8606aba91 - - - - - -] ERROR <?xml version="1.0" encoding="iso-8859-1"?> <!DOCTYPE html PUBLIC "-//W3C//DTD XHTML 1.0 Transitional//EN"          "http://www.w3.org/TR/xhtml1/DTD/xhtml1-transitional.dtd"> <html xmlns="http://www.w3.org/1999/xhtml" xml:lang="en" lang="en">  <head>   <title>503 Service Not Available</title>  </head>  <body>   <h1>503 Service Not Available</h1>  </body> </html> [00;33m{{(pid=3647184) _check_rest_api_response /opt/stack/cinder/cinder/volume/drivers/hitachi/hbsd_rest_api.py:485}}[00m
2026-10-07 06:15:01.143 3647184 DEBUG cinder.volume.drivers.hitachi.hbsd_rest_api [req-c19c0233-8157-4b98-aaee-a0a8606aba91 - - - - - -] ERROR <?xml version="1.0" encoding="iso-8859-1"?> <!DOCTYPE html PUBLIC "-//W3C//DTD XHTML 1.0 Transitional//EN"          "http://www.w3.org/TR/xhtml1/DTD/xhtml1-transitional.dtd"> <html xmlns="http://www.w3.org/1999/xhtml" xml:lang="en" lang="en">  <head>   <title>503 Service Not Available</title>  </head>  <body>   <h1>503 Service Not Available</h1>  </body> </html> [00;33m{{(pid=3647184) _check_rest_api_response /opt/stack/cinder/cinder/volume/drivers/hitachi/hbsd_rest_api.py:485}}[00m
2026-10-07 06:15:06.147 3647184 DEBUG cinder.volume.drivers.hitachi.hbsd_rest_api [req-c19c0233-8157-4b98-aaee-a0a8606aba91 - - - - - -] ERROR <?xml version="1.0" encoding="iso-8859-1"?> <!DOCTYPE html PUBLIC "-//W3C//DTD XHTML 1.0 Transitional//EN"          "http://www.w3.org/TR/xhtml1/DTD/xhtml1-transitional.dtd"> <html xmlns="http://www.w3.org/1999/xhtml" xml:lang="en" lang="en">  <head>   <title>503 Service Not Available</title>  </head>  <body>   <h1>503 Service Not Available</h1>  </body> </html> [00;33m{{(pid=3647184) _check_rest_api_response /opt/stack/cinder/cinder/volume/drivers/hitachi/hbsd_rest_api.py:485}}[00m
2026-10-07 06:15:11.139 3647184 DEBUG cinder.volume.drivers.hitachi.hbsd_rest_api [req-c19c0233-8157-4b98-aaee-a0a8606aba91 - - - - - -] ERROR <?xml version="1.0" encoding="iso-8859-1"?> <!DOCTYPE html PUBLIC "-//W3C//DTD XHTML 1.0 Transitional//EN"          "http://www.w3.org/TR/xhtml1/DTD/xhtml1-transitional.dtd"> <html xmlns="http://www.w3.org/1999/xhtml" xml:lang="en" lang="en">  <head>   <title>503 Service Not Available</title>  </head>  <body>   <h1>503 Service Not Available</h1>  </body> </html> [00;33m{{(pid=3647184) _check_rest_api_response /opt/stack/cinder/cinder/volume/drivers/hitachi/hbsd_rest_api.py:485}}[00m
2026-10-07 06:15:16.158 3647184 DEBUG cinder.volume.drivers.hitachi.hbsd_rest_api [req-c19c0233-8157-4b98-aaee-a0a8606aba91 - - - - - -] ERROR <?xml version="1.0" encoding="iso-8859-1"?> <!DOCTYPE html PUBLIC "-//W3C//DTD XHTML 1.0 Transitional//EN"          "http://www.w3.org/TR/xhtml1/DTD/xhtml1-transitional.dtd"> <html xmlns="http://www.w3.org/1999/xhtml" xml:lang="en" lang="en">  <head>   <title>503 Service Not Available</title>  </head>  <body>   <h1>503 Service Not Available</h1>  </body> </html> [00;33m{{(pid=3647184) _check_rest_api_response /opt/stack/cinder/cinder/volume/drivers/hitachi/hbsd_rest_api.py:485}}[00m
2026-10-07 06:15:21.173 3647184 DEBUG cinder.volume.drivers.hitachi.hbsd_rest_api [req-c19c0233-8157-4b98-aaee-a0a8606aba91 - - - - - -] ERROR <?xml version="1.0" encoding="iso-8859-1"?> <!DOCTYPE html PUBLIC "-//W3C//DTD XHTML 1.0 Transitional//EN"          "http://www.w3.org/TR/xhtml1/DTD/xhtml1-transitional.dtd"> <html xmlns="http://www.w3.org/1999/xhtml" xml:lang="en" lang="en">  <head>   <title>503 Service Not Available</title>  </head>  <body>   <h1>503 Service Not Available</h1>  </body> </html> [00;33m{{(pid=3647184) _check_rest_api_response /opt/stack/cinder/cinder/volume/drivers/hitachi/hbsd_rest_api.py:485}}[00m
2026-10-07 06:15:26.146 3647184 DEBUG cinder.volume.drivers.hitachi.hbsd_rest_api [req-c19c0233-8157-4b98-aaee-a0a8606aba91 - - - - - -] ERROR <?xml version="1.0" encoding="iso-8859-1"?> <!DOCTYPE html PUBLIC "-//W3C//DTD XHTML 1.0 Transitional//EN"          "http://www.w3.org/TR/xhtml1/DTD/xhtml1-transitional.dtd"> <html xmlns="http://www.w3.org/1999/xhtml" xml:lang="en" lang="en">  <head>   <title>503 Service Not Available</title>  </head>  <body>   <h1>503 Service Not Available</h1>  </body> </html> [00;33m{{(pid=3647184) _check_rest_api_response /opt/stack/cinder/cinder/volume/drivers/hitachi/hbsd_rest_api.py:485}}[00m
2026-10-07 06:15:31.147 3647184 DEBUG cinder.volume.drivers.hitachi.hbsd_rest_api [req-c19c0233-8157-4b98-aaee-a0a8606aba91 - - - - - -] ERROR <?xml version="1.0" encoding="iso-8859-1"?> <!DOCTYPE html PUBLIC "-//W3C//DTD XHTML 1.0 Transitional//EN"          "http://www.w3.org/TR/xhtml1/DTD/xhtml1-transitional.dtd"> <html xmlns="http://www.w3.org/1999/xhtml" xml:lang="en" lang="en">  <head>   <title>503 Service Not Available</title>  </head>  <body>   <h1>503 Service Not Available</h1>  </body> </html> [00;33m{{(pid=3647184) _check_rest_api_response /opt/stack/cinder/cinder/volume/drivers/hitachi/hbsd_rest_api.py:485}}[00m
2026-10-07 06:15:36.161 3647184 DEBUG cinder.volume.drivers.hitachi.hbsd_rest_api [req-c19c0233-8157-4b98-aaee-a0a8606aba91 - - - - - -] ERROR <?xml version="1.0" encoding="iso-8859-1"?> <!DOCTYPE html PUBLIC "-//W3C//DTD XHTML 1.0 Transitional//EN"          "http://www.w3.org/TR/xhtml1/DTD/xhtml1-transitional.dtd"> <html xmlns="http://www.w3.org/1999/xhtml" xml:lang="en" lang="en">  <head>   <title>503 Service Not Available</title>  </head>  <body>   <h1>503 Service Not Available</h1>  </body> </html> [00;33m{{(pid=3647184) _check_rest_api_response /opt/stack/cinder/cinder/volume/drivers/hitachi/hbsd_rest_api.py:485}}[00m
2026-10-07 06:15:41.148 3647184 DEBUG cinder.volume.drivers.hitachi.hbsd_rest_api [req-c19c0233-8157-4b98-aaee-a0a8606aba91 - - - - - -] ERROR <?xml version="1.0" encoding="iso-8859-1"?> <!DOCTYPE html PUBLIC "-//W3C//DTD XHTML 1.0 Transitional//EN"          "http://www.w3.org/TR/xhtml1/DTD/xhtml1-transitional.dtd"> <html xmlns="http://www.w3.org/1999/xhtml" xml:lang="en" lang="en">  <head>   <title>503 Service Not Available</title>  </head>  <body>   <h1>503 Service Not Available</h1>  </body> </html> [00;33m{{(pid=3647184) _check_rest_api_response /opt/stack/cinder/cinder/volume/drivers/hitachi/hbsd_rest_api.py:485}}[00m
2026-10-07 06:15:46.169 3647184 DEBUG cinder.volume.drivers.hitachi.hbsd_rest_api [req-c19c0233-8157-4b98-aaee-a0a8606aba91 - - - - - -] ERROR <?xml version="1.0" encoding="iso-8859-1"?> <!DOCTYPE html PUBLIC "-//W3C//DTD XHTML 1.0 Transitional//EN"          "http://www.w3.org/TR/xhtml1/DTD/xhtml1-transitional.dtd"> <html xmlns="http://www.w3.org/1999/xhtml" xml:lang="en" lang="en">  <head>   <title>503 Service Not Available</title>  </head>  <body>   <h1>503 Service Not Available</h1>  </body> </html> [00;33m{{(pid=3647184) _check_rest_api_response /opt/stack/cinder/cinder/volume/drivers/hitachi/hbsd_rest_api.py:485}}[00m
2026-10-07 06:15:51.153 3647184 DEBUG cinder.volume.drivers.hitachi.hbsd_rest_api [req-c19c0233-8157-4b98-aaee-a0a8606aba91 - - - - - -] ERROR <?xml version="1.0" encoding="iso-8859-1"?> <!DOCTYPE html PUBLIC "-//W3C//DTD XHTML 1.0 Transitional//EN"          "http://www.w3.org/TR/xhtml1/DTD/xhtml1-transitional.dtd"> <html xmlns="http://www.w3.org/1999/xhtml" xml:lang="en" lang="en">  <head>   <title>503 Service Not Available</title>  </head>  <body>   <h1>503 Service Not Available</h1>  </body> </html> [00;33m{{(pid=3647184) _check_rest_api_response /opt/stack/cinder/cinder/volume/drivers/hitachi/hbsd_rest_api.py:485}}[00m
2026-10-07 06:15:56.152 3647184 DEBUG cinder.volume.drivers.hitachi.hbsd_rest_api [req-c19c0233-8157-4b98-aaee-a0a8606aba91 - - - - - -] ERROR <?xml version="1.0" encoding="iso-8859-1"?> <!DOCTYPE html PUBLIC "-//W3C//DTD XHTML 1.0 Transitional//EN"          "http://www.w3.org/TR/xhtml1/DTD/xhtml1-transitional.dtd"> <html xmlns="http://www.w3.org/1999/xhtml" xml:lang="en" lang="en">  <head>   <title>503 Service Not Available</title>  </head>  <body>   <h1>503 Service Not Available</h1>  </body> </html> [00;33m{{(pid=3647184) _check_rest_api_response /opt/stack/cinder/cinder/volume/drivers/hitachi/hbsd_rest_api.py:485}}[00m
2026-10-07 06:16:01.153 3647184 DEBUG cinder.volume.drivers.hitachi.hbsd_rest_api [req-c19c0233-8157-4b98-aaee-a0a8606aba91 - - - - - -] ERROR <?xml version="1.0" encoding="iso-8859-1"?> <!DOCTYPE html PUBLIC "-//W3C//DTD XHTML 1.0 Transitional//EN"          "http://www.w3.org/TR/xhtml1/DTD/xhtml1-transitional.dtd"> <html xmlns="http://www.w3.org/1999/xhtml" xml:lang="en" lang="en">  <head>   <title>503 Service Not Available</title>  </head>  <body>   <h1>503 Service Not Available</h1>  </body> </html> [00;33m{{(pid=3647184) _check_rest_api_response /opt/stack/cinder/cinder/volume/drivers/hitachi/hbsd_rest_api.py:485}}[00m
2026-10-07 06:16:06.164 3647184 DEBUG cinder.volume.drivers.hitachi.hbsd_rest_api [req-c19c0233-8157-4b98-aaee-a0a8606aba91 - - - - - -] ERROR <?xml version="1.0" encoding="iso-8859-1"?> <!DOCTYPE html PUBLIC "-//W3C//DTD XHTML 1.0 Transitional//EN"          "http://www.w3.org/TR/xhtml1/DTD/xhtml1-transitional.dtd"> <html xmlns="http://www.w3.org/1999/xhtml" xml:lang="en" lang="en">  <head>   <title>503 Service Not Available</title>  </head>  <body>   <h1>503 Service Not Available</h1>  </body> </html> [00;33m{{(pid=3647184) _check_rest_api_response /opt/stack/cinder/cinder/volume/drivers/hitachi/hbsd_rest_api.py:485}}[00m
2026-10-07 06:16:11.196 3647184 DEBUG cinder.volume.drivers.hitachi.hbsd_rest_api [req-c19c0233-8157-4b98-aaee-a0a8606aba91 - - - - - -] ERROR <?xml version="1.0" encoding="iso-8859-1"?> <!DOCTYPE html PUBLIC "-//W3C//DTD XHTML 1.0 Transitional//EN"          "http://www.w3.org/TR/xhtml1/DTD/xhtml1-transitional.dtd"> <html xmlns="http://www.w3.org/1999/xhtml" xml:lang="en" lang="en">  <head>   <title>503 Service Not Available</title>  </head>  <body>   <h1>503 Service Not Available</h1>  </body> </html> [00;33m{{(pid=3647184) _check_rest_api_response /opt/stack/cinder/cinder/volume/drivers/hitachi/hbsd_rest_api.py:485}}[00m
2026-10-07 06:16:16.201 3647184 DEBUG cinder.volume.drivers.hitachi.hbsd_rest_api [req-c19c0233-8157-4b98-aaee-a0a8606aba91 - - - - - -] ERROR <?xml version="1.0" encoding="iso-8859-1"?> <!DOCTYPE html PUBLIC "-//W3C//DTD XHTML 1.0 Transitional//EN"          "http://www.w3.org/TR/xhtml1/DTD/xhtml1-transitional.dtd"> <html xmlns="http://www.w3.org/1999/xhtml" xml:lang="en" lang="en">  <head>   <title>503 Service Not Available</title>  </head>  <body>   <h1>503 Service Not Available</h1>  </body> </html> [00;33m{{(pid=3647184) _check_rest_api_response /opt/stack/cinder/cinder/volume/drivers/hitachi/hbsd_rest_api.py:485}}[00m
2026-10-07 06:16:21.157 3647184 DEBUG cinder.volume.drivers.hitachi.hbsd_rest_api [req-c19c0233-8157-4b98-aaee-a0a8606aba91 - - - - - -] ERROR <?xml version="1.0" encoding="iso-8859-1"?> <!DOCTYPE html PUBLIC "-//W3C//DTD XHTML 1.0 Transitional//EN"          "http://www.w3.org/TR/xhtml1/DTD/xhtml1-transitional.dtd"> <html xmlns="http://www.w3.org/1999/xhtml" xml:lang="en" lang="en">  <head>   <title>503 Service Not Available</title>  </head>  <body>   <h1>503 Service Not Available</h1>  </body> </html> [00;33m{{(pid=3647184) _check_rest_api_response /opt/stack/cinder/cinder/volume/drivers/hitachi/hbsd_rest_api.py:485}}[00m
2026-10-07 06:16:26.167 3647184 DEBUG cinder.volume.drivers.hitachi.hbsd_rest_api [req-c19c0233-8157-4b98-aaee-a0a8606aba91 - - - - - -] ERROR <?xml version="1.0" encoding="iso-8859-1"?> <!DOCTYPE html PUBLIC "-//W3C//DTD XHTML 1.0 Transitional//EN"          "http://www.w3.org/TR/xhtml1/DTD/xhtml1-transitional.dtd"> <html xmlns="http://www.w3.org/1999/xhtml" xml:lang="en" lang="en">  <head>   <title>503 Service Not Available</title>  </head>  <body>   <h1>503 Service Not Available</h1>  </body> </html> [00;33m{{(pid=3647184) _check_rest_api_response /opt/stack/cinder/cinder/volume/drivers/hitachi/hbsd_rest_api.py:485}}[00m
2026-10-07 06:16:31.163 3647184 DEBUG cinder.volume.drivers.hitachi.hbsd_rest_api [req-c19c0233-8157-4b98-aaee-a0a8606aba91 - - - - - -] ERROR <?xml version="1.0" encoding="iso-8859-1"?> <!DOCTYPE html PUBLIC "-//W3C//DTD XHTML 1.0 Transitional//EN"          "http://www.w3.org/TR/xhtml1/DTD/xhtml1-transitional.dtd"> <html xmlns="http://www.w3.org/1999/xhtml" xml:lang="en" lang="en">  <head>   <title>503 Service Not Available</title>  </head>  <body>   <h1>503 Service Not Available</h1>  </body> </html> [00;33m{{(pid=3647184) _check_rest_api_response /opt/stack/cinder/cinder/volume/drivers/hitachi/hbsd_rest_api.py:485}}[00m
2026-10-07 06:16:36.163 3647184 DEBUG cinder.volume.drivers.hitachi.hbsd_rest_api [req-c19c0233-8157-4b98-aaee-a0a8606aba91 - - - - - -] ERROR <?xml version="1.0" encoding="iso-8859-1"?> <!DOCTYPE html PUBLIC "-//W3C//DTD XHTML 1.0 Transitional//EN"          "http://www.w3.org/TR/xhtml1/DTD/xhtml1-transitional.dtd"> <html xmlns="http://www.w3.org/1999/xhtml" xml:lang="en" lang="en">  <head>   <title>503 Service Not Available</title>  </head>  <body>   <h1>503 Service Not Available</h1>  </body> </html> [00;33m{{(pid=3647184) _check_rest_api_response /opt/stack/cinder/cinder/volume/drivers/hitachi/hbsd_rest_api.py:485}}[00m
2026-10-07 06:16:41.162 3647184 DEBUG cinder.volume.drivers.hitachi.hbsd_rest_api [req-c19c0233-8157-4b98-aaee-a0a8606aba91 - - - - - -] ERROR <?xml version="1.0" encoding="iso-8859-1"?> <!DOCTYPE html PUBLIC "-//W3C//DTD XHTML 1.0 Transitional//EN"          "http://www.w3.org/TR/xhtml1/DTD/xhtml1-transitional.dtd"> <html xmlns="http://www.w3.org/1999/xhtml" xml:lang="en" lang="en">  <head>   <title>503 Service Not Available</title>  </head>  <body>   <h1>503 Service Not Available</h1>  </body> </html> [00;33m{{(pid=3647184) _check_rest_api_response /opt/stack/cinder/cinder/volume/drivers/hitachi/hbsd_rest_api.py:485}}[00m
2026-10-07 06:16:46.171 3647184 DEBUG cinder.volume.drivers.hitachi.hbsd_rest_api [req-c19c0233-8157-4b98-aaee-a0a8606aba91 - - - - - -] ERROR <?xml version="1.0" encoding="iso-8859-1"?> <!DOCTYPE html PUBLIC "-//W3C//DTD XHTML 1.0 Transitional//EN"          "http://www.w3.org/TR/xhtml1/DTD/xhtml1-transitional.dtd"> <html xmlns="http://www.w3.org/1999/xhtml" xml:lang="en" lang="en">  <head>   <title>503 Service Not Available</title>  </head>  <body>   <h1>503 Service Not Available</h1>  </body> </html> [00;33m{{(pid=3647184) _check_rest_api_response /opt/stack/cinder/cinder/volume/drivers/hitachi/hbsd_rest_api.py:485}}[00m
2026-10-07 06:16:51.172 3647184 DEBUG cinder.volume.drivers.hitachi.hbsd_rest_api [req-c19c0233-8157-4b98-aaee-a0a8606aba91 - - - - - -] ERROR <?xml version="1.0" encoding="iso-8859-1"?> <!DOCTYPE html PUBLIC "-//W3C//DTD XHTML 1.0 Transitional//EN"          "http://www.w3.org/TR/xhtml1/DTD/xhtml1-transitional.dtd"> <html xmlns="http://www.w3.org/1999/xhtml" xml:lang="en" lang="en">  <head>   <title>503 Service Not Available</title>  </head>  <body>   <h1>503 Service Not Available</h1>  </body> </html> [00;33m{{(pid=3647184) _check_rest_api_response /opt/stack/cinder/cinder/volume/drivers/hitachi/hbsd_rest_api.py:485}}[00m
2026-10-07 06:16:56.167 3647184 DEBUG cinder.volume.drivers.hitachi.hbsd_rest_api [req-c19c0233-8157-4b98-aaee-a0a8606aba91 - - - - - -] ERROR <?xml version="1.0" encoding="iso-8859-1"?> <!DOCTYPE html PUBLIC "-//W3C//DTD XHTML 1.0 Transitional//EN"          "http://www.w3.org/TR/xhtml1/DTD/xhtml1-transitional.dtd"> <html xmlns="http://www.w3.org/1999/xhtml" xml:lang="en" lang="en">  <head>   <title>503 Service Not Available</title>  </head>  <body>   <h1>503 Service Not Available</h1>  </body> </html> [00;33m{{(pid=3647184) _check_rest_api_response /opt/stack/cinder/cinder/volume/drivers/hitachi/hbsd_rest_api.py:485}}[00m
2026-10-07 06:17:01.173 3647184 DEBUG cinder.volume.drivers.hitachi.hbsd_rest_api [req-c19c0233-8157-4b98-aaee-a0a8606aba91 - - - - - -] ERROR <?xml version="1.0" encoding="iso-8859-1"?> <!DOCTYPE html PUBLIC "-//W3C//DTD XHTML 1.0 Transitional//EN"          "http://www.w3.org/TR/xhtml1/DTD/xhtml1-transitional.dtd"> <html xmlns="http://www.w3.org/1999/xhtml" xml:lang="en" lang="en">  <head>   <title>503 Service Not Available</title>  </head>  <body>   <h1>503 Service Not Available</h1>  </body> </html> [00;33m{{(pid=3647184) _check_rest_api_response /opt/stack/cinder/cinder/volume/drivers/hitachi/hbsd_rest_api.py:485}}[00m
2026-10-07 06:17:06.187 3647184 DEBUG cinder.volume.drivers.hitachi.hbsd_rest_api [req-c19c0233-8157-4b98-aaee-a0a8606aba91 - - - - - -] ERROR <?xml version="1.0" encoding="iso-8859-1"?> <!DOCTYPE html PUBLIC "-//W3C//DTD XHTML 1.0 Transitional//EN"          "http://www.w3.org/TR/xhtml1/DTD/xhtml1-transitional.dtd"> <html xmlns="http://www.w3.org/1999/xhtml" xml:lang="en" lang="en">  <head>   <title>503 Service Not Available</title>  </head>  <body>   <h1>503 Service Not Available</h1>  </body> </html> [00;33m{{(pid=3647184) _check_rest_api_response /opt/stack/cinder/cinder/volume/drivers/hitachi/hbsd_rest_api.py:485}}[00m
2026-10-07 06:17:11.211 3647184 DEBUG cinder.volume.drivers.hitachi.hbsd_rest_api [req-c19c0233-8157-4b98-aaee-a0a8606aba91 - - - - - -] ERROR <?xml version="1.0" encoding="iso-8859-1"?> <!DOCTYPE html PUBLIC "-//W3C//DTD XHTML 1.0 Transitional//EN"          "http://www.w3.org/TR/xhtml1/DTD/xhtml1-transitional.dtd"> <html xmlns="http://www.w3.org/1999/xhtml" xml:lang="en" lang="en">  <head>   <title>503 Service Not Available</title>  </head>  <body>   <h1>503 Service Not Available</h1>  </body> </html> [00;33m{{(pid=3647184) _check_rest_api_response /opt/stack/cinder/cinder/volume/drivers/hitachi/hbsd_rest_api.py:485}}[00m
2026-10-07 06:17:16.174 3647184 DEBUG cinder.volume.drivers.hitachi.hbsd_rest_api [req-c19c0233-8157-4b98-aaee-a0a8606aba91 - - - - - -] ERROR <?xml version="1.0" encoding="iso-8859-1"?> <!DOCTYPE html PUBLIC "-//W3C//DTD XHTML 1.0 Transitional//EN"          "http://www.w3.org/TR/xhtml1/DTD/xhtml1-transitional.dtd"> <html xmlns="http://www.w3.org/1999/xhtml" xml:lang="en" lang="en">  <head>   <title>503 Service Not Available</title>  </head>  <body>   <h1>503 Service Not Available</h1>  </body> </html> [00;33m{{(pid=3647184) _check_rest_api_response /opt/stack/cinder/cinder/volume/drivers/hitachi/hbsd_rest_api.py:485}}[00m
2026-10-07 06:17:21.174 3647184 DEBUG cinder.volume.drivers.hitachi.hbsd_rest_api [req-c19c0233-8157-4b98-aaee-a0a8606aba91 - - - - - -] ERROR <?xml version="1.0" encoding="iso-8859-1"?> <!DOCTYPE html PUBLIC "-//W3C//DTD XHTML 1.0 Transitional//EN"          "http://www.w3.org/TR/xhtml1/DTD/xhtml1-transitional.dtd"> <html xmlns="http://www.w3.org/1999/xhtml" xml:lang="en" lang="en">  <head>   <title>503 Service Not Available</title>  </head>  <body>   <h1>503 Service Not Available</h1>  </body> </html> [00;33m{{(pid=3647184) _check_rest_api_response /opt/stack/cinder/cinder/volume/drivers/hitachi/hbsd_rest_api.py:485}}[00m
2026-10-07 06:17:26.197 3647184 DEBUG cinder.volume.drivers.hitachi.hbsd_rest_api [req-c19c0233-8157-4b98-aaee-a0a8606aba91 - - - - - -] ERROR <?xml version="1.0" encoding="iso-8859-1"?> <!DOCTYPE html PUBLIC "-//W3C//DTD XHTML 1.0 Transitional//EN"          "http://www.w3.org/TR/xhtml1/DTD/xhtml1-transitional.dtd"> <html xmlns="http://www.w3.org/1999/xhtml" xml:lang="en" lang="en">  <head>   <title>503 Service Not Available</title>  </head>  <body>   <h1>503 Service Not Available</h1>  </body> </html> [00;33m{{(pid=3647184) _check_rest_api_response /opt/stack/cinder/cinder/volume/drivers/hitachi/hbsd_rest_api.py:485}}[00m
2026-10-07 06:17:31.176 3647184 DEBUG cinder.volume.drivers.hitachi.hbsd_rest_api [req-c19c0233-8157-4b98-aaee-a0a8606aba91 - - - - - -] ERROR <?xml version="1.0" encoding="iso-8859-1"?> <!DOCTYPE html PUBLIC "-//W3C//DTD XHTML 1.0 Transitional//EN"          "http://www.w3.org/TR/xhtml1/DTD/xhtml1-transitional.dtd"> <html xmlns="http://www.w3.org/1999/xhtml" xml:lang="en" lang="en">  <head>   <title>503 Service Not Available</title>  </head>  <body>   <h1>503 Service Not Available</h1>  </body> </html> [00;33m{{(pid=3647184) _check_rest_api_response /opt/stack/cinder/cinder/volume/drivers/hitachi/hbsd_rest_api.py:485}}[00m
2026-10-07 06:17:36.180 3647184 DEBUG cinder.volume.drivers.hitachi.hbsd_rest_api [req-c19c0233-8157-4b98-aaee-a0a8606aba91 - - - - - -] ERROR <?xml version="1.0" encoding="iso-8859-1"?> <!DOCTYPE html PUBLIC "-//W3C//DTD XHTML 1.0 Transitional//EN"          "http://www.w3.org/TR/xhtml1/DTD/xhtml1-transitional.dtd"> <html xmlns="http://www.w3.org/1999/xhtml" xml:lang="en" lang="en">  <head>   <title>503 Service Not Available</title>  </head>  <body>   <h1>503 Service Not Available</h1>  </body> </html> [00;33m{{(pid=3647184) _check_rest_api_response /opt/stack/cinder/cinder/volume/drivers/hitachi/hbsd_rest_api.py:485}}[00m
2026-10-07 06:17:41.178 3647184 DEBUG cinder.volume.drivers.hitachi.hbsd_rest_api [req-c19c0233-8157-4b98-aaee-a0a8606aba91 - - - - - -] ERROR <?xml version="1.0" encoding="iso-8859-1"?> <!DOCTYPE html PUBLIC "-//W3C//DTD XHTML 1.0 Transitional//EN"          "http://www.w3.org/TR/xhtml1/DTD/xhtml1-transitional.dtd"> <html xmlns="http://www.w3.org/1999/xhtml" xml:lang="en" lang="en">  <head>   <title>503 Service Not Available</title>  </head>  <body>   <h1>503 Service Not Available</h1>  </body> </html> [00;33m{{(pid=3647184) _check_rest_api_response /opt/stack/cinder/cinder/volume/drivers/hitachi/hbsd_rest_api.py:485}}[00m
2026-10-07 06:17:46.180 3647184 DEBUG cinder.volume.drivers.hitachi.hbsd_rest_api [req-c19c0233-8157-4b98-aaee-a0a8606aba91 - - - - - -] ERROR <?xml version="1.0" encoding="iso-8859-1"?> <!DOCTYPE html PUBLIC "-//W3C//DTD XHTML 1.0 Transitional//EN"          "http://www.w3.org/TR/xhtml1/DTD/xhtml1-transitional.dtd"> <html xmlns="http://www.w3.org/1999/xhtml" xml:lang="en" lang="en">  <head>   <title>503 Service Not Available</title>  </head>  <body>   <h1>503 Service Not Available</h1>  </body> </html> [00;33m{{(pid=3647184) _check_rest_api_response /opt/stack/cinder/cinder/volume/drivers/hitachi/hbsd_rest_api.py:485}}[00m
2026-10-07 06:17:51.184 3647184 DEBUG cinder.volume.drivers.hitachi.hbsd_rest_api [req-c19c0233-8157-4b98-aaee-a0a8606aba91 - - - - - -] ERROR <?xml version="1.0" encoding="iso-8859-1"?> <!DOCTYPE html PUBLIC "-//W3C//DTD XHTML 1.0 Transitional//EN"          "http://www.w3.org/TR/xhtml1/DTD/xhtml1-transitional.dtd"> <html xmlns="http://www.w3.org/1999/xhtml" xml:lang="en" lang="en">  <head>   <title>503 Service Not Available</title>  </head>  <body>   <h1>503 Service Not Available</h1>  </body> </html> [00;33m{{(pid=3647184) _check_rest_api_response /opt/stack/cinder/cinder/volume/drivers/hitachi/hbsd_rest_api.py:485}}[00m
2026-10-07 06:17:56.182 3647184 DEBUG cinder.volume.drivers.hitachi.hbsd_rest_api [req-c19c0233-8157-4b98-aaee-a0a8606aba91 - - - - - -] ERROR <?xml version="1.0" encoding="iso-8859-1"?> <!DOCTYPE html PUBLIC "-//W3C//DTD XHTML 1.0 Transitional//EN"          "http://www.w3.org/TR/xhtml1/DTD/xhtml1-transitional.dtd"> <html xmlns="http://www.w3.org/1999/xhtml" xml:lang="en" lang="en">  <head>   <title>503 Service Not Available</title>  </head>  <body>   <h1>503 Service Not Available</h1>  </body> </html> [00;33m{{(pid=3647184) _check_rest_api_response /opt/stack/cinder/cinder/volume/drivers/hitachi/hbsd_rest_api.py:485}}[00m
2026-10-07 06:18:01.183 3647184 DEBUG cinder.volume.drivers.hitachi.hbsd_rest_api [req-c19c0233-8157-4b98-aaee-a0a8606aba91 - - - - - -] ERROR <?xml version="1.0" encoding="iso-8859-1"?> <!DOCTYPE html PUBLIC "-//W3C//DTD XHTML 1.0 Transitional//EN"          "http://www.w3.org/TR/xhtml1/DTD/xhtml1-transitional.dtd"> <html xmlns="http://www.w3.org/1999/xhtml" xml:lang="en" lang="en">  <head>   <title>503 Service Not Available</title>  </head>  <body>   <h1>503 Service Not Available</h1>  </body> </html> [00;33m{{(pid=3647184) _check_rest_api_response /opt/stack/cinder/cinder/volume/drivers/hitachi/hbsd_rest_api.py:485}}[00m
2026-10-07 06:18:06.188 3647184 DEBUG cinder.volume.drivers.hitachi.hbsd_rest_api [req-c19c0233-8157-4b98-aaee-a0a8606aba91 - - - - - -] ERROR <?xml version="1.0" encoding="iso-8859-1"?> <!DOCTYPE html PUBLIC "-//W3C//DTD XHTML 1.0 Transitional//EN"          "http://www.w3.org/TR/xhtml1/DTD/xhtml1-transitional.dtd"> <html xmlns="http://www.w3.org/1999/xhtml" xml:lang="en" lang="en">  <head>   <title>503 Service Not Available</title>  </head>  <body>   <h1>503 Service Not Available</h1>  </body> </html> [00;33m{{(pid=3647184) _check_rest_api_response /opt/stack/cinder/cinder/volume/drivers/hitachi/hbsd_rest_api.py:485}}[00m
2026-10-07 06:18:11.242 3647184 DEBUG cinder.volume.drivers.hitachi.hbsd_rest_api [req-c19c0233-8157-4b98-aaee-a0a8606aba91 - - - - - -] ERROR <?xml version="1.0" encoding="iso-8859-1"?> <!DOCTYPE html PUBLIC "-//W3C//DTD XHTML 1.0 Transitional//EN"          "http://www.w3.org/TR/xhtml1/DTD/xhtml1-transitional.dtd"> <html xmlns="http://www.w3.org/1999/xhtml" xml:lang="en" lang="en">  <head>   <title>503 Service Not Available</title>  </head>  <body>   <h1>503 Service Not Available</h1>  </body> </html> [00;33m{{(pid=3647184) _check_rest_api_response /opt/stack/cinder/cinder/volume/drivers/hitachi/hbsd_rest_api.py:485}}[00m
2026-10-07 06:18:16.191 3647184 DEBUG cinder.volume.drivers.hitachi.hbsd_rest_api [req-c19c0233-8157-4b98-aaee-a0a8606aba91 - - - - - -] ERROR <?xml version="1.0" encoding="iso-8859-1"?> <!DOCTYPE html PUBLIC "-//W3C//DTD XHTML 1.0 Transitional//EN"          "http://www.w3.org/TR/xhtml1/DTD/xhtml1-transitional.dtd"> <html xmlns="http://www.w3.org/1999/xhtml" xml:lang="en" lang="en">  <head>   <title>503 Service Not Available</title>  </head>  <body>   <h1>503 Service Not Available</h1>  </body> </html> [00;33m{{(pid=3647184) _check_rest_api_response /opt/stack/cinder/cinder/volume/drivers/hitachi/hbsd_rest_api.py:485}}[00m
2026-10-07 06:18:21.187 3647184 DEBUG cinder.volume.drivers.hitachi.hbsd_rest_api [req-c19c0233-8157-4b98-aaee-a0a8606aba91 - - - - - -] ERROR <?xml version="1.0" encoding="iso-8859-1"?> <!DOCTYPE html PUBLIC "-//W3C//DTD XHTML 1.0 Transitional//EN"          "http://www.w3.org/TR/xhtml1/DTD/xhtml1-transitional.dtd"> <html xmlns="http://www.w3.org/1999/xhtml" xml:lang="en" lang="en">  <head>   <title>503 Service Not Available</title>  </head>  <body>   <h1>503 Service Not Available</h1>  </body> </html> [00;33m{{(pid=3647184) _check_rest_api_response /opt/stack/cinder/cinder/volume/drivers/hitachi/hbsd_rest_api.py:485}}[00m
2026-10-07 06:18:26.190 3647184 DEBUG cinder.volume.drivers.hitachi.hbsd_rest_api [req-c19c0233-8157-4b98-aaee-a0a8606aba91 - - - - - -] ERROR <?xml version="1.0" encoding="iso-8859-1"?> <!DOCTYPE html PUBLIC "-//W3C//DTD XHTML 1.0 Transitional//EN"          "http://www.w3.org/TR/xhtml1/DTD/xhtml1-transitional.dtd"> <html xmlns="http://www.w3.org/1999/xhtml" xml:lang="en" lang="en">  <head>   <title>503 Service Not Available</title>  </head>  <body>   <h1>503 Service Not Available</h1>  </body> </html> [00;33m{{(pid=3647184) _check_rest_api_response /opt/stack/cinder/cinder/volume/drivers/hitachi/hbsd_rest_api.py:485}}[00m
2026-10-07 06:18:31.195 3647184 DEBUG cinder.volume.drivers.hitachi.hbsd_rest_api [req-c19c0233-8157-4b98-aaee-a0a8606aba91 - - - - - -] ERROR <?xml version="1.0" encoding="iso-8859-1"?> <!DOCTYPE html PUBLIC "-//W3C//DTD XHTML 1.0 Transitional//EN"          "http://www.w3.org/TR/xhtml1/DTD/xhtml1-transitional.dtd"> <html xmlns="http://www.w3.org/1999/xhtml" xml:lang="en" lang="en">  <head>   <title>503 Service Not Available</title>  </head>  <body>   <h1>503 Service Not Available</h1>  </body> </html> [00;33m{{(pid=3647184) _check_rest_api_response /opt/stack/cinder/cinder/volume/drivers/hitachi/hbsd_rest_api.py:485}}[00m
2026-10-07 06:18:36.199 3647184 DEBUG cinder.volume.drivers.hitachi.hbsd_rest_api [req-c19c0233-8157-4b98-aaee-a0a8606aba91 - - - - - -] ERROR <?xml version="1.0" encoding="iso-8859-1"?> <!DOCTYPE html PUBLIC "-//W3C//DTD XHTML 1.0 Transitional//EN"          "http://www.w3.org/TR/xhtml1/DTD/xhtml1-transitional.dtd"> <html xmlns="http://www.w3.org/1999/xhtml" xml:lang="en" lang="en">  <head>   <title>503 Service Not Available</title>  </head>  <body>   <h1>503 Service Not Available</h1>  </body> </html> [00;33m{{(pid=3647184) _check_rest_api_response /opt/stack/cinder/cinder/volume/drivers/hitachi/hbsd_rest_api.py:485}}[00m
2026-10-07 06:18:41.199 3647184 DEBUG cinder.volume.drivers.hitachi.hbsd_rest_api [req-c19c0233-8157-4b98-aaee-a0a8606aba91 - - - - - -] ERROR <?xml version="1.0" encoding="iso-8859-1"?> <!DOCTYPE html PUBLIC "-//W3C//DTD XHTML 1.0 Transitional//EN"          "http://www.w3.org/TR/xhtml1/DTD/xhtml1-transitional.dtd"> <html xmlns="http://www.w3.org/1999/xhtml" xml:lang="en" lang="en">  <head>   <title>503 Service Not Available</title>  </head>  <body>   <h1>503 Service Not Available</h1>  </body> </html> [00;33m{{(pid=3647184) _check_rest_api_response /opt/stack/cinder/cinder/volume/drivers/hitachi/hbsd_rest_api.py:485}}[00m
